target_vol_is,max_lev_is,vol_floor_is,cagr_pct_is,equity_dd_pct_is,sharpe_is,profit_factor_is,recovery_factor_is,trades_is,net_profit_is,years_is,vt_r,lev_r,vfl_r,calmar_is,target_vol_oos,max_lev_oos,vol_floor_oos,cagr_pct_oos,equity_dd_pct_oos,sharpe_oos,profit_factor_oos,recovery_factor_oos,trades_oos,net_profit_oos,years_oos,calmar_oos,cagr_avg,dd_max,sharpe_min
0.25,16.0,0.065,4.5221,7.5744,0.958,1.3016,2.2448,630,1902.07,3.937,0.25,16.0,0.065,0.5970241867342628,0.25,16.0,0.065,2.2918000000000003,3.8582,0.6656,1.2707,0.8743,206,343.89,1.492,0.5940075682960967,3.40695,7.5744,0.6656
0.25,16.0,0.03,7.3408,6.7371,1.2285,1.4092,3.8536,630,3216.67,3.937,0.25,16.0,0.03,1.0896082884327085,0.25,16.0,0.03,3.013,3.7217,0.6449,1.2284,1.1923,206,452.89,1.492,0.8095762689093694,5.1769,6.7371,0.6449
0.25,16.0,0.005,7.2865,6.746,1.1759,1.3973,3.7781,630,3190.35,3.937,0.25,16.0,0.005,1.080121553513193,0.25,16.0,0.005,3.1824,4.1739,0.6123,1.2319,1.0762,206,478.55,1.492,0.7624523826636959,5.23445,6.746,0.6123
0.25,16.0,0.05,6.0298,6.7036,1.1444,1.3712,3.3395,630,2592.45,3.937,0.25,16.0,0.05,0.8994868428903873,0.25,16.0,0.05,2.6505,3.5871,0.6652,1.2662,1.0861,206,398.06,1.492,0.7388977168186001,4.3401499999999995,6.7036,0.6652
0.25,16.0,0.045,6.472799999999999,6.6787,1.1856,1.3925,3.6105,630,2800.86,3.937,0.25,16.0,0.045,0.969170646982197,0.25,16.0,0.045,3.0114,3.4259,0.6973,1.2846,1.2907,206,452.66,1.492,0.8790098952100178,4.7421,6.6787,0.6973
0.25,16.0,0.015,7.2865,6.746,1.1759,1.3973,3.7781,630,3190.35,3.937,0.25,16.0,0.015,1.080121553513193,0.25,16.0,0.015,3.1824,4.1739,0.6123,1.2319,1.0762,206,478.55,1.492,0.7624523826636959,5.23445,6.746,0.6123
0.25,16.0,0.01,7.2865,6.746,1.1759,1.3973,3.7781,630,3190.35,3.937,0.25,16.0,0.01,1.080121553513193,0.25,16.0,0.01,3.1824,4.1739,0.6123,1.2319,1.0762,206,478.55,1.492,0.7624523826636959,5.23445,6.746,0.6123
0.25,16.0,0.075,3.7607,7.1345,0.8843,1.2677,1.9835,630,1564.36,3.937,0.25,16.0,0.075,0.527114724227346,0.25,16.0,0.075,2.3429,3.2969,0.7626,1.3016,1.0476,206,351.6,1.492,0.7106372653098366,3.0518,7.1345,0.7626
0.25,16.0,0.08,3.718,6.8163,0.9117,1.2756,2.0653,630,1545.63,3.937,0.25,16.0,0.08,0.5454572128574153,0.25,16.0,0.08,2.4072,3.0797,0.8304,1.3241,1.1524,206,361.3,1.492,0.7816345747962464,3.0625999999999998,6.8163,0.8304
0.25,16.0,0.055,5.4073,7.3334,1.0717,1.342,2.7631,630,2303.9,3.937,0.25,16.0,0.055,0.7373523877055663,0.25,16.0,0.055,2.4685,3.7906,0.658,1.2601,0.9583,206,370.56,1.492,0.6512161663061258,3.9379,7.3334,0.658
0.25,16.0,0.04,7.063400000000001,6.6635,1.2491,1.4226,3.9527,630,3082.72,3.937,0.25,16.0,0.04,1.0600135064155474,0.25,16.0,0.04,2.5174,3.5416,0.5608,1.2114,1.046,206,377.95,1.492,0.7108086740456291,4.7904,6.6635,0.5608
0.25,16.0,0.02,7.2353,6.7371,1.1694,1.3941,3.7615,630,3165.62,3.937,0.25,16.0,0.02,1.0739487316501164,0.25,16.0,0.02,3.2066,4.1697,0.6455,1.2364,1.127,206,482.22,1.492,0.7690241504184954,5.22095,6.7371,0.6455
0.25,16.0,0.07,4.217,7.2244,0.9371,1.2919,2.1961,630,1765.88,3.937,0.25,16.0,0.07,0.583716294778805,0.25,16.0,0.07,2.1537,3.6943,0.6572,1.2609,0.8589,206,323.05,1.492,0.5829791841485532,3.1853499999999997,7.2244,0.6572
0.25,16.0,0.025,7.0589,6.7104,1.1649,1.3851,3.701,630,3080.56,3.937,0.25,16.0,0.025,1.0519343109203625,0.25,16.0,0.025,3.6098,3.7524,0.7544,1.2713,1.4159,206,543.38,1.492,0.9619976548342394,5.334350000000001,6.7104,0.7544
0.25,16.0,0.035,7.0638000000000005,6.6621,1.1977,1.4028,3.7845,630,3082.9,3.937,0.25,16.0,0.035,1.060296302967533,0.25,16.0,0.035,2.5461,3.5021,0.5563,1.2006,1.0709,206,382.28,1.492,0.7270209302989635,4.80495,6.6621,0.5563
0.25,32.0,0.075,3.7607,7.1345,0.8843,1.2677,1.9835,630,1564.36,3.937,0.25,32.0,0.075,0.527114724227346,0.25,32.0,0.075,2.3429,3.2969,0.7626,1.3016,1.0476,206,351.6,1.492,0.7106372653098366,3.0518,7.1345,0.7626
0.25,32.0,0.02,7.2353,6.7371,1.1694,1.3941,3.7615,630,3165.62,3.937,0.25,32.0,0.02,1.0739487316501164,0.25,32.0,0.02,3.2066,4.1697,0.6455,1.2364,1.127,206,482.22,1.492,0.7690241504184954,5.22095,6.7371,0.6455
0.25,32.0,0.04,7.063400000000001,6.6635,1.2491,1.4226,3.9527,630,3082.72,3.937,0.25,32.0,0.04,1.0600135064155474,0.25,32.0,0.04,2.5174,3.5416,0.5608,1.2114,1.046,206,377.95,1.492,0.7108086740456291,4.7904,6.6635,0.5608
0.25,32.0,0.035,7.0638000000000005,6.6621,1.1977,1.4028,3.7845,630,3082.9,3.937,0.25,32.0,0.035,1.060296302967533,0.25,32.0,0.035,2.5461,3.5021,0.5563,1.2006,1.0709,206,382.28,1.492,0.7270209302989635,4.80495,6.6621,0.5563
0.25,32.0,0.06,4.9456,7.5844,1.0142,1.3204,2.4477,630,2093.06,3.937,0.25,32.0,0.06,0.6520753124835188,0.25,32.0,0.06,2.3635,3.8616,0.6568,1.265,0.9004,206,354.7,1.492,0.6120519991713279,3.65455,7.5844,0.6568
0.25,32.0,0.005,6.0375,8.7153,0.9645,1.3207,2.8952,630,2596.05,3.937,0.25,32.0,0.005,0.6927472376166053,0.25,32.0,0.005,3.2976,4.1739,0.6384,1.2408,1.1394,206,496.01,1.492,0.7900524689139654,4.66755,8.7153,0.6384
0.25,32.0,0.015,6.2377,6.7031,1.0161,1.3354,3.321,630,2689.93,3.937,0.25,32.0,0.015,0.9305694380212141,0.25,32.0,0.015,3.15,4.1739,0.6079,1.2293,1.0652,206,473.65,1.492,0.7546898584058076,4.69385,6.7031,0.6079
0.25,32.0,0.03,7.3408,6.7371,1.2285,1.4092,3.8536,630,3216.67,3.937,0.25,32.0,0.03,1.0896082884327085,0.25,32.0,0.03,3.013,3.7217,0.6449,1.2284,1.1923,206,452.89,1.492,0.8095762689093694,5.1769,6.7371,0.6449
0.25,32.0,0.05,6.0298,6.7036,1.1444,1.3712,3.3395,630,2592.45,3.937,0.25,32.0,0.05,0.8994868428903873,0.25,32.0,0.05,2.6505,3.5871,0.6652,1.2662,1.0861,206,398.06,1.492,0.7388977168186001,4.3401499999999995,6.7036,0.6652
0.25,32.0,0.045,6.472799999999999,6.6787,1.1856,1.3925,3.6105,630,2800.86,3.937,0.25,32.0,0.045,0.969170646982197,0.25,32.0,0.045,3.0114,3.4259,0.6973,1.2846,1.2907,206,452.66,1.492,0.8790098952100178,4.7421,6.6787,0.6973
0.25,32.0,0.055,5.4073,7.3334,1.0717,1.342,2.7631,630,2303.9,3.937,0.25,32.0,0.055,0.7373523877055663,0.25,32.0,0.055,2.4685,3.7906,0.658,1.2601,0.9583,206,370.56,1.492,0.6512161663061258,3.9379,7.3334,0.658
0.25,32.0,0.07,4.217,7.2244,0.9371,1.2919,2.1961,630,1765.88,3.937,0.25,32.0,0.07,0.583716294778805,0.25,32.0,0.07,2.1537,3.6943,0.6572,1.2609,0.8589,206,323.05,1.492,0.5829791841485532,3.1853499999999997,7.2244,0.6572
0.25,32.0,0.065,4.5221,7.5744,0.958,1.3016,2.2448,630,1902.07,3.937,0.25,32.0,0.065,0.5970241867342628,0.25,32.0,0.065,2.2918000000000003,3.8582,0.6656,1.2707,0.8743,206,343.89,1.492,0.5940075682960967,3.40695,7.5744,0.6656
0.25,32.0,0.025,7.0589,6.7104,1.1649,1.3851,3.701,630,3080.56,3.937,0.25,32.0,0.025,1.0519343109203625,0.25,32.0,0.025,3.6098,3.7524,0.7544,1.2713,1.4159,206,543.38,1.492,0.9619976548342394,5.334350000000001,6.7104,0.7544
0.25,32.0,0.08,3.718,6.8163,0.9117,1.2756,2.0653,630,1545.63,3.937,0.25,32.0,0.08,0.5454572128574153,0.25,32.0,0.08,2.4072,3.0797,0.8304,1.3241,1.1524,206,361.3,1.492,0.7816345747962464,3.0625999999999998,6.8163,0.8304
0.25,32.0,0.01,6.0527,7.8409,0.9709,1.322,3.148,630,2603.16,3.937,0.25,32.0,0.01,0.7719394457268935,0.25,32.0,0.01,3.2976,4.1739,0.6384,1.2408,1.1394,206,496.01,1.492,0.7900524689139654,4.67515,7.8409,0.6384
0.25,48.0,0.075,3.7607,7.1345,0.8843,1.2677,1.9835,630,1564.36,3.937,0.25,48.0,0.075,0.527114724227346,0.25,48.0,0.075,2.3429,3.2969,0.7626,1.3016,1.0476,206,351.6,1.492,0.7106372653098366,3.0518,7.1345,0.7626
0.25,48.0,0.035,7.0638000000000005,6.6621,1.1977,1.4028,3.7845,630,3082.9,3.937,0.25,48.0,0.035,1.060296302967533,0.25,48.0,0.035,2.5461,3.5021,0.5563,1.2006,1.0709,206,382.28,1.492,0.7270209302989635,4.80495,6.6621,0.5563
0.25,48.0,0.02,7.2353,6.7371,1.1694,1.3941,3.7615,630,3165.62,3.937,0.25,48.0,0.02,1.0739487316501164,0.25,48.0,0.02,3.2066,4.1697,0.6455,1.2364,1.127,206,482.22,1.492,0.7690241504184954,5.22095,6.7371,0.6455
0.25,48.0,0.04,7.063400000000001,6.6635,1.2491,1.4226,3.9527,630,3082.72,3.937,0.25,48.0,0.04,1.0600135064155474,0.25,48.0,0.04,2.5174,3.5416,0.5608,1.2114,1.046,206,377.95,1.492,0.7108086740456291,4.7904,6.6635,0.5608
0.25,48.0,0.045,6.472799999999999,6.6787,1.1856,1.3925,3.6105,630,2800.86,3.937,0.25,48.0,0.045,0.969170646982197,0.25,48.0,0.045,3.0114,3.4259,0.6973,1.2846,1.2907,206,452.66,1.492,0.8790098952100178,4.7421,6.6787,0.6973
0.25,48.0,0.05,6.0298,6.7036,1.1444,1.3712,3.3395,630,2592.45,3.937,0.25,48.0,0.05,0.8994868428903873,0.25,48.0,0.05,2.6505,3.5871,0.6652,1.2662,1.0861,206,398.06,1.492,0.7388977168186001,4.3401499999999995,6.7036,0.6652
0.25,48.0,0.015,6.2377,6.7031,1.0161,1.3354,3.321,630,2689.93,3.937,0.25,48.0,0.015,0.9305694380212141,0.25,48.0,0.015,3.15,4.1739,0.6079,1.2293,1.0652,206,473.65,1.492,0.7546898584058076,4.69385,6.7031,0.6079
0.25,48.0,0.06,4.9456,7.5844,1.0142,1.3204,2.4477,630,2093.06,3.937,0.25,48.0,0.06,0.6520753124835188,0.25,48.0,0.06,2.3635,3.8616,0.6568,1.265,0.9004,206,354.7,1.492,0.6120519991713279,3.65455,7.5844,0.6568
0.25,48.0,0.005,5.7891,9.9702,0.906,1.306,2.4186,630,2480.28,3.937,0.25,48.0,0.005,0.5806403081181922,0.25,48.0,0.005,3.2976,4.1739,0.6384,1.2408,1.1394,206,496.01,1.492,0.7900524689139654,4.54335,9.9702,0.6384
0.25,48.0,0.055,5.4073,7.3334,1.0717,1.342,2.7631,630,2303.9,3.937,0.25,48.0,0.055,0.7373523877055663,0.25,48.0,0.055,2.4685,3.7906,0.658,1.2601,0.9583,206,370.56,1.492,0.6512161663061258,3.9379,7.3334,0.658
0.25,48.0,0.08,3.718,6.8163,0.9117,1.2756,2.0653,630,1545.63,3.937,0.25,48.0,0.08,0.5454572128574153,0.25,48.0,0.08,2.4072,3.0797,0.8304,1.3241,1.1524,206,361.3,1.492,0.7816345747962464,3.0625999999999998,6.8163,0.8304
0.25,48.0,0.03,7.3408,6.7371,1.2285,1.4092,3.8536,630,3216.67,3.937,0.25,48.0,0.03,1.0896082884327085,0.25,48.0,0.03,3.013,3.7217,0.6449,1.2284,1.1923,206,452.89,1.492,0.8095762689093694,5.1769,6.7371,0.6449
0.25,48.0,0.01,6.0527,7.8409,0.9709,1.322,3.148,630,2603.16,3.937,0.25,48.0,0.01,0.7719394457268935,0.25,48.0,0.01,3.2976,4.1739,0.6384,1.2408,1.1394,206,496.01,1.492,0.7900524689139654,4.67515,7.8409,0.6384
0.25,48.0,0.065,4.5221,7.5744,0.958,1.3016,2.2448,630,1902.07,3.937,0.25,48.0,0.065,0.5970241867342628,0.25,48.0,0.065,2.2918000000000003,3.8582,0.6656,1.2707,0.8743,206,343.89,1.492,0.5940075682960967,3.40695,7.5744,0.6656
0.25,48.0,0.07,4.217,7.2244,0.9371,1.2919,2.1961,630,1765.88,3.937,0.25,48.0,0.07,0.583716294778805,0.25,48.0,0.07,2.1537,3.6943,0.6572,1.2609,0.8589,206,323.05,1.492,0.5829791841485532,3.1853499999999997,7.2244,0.6572
0.25,48.0,0.025,7.0589,6.7104,1.1649,1.3851,3.701,630,3080.56,3.937,0.25,48.0,0.025,1.0519343109203625,0.25,48.0,0.025,3.6098,3.7524,0.7544,1.2713,1.4159,206,543.38,1.492,0.9619976548342394,5.334350000000001,6.7104,0.7544
0.25,64.0,0.075,3.7607,7.1345,0.8843,1.2677,1.9835,630,1564.36,3.937,0.25,64.0,0.075,0.527114724227346,0.25,64.0,0.075,2.3429,3.2969,0.7626,1.3016,1.0476,206,351.6,1.492,0.7106372653098366,3.0518,7.1345,0.7626
0.25,64.0,0.025,7.0589,6.7104,1.1649,1.3851,3.701,630,3080.56,3.937,0.25,64.0,0.025,1.0519343109203625,0.25,64.0,0.025,3.6098,3.7524,0.7544,1.2713,1.4159,206,543.38,1.492,0.9619976548342394,5.334350000000001,6.7104,0.7544
0.25,64.0,0.005,5.8177,9.7608,0.9125,1.3073,2.4825,630,2493.57,3.937,0.25,64.0,0.005,0.5960269650028687,0.25,64.0,0.005,3.2976,4.1739,0.6384,1.2408,1.1394,206,496.01,1.492,0.7900524689139654,4.557650000000001,9.7608,0.6384
0.25,64.0,0.05,6.0298,6.7036,1.1444,1.3712,3.3395,630,2592.45,3.937,0.25,64.0,0.05,0.8994868428903873,0.25,64.0,0.05,2.6505,3.5871,0.6652,1.2662,1.0861,206,398.06,1.492,0.7388977168186001,4.3401499999999995,6.7036,0.6652
0.25,64.0,0.035,7.0638000000000005,6.6621,1.1977,1.4028,3.7845,630,3082.9,3.937,0.25,64.0,0.035,1.060296302967533,0.25,64.0,0.035,2.5461,3.5021,0.5563,1.2006,1.0709,206,382.28,1.492,0.7270209302989635,4.80495,6.6621,0.5563
0.25,64.0,0.07,4.217,7.2244,0.9371,1.2919,2.1961,630,1765.88,3.937,0.25,64.0,0.07,0.583716294778805,0.25,64.0,0.07,2.1537,3.6943,0.6572,1.2609,0.8589,206,323.05,1.492,0.5829791841485532,3.1853499999999997,7.2244,0.6572
0.25,64.0,0.055,5.4073,7.3334,1.0717,1.342,2.7631,630,2303.9,3.937,0.25,64.0,0.055,0.7373523877055663,0.25,64.0,0.055,2.4685,3.7906,0.658,1.2601,0.9583,206,370.56,1.492,0.6512161663061258,3.9379,7.3334,0.658
0.25,64.0,0.045,6.472799999999999,6.6787,1.1856,1.3925,3.6105,630,2800.86,3.937,0.25,64.0,0.045,0.969170646982197,0.25,64.0,0.045,3.0114,3.4259,0.6973,1.2846,1.2907,206,452.66,1.492,0.8790098952100178,4.7421,6.6787,0.6973
0.25,64.0,0.02,7.2353,6.7371,1.1694,1.3941,3.7615,630,3165.62,3.937,0.25,64.0,0.02,1.0739487316501164,0.25,64.0,0.02,3.2066,4.1697,0.6455,1.2364,1.127,206,482.22,1.492,0.7690241504184954,5.22095,6.7371,0.6455
0.25,64.0,0.03,7.3408,6.7371,1.2285,1.4092,3.8536,630,3216.67,3.937,0.25,64.0,0.03,1.0896082884327085,0.25,64.0,0.03,3.013,3.7217,0.6449,1.2284,1.1923,206,452.89,1.492,0.8095762689093694,5.1769,6.7371,0.6449
0.25,64.0,0.06,4.9456,7.5844,1.0142,1.3204,2.4477,630,2093.06,3.937,0.25,64.0,0.06,0.6520753124835188,0.25,64.0,0.06,2.3635,3.8616,0.6568,1.265,0.9004,206,354.7,1.492,0.6120519991713279,3.65455,7.5844,0.6568
0.25,64.0,0.01,6.0527,7.8409,0.9709,1.322,3.148,630,2603.16,3.937,0.25,64.0,0.01,0.7719394457268935,0.25,64.0,0.01,3.2976,4.1739,0.6384,1.2408,1.1394,206,496.01,1.492,0.7900524689139654,4.67515,7.8409,0.6384
0.25,64.0,0.08,3.718,6.8163,0.9117,1.2756,2.0653,630,1545.63,3.937,0.25,64.0,0.08,0.5454572128574153,0.25,64.0,0.08,2.4072,3.0797,0.8304,1.3241,1.1524,206,361.3,1.492,0.7816345747962464,3.0625999999999998,6.8163,0.8304
0.25,64.0,0.015,6.2377,6.7031,1.0161,1.3354,3.321,630,2689.93,3.937,0.25,64.0,0.015,0.9305694380212141,0.25,64.0,0.015,3.15,4.1739,0.6079,1.2293,1.0652,206,473.65,1.492,0.7546898584058076,4.69385,6.7031,0.6079
0.25,64.0,0.04,7.063400000000001,6.6635,1.2491,1.4226,3.9527,630,3082.72,3.937,0.25,64.0,0.04,1.0600135064155474,0.25,64.0,0.04,2.5174,3.5416,0.5608,1.2114,1.046,206,377.95,1.492,0.7108086740456291,4.7904,6.6635,0.5608
0.25,64.0,0.065,4.5221,7.5744,0.958,1.3016,2.2448,630,1902.07,3.937,0.25,64.0,0.065,0.5970241867342628,0.25,64.0,0.065,2.2918000000000003,3.8582,0.6656,1.2707,0.8743,206,343.89,1.492,0.5940075682960967,3.40695,7.5744,0.6656
0.25,80.0,0.075,3.7607,7.1345,0.8843,1.2677,1.9835,630,1564.36,3.937,0.25,80.0,0.075,0.527114724227346,0.25,80.0,0.075,2.3429,3.2969,0.7626,1.3016,1.0476,206,351.6,1.492,0.7106372653098366,3.0518,7.1345,0.7626
0.25,80.0,0.05,6.0298,6.7036,1.1444,1.3712,3.3395,630,2592.45,3.937,0.25,80.0,0.05,0.8994868428903873,0.25,80.0,0.05,2.6505,3.5871,0.6652,1.2662,1.0861,206,398.06,1.492,0.7388977168186001,4.3401499999999995,6.7036,0.6652
0.25,80.0,0.07,4.217,7.2244,0.9371,1.2919,2.1961,630,1765.88,3.937,0.25,80.0,0.07,0.583716294778805,0.25,80.0,0.07,2.1537,3.6943,0.6572,1.2609,0.8589,206,323.05,1.492,0.5829791841485532,3.1853499999999997,7.2244,0.6572
0.25,80.0,0.035,7.0638000000000005,6.6621,1.1977,1.4028,3.7845,630,3082.9,3.937,0.25,80.0,0.035,1.060296302967533,0.25,80.0,0.035,2.5461,3.5021,0.5563,1.2006,1.0709,206,382.28,1.492,0.7270209302989635,4.80495,6.6621,0.5563
0.25,80.0,0.045,6.472799999999999,6.6787,1.1856,1.3925,3.6105,630,2800.86,3.937,0.25,80.0,0.045,0.969170646982197,0.25,80.0,0.045,3.0114,3.4259,0.6973,1.2846,1.2907,206,452.66,1.492,0.8790098952100178,4.7421,6.6787,0.6973
0.25,80.0,0.08,3.718,6.8163,0.9117,1.2756,2.0653,630,1545.63,3.937,0.25,80.0,0.08,0.5454572128574153,0.25,80.0,0.08,2.4072,3.0797,0.8304,1.3241,1.1524,206,361.3,1.492,0.7816345747962464,3.0625999999999998,6.8163,0.8304
0.25,80.0,0.005,5.8177,9.7608,0.9125,1.3073,2.4825,630,2493.57,3.937,0.25,80.0,0.005,0.5960269650028687,0.25,80.0,0.005,3.2976,4.1739,0.6384,1.2408,1.1394,206,496.01,1.492,0.7900524689139654,4.557650000000001,9.7608,0.6384
0.25,80.0,0.055,5.4073,7.3334,1.0717,1.342,2.7631,630,2303.9,3.937,0.25,80.0,0.055,0.7373523877055663,0.25,80.0,0.055,2.4685,3.7906,0.658,1.2601,0.9583,206,370.56,1.492,0.6512161663061258,3.9379,7.3334,0.658
0.25,80.0,0.06,4.9456,7.5844,1.0142,1.3204,2.4477,630,2093.06,3.937,0.25,80.0,0.06,0.6520753124835188,0.25,80.0,0.06,2.3635,3.8616,0.6568,1.265,0.9004,206,354.7,1.492,0.6120519991713279,3.65455,7.5844,0.6568
0.25,80.0,0.01,6.0527,7.8409,0.9709,1.322,3.148,630,2603.16,3.937,0.25,80.0,0.01,0.7719394457268935,0.25,80.0,0.01,3.2976,4.1739,0.6384,1.2408,1.1394,206,496.01,1.492,0.7900524689139654,4.67515,7.8409,0.6384
0.25,80.0,0.015,6.2377,6.7031,1.0161,1.3354,3.321,630,2689.93,3.937,0.25,80.0,0.015,0.9305694380212141,0.25,80.0,0.015,3.15,4.1739,0.6079,1.2293,1.0652,206,473.65,1.492,0.7546898584058076,4.69385,6.7031,0.6079
0.25,80.0,0.02,7.2353,6.7371,1.1694,1.3941,3.7615,630,3165.62,3.937,0.25,80.0,0.02,1.0739487316501164,0.25,80.0,0.02,3.2066,4.1697,0.6455,1.2364,1.127,206,482.22,1.492,0.7690241504184954,5.22095,6.7371,0.6455
0.25,80.0,0.03,7.3408,6.7371,1.2285,1.4092,3.8536,630,3216.67,3.937,0.25,80.0,0.03,1.0896082884327085,0.25,80.0,0.03,3.013,3.7217,0.6449,1.2284,1.1923,206,452.89,1.492,0.8095762689093694,5.1769,6.7371,0.6449
0.25,80.0,0.04,7.063400000000001,6.6635,1.2491,1.4226,3.9527,630,3082.72,3.937,0.25,80.0,0.04,1.0600135064155474,0.25,80.0,0.04,2.5174,3.5416,0.5608,1.2114,1.046,206,377.95,1.492,0.7108086740456291,4.7904,6.6635,0.5608
0.25,80.0,0.065,4.5221,7.5744,0.958,1.3016,2.2448,630,1902.07,3.937,0.25,80.0,0.065,0.5970241867342628,0.25,80.0,0.065,2.2918000000000003,3.8582,0.6656,1.2707,0.8743,206,343.89,1.492,0.5940075682960967,3.40695,7.5744,0.6656
0.25,80.0,0.025,7.0589,6.7104,1.1649,1.3851,3.701,630,3080.56,3.937,0.25,80.0,0.025,1.0519343109203625,0.25,80.0,0.025,3.6098,3.7524,0.7544,1.2713,1.4159,206,543.38,1.492,0.9619976548342394,5.334350000000001,6.7104,0.7544
0.5,16.0,0.065,9.0304,9.9105,1.148,1.3825,3.2849,630,4054.83,3.937,0.5,16.0,0.065,0.9111951970132687,0.5,16.0,0.065,3.5196,5.2068,0.5605,1.226,0.989,206,529.69,1.492,0.6759622032726434,6.275,9.9105,0.5605
0.5,16.0,0.03,10.4073,9.3761,1.1621,1.3931,3.729,630,4766.7,3.937,0.5,16.0,0.03,1.1099817621399088,0.5,16.0,0.03,4.1949,5.6692,0.5887,1.2147,1.0711,206,632.35,1.492,0.7399456713469272,7.3011,9.3761,0.5887
0.5,16.0,0.045,10.0834,9.3902,1.1669,1.3951,3.7255,630,4596.88,3.937,0.5,16.0,0.045,1.0738216438414516,0.5,16.0,0.045,4.1072,5.3971,0.6075,1.2188,1.1195,206,619.0,1.492,0.7610012784643604,7.0953,9.3902,0.6075
0.5,16.0,0.075,7.965800000000001,10.2684,1.0656,1.3452,2.8049,630,3522.23,3.937,0.5,16.0,0.075,0.7757586381520004,0.5,16.0,0.075,3.1481000000000003,5.301,0.558,1.2226,0.8696,206,473.36,1.492,0.5938690813054142,5.5569500000000005,10.2684,0.558
0.5,16.0,0.005,10.4073,9.3761,1.1621,1.3931,3.729,630,4766.7,3.937,0.5,16.0,0.005,1.1099817621399088,0.5,16.0,0.005,4.1949,5.6692,0.5887,1.2147,1.0711,206,632.35,1.492,0.7399456713469272,7.3011,9.3761,0.5887
0.5,16.0,0.05,10.0944,9.5035,1.1861,1.4004,3.7277,630,4602.6,3.937,0.5,16.0,0.05,1.0621770926500762,0.5,16.0,0.05,4.0676,4.9886,0.6164,1.2264,1.2014,206,612.97,1.492,0.8153790642665276,7.0809999999999995,9.5035,0.6164
0.5,16.0,0.015,10.4073,9.3761,1.1621,1.3931,3.729,630,4766.7,3.937,0.5,16.0,0.015,1.1099817621399088,0.5,16.0,0.015,4.1949,5.6692,0.5887,1.2147,1.0711,206,632.35,1.492,0.7399456713469272,7.3011,9.3761,0.5887
0.5,16.0,0.04,10.2148,9.3112,1.1731,1.3887,3.702,630,4665.59,3.937,0.5,16.0,0.04,1.097044419623679,0.5,16.0,0.04,4.6337,5.513,0.6717,1.2416,1.236,206,699.23,1.492,0.8405042626519137,7.424250000000001,9.3112,0.6717
0.5,16.0,0.01,10.4073,9.3761,1.1621,1.3931,3.729,630,4766.7,3.937,0.5,16.0,0.01,1.1099817621399088,0.5,16.0,0.01,4.1949,5.6692,0.5887,1.2147,1.0711,206,632.35,1.492,0.7399456713469272,7.3011,9.3761,0.5887
0.5,16.0,0.08,7.2405,11.1009,1.0027,1.3234,2.3799,630,3168.13,3.937,0.5,16.0,0.08,0.6522444126151934,0.5,16.0,0.08,3.094,5.4161,0.569,1.2259,0.837,206,465.16,1.492,0.5712597625597754,5.16725,11.1009,0.569
0.5,16.0,0.055,9.8854,9.5981,1.1892,1.4015,3.7117,630,4493.79,3.937,0.5,16.0,0.055,1.0299330075744157,0.5,16.0,0.055,3.921,4.8379,0.5979,1.2248,1.1925,206,590.67,1.492,0.8104756195870108,6.9032,9.5981,0.5979
0.5,16.0,0.07,8.5931,9.8561,1.1133,1.3667,3.1342,630,3834.2,3.937,0.5,16.0,0.07,0.8718560079544647,0.5,16.0,0.07,2.8527,5.4365,0.4805,1.1903,0.7671,206,428.64,1.492,0.5247309850087373,5.7229,9.8561,0.4805
0.5,16.0,0.02,10.4073,9.3761,1.1621,1.3931,3.729,630,4766.7,3.937,0.5,16.0,0.02,1.1099817621399088,0.5,16.0,0.02,4.1949,5.6692,0.5887,1.2147,1.0711,206,632.35,1.492,0.7399456713469272,7.3011,9.3761,0.5887
0.5,16.0,0.035,10.1469,9.4366,1.1465,1.3829,3.625,630,4630.05,3.937,0.5,16.0,0.035,1.0752707542970985,0.5,16.0,0.035,4.9984,5.4473,0.7035,1.2599,1.3096,206,754.93,1.492,0.91759220164118,7.57265,9.4366,0.7035
0.5,16.0,0.06,9.4296,9.745,1.16,1.3905,3.4926,630,4258.54,3.937,0.5,16.0,0.06,0.967634684453566,0.5,16.0,0.06,3.4279,5.2155,0.5314,1.206,0.963,206,515.78,1.492,0.6572524206691593,6.428750000000001,9.745,0.5314
0.5,16.0,0.025,10.4073,9.3761,1.1621,1.3931,3.729,630,4766.7,3.937,0.5,16.0,0.025,1.1099817621399088,0.5,16.0,0.025,4.1949,5.6692,0.5887,1.2147,1.0711,206,632.35,1.492,0.7399456713469272,7.3011,9.3761,0.5887
0.5,32.0,0.075,7.965800000000001,10.2684,1.0656,1.3452,2.8049,630,3522.23,3.937,0.5,32.0,0.075,0.7757586381520004,0.5,32.0,0.075,3.1481000000000003,5.301,0.558,1.2226,0.8696,206,473.36,1.492,0.5938690813054142,5.5569500000000005,10.2684,0.558
0.5,32.0,0.02,9.602,9.4817,1.0712,1.3636,3.4684,630,4347.18,3.937,0.5,32.0,0.02,1.01268759821551,0.5,32.0,0.02,4.5373,6.2483,0.579,1.2296,1.0513,206,684.53,1.492,0.7261655170206296,7.06965,9.4817,0.579
0.5,32.0,0.04,10.2148,9.3112,1.1731,1.3887,3.702,630,4665.59,3.937,0.5,32.0,0.04,1.097044419623679,0.5,32.0,0.04,4.6337,5.513,0.6717,1.2416,1.236,206,699.23,1.492,0.8405042626519137,7.424250000000001,9.3112,0.6717
0.5,32.0,0.035,10.1469,9.4366,1.1465,1.3829,3.625,630,4630.05,3.937,0.5,32.0,0.035,1.0752707542970985,0.5,32.0,0.035,4.9984,5.4473,0.7035,1.2599,1.3096,206,754.93,1.492,0.91759220164118,7.57265,9.4366,0.7035
0.5,32.0,0.06,9.4296,9.745,1.16,1.3905,3.4926,630,4258.54,3.937,0.5,32.0,0.06,0.967634684453566,0.5,32.0,0.06,3.4279,5.2155,0.5314,1.206,0.963,206,515.78,1.492,0.6572524206691593,6.428750000000001,9.745,0.5314
0.5,32.0,0.005,8.8939,9.7351,0.9932,1.3347,3.2805,630,3985.68,3.937,0.5,32.0,0.005,0.9135910262863248,0.5,32.0,0.005,4.9731,6.3877,0.6048,1.2539,1.1219,206,751.06,1.492,0.7785431375925607,6.9335,9.7351,0.6048
0.5,32.0,0.015,8.8939,9.7351,0.9932,1.3347,3.2805,630,3985.68,3.937,0.5,32.0,0.015,0.9135910262863248,0.5,32.0,0.015,4.9731,6.3877,0.6048,1.2539,1.1219,206,751.06,1.492,0.7785431375925607,6.9335,9.7351,0.6048
0.5,32.0,0.05,10.0944,9.5035,1.1861,1.4004,3.7277,630,4602.6,3.937,0.5,32.0,0.05,1.0621770926500762,0.5,32.0,0.05,4.0676,4.9886,0.6164,1.2264,1.2014,206,612.97,1.492,0.8153790642665276,7.0809999999999995,9.5035,0.6164
0.5,32.0,0.045,10.0834,9.3902,1.1669,1.3951,3.7255,630,4596.88,3.937,0.5,32.0,0.045,1.0738216438414516,0.5,32.0,0.045,4.1072,5.3971,0.6075,1.2188,1.1195,206,619.0,1.492,0.7610012784643604,7.0953,9.3902,0.6075
0.5,32.0,0.055,9.8854,9.5981,1.1892,1.4015,3.7117,630,4493.79,3.937,0.5,32.0,0.055,1.0299330075744157,0.5,32.0,0.055,3.921,4.8379,0.5979,1.2248,1.1925,206,590.67,1.492,0.8104756195870108,6.9032,9.5981,0.5979
0.5,32.0,0.03,10.221,9.3896,1.1364,1.3864,3.6661,630,4668.87,3.937,0.5,32.0,0.03,1.0885447729402744,0.5,32.0,0.03,4.0631,5.8564,0.5676,1.2072,1.0021,206,612.28,1.492,0.6937879926234548,7.14205,9.3896,0.5676
0.5,32.0,0.07,8.5931,9.8561,1.1133,1.3667,3.1342,630,3834.2,3.937,0.5,32.0,0.07,0.8718560079544647,0.5,32.0,0.07,2.8527,5.4365,0.4805,1.1903,0.7671,206,428.64,1.492,0.5247309850087373,5.7229,9.8561,0.4805
0.5,32.0,0.08,7.2405,11.1009,1.0027,1.3234,2.3799,630,3168.13,3.937,0.5,32.0,0.08,0.6522444126151934,0.5,32.0,0.08,3.094,5.4161,0.569,1.2259,0.837,206,465.16,1.492,0.5712597625597754,5.16725,11.1009,0.569
0.5,32.0,0.025,10.3121,9.3882,1.1439,1.3899,3.6954,630,4716.64,3.937,0.5,32.0,0.025,1.0984107709678106,0.5,32.0,0.025,4.0454,6.1685,0.5461,1.204,0.9543,206,609.6,1.492,0.6558158385344898,7.178749999999999,9.3882,0.5461
0.5,32.0,0.065,9.0304,9.9105,1.148,1.3825,3.2849,630,4054.83,3.937,0.5,32.0,0.065,0.9111951970132687,0.5,32.0,0.065,3.5196,5.2068,0.5605,1.226,0.989,206,529.69,1.492,0.6759622032726434,6.275,9.9105,0.5605
0.5,32.0,0.01,8.8939,9.7351,0.9932,1.3347,3.2805,630,3985.68,3.937,0.5,32.0,0.01,0.9135910262863248,0.5,32.0,0.01,4.9731,6.3877,0.6048,1.2539,1.1219,206,751.06,1.492,0.7785431375925607,6.9335,9.7351,0.6048
0.5,48.0,0.075,7.965800000000001,10.2684,1.0656,1.3452,2.8049,630,3522.23,3.937,0.5,48.0,0.075,0.7757586381520004,0.5,48.0,0.075,3.1481000000000003,5.301,0.558,1.2226,0.8696,206,473.36,1.492,0.5938690813054142,5.5569500000000005,10.2684,0.558
0.5,48.0,0.035,10.1469,9.4366,1.1465,1.3829,3.625,630,4630.05,3.937,0.5,48.0,0.035,1.0752707542970985,0.5,48.0,0.035,4.9984,5.4473,0.7035,1.2599,1.3096,206,754.93,1.492,0.91759220164118,7.57265,9.4366,0.7035
0.5,48.0,0.02,9.602,9.4817,1.0712,1.3636,3.4684,630,4347.18,3.937,0.5,48.0,0.02,1.01268759821551,0.5,48.0,0.02,4.5373,6.2483,0.579,1.2296,1.0513,206,684.53,1.492,0.7261655170206296,7.06965,9.4817,0.579
0.5,48.0,0.045,10.0834,9.3902,1.1669,1.3951,3.7255,630,4596.88,3.937,0.5,48.0,0.045,1.0738216438414516,0.5,48.0,0.045,4.1072,5.3971,0.6075,1.2188,1.1195,206,619.0,1.492,0.7610012784643604,7.0953,9.3902,0.6075
0.5,48.0,0.04,10.2148,9.3112,1.1731,1.3887,3.702,630,4665.59,3.937,0.5,48.0,0.04,1.097044419623679,0.5,48.0,0.04,4.6337,5.513,0.6717,1.2416,1.236,206,699.23,1.492,0.8405042626519137,7.424250000000001,9.3112,0.6717
0.5,48.0,0.05,10.0944,9.5035,1.1861,1.4004,3.7277,630,4602.6,3.937,0.5,48.0,0.05,1.0621770926500762,0.5,48.0,0.05,4.0676,4.9886,0.6164,1.2264,1.2014,206,612.97,1.492,0.8153790642665276,7.0809999999999995,9.5035,0.6164
0.5,48.0,0.015,8.434700000000001,10.908,0.9388,1.3165,3.098,630,3754.96,3.937,0.5,48.0,0.015,0.7732581591492484,0.5,48.0,0.015,4.9731,6.3877,0.6048,1.2539,1.1219,206,751.06,1.492,0.7785431375925607,6.703900000000001,10.908,0.6048
0.5,48.0,0.06,9.4296,9.745,1.16,1.3905,3.4926,630,4258.54,3.937,0.5,48.0,0.06,0.967634684453566,0.5,48.0,0.06,3.4279,5.2155,0.5314,1.206,0.963,206,515.78,1.492,0.6572524206691593,6.428750000000001,9.745,0.5314
0.5,48.0,0.08,7.2405,11.1009,1.0027,1.3234,2.3799,630,3168.13,3.937,0.5,48.0,0.08,0.6522444126151934,0.5,48.0,0.08,3.094,5.4161,0.569,1.2259,0.837,206,465.16,1.492,0.5712597625597754,5.16725,11.1009,0.569
0.5,48.0,0.005,7.2937,16.1184,0.787,1.2674,1.898,630,3193.87,3.937,0.5,48.0,0.005,0.4525076930712726,0.5,48.0,0.005,4.9731,6.3877,0.6048,1.2539,1.1219,206,751.06,1.492,0.7785431375925607,6.1334,16.1184,0.6048
0.5,48.0,0.055,9.8854,9.5981,1.1892,1.4015,3.7117,630,4493.79,3.937,0.5,48.0,0.055,1.0299330075744157,0.5,48.0,0.055,3.921,4.8379,0.5979,1.2248,1.1925,206,590.67,1.492,0.8104756195870108,6.9032,9.5981,0.5979
0.5,48.0,0.03,10.221,9.3896,1.1364,1.3864,3.6661,630,4668.87,3.937,0.5,48.0,0.03,1.0885447729402744,0.5,48.0,0.03,4.0631,5.8564,0.5676,1.2072,1.0021,206,612.28,1.492,0.6937879926234548,7.14205,9.3896,0.5676
0.5,48.0,0.01,7.2937,16.1184,0.787,1.2674,1.898,630,3193.87,3.937,0.5,48.0,0.01,0.4525076930712726,0.5,48.0,0.01,4.9731,6.3877,0.6048,1.2539,1.1219,206,751.06,1.492,0.7785431375925607,6.1334,16.1184,0.6048
0.5,48.0,0.065,9.0304,9.9105,1.148,1.3825,3.2849,630,4054.83,3.937,0.5,48.0,0.065,0.9111951970132687,0.5,48.0,0.065,3.5196,5.2068,0.5605,1.226,0.989,206,529.69,1.492,0.6759622032726434,6.275,9.9105,0.5605
0.5,48.0,0.07,8.5931,9.8561,1.1133,1.3667,3.1342,630,3834.2,3.937,0.5,48.0,0.07,0.8718560079544647,0.5,48.0,0.07,2.8527,5.4365,0.4805,1.1903,0.7671,206,428.64,1.492,0.5247309850087373,5.7229,9.8561,0.4805
0.5,48.0,0.025,10.3121,9.3882,1.1439,1.3899,3.6954,630,4716.64,3.937,0.5,48.0,0.025,1.0984107709678106,0.5,48.0,0.025,4.0454,6.1685,0.5461,1.204,0.9543,206,609.6,1.492,0.6558158385344898,7.178749999999999,9.3882,0.5461
0.5,64.0,0.075,7.965800000000001,10.2684,1.0656,1.3452,2.8049,630,3522.23,3.937,0.5,64.0,0.075,0.7757586381520004,0.5,64.0,0.075,3.1481000000000003,5.301,0.558,1.2226,0.8696,206,473.36,1.492,0.5938690813054142,5.5569500000000005,10.2684,0.558
0.5,64.0,0.05,10.0944,9.5035,1.1861,1.4004,3.7277,630,4602.6,3.937,0.5,64.0,0.05,1.0621770926500762,0.5,64.0,0.05,4.0676,4.9886,0.6164,1.2264,1.2014,206,612.97,1.492,0.8153790642665276,7.0809999999999995,9.5035,0.6164
0.5,64.0,0.07,8.5931,9.8561,1.1133,1.3667,3.1342,630,3834.2,3.937,0.5,64.0,0.07,0.8718560079544647,0.5,64.0,0.07,2.8527,5.4365,0.4805,1.1903,0.7671,206,428.64,1.492,0.5247309850087373,5.7229,9.8561,0.4805
0.5,64.0,0.005,6.7117,19.0405,0.7024,1.2442,1.4598,630,2914.3,3.937,0.5,64.0,0.005,0.35249599537827264,0.5,64.0,0.005,4.9731,6.3877,0.6048,1.2539,1.1219,206,751.06,1.492,0.7785431375925607,5.8424,19.0405,0.6048
0.5,64.0,0.025,10.3121,9.3882,1.1439,1.3899,3.6954,630,4716.64,3.937,0.5,64.0,0.025,1.0984107709678106,0.5,64.0,0.025,4.0454,6.1685,0.5461,1.204,0.9543,206,609.6,1.492,0.6558158385344898,7.178749999999999,9.3882,0.5461
0.5,64.0,0.035,10.1469,9.4366,1.1465,1.3829,3.625,630,4630.05,3.937,0.5,64.0,0.035,1.0752707542970985,0.5,64.0,0.035,4.9984,5.4473,0.7035,1.2599,1.3096,206,754.93,1.492,0.91759220164118,7.57265,9.4366,0.7035
0.5,64.0,0.03,10.221,9.3896,1.1364,1.3864,3.6661,630,4668.87,3.937,0.5,64.0,0.03,1.0885447729402744,0.5,64.0,0.03,4.0631,5.8564,0.5676,1.2072,1.0021,206,612.28,1.492,0.6937879926234548,7.14205,9.3896,0.5676
0.5,64.0,0.045,10.0834,9.3902,1.1669,1.3951,3.7255,630,4596.88,3.937,0.5,64.0,0.045,1.0738216438414516,0.5,64.0,0.045,4.1072,5.3971,0.6075,1.2188,1.1195,206,619.0,1.492,0.7610012784643604,7.0953,9.3902,0.6075
0.5,64.0,0.055,9.8854,9.5981,1.1892,1.4015,3.7117,630,4493.79,3.937,0.5,64.0,0.055,1.0299330075744157,0.5,64.0,0.055,3.921,4.8379,0.5979,1.2248,1.1925,206,590.67,1.492,0.8104756195870108,6.9032,9.5981,0.5979
0.5,64.0,0.02,9.602,9.4817,1.0712,1.3636,3.4684,630,4347.18,3.937,0.5,64.0,0.02,1.01268759821551,0.5,64.0,0.02,4.5373,6.2483,0.579,1.2296,1.0513,206,684.53,1.492,0.7261655170206296,7.06965,9.4817,0.579
0.5,64.0,0.01,7.220899999999999,16.3024,0.7795,1.264,1.8543,630,3158.64,3.937,0.5,64.0,0.01,0.4429347826086957,0.5,64.0,0.01,4.9731,6.3877,0.6048,1.2539,1.1219,206,751.06,1.492,0.7785431375925607,6.0969999999999995,16.3024,0.6048
0.5,64.0,0.06,9.4296,9.745,1.16,1.3905,3.4926,630,4258.54,3.937,0.5,64.0,0.06,0.967634684453566,0.5,64.0,0.06,3.4279,5.2155,0.5314,1.206,0.963,206,515.78,1.492,0.6572524206691593,6.428750000000001,9.745,0.5314
0.5,64.0,0.015,8.434700000000001,10.908,0.9388,1.3165,3.098,630,3754.96,3.937,0.5,64.0,0.015,0.7732581591492484,0.5,64.0,0.015,4.9731,6.3877,0.6048,1.2539,1.1219,206,751.06,1.492,0.7785431375925607,6.703900000000001,10.908,0.6048
0.5,64.0,0.08,7.2405,11.1009,1.0027,1.3234,2.3799,630,3168.13,3.937,0.5,64.0,0.08,0.6522444126151934,0.5,64.0,0.08,3.094,5.4161,0.569,1.2259,0.837,206,465.16,1.492,0.5712597625597754,5.16725,11.1009,0.569
0.5,64.0,0.065,9.0304,9.9105,1.148,1.3825,3.2849,630,4054.83,3.937,0.5,64.0,0.065,0.9111951970132687,0.5,64.0,0.065,3.5196,5.2068,0.5605,1.226,0.989,206,529.69,1.492,0.6759622032726434,6.275,9.9105,0.5605
0.5,64.0,0.04,10.2148,9.3112,1.1731,1.3887,3.702,630,4665.59,3.937,0.5,64.0,0.04,1.097044419623679,0.5,64.0,0.04,4.6337,5.513,0.6717,1.2416,1.236,206,699.23,1.492,0.8405042626519137,7.424250000000001,9.3112,0.6717
0.5,80.0,0.075,7.965800000000001,10.2684,1.0656,1.3452,2.8049,630,3522.23,3.937,0.5,80.0,0.075,0.7757586381520004,0.5,80.0,0.075,3.1481000000000003,5.301,0.558,1.2226,0.8696,206,473.36,1.492,0.5938690813054142,5.5569500000000005,10.2684,0.558
0.5,80.0,0.05,10.0944,9.5035,1.1861,1.4004,3.7277,630,4602.6,3.937,0.5,80.0,0.05,1.0621770926500762,0.5,80.0,0.05,4.0676,4.9886,0.6164,1.2264,1.2014,206,612.97,1.492,0.8153790642665276,7.0809999999999995,9.5035,0.6164
0.5,80.0,0.07,8.5931,9.8561,1.1133,1.3667,3.1342,630,3834.2,3.937,0.5,80.0,0.07,0.8718560079544647,0.5,80.0,0.07,2.8527,5.4365,0.4805,1.1903,0.7671,206,428.64,1.492,0.5247309850087373,5.7229,9.8561,0.4805
0.5,80.0,0.035,10.1469,9.4366,1.1465,1.3829,3.625,630,4630.05,3.937,0.5,80.0,0.035,1.0752707542970985,0.5,80.0,0.035,4.9984,5.4473,0.7035,1.2599,1.3096,206,754.93,1.492,0.91759220164118,7.57265,9.4366,0.7035
0.5,80.0,0.045,10.0834,9.3902,1.1669,1.3951,3.7255,630,4596.88,3.937,0.5,80.0,0.045,1.0738216438414516,0.5,80.0,0.045,4.1072,5.3971,0.6075,1.2188,1.1195,206,619.0,1.492,0.7610012784643604,7.0953,9.3902,0.6075
0.5,80.0,0.005,7.0455000000000005,16.8948,0.7519,1.2576,1.7427,630,3074.12,3.937,0.5,80.0,0.005,0.4170218055259607,0.5,80.0,0.005,4.9731,6.3877,0.6048,1.2539,1.1219,206,751.06,1.492,0.7785431375925607,6.0093,16.8948,0.6048
0.5,80.0,0.08,7.2405,11.1009,1.0027,1.3234,2.3799,630,3168.13,3.937,0.5,80.0,0.08,0.6522444126151934,0.5,80.0,0.08,3.094,5.4161,0.569,1.2259,0.837,206,465.16,1.492,0.5712597625597754,5.16725,11.1009,0.569
0.5,80.0,0.055,9.8854,9.5981,1.1892,1.4015,3.7117,630,4493.79,3.937,0.5,80.0,0.055,1.0299330075744157,0.5,80.0,0.055,3.921,4.8379,0.5979,1.2248,1.1925,206,590.67,1.492,0.8104756195870108,6.9032,9.5981,0.5979
0.5,80.0,0.01,7.220899999999999,16.3024,0.7795,1.264,1.8543,630,3158.64,3.937,0.5,80.0,0.01,0.4429347826086957,0.5,80.0,0.01,4.9731,6.3877,0.6048,1.2539,1.1219,206,751.06,1.492,0.7785431375925607,6.0969999999999995,16.3024,0.6048
0.5,80.0,0.06,9.4296,9.745,1.16,1.3905,3.4926,630,4258.54,3.937,0.5,80.0,0.06,0.967634684453566,0.5,80.0,0.06,3.4279,5.2155,0.5314,1.206,0.963,206,515.78,1.492,0.6572524206691593,6.428750000000001,9.745,0.5314
0.5,80.0,0.03,10.221,9.3896,1.1364,1.3864,3.6661,630,4668.87,3.937,0.5,80.0,0.03,1.0885447729402744,0.5,80.0,0.03,4.0631,5.8564,0.5676,1.2072,1.0021,206,612.28,1.492,0.6937879926234548,7.14205,9.3896,0.5676
0.5,80.0,0.015,8.434700000000001,10.908,0.9388,1.3165,3.098,630,3754.96,3.937,0.5,80.0,0.015,0.7732581591492484,0.5,80.0,0.015,4.9731,6.3877,0.6048,1.2539,1.1219,206,751.06,1.492,0.7785431375925607,6.703900000000001,10.908,0.6048
0.5,80.0,0.02,9.602,9.4817,1.0712,1.3636,3.4684,630,4347.18,3.937,0.5,80.0,0.02,1.01268759821551,0.5,80.0,0.02,4.5373,6.2483,0.579,1.2296,1.0513,206,684.53,1.492,0.7261655170206296,7.06965,9.4817,0.579
0.5,80.0,0.04,10.2148,9.3112,1.1731,1.3887,3.702,630,4665.59,3.937,0.5,80.0,0.04,1.097044419623679,0.5,80.0,0.04,4.6337,5.513,0.6717,1.2416,1.236,206,699.23,1.492,0.8405042626519137,7.424250000000001,9.3112,0.6717
0.5,80.0,0.065,9.0304,9.9105,1.148,1.3825,3.2849,630,4054.83,3.937,0.5,80.0,0.065,0.9111951970132687,0.5,80.0,0.065,3.5196,5.2068,0.5605,1.226,0.989,206,529.69,1.492,0.6759622032726434,6.275,9.9105,0.5605
0.5,80.0,0.025,10.3121,9.3882,1.1439,1.3899,3.6954,630,4716.64,3.937,0.5,80.0,0.025,1.0984107709678106,0.5,80.0,0.025,4.0454,6.1685,0.5461,1.204,0.9543,206,609.6,1.492,0.6558158385344898,7.178749999999999,9.3882,0.5461
0.75,16.0,0.045,12.5862,11.2887,1.1589,1.383,3.6698,630,5947.74,3.937,0.75,16.0,0.045,1.1149379467963538,0.75,16.0,0.045,5.7009,6.4754,0.6608,1.238,1.2238,206,862.47,1.492,0.8803934892053001,9.14355,11.2887,0.6608
0.75,16.0,0.075,11.7622,11.5711,1.1719,1.3956,3.6193,630,5493.11,3.937,0.75,16.0,0.075,1.0165152837673168,0.75,16.0,0.075,4.786,6.4036,0.5985,1.2361,1.0954,206,722.48,1.492,0.747392091948279,8.2741,11.5711,0.5985
0.75,16.0,0.065,12.3361,11.5849,1.1765,1.4025,3.7593,630,5808.69,3.937,0.75,16.0,0.065,1.0648430284249326,0.75,16.0,0.065,4.6528,6.2788,0.5672,1.2098,1.0911,206,702.14,1.492,0.7410333184684972,8.49445,11.5849,0.5672
0.75,16.0,0.03,12.5862,11.2887,1.1589,1.383,3.6698,630,5947.74,3.937,0.75,16.0,0.03,1.1149379467963538,0.75,16.0,0.03,5.7009,6.4754,0.6608,1.238,1.2238,206,862.47,1.492,0.8803934892053001,9.14355,11.2887,0.6608
0.75,16.0,0.05,12.6788,11.3872,1.1712,1.387,3.6593,630,5999.45,3.937,0.75,16.0,0.05,1.1134256006744416,0.75,16.0,0.05,5.346900000000001,6.8091,0.6226,1.2239,1.1533,206,808.23,1.492,0.7852579636075253,9.01285,11.3872,0.6226
0.75,16.0,0.04,12.5862,11.2887,1.1589,1.383,3.6698,630,5947.74,3.937,0.75,16.0,0.04,1.1149379467963538,0.75,16.0,0.04,5.7009,6.4754,0.6608,1.238,1.2238,206,862.47,1.492,0.8803934892053001,9.14355,11.2887,0.6608
0.75,16.0,0.015,12.5862,11.2887,1.1589,1.383,3.6698,630,5947.74,3.937,0.75,16.0,0.015,1.1149379467963538,0.75,16.0,0.015,5.7009,6.4754,0.6608,1.238,1.2238,206,862.47,1.492,0.8803934892053001,9.14355,11.2887,0.6608
0.75,16.0,0.005,12.5862,11.2887,1.1589,1.383,3.6698,630,5947.74,3.937,0.75,16.0,0.005,1.1149379467963538,0.75,16.0,0.005,5.7009,6.4754,0.6608,1.238,1.2238,206,862.47,1.492,0.8803934892053001,9.14355,11.2887,0.6608
0.75,16.0,0.01,12.5862,11.2887,1.1589,1.383,3.6698,630,5947.74,3.937,0.75,16.0,0.01,1.1149379467963538,0.75,16.0,0.01,5.7009,6.4754,0.6608,1.238,1.2238,206,862.47,1.492,0.8803934892053001,9.14355,11.2887,0.6608
0.75,16.0,0.055,12.3914,11.3606,1.1524,1.3875,3.6537,630,5839.38,3.937,0.75,16.0,0.055,1.0907346442969563,0.75,16.0,0.055,4.9961,6.4757,0.5858,1.2124,1.1039,206,754.57,1.492,0.7715150485661783,8.693750000000001,11.3606,0.5858
0.75,16.0,0.06,12.394,11.5733,1.1641,1.3935,3.7218,630,5840.81,3.937,0.75,16.0,0.06,1.0709132226763327,0.75,16.0,0.06,5.0998,6.2809,0.6183,1.2252,1.1953,206,770.43,1.492,0.8119537009027369,8.7469,11.5733,0.6183
0.75,16.0,0.08,10.906,11.5719,1.1111,1.3682,3.3596,630,5031.04,3.937,0.75,16.0,0.08,0.9424554308281269,0.75,16.0,0.08,4.7035,6.4213,0.6037,1.2421,1.0689,206,709.88,1.492,0.7324840764331211,7.80475,11.5719,0.6037
0.75,16.0,0.035,12.5862,11.2887,1.1589,1.383,3.6698,630,5947.74,3.937,0.75,16.0,0.035,1.1149379467963538,0.75,16.0,0.035,5.7009,6.4754,0.6608,1.238,1.2238,206,862.47,1.492,0.8803934892053001,9.14355,11.2887,0.6608
0.75,16.0,0.02,12.5862,11.2887,1.1589,1.383,3.6698,630,5947.74,3.937,0.75,16.0,0.02,1.1149379467963538,0.75,16.0,0.02,5.7009,6.4754,0.6608,1.238,1.2238,206,862.47,1.492,0.8803934892053001,9.14355,11.2887,0.6608
0.75,16.0,0.025,12.5862,11.2887,1.1589,1.383,3.6698,630,5947.74,3.937,0.75,16.0,0.025,1.1149379467963538,0.75,16.0,0.025,5.7009,6.4754,0.6608,1.238,1.2238,206,862.47,1.492,0.8803934892053001,9.14355,11.2887,0.6608
0.75,16.0,0.07,12.0652,11.6677,1.1768,1.4032,3.684,630,5659.12,3.937,0.75,16.0,0.07,1.0340684110835898,0.75,16.0,0.07,4.4446,6.3698,0.5511,1.2095,1.0252,206,670.39,1.492,0.6977613111871646,8.254900000000001,11.6677,0.5511
0.75,32.0,0.075,11.7622,11.5711,1.1719,1.3956,3.6193,630,5493.11,3.937,0.75,32.0,0.075,1.0165152837673168,0.75,32.0,0.075,4.786,6.4036,0.5985,1.2361,1.0954,206,722.48,1.492,0.747392091948279,8.2741,11.5711,0.5985
0.75,32.0,0.02,11.8303,11.4251,1.0656,1.3602,3.4264,630,5530.31,3.937,0.75,32.0,0.02,1.0354657727284662,0.75,32.0,0.02,5.4049,7.8429,0.5559,1.2197,0.9912,206,817.11,1.492,0.6891455966542988,8.6176,11.4251,0.5559
0.75,32.0,0.035,12.5829,11.5115,1.1176,1.3826,3.5708,630,5945.86,3.937,0.75,32.0,0.035,1.0930721452460583,0.75,32.0,0.035,5.6018,6.9648,0.6338,1.2307,1.0984,206,847.28,1.492,0.8043016310590397,9.09235,11.5115,0.6338
0.75,32.0,0.04,13.2772,11.4788,1.1869,1.4025,3.7386,630,6336.56,3.937,0.75,32.0,0.04,1.1566714290692408,0.75,32.0,0.04,5.6065,6.9609,0.6416,1.2331,1.1042,206,847.99,1.492,0.8054274590929333,9.44185,11.4788,0.6416
0.75,32.0,0.06,12.394,11.5733,1.1641,1.3935,3.7218,630,5840.81,3.937,0.75,32.0,0.06,1.0709132226763327,0.75,32.0,0.06,5.0998,6.2809,0.6183,1.2252,1.1953,206,770.43,1.492,0.8119537009027369,8.7469,11.5733,0.6183
0.75,32.0,0.005,11.8303,11.4251,1.0656,1.3602,3.4264,630,5530.31,3.937,0.75,32.0,0.005,1.0354657727284662,0.75,32.0,0.005,5.4049,7.8429,0.5559,1.2197,0.9912,206,817.11,1.492,0.6891455966542988,8.6176,11.4251,0.5559
0.75,32.0,0.055,12.3914,11.3606,1.1524,1.3875,3.6537,630,5839.38,3.937,0.75,32.0,0.055,1.0907346442969563,0.75,32.0,0.055,4.9961,6.4757,0.5858,1.2124,1.1039,206,754.57,1.492,0.7715150485661783,8.693750000000001,11.3606,0.5858
0.75,32.0,0.05,12.6788,11.3872,1.1712,1.387,3.6593,630,5999.45,3.937,0.75,32.0,0.05,1.1134256006744416,0.75,32.0,0.05,5.346900000000001,6.8091,0.6226,1.2239,1.1533,206,808.23,1.492,0.7852579636075253,9.01285,11.3872,0.6226
0.75,32.0,0.015,11.8303,11.4251,1.0656,1.3602,3.4264,630,5530.31,3.937,0.75,32.0,0.015,1.0354657727284662,0.75,32.0,0.015,5.4049,7.8429,0.5559,1.2197,0.9912,206,817.11,1.492,0.6891455966542988,8.6176,11.4251,0.5559
0.75,32.0,0.03,12.3989,11.5511,1.1015,1.379,3.5266,630,5843.53,3.937,0.75,32.0,0.03,1.073395607344755,0.75,32.0,0.03,5.3326,7.1235,0.5849,1.2173,1.016,206,806.04,1.492,0.7485926861795467,8.86575,11.5511,0.5849
0.75,32.0,0.045,12.9396,11.3611,1.1819,1.3937,3.712,630,6145.74,3.937,0.75,32.0,0.045,1.138939011187297,0.75,32.0,0.045,5.689,6.8341,0.6538,1.2367,1.2106,206,860.64,1.492,0.8324431893007126,9.3143,11.3611,0.6538
0.75,32.0,0.07,12.0652,11.6677,1.1768,1.4032,3.684,630,5659.12,3.937,0.75,32.0,0.07,1.0340684110835898,0.75,32.0,0.07,4.4446,6.3698,0.5511,1.2095,1.0252,206,670.39,1.492,0.6977613111871646,8.254900000000001,11.6677,0.5511
0.75,32.0,0.08,10.906,11.5719,1.1111,1.3682,3.3596,630,5031.04,3.937,0.75,32.0,0.08,0.9424554308281269,0.75,32.0,0.08,4.7035,6.4213,0.6037,1.2421,1.0689,206,709.88,1.492,0.7324840764331211,7.80475,11.5719,0.6037
0.75,32.0,0.01,11.8303,11.4251,1.0656,1.3602,3.4264,630,5530.31,3.937,0.75,32.0,0.01,1.0354657727284662,0.75,32.0,0.01,5.4049,7.8429,0.5559,1.2197,0.9912,206,817.11,1.492,0.6891455966542988,8.6176,11.4251,0.5559
0.75,32.0,0.065,12.3361,11.5849,1.1765,1.4025,3.7593,630,5808.69,3.937,0.75,32.0,0.065,1.0648430284249326,0.75,32.0,0.065,4.6528,6.2788,0.5672,1.2098,1.0911,206,702.14,1.492,0.7410333184684972,8.49445,11.5849,0.5672
0.75,32.0,0.025,11.7647,11.526,1.0583,1.3603,3.3973,630,5494.49,3.937,0.75,32.0,0.025,1.0207096998091272,0.75,32.0,0.025,5.3636,7.7172,0.5629,1.2179,1.002,206,810.79,1.492,0.6950189187788317,8.56415,11.526,0.5629
0.75,48.0,0.075,11.7622,11.5711,1.1719,1.3956,3.6193,630,5493.11,3.937,0.75,48.0,0.075,1.0165152837673168,0.75,48.0,0.075,4.786,6.4036,0.5985,1.2361,1.0954,206,722.48,1.492,0.747392091948279,8.2741,11.5711,0.5985
0.75,48.0,0.02,11.231,12.0537,1.0043,1.3452,3.3289,630,5205.19,3.937,0.75,48.0,0.02,0.9317470984013209,0.75,48.0,0.02,5.8209,8.1525,0.5674,1.2381,1.0209,206,880.88,1.492,0.714001839926403,8.52595,12.0537,0.5674
0.75,48.0,0.04,13.2772,11.4788,1.1869,1.4025,3.7386,630,6336.56,3.937,0.75,48.0,0.04,1.1566714290692408,0.75,48.0,0.04,5.6065,6.9609,0.6416,1.2331,1.1042,206,847.99,1.492,0.8054274590929333,9.44185,11.4788,0.6416
0.75,48.0,0.035,12.5829,11.5115,1.1176,1.3826,3.5708,630,5945.86,3.937,0.75,48.0,0.035,1.0930721452460583,0.75,48.0,0.035,5.6018,6.9648,0.6338,1.2307,1.0984,206,847.28,1.492,0.8043016310590397,9.09235,11.5115,0.6338
0.75,48.0,0.05,12.6788,11.3872,1.1712,1.387,3.6593,630,5999.45,3.937,0.75,48.0,0.05,1.1134256006744416,0.75,48.0,0.05,5.346900000000001,6.8091,0.6226,1.2239,1.1533,206,808.23,1.492,0.7852579636075253,9.01285,11.3872,0.6226
0.75,48.0,0.045,12.9396,11.3611,1.1819,1.3937,3.712,630,6145.74,3.937,0.75,48.0,0.045,1.138939011187297,0.75,48.0,0.045,5.689,6.8341,0.6538,1.2367,1.2106,206,860.64,1.492,0.8324431893007126,9.3143,11.3611,0.6538
0.75,48.0,0.015,10.3553,15.4438,0.9166,1.3158,2.9395,630,4739.34,3.937,0.75,48.0,0.015,0.6705150286846502,0.75,48.0,0.015,5.9558,8.7203,0.5412,1.2434,0.9686,206,901.58,1.492,0.6829810901001112,8.15555,15.4438,0.5412
0.75,48.0,0.06,12.394,11.5733,1.1641,1.3935,3.7218,630,5840.81,3.937,0.75,48.0,0.06,1.0709132226763327,0.75,48.0,0.06,5.0998,6.2809,0.6183,1.2252,1.1953,206,770.43,1.492,0.8119537009027369,8.7469,11.5733,0.6183
0.75,48.0,0.08,10.906,11.5719,1.1111,1.3682,3.3596,630,5031.04,3.937,0.75,48.0,0.08,0.9424554308281269,0.75,48.0,0.08,4.7035,6.4213,0.6037,1.2421,1.0689,206,709.88,1.492,0.7324840764331211,7.80475,11.5719,0.6037
0.75,48.0,0.005,10.3553,15.4438,0.9166,1.3158,2.9395,630,4739.34,3.937,0.75,48.0,0.005,0.6705150286846502,0.75,48.0,0.005,5.9558,8.7203,0.5412,1.2434,0.9686,206,901.58,1.492,0.6829810901001112,8.15555,15.4438,0.5412
0.75,48.0,0.03,12.3989,11.5511,1.1015,1.379,3.5266,630,5843.53,3.937,0.75,48.0,0.03,1.073395607344755,0.75,48.0,0.03,5.3326,7.1235,0.5849,1.2173,1.016,206,806.04,1.492,0.7485926861795467,8.86575,11.5511,0.5849
0.75,48.0,0.055,12.3914,11.3606,1.1524,1.3875,3.6537,630,5839.38,3.937,0.75,48.0,0.055,1.0907346442969563,0.75,48.0,0.055,4.9961,6.4757,0.5858,1.2124,1.1039,206,754.57,1.492,0.7715150485661783,8.693750000000001,11.3606,0.5858
0.75,48.0,0.01,10.3553,15.4438,0.9166,1.3158,2.9395,630,4739.34,3.937,0.75,48.0,0.01,0.6705150286846502,0.75,48.0,0.01,5.9558,8.7203,0.5412,1.2434,0.9686,206,901.58,1.492,0.6829810901001112,8.15555,15.4438,0.5412
0.75,48.0,0.065,12.3361,11.5849,1.1765,1.4025,3.7593,630,5808.69,3.937,0.75,48.0,0.065,1.0648430284249326,0.75,48.0,0.065,4.6528,6.2788,0.5672,1.2098,1.0911,206,702.14,1.492,0.7410333184684972,8.49445,11.5849,0.5672
0.75,48.0,0.07,12.0652,11.6677,1.1768,1.4032,3.684,630,5659.12,3.937,0.75,48.0,0.07,1.0340684110835898,0.75,48.0,0.07,4.4446,6.3698,0.5511,1.2095,1.0252,206,670.39,1.492,0.6977613111871646,8.254900000000001,11.6677,0.5511
0.75,48.0,0.025,11.7647,11.526,1.0583,1.3603,3.3973,630,5494.49,3.937,0.75,48.0,0.025,1.0207096998091272,0.75,48.0,0.025,5.3636,7.7172,0.5629,1.2179,1.002,206,810.79,1.492,0.6950189187788317,8.56415,11.526,0.5629
0.75,64.0,0.075,11.7622,11.5711,1.1719,1.3956,3.6193,630,5493.11,3.937,0.75,64.0,0.075,1.0165152837673168,0.75,64.0,0.075,4.786,6.4036,0.5985,1.2361,1.0954,206,722.48,1.492,0.747392091948279,8.2741,11.5711,0.5985
0.75,64.0,0.05,12.6788,11.3872,1.1712,1.387,3.6593,630,5999.45,3.937,0.75,64.0,0.05,1.1134256006744416,0.75,64.0,0.05,5.346900000000001,6.8091,0.6226,1.2239,1.1533,206,808.23,1.492,0.7852579636075253,9.01285,11.3872,0.6226
0.75,64.0,0.07,12.0652,11.6677,1.1768,1.4032,3.684,630,5659.12,3.937,0.75,64.0,0.07,1.0340684110835898,0.75,64.0,0.07,4.4446,6.3698,0.5511,1.2095,1.0252,206,670.39,1.492,0.6977613111871646,8.254900000000001,11.6677,0.5511
0.75,64.0,0.045,12.9396,11.3611,1.1819,1.3937,3.712,630,6145.74,3.937,0.75,64.0,0.045,1.138939011187297,0.75,64.0,0.045,5.689,6.8341,0.6538,1.2367,1.2106,206,860.64,1.492,0.8324431893007126,9.3143,11.3611,0.6538
0.75,64.0,0.035,12.5829,11.5115,1.1176,1.3826,3.5708,630,5945.86,3.937,0.75,64.0,0.035,1.0930721452460583,0.75,64.0,0.035,5.6018,6.9648,0.6338,1.2307,1.0984,206,847.28,1.492,0.8043016310590397,9.09235,11.5115,0.6338
0.75,64.0,0.005,8.4947,22.4364,0.7208,1.2547,1.5929,630,3784.94,3.937,0.75,64.0,0.005,0.37861243336720685,0.75,64.0,0.005,5.9558,8.7203,0.5412,1.2434,0.9686,206,901.58,1.492,0.6829810901001112,7.22525,22.4364,0.5412
0.75,64.0,0.025,11.7647,11.526,1.0583,1.3603,3.3973,630,5494.49,3.937,0.75,64.0,0.025,1.0207096998091272,0.75,64.0,0.025,5.3636,7.7172,0.5629,1.2179,1.002,206,810.79,1.492,0.6950189187788317,8.56415,11.526,0.5629
0.75,64.0,0.015,10.0498,17.1062,0.8837,1.3054,2.5621,630,4579.35,3.937,0.75,64.0,0.015,0.5874945926038512,0.75,64.0,0.015,5.9558,8.7203,0.5412,1.2434,0.9686,206,901.58,1.492,0.6829810901001112,8.0028,17.1062,0.5412
0.75,64.0,0.03,12.3989,11.5511,1.1015,1.379,3.5266,630,5843.53,3.937,0.75,64.0,0.03,1.073395607344755,0.75,64.0,0.03,5.3326,7.1235,0.5849,1.2173,1.016,206,806.04,1.492,0.7485926861795467,8.86575,11.5511,0.5849
0.75,64.0,0.055,12.3914,11.3606,1.1524,1.3875,3.6537,630,5839.38,3.937,0.75,64.0,0.055,1.0907346442969563,0.75,64.0,0.055,4.9961,6.4757,0.5858,1.2124,1.1039,206,754.57,1.492,0.7715150485661783,8.693750000000001,11.3606,0.5858
0.75,64.0,0.06,12.394,11.5733,1.1641,1.3935,3.7218,630,5840.81,3.937,0.75,64.0,0.06,1.0709132226763327,0.75,64.0,0.06,5.0998,6.2809,0.6183,1.2252,1.1953,206,770.43,1.492,0.8119537009027369,8.7469,11.5733,0.6183
0.75,64.0,0.08,10.906,11.5719,1.1111,1.3682,3.3596,630,5031.04,3.937,0.75,64.0,0.08,0.9424554308281269,0.75,64.0,0.08,4.7035,6.4213,0.6037,1.2421,1.0689,206,709.88,1.492,0.7324840764331211,7.80475,11.5719,0.6037
0.75,64.0,0.02,11.231,12.0537,1.0043,1.3452,3.3289,630,5205.19,3.937,0.75,64.0,0.02,0.9317470984013209,0.75,64.0,0.02,5.8209,8.1525,0.5674,1.2381,1.0209,206,880.88,1.492,0.714001839926403,8.52595,12.0537,0.5674
0.75,64.0,0.01,8.4947,22.4364,0.7208,1.2547,1.5929,630,3784.94,3.937,0.75,64.0,0.01,0.37861243336720685,0.75,64.0,0.01,5.9558,8.7203,0.5412,1.2434,0.9686,206,901.58,1.492,0.6829810901001112,7.22525,22.4364,0.5412
0.75,64.0,0.04,13.2772,11.4788,1.1869,1.4025,3.7386,630,6336.56,3.937,0.75,64.0,0.04,1.1566714290692408,0.75,64.0,0.04,5.6065,6.9609,0.6416,1.2331,1.1042,206,847.99,1.492,0.8054274590929333,9.44185,11.4788,0.6416
0.75,64.0,0.065,12.3361,11.5849,1.1765,1.4025,3.7593,630,5808.69,3.937,0.75,64.0,0.065,1.0648430284249326,0.75,64.0,0.065,4.6528,6.2788,0.5672,1.2098,1.0911,206,702.14,1.492,0.7410333184684972,8.49445,11.5849,0.5672
0.75,80.0,0.075,11.7622,11.5711,1.1719,1.3956,3.6193,630,5493.11,3.937,0.75,80.0,0.075,1.0165152837673168,0.75,80.0,0.075,4.786,6.4036,0.5985,1.2361,1.0954,206,722.48,1.492,0.747392091948279,8.2741,11.5711,0.5985
0.75,80.0,0.05,12.6788,11.3872,1.1712,1.387,3.6593,630,5999.45,3.937,0.75,80.0,0.05,1.1134256006744416,0.75,80.0,0.05,5.346900000000001,6.8091,0.6226,1.2239,1.1533,206,808.23,1.492,0.7852579636075253,9.01285,11.3872,0.6226
0.75,80.0,0.07,12.0652,11.6677,1.1768,1.4032,3.684,630,5659.12,3.937,0.75,80.0,0.07,1.0340684110835898,0.75,80.0,0.07,4.4446,6.3698,0.5511,1.2095,1.0252,206,670.39,1.492,0.6977613111871646,8.254900000000001,11.6677,0.5511
0.75,80.0,0.045,12.9396,11.3611,1.1819,1.3937,3.712,630,6145.74,3.937,0.75,80.0,0.045,1.138939011187297,0.75,80.0,0.045,5.689,6.8341,0.6538,1.2367,1.2106,206,860.64,1.492,0.8324431893007126,9.3143,11.3611,0.6538
0.75,80.0,0.005,8.2645,25.5334,0.6748,1.2454,1.3527,630,3670.15,3.937,0.75,80.0,0.005,0.32367408962378685,0.75,80.0,0.005,5.9558,8.7203,0.5412,1.2434,0.9686,206,901.58,1.492,0.6829810901001112,7.11015,25.5334,0.5412
0.75,80.0,0.035,12.5829,11.5115,1.1176,1.3826,3.5708,630,5945.86,3.937,0.75,80.0,0.035,1.0930721452460583,0.75,80.0,0.035,5.6018,6.9648,0.6338,1.2307,1.0984,206,847.28,1.492,0.8043016310590397,9.09235,11.5115,0.6338
0.75,80.0,0.055,12.3914,11.3606,1.1524,1.3875,3.6537,630,5839.38,3.937,0.75,80.0,0.055,1.0907346442969563,0.75,80.0,0.055,4.9961,6.4757,0.5858,1.2124,1.1039,206,754.57,1.492,0.7715150485661783,8.693750000000001,11.3606,0.5858
0.75,80.0,0.08,10.906,11.5719,1.1111,1.3682,3.3596,630,5031.04,3.937,0.75,80.0,0.08,0.9424554308281269,0.75,80.0,0.08,4.7035,6.4213,0.6037,1.2421,1.0689,206,709.88,1.492,0.7324840764331211,7.80475,11.5719,0.6037
0.75,80.0,0.03,12.3989,11.5511,1.1015,1.379,3.5266,630,5843.53,3.937,0.75,80.0,0.03,1.073395607344755,0.75,80.0,0.03,5.3326,7.1235,0.5849,1.2173,1.016,206,806.04,1.492,0.7485926861795467,8.86575,11.5511,0.5849
0.75,80.0,0.01,8.4985,24.6063,0.6991,1.2515,1.4445,630,3786.82,3.937,0.75,80.0,0.01,0.34537902894787104,0.75,80.0,0.01,5.9558,8.7203,0.5412,1.2434,0.9686,206,901.58,1.492,0.6829810901001112,7.22715,24.6063,0.5412
0.75,80.0,0.015,10.0498,17.1062,0.8837,1.3054,2.5621,630,4579.35,3.937,0.75,80.0,0.015,0.5874945926038512,0.75,80.0,0.015,5.9558,8.7203,0.5412,1.2434,0.9686,206,901.58,1.492,0.6829810901001112,8.0028,17.1062,0.5412
0.75,80.0,0.06,12.394,11.5733,1.1641,1.3935,3.7218,630,5840.81,3.937,0.75,80.0,0.06,1.0709132226763327,0.75,80.0,0.06,5.0998,6.2809,0.6183,1.2252,1.1953,206,770.43,1.492,0.8119537009027369,8.7469,11.5733,0.6183
0.75,80.0,0.02,11.231,12.0537,1.0043,1.3452,3.3289,630,5205.19,3.937,0.75,80.0,0.02,0.9317470984013209,0.75,80.0,0.02,5.8209,8.1525,0.5674,1.2381,1.0209,206,880.88,1.492,0.714001839926403,8.52595,12.0537,0.5674
0.75,80.0,0.065,12.3361,11.5849,1.1765,1.4025,3.7593,630,5808.69,3.937,0.75,80.0,0.065,1.0648430284249326,0.75,80.0,0.065,4.6528,6.2788,0.5672,1.2098,1.0911,206,702.14,1.492,0.7410333184684972,8.49445,11.5849,0.5672
0.75,80.0,0.04,13.2772,11.4788,1.1869,1.4025,3.7386,630,6336.56,3.937,0.75,80.0,0.04,1.1566714290692408,0.75,80.0,0.04,5.6065,6.9609,0.6416,1.2331,1.1042,206,847.99,1.492,0.8054274590929333,9.44185,11.4788,0.6416
0.75,80.0,0.025,11.7647,11.526,1.0583,1.3603,3.3973,630,5494.49,3.937,0.75,80.0,0.025,1.0207096998091272,0.75,80.0,0.025,5.3636,7.7172,0.5629,1.2179,1.002,206,810.79,1.492,0.6950189187788317,8.56415,11.526,0.5629
1.0,16.0,0.075,14.2578,13.3754,1.1595,1.3918,3.6761,630,6900.48,3.937,1.0,16.0,0.075,1.0659718587855316,1.0,16.0,0.075,5.2043,7.2846,0.5469,1.2017,1.0511,206,786.41,1.492,0.7144249512670565,9.73105,13.3754,0.5469
1.0,16.0,0.04,14.065,13.4806,1.1135,1.3696,3.5162,630,6788.43,3.937,1.0,16.0,0.04,1.0433511861489844,1.0,16.0,0.04,6.2303,7.5975,0.6292,1.2277,1.1634,206,943.75,1.492,0.8200460677854557,10.147649999999999,13.4806,0.6292
1.0,16.0,0.015,14.065,13.4806,1.1135,1.3696,3.5162,630,6788.43,3.937,1.0,16.0,0.015,1.0433511861489844,1.0,16.0,0.015,6.2303,7.5975,0.6292,1.2277,1.1634,206,943.75,1.492,0.8200460677854557,10.147649999999999,13.4806,0.6292
1.0,16.0,0.05,14.065,13.4806,1.1135,1.3696,3.5162,630,6788.43,3.937,1.0,16.0,0.05,1.0433511861489844,1.0,16.0,0.05,6.2303,7.5975,0.6292,1.2277,1.1634,206,943.75,1.492,0.8200460677854557,10.147649999999999,13.4806,0.6292
1.0,16.0,0.045,14.065,13.4806,1.1135,1.3696,3.5162,630,6788.43,3.937,1.0,16.0,0.045,1.0433511861489844,1.0,16.0,0.045,6.2303,7.5975,0.6292,1.2277,1.1634,206,943.75,1.492,0.8200460677854557,10.147649999999999,13.4806,0.6292
1.0,16.0,0.03,14.065,13.4806,1.1135,1.3696,3.5162,630,6788.43,3.937,1.0,16.0,0.03,1.0433511861489844,1.0,16.0,0.03,6.2303,7.5975,0.6292,1.2277,1.1634,206,943.75,1.492,0.8200460677854557,10.147649999999999,13.4806,0.6292
1.0,16.0,0.065,14.246,13.5361,1.1298,1.3785,3.5641,630,6893.58,3.937,1.0,16.0,0.065,1.0524449435213985,1.0,16.0,0.065,6.1492,7.4659,0.6262,1.2268,1.2115,206,931.28,1.492,0.8236381414163062,10.197600000000001,13.5361,0.6262
1.0,16.0,0.035,14.065,13.4806,1.1135,1.3696,3.5162,630,6788.43,3.937,1.0,16.0,0.035,1.0433511861489844,1.0,16.0,0.035,6.2303,7.5975,0.6292,1.2277,1.1634,206,943.75,1.492,0.8200460677854557,10.147649999999999,13.4806,0.6292
1.0,16.0,0.005,14.065,13.4806,1.1135,1.3696,3.5162,630,6788.43,3.937,1.0,16.0,0.005,1.0433511861489844,1.0,16.0,0.005,6.2303,7.5975,0.6292,1.2277,1.1634,206,943.75,1.492,0.8200460677854557,10.147649999999999,13.4806,0.6292
1.0,16.0,0.08,14.3034,13.2055,1.1831,1.4018,3.7578,630,6927.0,3.937,1.0,16.0,0.08,1.0831396009238574,1.0,16.0,0.08,5.6044,7.088,0.5928,1.2278,1.1618,206,847.68,1.492,0.7906884875846502,9.9539,13.2055,0.5928
1.0,16.0,0.02,14.065,13.4806,1.1135,1.3696,3.5162,630,6788.43,3.937,1.0,16.0,0.02,1.0433511861489844,1.0,16.0,0.02,6.2303,7.5975,0.6292,1.2277,1.1634,206,943.75,1.492,0.8200460677854557,10.147649999999999,13.4806,0.6292
1.0,16.0,0.01,14.065,13.4806,1.1135,1.3696,3.5162,630,6788.43,3.937,1.0,16.0,0.01,1.0433511861489844,1.0,16.0,0.01,6.2303,7.5975,0.6292,1.2277,1.1634,206,943.75,1.492,0.8200460677854557,10.147649999999999,13.4806,0.6292
1.0,16.0,0.055,14.065,13.4806,1.1135,1.3696,3.5162,630,6788.43,3.937,1.0,16.0,0.055,1.0433511861489844,1.0,16.0,0.055,6.2303,7.5975,0.6292,1.2277,1.1634,206,943.75,1.492,0.8200460677854557,10.147649999999999,13.4806,0.6292
1.0,16.0,0.06,14.065,13.4806,1.1135,1.3696,3.5162,630,6788.43,3.937,1.0,16.0,0.06,1.0433511861489844,1.0,16.0,0.06,6.2303,7.5975,0.6292,1.2277,1.1634,206,943.75,1.492,0.8200460677854557,10.147649999999999,13.4806,0.6292
1.0,16.0,0.025,14.065,13.4806,1.1135,1.3696,3.5162,630,6788.43,3.937,1.0,16.0,0.025,1.0433511861489844,1.0,16.0,0.025,6.2303,7.5975,0.6292,1.2277,1.1634,206,943.75,1.492,0.8200460677854557,10.147649999999999,13.4806,0.6292
1.0,16.0,0.07,14.5616,13.5038,1.1654,1.395,3.7031,630,7078.04,3.937,1.0,16.0,0.07,1.078333506124202,1.0,16.0,0.07,5.4731000000000005,7.3029,0.5661,1.2046,1.0955,206,827.56,1.492,0.7494420024921608,10.01735,13.5038,0.5661
1.0,32.0,0.075,14.2578,13.3754,1.1595,1.3918,3.6761,630,6900.48,3.937,1.0,32.0,0.075,1.0659718587855316,1.0,32.0,0.075,5.2043,7.2846,0.5469,1.2017,1.0511,206,786.41,1.492,0.7144249512670565,9.73105,13.3754,0.5469
1.0,32.0,0.02,13.7701,13.3607,1.0568,1.3571,3.3355,630,6618.2,3.937,1.0,32.0,0.02,1.030642107075228,1.0,32.0,0.02,6.7416,8.6967,0.6226,1.2388,1.1185,206,1022.43,1.492,0.7751905895339611,10.255849999999999,13.3607,0.6226
1.0,32.0,0.035,14.3648,13.2239,1.103,1.3715,3.5106,630,6962.82,3.937,1.0,32.0,0.035,1.0862756070448203,1.0,32.0,0.035,6.5528,8.486,0.6214,1.2315,1.1079,206,993.35,1.492,0.7721894885694084,10.4588,13.2239,0.6214
1.0,32.0,0.04,14.295,13.274,1.1005,1.3692,3.4913,630,6922.11,3.937,1.0,32.0,0.04,1.076917281904475,1.0,32.0,0.04,6.4378,8.2294,0.6227,1.2276,1.102,206,975.65,1.492,0.7822927552433957,10.3664,13.274,0.6227
1.0,32.0,0.06,13.9627,13.4558,1.1081,1.3634,3.4229,630,6729.27,3.937,1.0,32.0,0.06,1.0376714873883381,1.0,32.0,0.06,6.7433000000000005,7.2801,0.6758,1.2467,1.253,206,1022.7,1.492,0.9262647491105892,10.353,13.4558,0.6758
1.0,32.0,0.055,14.2432,13.2223,1.1225,1.3665,3.4458,630,6891.97,3.937,1.0,32.0,0.055,1.0772104701905114,1.0,32.0,0.055,6.6609,7.6366,0.6602,1.2407,1.2157,206,1010.0,1.492,0.8722337165754394,10.45205,13.2223,0.6602
1.0,32.0,0.05,14.7653,13.2141,1.1458,1.3783,3.5417,630,7197.91,3.937,1.0,32.0,0.05,1.117389757910111,1.0,32.0,0.05,6.9949,7.8153,0.6861,1.2518,1.2698,206,1061.48,1.492,0.8950264225301653,10.8801,13.2141,0.6861
1.0,32.0,0.005,13.7701,13.3607,1.0568,1.3571,3.3355,630,6618.2,3.937,1.0,32.0,0.005,1.030642107075228,1.0,32.0,0.005,6.7416,8.6967,0.6226,1.2388,1.1185,206,1022.43,1.492,0.7751905895339611,10.255849999999999,13.3607,0.6226
1.0,32.0,0.045,14.285,13.2029,1.1029,1.3671,3.4598,630,6916.29,3.937,1.0,32.0,0.045,1.0819592665247786,1.0,32.0,0.045,6.750299999999999,7.8657,0.6618,1.2412,1.1839,206,1023.77,1.492,0.8581944391471832,10.51765,13.2029,0.6618
1.0,32.0,0.015,13.7701,13.3607,1.0568,1.3571,3.3355,630,6618.2,3.937,1.0,32.0,0.015,1.030642107075228,1.0,32.0,0.015,6.7416,8.6967,0.6226,1.2388,1.1185,206,1022.43,1.492,0.7751905895339611,10.255849999999999,13.3607,0.6226
1.0,32.0,0.03,13.7701,13.3607,1.0568,1.3571,3.3355,630,6618.2,3.937,1.0,32.0,0.03,1.030642107075228,1.0,32.0,0.03,6.7416,8.6967,0.6226,1.2388,1.1185,206,1022.43,1.492,0.7751905895339611,10.255849999999999,13.3607,0.6226
1.0,32.0,0.08,14.3034,13.2055,1.1831,1.4018,3.7578,630,6927.0,3.937,1.0,32.0,0.08,1.0831396009238574,1.0,32.0,0.08,5.6044,7.088,0.5928,1.2278,1.1618,206,847.68,1.492,0.7906884875846502,9.9539,13.2055,0.5928
1.0,32.0,0.07,14.5616,13.5038,1.1654,1.395,3.7031,630,7078.04,3.937,1.0,32.0,0.07,1.078333506124202,1.0,32.0,0.07,5.4731000000000005,7.3029,0.5661,1.2046,1.0955,206,827.56,1.492,0.7494420024921608,10.01735,13.5038,0.5661
1.0,32.0,0.01,13.7701,13.3607,1.0568,1.3571,3.3355,630,6618.2,3.937,1.0,32.0,0.01,1.030642107075228,1.0,32.0,0.01,6.7416,8.6967,0.6226,1.2388,1.1185,206,1022.43,1.492,0.7751905895339611,10.255849999999999,13.3607,0.6226
1.0,32.0,0.065,14.246,13.5361,1.1298,1.3785,3.5641,630,6893.58,3.937,1.0,32.0,0.065,1.0524449435213985,1.0,32.0,0.065,6.1492,7.4659,0.6262,1.2268,1.2115,206,931.28,1.492,0.8236381414163062,10.197600000000001,13.5361,0.6262
1.0,32.0,0.025,13.7701,13.3607,1.0568,1.3571,3.3355,630,6618.2,3.937,1.0,32.0,0.025,1.030642107075228,1.0,32.0,0.025,6.7416,8.6967,0.6226,1.2388,1.1185,206,1022.43,1.492,0.7751905895339611,10.255849999999999,13.3607,0.6226
1.0,48.0,0.075,14.2578,13.3754,1.1595,1.3918,3.6761,630,6900.48,3.937,1.0,48.0,0.075,1.0659718587855316,1.0,48.0,0.075,5.2043,7.2846,0.5469,1.2017,1.0511,206,786.41,1.492,0.7144249512670565,9.73105,13.3754,0.5469
1.0,48.0,0.02,12.4524,15.2589,0.9471,1.3242,3.1058,630,5873.24,3.937,1.0,48.0,0.02,0.8160745532115683,1.0,48.0,0.02,7.2062,9.8468,0.5812,1.2548,1.0368,206,1094.1,1.492,0.7318316610472437,9.8293,15.2589,0.5812
1.0,48.0,0.04,14.295,13.274,1.1005,1.3692,3.4913,630,6922.11,3.937,1.0,48.0,0.04,1.076917281904475,1.0,48.0,0.04,6.4378,8.2294,0.6227,1.2276,1.102,206,975.65,1.492,0.7822927552433957,10.3664,13.274,0.6227
1.0,48.0,0.015,12.4524,15.2589,0.9471,1.3242,3.1058,630,5873.24,3.937,1.0,48.0,0.015,0.8160745532115683,1.0,48.0,0.015,7.2062,9.8468,0.5812,1.2548,1.0368,206,1094.1,1.492,0.7318316610472437,9.8293,15.2589,0.5812
1.0,48.0,0.05,14.7653,13.2141,1.1458,1.3783,3.5417,630,7197.91,3.937,1.0,48.0,0.05,1.117389757910111,1.0,48.0,0.05,6.9949,7.8153,0.6861,1.2518,1.2698,206,1061.48,1.492,0.8950264225301653,10.8801,13.2141,0.6861
1.0,48.0,0.035,14.3648,13.2239,1.103,1.3715,3.5106,630,6962.82,3.937,1.0,48.0,0.035,1.0862756070448203,1.0,48.0,0.035,6.5528,8.486,0.6214,1.2315,1.1079,206,993.35,1.492,0.7721894885694084,10.4588,13.2239,0.6214
1.0,48.0,0.045,14.285,13.2029,1.1029,1.3671,3.4598,630,6916.29,3.937,1.0,48.0,0.045,1.0819592665247786,1.0,48.0,0.045,6.750299999999999,7.8657,0.6618,1.2412,1.1839,206,1023.77,1.492,0.8581944391471832,10.51765,13.2029,0.6618
1.0,48.0,0.06,13.9627,13.4558,1.1081,1.3634,3.4229,630,6729.27,3.937,1.0,48.0,0.06,1.0376714873883381,1.0,48.0,0.06,6.7433000000000005,7.2801,0.6758,1.2467,1.253,206,1022.7,1.492,0.9262647491105892,10.353,13.4558,0.6758
1.0,48.0,0.08,14.3034,13.2055,1.1831,1.4018,3.7578,630,6927.0,3.937,1.0,48.0,0.08,1.0831396009238574,1.0,48.0,0.08,5.6044,7.088,0.5928,1.2278,1.1618,206,847.68,1.492,0.7906884875846502,9.9539,13.2055,0.5928
1.0,48.0,0.055,14.2432,13.2223,1.1225,1.3665,3.4458,630,6891.97,3.937,1.0,48.0,0.055,1.0772104701905114,1.0,48.0,0.055,6.6609,7.6366,0.6602,1.2407,1.2157,206,1010.0,1.492,0.8722337165754394,10.45205,13.2223,0.6602
1.0,48.0,0.005,12.4524,15.2589,0.9471,1.3242,3.1058,630,5873.24,3.937,1.0,48.0,0.005,0.8160745532115683,1.0,48.0,0.005,7.2062,9.8468,0.5812,1.2548,1.0368,206,1094.1,1.492,0.7318316610472437,9.8293,15.2589,0.5812
1.0,48.0,0.03,13.602,13.3749,1.0474,1.3545,3.298,630,6521.74,3.937,1.0,48.0,0.03,1.0169795662023642,1.0,48.0,0.03,6.8229,8.7404,0.6232,1.2416,1.1248,206,1034.97,1.492,0.780616447759828,10.21245,13.3749,0.6232
1.0,48.0,0.01,12.4524,15.2589,0.9471,1.3242,3.1058,630,5873.24,3.937,1.0,48.0,0.01,0.8160745532115683,1.0,48.0,0.01,7.2062,9.8468,0.5812,1.2548,1.0368,206,1094.1,1.492,0.7318316610472437,9.8293,15.2589,0.5812
1.0,48.0,0.07,14.5616,13.5038,1.1654,1.395,3.7031,630,7078.04,3.937,1.0,48.0,0.07,1.078333506124202,1.0,48.0,0.07,5.4731000000000005,7.3029,0.5661,1.2046,1.0955,206,827.56,1.492,0.7494420024921608,10.01735,13.5038,0.5661
1.0,48.0,0.065,14.246,13.5361,1.1298,1.3785,3.5641,630,6893.58,3.937,1.0,48.0,0.065,1.0524449435213985,1.0,48.0,0.065,6.1492,7.4659,0.6262,1.2268,1.2115,206,931.28,1.492,0.8236381414163062,10.197600000000001,13.5361,0.6262
1.0,48.0,0.025,13.0004,13.4137,0.9963,1.3375,3.1604,630,6179.98,3.937,1.0,48.0,0.025,0.9691882180159092,1.0,48.0,0.025,6.382599999999999,9.217,0.5497,1.2238,0.9887,206,967.16,1.492,0.692481284582836,9.6915,13.4137,0.5497
1.0,64.0,0.075,14.2578,13.3754,1.1595,1.3918,3.6761,630,6900.48,3.937,1.0,64.0,0.075,1.0659718587855316,1.0,64.0,0.075,5.2043,7.2846,0.5469,1.2017,1.0511,206,786.41,1.492,0.7144249512670565,9.73105,13.3754,0.5469
1.0,64.0,0.05,14.7653,13.2141,1.1458,1.3783,3.5417,630,7197.91,3.937,1.0,64.0,0.05,1.117389757910111,1.0,64.0,0.05,6.9949,7.8153,0.6861,1.2518,1.2698,206,1061.48,1.492,0.8950264225301653,10.8801,13.2141,0.6861
1.0,64.0,0.07,14.5616,13.5038,1.1654,1.395,3.7031,630,7078.04,3.937,1.0,64.0,0.07,1.078333506124202,1.0,64.0,0.07,5.4731000000000005,7.3029,0.5661,1.2046,1.0955,206,827.56,1.492,0.7494420024921608,10.01735,13.5038,0.5661
1.0,64.0,0.045,14.285,13.2029,1.1029,1.3671,3.4598,630,6916.29,3.937,1.0,64.0,0.045,1.0819592665247786,1.0,64.0,0.045,6.750299999999999,7.8657,0.6618,1.2412,1.1839,206,1023.77,1.492,0.8581944391471832,10.51765,13.2029,0.6618
1.0,64.0,0.035,14.3648,13.2239,1.103,1.3715,3.5106,630,6962.82,3.937,1.0,64.0,0.035,1.0862756070448203,1.0,64.0,0.035,6.5528,8.486,0.6214,1.2315,1.1079,206,993.35,1.492,0.7721894885694084,10.4588,13.2239,0.6214
1.0,64.0,0.08,14.3034,13.2055,1.1831,1.4018,3.7578,630,6927.0,3.937,1.0,64.0,0.08,1.0831396009238574,1.0,64.0,0.08,5.6044,7.088,0.5928,1.2278,1.1618,206,847.68,1.492,0.7906884875846502,9.9539,13.2055,0.5928
1.0,64.0,0.015,11.0086,20.859,0.8197,1.2862,2.3023,630,5085.88,3.937,1.0,64.0,0.015,0.5277625964811352,1.0,64.0,0.015,7.474799999999999,10.2376,0.5477,1.264,1.0212,206,1135.6,1.492,0.7301320622020785,9.2417,20.859,0.5477
1.0,64.0,0.005,11.0086,20.859,0.8197,1.2862,2.3023,630,5085.88,3.937,1.0,64.0,0.005,0.5277625964811352,1.0,64.0,0.005,7.474799999999999,10.2376,0.5477,1.264,1.0212,206,1135.6,1.492,0.7301320622020785,9.2417,20.859,0.5477
1.0,64.0,0.06,13.9627,13.4558,1.1081,1.3634,3.4229,630,6729.27,3.937,1.0,64.0,0.06,1.0376714873883381,1.0,64.0,0.06,6.7433000000000005,7.2801,0.6758,1.2467,1.253,206,1022.7,1.492,0.9262647491105892,10.353,13.4558,0.6758
1.0,64.0,0.055,14.2432,13.2223,1.1225,1.3665,3.4458,630,6891.97,3.937,1.0,64.0,0.055,1.0772104701905114,1.0,64.0,0.055,6.6609,7.6366,0.6602,1.2407,1.2157,206,1010.0,1.492,0.8722337165754394,10.45205,13.2223,0.6602
1.0,64.0,0.03,13.602,13.3749,1.0474,1.3545,3.298,630,6521.74,3.937,1.0,64.0,0.03,1.0169795662023642,1.0,64.0,0.03,6.8229,8.7404,0.6232,1.2416,1.1248,206,1034.97,1.492,0.780616447759828,10.21245,13.3749,0.6232
1.0,64.0,0.025,13.0004,13.4137,0.9963,1.3375,3.1604,630,6179.98,3.937,1.0,64.0,0.025,0.9691882180159092,1.0,64.0,0.025,6.382599999999999,9.217,0.5497,1.2238,0.9887,206,967.16,1.492,0.692481284582836,9.6915,13.4137,0.5497
1.0,64.0,0.04,14.295,13.274,1.1005,1.3692,3.4913,630,6922.11,3.937,1.0,64.0,0.04,1.076917281904475,1.0,64.0,0.04,6.4378,8.2294,0.6227,1.2276,1.102,206,975.65,1.492,0.7822927552433957,10.3664,13.274,0.6227
1.0,64.0,0.01,11.0086,20.859,0.8197,1.2862,2.3023,630,5085.88,3.937,1.0,64.0,0.01,0.5277625964811352,1.0,64.0,0.01,7.474799999999999,10.2376,0.5477,1.264,1.0212,206,1135.6,1.492,0.7301320622020785,9.2417,20.859,0.5477
1.0,64.0,0.02,12.1959,16.2209,0.9252,1.3177,3.0082,630,5731.19,3.937,1.0,64.0,0.02,0.7518633368062191,1.0,64.0,0.02,7.056900000000001,9.6789,0.5601,1.2485,1.0301,206,1071.05,1.492,0.7291014474785358,9.6264,16.2209,0.5601
1.0,64.0,0.065,14.246,13.5361,1.1298,1.3785,3.5641,630,6893.58,3.937,1.0,64.0,0.065,1.0524449435213985,1.0,64.0,0.065,6.1492,7.4659,0.6262,1.2268,1.2115,206,931.28,1.492,0.8236381414163062,10.197600000000001,13.5361,0.6262
1.0,80.0,0.075,14.2578,13.3754,1.1595,1.3918,3.6761,630,6900.48,3.937,1.0,80.0,0.075,1.0659718587855316,1.0,80.0,0.075,5.2043,7.2846,0.5469,1.2017,1.0511,206,786.41,1.492,0.7144249512670565,9.73105,13.3754,0.5469
1.0,80.0,0.05,14.7653,13.2141,1.1458,1.3783,3.5417,630,7197.91,3.937,1.0,80.0,0.05,1.117389757910111,1.0,80.0,0.05,6.9949,7.8153,0.6861,1.2518,1.2698,206,1061.48,1.492,0.8950264225301653,10.8801,13.2141,0.6861
1.0,80.0,0.07,14.5616,13.5038,1.1654,1.395,3.7031,630,7078.04,3.937,1.0,80.0,0.07,1.078333506124202,1.0,80.0,0.07,5.4731000000000005,7.3029,0.5661,1.2046,1.0955,206,827.56,1.492,0.7494420024921608,10.01735,13.5038,0.5661
1.0,80.0,0.045,14.285,13.2029,1.1029,1.3671,3.4598,630,6916.29,3.937,1.0,80.0,0.045,1.0819592665247786,1.0,80.0,0.045,6.750299999999999,7.8657,0.6618,1.2412,1.1839,206,1023.77,1.492,0.8581944391471832,10.51765,13.2029,0.6618
1.0,80.0,0.005,9.4578,28.4949,0.6665,1.2433,1.3977,630,4273.02,3.937,1.0,80.0,0.005,0.33191202636261224,1.0,80.0,0.005,7.474799999999999,10.2376,0.5477,1.264,1.0212,206,1135.6,1.492,0.7301320622020785,8.4663,28.4949,0.5477
1.0,80.0,0.08,14.3034,13.2055,1.1831,1.4018,3.7578,630,6927.0,3.937,1.0,80.0,0.08,1.0831396009238574,1.0,80.0,0.08,5.6044,7.088,0.5928,1.2278,1.1618,206,847.68,1.492,0.7906884875846502,9.9539,13.2055,0.5928
1.0,80.0,0.035,14.3648,13.2239,1.103,1.3715,3.5106,630,6962.82,3.937,1.0,80.0,0.035,1.0862756070448203,1.0,80.0,0.035,6.5528,8.486,0.6214,1.2315,1.1079,206,993.35,1.492,0.7721894885694084,10.4588,13.2239,0.6214
1.0,80.0,0.055,14.2432,13.2223,1.1225,1.3665,3.4458,630,6891.97,3.937,1.0,80.0,0.055,1.0772104701905114,1.0,80.0,0.055,6.6609,7.6366,0.6602,1.2407,1.2157,206,1010.0,1.492,0.8722337165754394,10.45205,13.2223,0.6602
1.0,80.0,0.01,9.4578,28.4949,0.6665,1.2433,1.3977,630,4273.02,3.937,1.0,80.0,0.01,0.33191202636261224,1.0,80.0,0.01,7.474799999999999,10.2376,0.5477,1.264,1.0212,206,1135.6,1.492,0.7301320622020785,8.4663,28.4949,0.5477
1.0,80.0,0.03,13.602,13.3749,1.0474,1.3545,3.298,630,6521.74,3.937,1.0,80.0,0.03,1.0169795662023642,1.0,80.0,0.03,6.8229,8.7404,0.6232,1.2416,1.1248,206,1034.97,1.492,0.780616447759828,10.21245,13.3749,0.6232
1.0,80.0,0.02,12.1959,16.2209,0.9252,1.3177,3.0082,630,5731.19,3.937,1.0,80.0,0.02,0.7518633368062191,1.0,80.0,0.02,7.056900000000001,9.6789,0.5601,1.2485,1.0301,206,1071.05,1.492,0.7291014474785358,9.6264,16.2209,0.5601
1.0,80.0,0.015,10.1966,24.7506,0.7458,1.265,1.7722,630,4656.08,3.937,1.0,80.0,0.015,0.4119738511389623,1.0,80.0,0.015,7.474799999999999,10.2376,0.5477,1.264,1.0212,206,1135.6,1.492,0.7301320622020785,8.8357,24.7506,0.5477
1.0,80.0,0.06,13.9627,13.4558,1.1081,1.3634,3.4229,630,6729.27,3.937,1.0,80.0,0.06,1.0376714873883381,1.0,80.0,0.06,6.7433000000000005,7.2801,0.6758,1.2467,1.253,206,1022.7,1.492,0.9262647491105892,10.353,13.4558,0.6758
1.0,80.0,0.065,14.246,13.5361,1.1298,1.3785,3.5641,630,6893.58,3.937,1.0,80.0,0.065,1.0524449435213985,1.0,80.0,0.065,6.1492,7.4659,0.6262,1.2268,1.2115,206,931.28,1.492,0.8236381414163062,10.197600000000001,13.5361,0.6262
1.0,80.0,0.025,13.0004,13.4137,0.9963,1.3375,3.1604,630,6179.98,3.937,1.0,80.0,0.025,0.9691882180159092,1.0,80.0,0.025,6.382599999999999,9.217,0.5497,1.2238,0.9887,206,967.16,1.492,0.692481284582836,9.6915,13.4137,0.5497
1.0,80.0,0.04,14.295,13.274,1.1005,1.3692,3.4913,630,6922.11,3.937,1.0,80.0,0.04,1.076917281904475,1.0,80.0,0.04,6.4378,8.2294,0.6227,1.2276,1.102,206,975.65,1.492,0.7822927552433957,10.3664,13.274,0.6227
1.25,16.0,0.075,15.7665,15.0607,1.1194,1.3785,3.5076,630,7796.22,3.937,1.25,16.0,0.075,1.0468636915946803,1.25,16.0,0.075,6.3277,8.0671,0.5839,1.2119,1.1001,206,958.72,1.492,0.7843834835318764,11.0471,15.0607,0.5839
1.25,16.0,0.04,15.7665,15.0607,1.1194,1.3785,3.5076,630,7796.22,3.937,1.25,16.0,0.04,1.0468636915946803,1.25,16.0,0.04,6.3277,8.0671,0.5839,1.2119,1.1001,206,958.72,1.492,0.7843834835318764,11.0471,15.0607,0.5839
1.25,16.0,0.05,15.7665,15.0607,1.1194,1.3785,3.5076,630,7796.22,3.937,1.25,16.0,0.05,1.0468636915946803,1.25,16.0,0.05,6.3277,8.0671,0.5839,1.2119,1.1001,206,958.72,1.492,0.7843834835318764,11.0471,15.0607,0.5839
1.25,16.0,0.015,15.7665,15.0607,1.1194,1.3785,3.5076,630,7796.22,3.937,1.25,16.0,0.015,1.0468636915946803,1.25,16.0,0.015,6.3277,8.0671,0.5839,1.2119,1.1001,206,958.72,1.492,0.7843834835318764,11.0471,15.0607,0.5839
1.25,16.0,0.045,15.7665,15.0607,1.1194,1.3785,3.5076,630,7796.22,3.937,1.25,16.0,0.045,1.0468636915946803,1.25,16.0,0.045,6.3277,8.0671,0.5839,1.2119,1.1001,206,958.72,1.492,0.7843834835318764,11.0471,15.0607,0.5839
1.25,16.0,0.065,15.7665,15.0607,1.1194,1.3785,3.5076,630,7796.22,3.937,1.25,16.0,0.065,1.0468636915946803,1.25,16.0,0.065,6.3277,8.0671,0.5839,1.2119,1.1001,206,958.72,1.492,0.7843834835318764,11.0471,15.0607,0.5839
1.25,16.0,0.02,15.7665,15.0607,1.1194,1.3785,3.5076,630,7796.22,3.937,1.25,16.0,0.02,1.0468636915946803,1.25,16.0,0.02,6.3277,8.0671,0.5839,1.2119,1.1001,206,958.72,1.492,0.7843834835318764,11.0471,15.0607,0.5839
1.25,16.0,0.03,15.7665,15.0607,1.1194,1.3785,3.5076,630,7796.22,3.937,1.25,16.0,0.03,1.0468636915946803,1.25,16.0,0.03,6.3277,8.0671,0.5839,1.2119,1.1001,206,958.72,1.492,0.7843834835318764,11.0471,15.0607,0.5839
1.25,16.0,0.035,15.7665,15.0607,1.1194,1.3785,3.5076,630,7796.22,3.937,1.25,16.0,0.035,1.0468636915946803,1.25,16.0,0.035,6.3277,8.0671,0.5839,1.2119,1.1001,206,958.72,1.492,0.7843834835318764,11.0471,15.0607,0.5839
1.25,16.0,0.005,15.7665,15.0607,1.1194,1.3785,3.5076,630,7796.22,3.937,1.25,16.0,0.005,1.0468636915946803,1.25,16.0,0.005,6.3277,8.0671,0.5839,1.2119,1.1001,206,958.72,1.492,0.7843834835318764,11.0471,15.0607,0.5839
1.25,16.0,0.055,15.7665,15.0607,1.1194,1.3785,3.5076,630,7796.22,3.937,1.25,16.0,0.055,1.0468636915946803,1.25,16.0,0.055,6.3277,8.0671,0.5839,1.2119,1.1001,206,958.72,1.492,0.7843834835318764,11.0471,15.0607,0.5839
1.25,16.0,0.08,15.675,15.0458,1.116,1.3783,3.5488,630,7740.92,3.937,1.25,16.0,0.08,1.0418189793829509,1.25,16.0,0.08,6.0416,8.3344,0.5613,1.2048,1.0656,206,914.75,1.492,0.7248992129007487,10.8583,15.0458,0.5613
1.25,16.0,0.01,15.7665,15.0607,1.1194,1.3785,3.5076,630,7796.22,3.937,1.25,16.0,0.01,1.0468636915946803,1.25,16.0,0.01,6.3277,8.0671,0.5839,1.2119,1.1001,206,958.72,1.492,0.7843834835318764,11.0471,15.0607,0.5839
1.25,16.0,0.025,15.7665,15.0607,1.1194,1.3785,3.5076,630,7796.22,3.937,1.25,16.0,0.025,1.0468636915946803,1.25,16.0,0.025,6.3277,8.0671,0.5839,1.2119,1.1001,206,958.72,1.492,0.7843834835318764,11.0471,15.0607,0.5839
1.25,16.0,0.06,15.7665,15.0607,1.1194,1.3785,3.5076,630,7796.22,3.937,1.25,16.0,0.06,1.0468636915946803,1.25,16.0,0.06,6.3277,8.0671,0.5839,1.2119,1.1001,206,958.72,1.492,0.7843834835318764,11.0471,15.0607,0.5839
1.25,16.0,0.07,15.7665,15.0607,1.1194,1.3785,3.5076,630,7796.22,3.937,1.25,16.0,0.07,1.0468636915946803,1.25,16.0,0.07,6.3277,8.0671,0.5839,1.2119,1.1001,206,958.72,1.492,0.7843834835318764,11.0471,15.0607,0.5839
1.25,32.0,0.075,16.2469,15.0175,1.1448,1.3861,3.5932,630,8088.77,3.937,1.25,32.0,0.075,1.0818644914266689,1.25,32.0,0.075,6.7005,8.1222,0.6095,1.2228,1.166,206,1016.11,1.492,0.8249612174041516,11.473700000000001,15.0175,0.6095
1.25,32.0,0.02,16.220499999999998,14.8937,1.1026,1.3724,3.4578,630,8072.57,3.937,1.25,32.0,0.02,1.0890846465283976,1.25,32.0,0.02,7.146800000000001,9.443,0.6013,1.2229,1.0578,206,1084.93,1.492,0.7568357513502066,11.68365,14.8937,0.6013
1.25,32.0,0.035,16.220499999999998,14.8937,1.1026,1.3724,3.4578,630,8072.57,3.937,1.25,32.0,0.035,1.0890846465283976,1.25,32.0,0.035,7.146800000000001,9.443,0.6013,1.2229,1.0578,206,1084.93,1.492,0.7568357513502066,11.68365,14.8937,0.6013
1.25,32.0,0.04,16.2043,14.8307,1.1013,1.3719,3.4529,630,8062.67,3.937,1.25,32.0,0.04,1.0926186896100656,1.25,32.0,0.04,7.2199,9.1711,0.6101,1.2249,1.0624,206,1096.22,1.492,0.7872447143745026,11.7121,14.8307,0.6101
1.25,32.0,0.06,16.345499999999998,14.7714,1.1335,1.3742,3.4546,630,8149.22,3.937,1.25,32.0,0.06,1.106564035907226,1.25,32.0,0.06,7.2494,8.7706,0.6394,1.2306,1.1457,206,1100.77,1.492,0.8265569060269536,11.797449999999998,14.7714,0.6394
1.25,32.0,0.055,16.0924,14.8464,1.1018,1.3642,3.3848,630,7994.27,3.937,1.25,32.0,0.055,1.0839260696195712,1.25,32.0,0.055,7.5641,8.5594,0.6598,1.2403,1.1386,206,1149.41,1.492,0.8837184849405332,11.82825,14.8464,0.6598
1.25,32.0,0.045,16.0909,14.9039,1.0966,1.367,3.3975,630,7993.34,3.937,1.25,32.0,0.045,1.0796435832231832,1.25,32.0,0.045,7.4907,8.9597,0.6422,1.2353,1.1288,206,1138.06,1.492,0.8360436175318371,11.7908,14.9039,0.6422
1.25,32.0,0.05,16.0945,14.9322,1.0968,1.3677,3.413,630,7995.53,3.937,1.25,32.0,0.05,1.0778384966716223,1.25,32.0,0.05,7.0663,8.9877,0.6122,1.2217,1.0413,206,1072.5,1.492,0.7862189436674566,11.580400000000001,14.9322,0.6122
1.25,32.0,0.005,16.220499999999998,14.8937,1.1026,1.3724,3.4578,630,8072.57,3.937,1.25,32.0,0.005,1.0890846465283976,1.25,32.0,0.005,7.146800000000001,9.443,0.6013,1.2229,1.0578,206,1084.93,1.492,0.7568357513502066,11.68365,14.8937,0.6013
1.25,32.0,0.015,16.220499999999998,14.8937,1.1026,1.3724,3.4578,630,8072.57,3.937,1.25,32.0,0.015,1.0890846465283976,1.25,32.0,0.015,7.146800000000001,9.443,0.6013,1.2229,1.0578,206,1084.93,1.492,0.7568357513502066,11.68365,14.8937,0.6013
1.25,32.0,0.03,16.220499999999998,14.8937,1.1026,1.3724,3.4578,630,8072.57,3.937,1.25,32.0,0.03,1.0890846465283976,1.25,32.0,0.03,7.146800000000001,9.443,0.6013,1.2229,1.0578,206,1084.93,1.492,0.7568357513502066,11.68365,14.8937,0.6013
1.25,32.0,0.08,15.675,15.0458,1.116,1.3783,3.5488,630,7740.92,3.937,1.25,32.0,0.08,1.0418189793829509,1.25,32.0,0.08,6.0416,8.3344,0.5613,1.2048,1.0656,206,914.75,1.492,0.7248992129007487,10.8583,15.0458,0.5613
1.25,32.0,0.07,16.290399999999998,14.9747,1.1432,1.3802,3.5225,630,8115.43,3.937,1.25,32.0,0.07,1.087861526441264,1.25,32.0,0.07,7.373399999999999,8.2662,0.6608,1.2401,1.2531,206,1119.92,1.492,0.8919939028816143,11.8319,14.9747,0.6608
1.25,32.0,0.065,16.1529,14.9822,1.1259,1.3713,3.4437,630,8031.22,3.937,1.25,32.0,0.065,1.0781393920785998,1.25,32.0,0.065,7.5039,8.5237,0.6655,1.2415,1.2266,206,1140.1,1.492,0.880357121907153,11.828399999999998,14.9822,0.6655
1.25,32.0,0.01,16.220499999999998,14.8937,1.1026,1.3724,3.4578,630,8072.57,3.937,1.25,32.0,0.01,1.0890846465283976,1.25,32.0,0.01,7.146800000000001,9.443,0.6013,1.2229,1.0578,206,1084.93,1.492,0.7568357513502066,11.68365,14.8937,0.6013
1.25,32.0,0.025,16.220499999999998,14.8937,1.1026,1.3724,3.4578,630,8072.57,3.937,1.25,32.0,0.025,1.0890846465283976,1.25,32.0,0.025,7.146800000000001,9.443,0.6013,1.2229,1.0578,206,1084.93,1.492,0.7568357513502066,11.68365,14.8937,0.6013
1.25,48.0,0.02,14.8092,14.7287,1.0049,1.3438,3.2275,630,7223.85,3.937,1.25,48.0,0.02,1.005465519699634,1.25,48.0,0.02,7.2626,10.7131,0.542,1.2249,0.9606,206,1102.8,1.492,0.6779176895576443,11.0359,14.7287,0.542
1.25,48.0,0.055,16.0924,14.8464,1.1018,1.3642,3.3848,630,7994.27,3.937,1.25,48.0,0.055,1.0839260696195712,1.25,48.0,0.055,7.5641,8.5594,0.6598,1.2403,1.1386,206,1149.41,1.492,0.8837184849405332,11.82825,14.8464,0.6598
1.25,48.0,0.005,14.8092,14.7287,1.0049,1.3438,3.2275,630,7223.85,3.937,1.25,48.0,0.005,1.005465519699634,1.25,48.0,0.005,7.2626,10.7131,0.542,1.2249,0.9606,206,1102.8,1.492,0.6779176895576443,11.0359,14.7287,0.542
1.25,48.0,0.035,15.838,14.8247,1.0762,1.3627,3.343,630,7839.53,3.937,1.25,48.0,0.035,1.0683521420332283,1.25,48.0,0.035,7.1423,9.6928,0.5854,1.2218,1.0571,206,1084.23,1.492,0.7368665401122482,11.49015,14.8247,0.5854
1.25,48.0,0.045,16.0909,14.9039,1.0966,1.367,3.3975,630,7993.34,3.937,1.25,48.0,0.045,1.0796435832231832,1.25,48.0,0.045,7.4907,8.9597,0.6422,1.2353,1.1288,206,1138.06,1.492,0.8360436175318371,11.7908,14.9039,0.6422
1.25,48.0,0.03,14.8064,15.0342,1.0101,1.3434,3.2267,630,7222.2,3.937,1.25,48.0,0.03,0.9848478801665536,1.25,48.0,0.03,7.5544,9.9541,0.5916,1.2355,1.0843,206,1147.91,1.492,0.7589234586753197,11.1804,15.0342,0.5916
1.25,48.0,0.06,16.345499999999998,14.7714,1.1335,1.3742,3.4546,630,8149.22,3.937,1.25,48.0,0.06,1.106564035907226,1.25,48.0,0.06,7.2494,8.7706,0.6394,1.2306,1.1457,206,1100.77,1.492,0.8265569060269536,11.797449999999998,14.7714,0.6394
1.25,48.0,0.08,15.675,15.0458,1.116,1.3783,3.5488,630,7740.92,3.937,1.25,48.0,0.08,1.0418189793829509,1.25,48.0,0.08,6.0416,8.3344,0.5613,1.2048,1.0656,206,914.75,1.492,0.7248992129007487,10.8583,15.0458,0.5613
1.25,48.0,0.075,16.2469,15.0175,1.1448,1.3861,3.5932,630,8088.77,3.937,1.25,48.0,0.075,1.0818644914266689,1.25,48.0,0.075,6.7005,8.1222,0.6095,1.2228,1.166,206,1016.11,1.492,0.8249612174041516,11.473700000000001,15.0175,0.6095
1.25,48.0,0.01,14.8092,14.7287,1.0049,1.3438,3.2275,630,7223.85,3.937,1.25,48.0,0.01,1.005465519699634,1.25,48.0,0.01,7.2626,10.7131,0.542,1.2249,0.9606,206,1102.8,1.492,0.6779176895576443,11.0359,14.7287,0.542
1.25,48.0,0.07,16.290399999999998,14.9747,1.1432,1.3802,3.5225,630,8115.43,3.937,1.25,48.0,0.07,1.087861526441264,1.25,48.0,0.07,7.373399999999999,8.2662,0.6608,1.2401,1.2531,206,1119.92,1.492,0.8919939028816143,11.8319,14.9747,0.6608
1.25,48.0,0.065,16.1529,14.9822,1.1259,1.3713,3.4437,630,8031.22,3.937,1.25,48.0,0.065,1.0781393920785998,1.25,48.0,0.065,7.5039,8.5237,0.6655,1.2415,1.2266,206,1140.1,1.492,0.880357121907153,11.828399999999998,14.9822,0.6655
1.25,48.0,0.05,16.0945,14.9322,1.0968,1.3677,3.413,630,7995.53,3.937,1.25,48.0,0.05,1.0778384966716223,1.25,48.0,0.05,7.0663,8.9877,0.6122,1.2217,1.0413,206,1072.5,1.492,0.7862189436674566,11.580400000000001,14.9322,0.6122
1.25,48.0,0.025,14.8092,14.7287,1.0049,1.3438,3.2275,630,7223.85,3.937,1.25,48.0,0.025,1.005465519699634,1.25,48.0,0.025,7.2626,10.7131,0.542,1.2249,0.9606,206,1102.8,1.492,0.6779176895576443,11.0359,14.7287,0.542
1.25,48.0,0.04,16.2043,14.8307,1.1013,1.3719,3.4529,630,8062.67,3.937,1.25,48.0,0.04,1.0926186896100656,1.25,48.0,0.04,7.2199,9.1711,0.6101,1.2249,1.0624,206,1096.22,1.492,0.7872447143745026,11.7121,14.8307,0.6101
1.25,64.0,0.075,16.2469,15.0175,1.1448,1.3861,3.5932,630,8088.77,3.937,1.25,64.0,0.075,1.0818644914266689,1.25,64.0,0.075,6.7005,8.1222,0.6095,1.2228,1.166,206,1016.11,1.492,0.8249612174041516,11.473700000000001,15.0175,0.6095
1.25,64.0,0.05,16.0945,14.9322,1.0968,1.3677,3.413,630,7995.53,3.937,1.25,64.0,0.05,1.0778384966716223,1.25,64.0,0.05,7.0663,8.9877,0.6122,1.2217,1.0413,206,1072.5,1.492,0.7862189436674566,11.580400000000001,14.9322,0.6122
1.25,64.0,0.07,16.290399999999998,14.9747,1.1432,1.3802,3.5225,630,8115.43,3.937,1.25,64.0,0.07,1.087861526441264,1.25,64.0,0.07,7.373399999999999,8.2662,0.6608,1.2401,1.2531,206,1119.92,1.492,0.8919939028816143,11.8319,14.9747,0.6608
1.25,64.0,0.045,16.0909,14.9039,1.0966,1.367,3.3975,630,7993.34,3.937,1.25,64.0,0.045,1.0796435832231832,1.25,64.0,0.045,7.4907,8.9597,0.6422,1.2353,1.1288,206,1138.06,1.492,0.8360436175318371,11.7908,14.9039,0.6422
1.25,64.0,0.035,15.838,14.8247,1.0762,1.3627,3.343,630,7839.53,3.937,1.25,64.0,0.035,1.0683521420332283,1.25,64.0,0.035,7.1423,9.6928,0.5854,1.2218,1.0571,206,1084.23,1.492,0.7368665401122482,11.49015,14.8247,0.5854
1.25,64.0,0.08,15.675,15.0458,1.116,1.3783,3.5488,630,7740.92,3.937,1.25,64.0,0.08,1.0418189793829509,1.25,64.0,0.08,6.0416,8.3344,0.5613,1.2048,1.0656,206,914.75,1.492,0.7248992129007487,10.8583,15.0458,0.5613
1.25,64.0,0.06,16.345499999999998,14.7714,1.1335,1.3742,3.4546,630,8149.22,3.937,1.25,64.0,0.06,1.106564035907226,1.25,64.0,0.06,7.2494,8.7706,0.6394,1.2306,1.1457,206,1100.77,1.492,0.8265569060269536,11.797449999999998,14.7714,0.6394
1.25,64.0,0.055,16.0924,14.8464,1.1018,1.3642,3.3848,630,7994.27,3.937,1.25,64.0,0.055,1.0839260696195712,1.25,64.0,0.055,7.5641,8.5594,0.6598,1.2403,1.1386,206,1149.41,1.492,0.8837184849405332,11.82825,14.8464,0.6598
1.25,64.0,0.01,12.901000000000002,20.8706,0.8608,1.2981,2.7707,630,6124.01,3.937,1.25,64.0,0.01,0.6181422671125891,1.25,64.0,0.01,8.347999999999999,11.2954,0.5518,1.2607,1.0301,206,1270.87,1.492,0.7390619190112788,10.624500000000001,20.8706,0.5518
1.25,64.0,0.015,12.901000000000002,20.8706,0.8608,1.2981,2.7707,630,6124.01,3.937,1.25,64.0,0.015,0.6181422671125891,1.25,64.0,0.015,8.347999999999999,11.2954,0.5518,1.2607,1.0301,206,1270.87,1.492,0.7390619190112788,10.624500000000001,20.8706,0.5518
1.25,64.0,0.005,12.901000000000002,20.8706,0.8608,1.2981,2.7707,630,6124.01,3.937,1.25,64.0,0.005,0.6181422671125891,1.25,64.0,0.005,8.347999999999999,11.2954,0.5518,1.2607,1.0301,206,1270.87,1.492,0.7390619190112788,10.624500000000001,20.8706,0.5518
1.25,64.0,0.02,13.0854,20.4539,0.8736,1.3027,2.8819,630,6227.93,3.937,1.25,64.0,0.02,0.6397508543602931,1.25,64.0,0.02,7.9457,11.2949,0.5321,1.2472,0.9815,206,1208.48,1.492,0.703476790409831,10.515550000000001,20.4539,0.5321
1.25,64.0,0.03,14.8064,15.0342,1.0101,1.3434,3.2267,630,7222.2,3.937,1.25,64.0,0.03,0.9848478801665536,1.25,64.0,0.03,7.5544,9.9541,0.5916,1.2355,1.0843,206,1147.91,1.492,0.7589234586753197,11.1804,15.0342,0.5916
1.25,64.0,0.04,16.2043,14.8307,1.1013,1.3719,3.4529,630,8062.67,3.937,1.25,64.0,0.04,1.0926186896100656,1.25,64.0,0.04,7.2199,9.1711,0.6101,1.2249,1.0624,206,1096.22,1.492,0.7872447143745026,11.7121,14.8307,0.6101
1.25,64.0,0.025,14.069,15.4147,0.9537,1.3255,3.0466,630,6790.8,3.937,1.25,64.0,0.025,0.9127002147300953,1.25,64.0,0.025,7.311199999999999,10.8382,0.5374,1.2264,0.9537,206,1110.32,1.492,0.67457695927368,10.6901,15.4147,0.5374
1.25,64.0,0.065,16.1529,14.9822,1.1259,1.3713,3.4437,630,8031.22,3.937,1.25,64.0,0.065,1.0781393920785998,1.25,64.0,0.065,7.5039,8.5237,0.6655,1.2415,1.2266,206,1140.1,1.492,0.880357121907153,11.828399999999998,14.9822,0.6655
1.25,80.0,0.075,16.2469,15.0175,1.1448,1.3861,3.5932,630,8088.77,3.937,1.25,80.0,0.075,1.0818644914266689,1.25,80.0,0.075,6.7005,8.1222,0.6095,1.2228,1.166,206,1016.11,1.492,0.8249612174041516,11.473700000000001,15.0175,0.6095
1.25,80.0,0.05,16.0945,14.9322,1.0968,1.3677,3.413,630,7995.53,3.937,1.25,80.0,0.05,1.0778384966716223,1.25,80.0,0.05,7.0663,8.9877,0.6122,1.2217,1.0413,206,1072.5,1.492,0.7862189436674566,11.580400000000001,14.9322,0.6122
1.25,80.0,0.045,16.0909,14.9039,1.0966,1.367,3.3975,630,7993.34,3.937,1.25,80.0,0.045,1.0796435832231832,1.25,80.0,0.045,7.4907,8.9597,0.6422,1.2353,1.1288,206,1138.06,1.492,0.8360436175318371,11.7908,14.9039,0.6422
1.25,80.0,0.07,16.290399999999998,14.9747,1.1432,1.3802,3.5225,630,8115.43,3.937,1.25,80.0,0.07,1.087861526441264,1.25,80.0,0.07,7.373399999999999,8.2662,0.6608,1.2401,1.2531,206,1119.92,1.492,0.8919939028816143,11.8319,14.9747,0.6608
1.25,80.0,0.005,11.0548,27.6229,0.713,1.2542,1.7244,630,5110.59,3.937,1.25,80.0,0.005,0.4002041784171828,1.25,80.0,0.005,8.4624,12.0994,0.5194,1.2652,0.9634,206,1288.62,1.492,0.6994065821445692,9.758600000000001,27.6229,0.5194
1.25,80.0,0.08,15.675,15.0458,1.116,1.3783,3.5488,630,7740.92,3.937,1.25,80.0,0.08,1.0418189793829509,1.25,80.0,0.08,6.0416,8.3344,0.5613,1.2048,1.0656,206,914.75,1.492,0.7248992129007487,10.8583,15.0458,0.5613
1.25,80.0,0.035,15.838,14.8247,1.0762,1.3627,3.343,630,7839.53,3.937,1.25,80.0,0.035,1.0683521420332283,1.25,80.0,0.035,7.1423,9.6928,0.5854,1.2218,1.0571,206,1084.23,1.492,0.7368665401122482,11.49015,14.8247,0.5854
1.25,80.0,0.01,11.0548,27.6229,0.713,1.2542,1.7244,630,5110.59,3.937,1.25,80.0,0.01,0.4002041784171828,1.25,80.0,0.01,8.4624,12.0994,0.5194,1.2652,0.9634,206,1288.62,1.492,0.6994065821445692,9.758600000000001,27.6229,0.5194
1.25,80.0,0.055,16.0924,14.8464,1.1018,1.3642,3.3848,630,7994.27,3.937,1.25,80.0,0.055,1.0839260696195712,1.25,80.0,0.055,7.5641,8.5594,0.6598,1.2403,1.1386,206,1149.41,1.492,0.8837184849405332,11.82825,14.8464,0.6598
1.25,80.0,0.03,14.8064,15.0342,1.0101,1.3434,3.2267,630,7222.2,3.937,1.25,80.0,0.03,0.9848478801665536,1.25,80.0,0.03,7.5544,9.9541,0.5916,1.2355,1.0843,206,1147.91,1.492,0.7589234586753197,11.1804,15.0342,0.5916
1.25,80.0,0.02,13.0854,20.4539,0.8736,1.3027,2.8819,630,6227.93,3.937,1.25,80.0,0.02,0.6397508543602931,1.25,80.0,0.02,7.9457,11.2949,0.5321,1.2472,0.9815,206,1208.48,1.492,0.703476790409831,10.515550000000001,20.4539,0.5321
1.25,80.0,0.06,16.345499999999998,14.7714,1.1335,1.3742,3.4546,630,8149.22,3.937,1.25,80.0,0.06,1.106564035907226,1.25,80.0,0.06,7.2494,8.7706,0.6394,1.2306,1.1457,206,1100.77,1.492,0.8265569060269536,11.797449999999998,14.7714,0.6394
1.25,80.0,0.015,11.0548,27.6229,0.713,1.2542,1.7244,630,5110.59,3.937,1.25,80.0,0.015,0.4002041784171828,1.25,80.0,0.015,8.4624,12.0994,0.5194,1.2652,0.9634,206,1288.62,1.492,0.6994065821445692,9.758600000000001,27.6229,0.5194
1.25,80.0,0.025,14.069,15.4147,0.9537,1.3255,3.0466,630,6790.8,3.937,1.25,80.0,0.025,0.9127002147300953,1.25,80.0,0.025,7.311199999999999,10.8382,0.5374,1.2264,0.9537,206,1110.32,1.492,0.67457695927368,10.6901,15.4147,0.5374
1.25,80.0,0.065,16.1529,14.9822,1.1259,1.3713,3.4437,630,8031.22,3.937,1.25,80.0,0.065,1.0781393920785998,1.25,80.0,0.065,7.5039,8.5237,0.6655,1.2415,1.2266,206,1140.1,1.492,0.880357121907153,11.828399999999998,14.9822,0.6655
1.25,80.0,0.04,16.2043,14.8307,1.1013,1.3719,3.4529,630,8062.67,3.937,1.25,80.0,0.04,1.0926186896100656,1.25,80.0,0.04,7.2199,9.1711,0.6101,1.2249,1.0624,206,1096.22,1.492,0.7872447143745026,11.7121,14.8307,0.6101
1.5,16.0,0.075,17.2224,17.1676,1.1232,1.3826,3.3616,630,8693.79,3.937,1.5,16.0,0.075,1.0031920594608448,1.5,16.0,0.075,6.3709,8.8019,0.5423,1.1987,1.059,206,965.36,1.492,0.7238096320112702,11.79665,17.1676,0.5423
1.5,16.0,0.04,17.2224,17.1676,1.1232,1.3826,3.3616,630,8693.79,3.937,1.5,16.0,0.04,1.0031920594608448,1.5,16.0,0.04,6.3709,8.8019,0.5423,1.1987,1.059,206,965.36,1.492,0.7238096320112702,11.79665,17.1676,0.5423
1.5,16.0,0.015,17.2224,17.1676,1.1232,1.3826,3.3616,630,8693.79,3.937,1.5,16.0,0.015,1.0031920594608448,1.5,16.0,0.015,6.3709,8.8019,0.5423,1.1987,1.059,206,965.36,1.492,0.7238096320112702,11.79665,17.1676,0.5423
1.5,16.0,0.02,17.2224,17.1676,1.1232,1.3826,3.3616,630,8693.79,3.937,1.5,16.0,0.02,1.0031920594608448,1.5,16.0,0.02,6.3709,8.8019,0.5423,1.1987,1.059,206,965.36,1.492,0.7238096320112702,11.79665,17.1676,0.5423
1.5,16.0,0.045,17.2224,17.1676,1.1232,1.3826,3.3616,630,8693.79,3.937,1.5,16.0,0.045,1.0031920594608448,1.5,16.0,0.045,6.3709,8.8019,0.5423,1.1987,1.059,206,965.36,1.492,0.7238096320112702,11.79665,17.1676,0.5423
1.5,16.0,0.05,17.2224,17.1676,1.1232,1.3826,3.3616,630,8693.79,3.937,1.5,16.0,0.05,1.0031920594608448,1.5,16.0,0.05,6.3709,8.8019,0.5423,1.1987,1.059,206,965.36,1.492,0.7238096320112702,11.79665,17.1676,0.5423
1.5,16.0,0.03,17.2224,17.1676,1.1232,1.3826,3.3616,630,8693.79,3.937,1.5,16.0,0.03,1.0031920594608448,1.5,16.0,0.03,6.3709,8.8019,0.5423,1.1987,1.059,206,965.36,1.492,0.7238096320112702,11.79665,17.1676,0.5423
1.5,16.0,0.005,17.2224,17.1676,1.1232,1.3826,3.3616,630,8693.79,3.937,1.5,16.0,0.005,1.0031920594608448,1.5,16.0,0.005,6.3709,8.8019,0.5423,1.1987,1.059,206,965.36,1.492,0.7238096320112702,11.79665,17.1676,0.5423
1.5,16.0,0.055,17.2224,17.1676,1.1232,1.3826,3.3616,630,8693.79,3.937,1.5,16.0,0.055,1.0031920594608448,1.5,16.0,0.055,6.3709,8.8019,0.5423,1.1987,1.059,206,965.36,1.492,0.7238096320112702,11.79665,17.1676,0.5423
1.5,16.0,0.035,17.2224,17.1676,1.1232,1.3826,3.3616,630,8693.79,3.937,1.5,16.0,0.035,1.0031920594608448,1.5,16.0,0.035,6.3709,8.8019,0.5423,1.1987,1.059,206,965.36,1.492,0.7238096320112702,11.79665,17.1676,0.5423
1.5,16.0,0.065,17.2224,17.1676,1.1232,1.3826,3.3616,630,8693.79,3.937,1.5,16.0,0.065,1.0031920594608448,1.5,16.0,0.065,6.3709,8.8019,0.5423,1.1987,1.059,206,965.36,1.492,0.7238096320112702,11.79665,17.1676,0.5423
1.5,16.0,0.08,17.2224,17.1676,1.1232,1.3826,3.3616,630,8693.79,3.937,1.5,16.0,0.08,1.0031920594608448,1.5,16.0,0.08,6.3709,8.8019,0.5423,1.1987,1.059,206,965.36,1.492,0.7238096320112702,11.79665,17.1676,0.5423
1.5,16.0,0.025,17.2224,17.1676,1.1232,1.3826,3.3616,630,8693.79,3.937,1.5,16.0,0.025,1.0031920594608448,1.5,16.0,0.025,6.3709,8.8019,0.5423,1.1987,1.059,206,965.36,1.492,0.7238096320112702,11.79665,17.1676,0.5423
1.5,16.0,0.06,17.2224,17.1676,1.1232,1.3826,3.3616,630,8693.79,3.937,1.5,16.0,0.06,1.0031920594608448,1.5,16.0,0.06,6.3709,8.8019,0.5423,1.1987,1.059,206,965.36,1.492,0.7238096320112702,11.79665,17.1676,0.5423
1.5,16.0,0.01,17.2224,17.1676,1.1232,1.3826,3.3616,630,8693.79,3.937,1.5,16.0,0.01,1.0031920594608448,1.5,16.0,0.01,6.3709,8.8019,0.5423,1.1987,1.059,206,965.36,1.492,0.7238096320112702,11.79665,17.1676,0.5423
1.5,16.0,0.07,17.2224,17.1676,1.1232,1.3826,3.3616,630,8693.79,3.937,1.5,16.0,0.07,1.0031920594608448,1.5,16.0,0.07,6.3709,8.8019,0.5423,1.1987,1.059,206,965.36,1.492,0.7238096320112702,11.79665,17.1676,0.5423
1.5,32.0,0.075,16.6787,17.1995,1.0588,1.3488,3.186,630,8354.72,3.937,1.5,32.0,0.075,0.9697200500014534,1.5,32.0,0.075,7.8899,9.2519,0.6374,1.2304,1.1882,206,1199.83,1.492,0.8527869951037085,12.2843,17.1995,0.6374
1.5,32.0,0.02,17.7988,16.9053,1.0901,1.3654,3.4044,630,9058.3,3.937,1.5,32.0,0.02,1.0528532472064973,1.5,32.0,0.02,7.9223,9.8297,0.6181,1.2234,1.0689,206,1204.85,1.492,0.805955420816505,12.86055,16.9053,0.6181
1.5,32.0,0.035,17.7988,16.9053,1.0901,1.3654,3.4044,630,9058.3,3.937,1.5,32.0,0.035,1.0528532472064973,1.5,32.0,0.035,7.9223,9.8297,0.6181,1.2234,1.0689,206,1204.85,1.492,0.805955420816505,12.86055,16.9053,0.6181
1.5,32.0,0.04,17.7988,16.9053,1.0901,1.3654,3.4044,630,9058.3,3.937,1.5,32.0,0.04,1.0528532472064973,1.5,32.0,0.04,7.9223,9.8297,0.6181,1.2234,1.0689,206,1204.85,1.492,0.805955420816505,12.86055,16.9053,0.6181
1.5,32.0,0.045,17.7988,16.9053,1.0901,1.3654,3.4044,630,9058.3,3.937,1.5,32.0,0.045,1.0528532472064973,1.5,32.0,0.045,7.9223,9.8297,0.6181,1.2234,1.0689,206,1204.85,1.492,0.805955420816505,12.86055,16.9053,0.6181
1.5,32.0,0.06,17.8445,16.8516,1.1056,1.3658,3.4092,630,9087.41,3.937,1.5,32.0,0.06,1.0589202212252842,1.5,32.0,0.06,8.3179,9.6308,0.6555,1.2383,1.1697,206,1266.19,1.492,0.8636769531087759,13.081199999999999,16.8516,0.6555
1.5,32.0,0.055,17.948700000000002,16.7927,1.1017,1.367,3.4214,630,9153.91,3.937,1.5,32.0,0.055,1.06883943618358,1.5,32.0,0.055,7.8298,9.6227,0.6165,1.2213,1.035,206,1190.53,1.492,0.8136801521402517,12.88925,16.7927,0.6165
1.5,32.0,0.05,17.546400000000002,16.911,1.075,1.3605,3.3357,630,8898.04,3.937,1.5,32.0,0.05,1.0375731772219265,1.5,32.0,0.05,7.633900000000001,9.8109,0.5994,1.2147,1.0016,206,1160.2,1.492,0.7781039456115137,12.590150000000001,16.911,0.5994
1.5,32.0,0.005,17.7988,16.9053,1.0901,1.3654,3.4044,630,9058.3,3.937,1.5,32.0,0.005,1.0528532472064973,1.5,32.0,0.005,7.9223,9.8297,0.6181,1.2234,1.0689,206,1204.85,1.492,0.805955420816505,12.86055,16.9053,0.6181
1.5,32.0,0.015,17.7988,16.9053,1.0901,1.3654,3.4044,630,9058.3,3.937,1.5,32.0,0.015,1.0528532472064973,1.5,32.0,0.015,7.9223,9.8297,0.6181,1.2234,1.0689,206,1204.85,1.492,0.805955420816505,12.86055,16.9053,0.6181
1.5,32.0,0.01,17.7988,16.9053,1.0901,1.3654,3.4044,630,9058.3,3.937,1.5,32.0,0.01,1.0528532472064973,1.5,32.0,0.01,7.9223,9.8297,0.6181,1.2234,1.0689,206,1204.85,1.492,0.805955420816505,12.86055,16.9053,0.6181
1.5,32.0,0.03,17.7988,16.9053,1.0901,1.3654,3.4044,630,9058.3,3.937,1.5,32.0,0.03,1.0528532472064973,1.5,32.0,0.03,7.9223,9.8297,0.6181,1.2234,1.0689,206,1204.85,1.492,0.805955420816505,12.86055,16.9053,0.6181
1.5,32.0,0.08,17.2959,17.2017,1.1002,1.3675,3.3147,630,8739.93,3.937,1.5,32.0,0.08,1.005476202933431,1.5,32.0,0.08,7.4295,9.1247,0.6071,1.2205,1.135,206,1128.6,1.492,0.8142185496509474,12.3627,17.2017,0.6071
1.5,32.0,0.065,17.4691,16.9137,1.0925,1.3598,3.3437,630,8849.15,3.937,1.5,32.0,0.065,1.0328372857506047,1.5,32.0,0.065,8.2693,9.3455,0.6586,1.2379,1.185,206,1258.65,1.492,0.8848429725536354,12.8692,16.9137,0.6586
1.5,32.0,0.07,16.982400000000002,17.014,1.0716,1.3507,3.2469,630,8543.56,3.937,1.5,32.0,0.07,0.9981427060068181,1.5,32.0,0.07,8.4981,9.1547,0.6796,1.2473,1.2679,206,1294.17,1.492,0.9282772783379031,12.740250000000001,17.014,0.6796
1.5,32.0,0.025,17.7988,16.9053,1.0901,1.3654,3.4044,630,9058.3,3.937,1.5,32.0,0.025,1.0528532472064973,1.5,32.0,0.025,7.9223,9.8297,0.6181,1.2234,1.0689,206,1204.85,1.492,0.805955420816505,12.86055,16.9053,0.6181
1.5,48.0,0.045,16.727700000000002,17.055,1.029,1.3465,3.217,630,8385.11,3.937,1.5,48.0,0.045,0.9808091468777486,1.5,48.0,0.045,7.604900000000001,9.8793,0.5888,1.2133,0.9655,206,1155.71,1.492,0.7697812598058567,12.166300000000001,17.055,0.5888
1.5,48.0,0.055,17.948700000000002,16.7927,1.1017,1.367,3.4214,630,9153.91,3.937,1.5,48.0,0.055,1.06883943618358,1.5,48.0,0.055,7.8298,9.6227,0.6165,1.2213,1.035,206,1190.53,1.492,0.8136801521402517,12.88925,16.7927,0.6165
1.5,48.0,0.005,16.0548,17.2496,0.988,1.3373,3.1146,630,7971.37,3.937,1.5,48.0,0.005,0.9307346257304516,1.5,48.0,0.005,7.888599999999999,11.1399,0.5497,1.2204,1.0052,206,1199.64,1.492,0.7081392113035125,11.9717,17.2496,0.5497
1.5,48.0,0.035,15.921,17.0084,0.9854,1.3327,3.1161,630,7889.89,3.937,1.5,48.0,0.035,0.9360668845981984,1.5,48.0,0.035,7.6934,10.7616,0.5568,1.2148,0.977,206,1169.41,1.492,0.7148936961046685,11.8072,17.0084,0.5568
1.5,48.0,0.06,17.8445,16.8516,1.1056,1.3658,3.4092,630,9087.41,3.937,1.5,48.0,0.06,1.0589202212252842,1.5,48.0,0.06,8.3179,9.6308,0.6555,1.2383,1.1697,206,1266.19,1.492,0.8636769531087759,13.081199999999999,16.8516,0.6555
1.5,48.0,0.02,16.0548,17.2496,0.988,1.3373,3.1146,630,7971.37,3.937,1.5,48.0,0.02,0.9307346257304516,1.5,48.0,0.02,7.888599999999999,11.1399,0.5497,1.2204,1.0052,206,1199.64,1.492,0.7081392113035125,11.9717,17.2496,0.5497
1.5,48.0,0.025,16.0548,17.2496,0.988,1.3373,3.1146,630,7971.37,3.937,1.5,48.0,0.025,0.9307346257304516,1.5,48.0,0.025,7.888599999999999,11.1399,0.5497,1.2204,1.0052,206,1199.64,1.492,0.7081392113035125,11.9717,17.2496,0.5497
1.5,48.0,0.08,17.2959,17.2017,1.1002,1.3675,3.3147,630,8739.93,3.937,1.5,48.0,0.08,1.005476202933431,1.5,48.0,0.08,7.4295,9.1247,0.6071,1.2205,1.135,206,1128.6,1.492,0.8142185496509474,12.3627,17.2017,0.6071
1.5,48.0,0.01,16.0548,17.2496,0.988,1.3373,3.1146,630,7971.37,3.937,1.5,48.0,0.01,0.9307346257304516,1.5,48.0,0.01,7.888599999999999,11.1399,0.5497,1.2204,1.0052,206,1199.64,1.492,0.7081392113035125,11.9717,17.2496,0.5497
1.5,48.0,0.03,16.0548,17.2496,0.988,1.3373,3.1146,630,7971.37,3.937,1.5,48.0,0.03,0.9307346257304516,1.5,48.0,0.03,7.888599999999999,11.1399,0.5497,1.2204,1.0052,206,1199.64,1.492,0.7081392113035125,11.9717,17.2496,0.5497
1.5,48.0,0.075,16.6787,17.1995,1.0588,1.3488,3.186,630,8354.72,3.937,1.5,48.0,0.075,0.9697200500014534,1.5,48.0,0.075,7.8899,9.2519,0.6374,1.2304,1.1882,206,1199.83,1.492,0.8527869951037085,12.2843,17.1995,0.6374
1.5,48.0,0.015,16.0548,17.2496,0.988,1.3373,3.1146,630,7971.37,3.937,1.5,48.0,0.015,0.9307346257304516,1.5,48.0,0.015,7.888599999999999,11.1399,0.5497,1.2204,1.0052,206,1199.64,1.492,0.7081392113035125,11.9717,17.2496,0.5497
1.5,48.0,0.07,16.982400000000002,17.014,1.0716,1.3507,3.2469,630,8543.56,3.937,1.5,48.0,0.07,0.9981427060068181,1.5,48.0,0.07,8.4981,9.1547,0.6796,1.2473,1.2679,206,1294.17,1.492,0.9282772783379031,12.740250000000001,17.014,0.6796
1.5,48.0,0.04,16.906299999999998,16.9601,1.0405,1.3485,3.2326,630,8496.07,3.937,1.5,48.0,0.04,0.9968278488924003,1.5,48.0,0.04,7.6016,10.3292,0.5727,1.2125,1.0028,206,1155.21,1.492,0.7359330829105836,12.25395,16.9601,0.5727
1.5,48.0,0.065,17.4691,16.9137,1.0925,1.3598,3.3437,630,8849.15,3.937,1.5,48.0,0.065,1.0328372857506047,1.5,48.0,0.065,8.2693,9.3455,0.6586,1.2379,1.185,206,1258.65,1.492,0.8848429725536354,12.8692,16.9137,0.6586
1.5,64.0,0.075,16.6787,17.1995,1.0588,1.3488,3.186,630,8354.72,3.937,1.5,64.0,0.075,0.9697200500014534,1.5,64.0,0.075,7.8899,9.2519,0.6374,1.2304,1.1882,206,1199.83,1.492,0.8527869951037085,12.2843,17.1995,0.6374
1.5,64.0,0.05,17.546400000000002,16.911,1.075,1.3605,3.3357,630,8898.04,3.937,1.5,64.0,0.05,1.0375731772219265,1.5,64.0,0.05,7.633900000000001,9.8109,0.5994,1.2147,1.0016,206,1160.2,1.492,0.7781039456115137,12.590150000000001,16.911,0.5994
1.5,64.0,0.035,15.921,17.0084,0.9854,1.3327,3.1161,630,7889.89,3.937,1.5,64.0,0.035,0.9360668845981984,1.5,64.0,0.035,7.6934,10.7616,0.5568,1.2148,0.977,206,1169.41,1.492,0.7148936961046685,11.8072,17.0084,0.5568
1.5,64.0,0.045,16.727700000000002,17.055,1.029,1.3465,3.217,630,8385.11,3.937,1.5,64.0,0.045,0.9808091468777486,1.5,64.0,0.045,7.604900000000001,9.8793,0.5888,1.2133,0.9655,206,1155.71,1.492,0.7697812598058567,12.166300000000001,17.055,0.5888
1.5,64.0,0.07,16.982400000000002,17.014,1.0716,1.3507,3.2469,630,8543.56,3.937,1.5,64.0,0.07,0.9981427060068181,1.5,64.0,0.07,8.4981,9.1547,0.6796,1.2473,1.2679,206,1294.17,1.492,0.9282772783379031,12.740250000000001,17.014,0.6796
1.5,64.0,0.06,17.8445,16.8516,1.1056,1.3658,3.4092,630,9087.41,3.937,1.5,64.0,0.06,1.0589202212252842,1.5,64.0,0.06,8.3179,9.6308,0.6555,1.2383,1.1697,206,1266.19,1.492,0.8636769531087759,13.081199999999999,16.8516,0.6555
1.5,64.0,0.08,17.2959,17.2017,1.1002,1.3675,3.3147,630,8739.93,3.937,1.5,64.0,0.08,1.005476202933431,1.5,64.0,0.08,7.4295,9.1247,0.6071,1.2205,1.135,206,1128.6,1.492,0.8142185496509474,12.3627,17.2017,0.6071
1.5,64.0,0.055,17.948700000000002,16.7927,1.1017,1.367,3.4214,630,9153.91,3.937,1.5,64.0,0.055,1.06883943618358,1.5,64.0,0.055,7.8298,9.6227,0.6165,1.2213,1.035,206,1190.53,1.492,0.8136801521402517,12.88925,16.7927,0.6165
1.5,64.0,0.005,14.935899999999998,19.662,0.9102,1.3146,2.984,630,7298.81,3.937,1.5,64.0,0.005,0.7596327942223579,1.5,64.0,0.005,8.9101,11.8527,0.5569,1.2493,1.0495,206,1358.22,1.492,0.7517358914002716,11.922999999999998,19.662,0.5569
1.5,64.0,0.01,14.935899999999998,19.662,0.9102,1.3146,2.984,630,7298.81,3.937,1.5,64.0,0.01,0.7596327942223579,1.5,64.0,0.01,8.9101,11.8527,0.5569,1.2493,1.0495,206,1358.22,1.492,0.7517358914002716,11.922999999999998,19.662,0.5569
1.5,64.0,0.02,14.935899999999998,19.662,0.9102,1.3146,2.984,630,7298.81,3.937,1.5,64.0,0.02,0.7596327942223579,1.5,64.0,0.02,8.9101,11.8527,0.5569,1.2493,1.0495,206,1358.22,1.492,0.7517358914002716,11.922999999999998,19.662,0.5569
1.5,64.0,0.015,14.935899999999998,19.662,0.9102,1.3146,2.984,630,7298.81,3.937,1.5,64.0,0.015,0.7596327942223579,1.5,64.0,0.015,8.9101,11.8527,0.5569,1.2493,1.0495,206,1358.22,1.492,0.7517358914002716,11.922999999999998,19.662,0.5569
1.5,64.0,0.03,15.5558,17.031,0.9592,1.3274,3.0831,630,7669.02,3.937,1.5,64.0,0.03,0.9133814808290764,1.5,64.0,0.03,7.903200000000001,11.4742,0.5438,1.2214,0.9754,206,1201.89,1.492,0.6887800456676719,11.7295,17.031,0.5438
1.5,64.0,0.04,16.906299999999998,16.9601,1.0405,1.3485,3.2326,630,8496.07,3.937,1.5,64.0,0.04,0.9968278488924003,1.5,64.0,0.04,7.6016,10.3292,0.5727,1.2125,1.0028,206,1155.21,1.492,0.7359330829105836,12.25395,16.9601,0.5727
1.5,64.0,0.025,15.0942,18.8436,0.9205,1.3174,3.0096,630,7392.79,3.937,1.5,64.0,0.025,0.801025281793288,1.5,64.0,0.025,8.264199999999999,11.7795,0.5329,1.2305,0.9826,206,1257.86,1.492,0.7015747697270681,11.6792,18.8436,0.5329
1.5,64.0,0.065,17.4691,16.9137,1.0925,1.3598,3.3437,630,8849.15,3.937,1.5,64.0,0.065,1.0328372857506047,1.5,64.0,0.065,8.2693,9.3455,0.6586,1.2379,1.185,206,1258.65,1.492,0.8848429725536354,12.8692,16.9137,0.6586
1.5,80.0,0.05,17.546400000000002,16.911,1.075,1.3605,3.3357,630,8898.04,3.937,1.5,80.0,0.05,1.0375731772219265,1.5,80.0,0.05,7.633900000000001,9.8109,0.5994,1.2147,1.0016,206,1160.2,1.492,0.7781039456115137,12.590150000000001,16.911,0.5994
1.5,80.0,0.075,16.6787,17.1995,1.0588,1.3488,3.186,630,8354.72,3.937,1.5,80.0,0.075,0.9697200500014534,1.5,80.0,0.075,7.8899,9.2519,0.6374,1.2304,1.1882,206,1199.83,1.492,0.8527869951037085,12.2843,17.1995,0.6374
1.5,80.0,0.045,16.727700000000002,17.055,1.029,1.3465,3.217,630,8385.11,3.937,1.5,80.0,0.045,0.9808091468777486,1.5,80.0,0.045,7.604900000000001,9.8793,0.5888,1.2133,0.9655,206,1155.71,1.492,0.7697812598058567,12.166300000000001,17.055,0.5888
1.5,80.0,0.07,16.982400000000002,17.014,1.0716,1.3507,3.2469,630,8543.56,3.937,1.5,80.0,0.07,0.9981427060068181,1.5,80.0,0.07,8.4981,9.1547,0.6796,1.2473,1.2679,206,1294.17,1.492,0.9282772783379031,12.740250000000001,17.014,0.6796
1.5,80.0,0.005,13.4521,26.7251,0.7971,1.2851,2.2446,630,6436.09,3.937,1.5,80.0,0.005,0.5033507825976329,1.5,80.0,0.005,9.1596,13.0794,0.5144,1.2576,0.9601,206,1397.07,1.492,0.7003073535483278,11.30585,26.7251,0.5144
1.5,80.0,0.01,13.4521,26.7251,0.7971,1.2851,2.2446,630,6436.09,3.937,1.5,80.0,0.01,0.5033507825976329,1.5,80.0,0.01,9.1596,13.0794,0.5144,1.2576,0.9601,206,1397.07,1.492,0.7003073535483278,11.30585,26.7251,0.5144
1.5,80.0,0.08,17.2959,17.2017,1.1002,1.3675,3.3147,630,8739.93,3.937,1.5,80.0,0.08,1.005476202933431,1.5,80.0,0.08,7.4295,9.1247,0.6071,1.2205,1.135,206,1128.6,1.492,0.8142185496509474,12.3627,17.2017,0.6071
1.5,80.0,0.035,15.921,17.0084,0.9854,1.3327,3.1161,630,7889.89,3.937,1.5,80.0,0.035,0.9360668845981984,1.5,80.0,0.035,7.6934,10.7616,0.5568,1.2148,0.977,206,1169.41,1.492,0.7148936961046685,11.8072,17.0084,0.5568
1.5,80.0,0.03,15.5558,17.031,0.9592,1.3274,3.0831,630,7669.02,3.937,1.5,80.0,0.03,0.9133814808290764,1.5,80.0,0.03,7.903200000000001,11.4742,0.5438,1.2214,0.9754,206,1201.89,1.492,0.6887800456676719,11.7295,17.031,0.5438
1.5,80.0,0.02,13.7151,25.0458,0.82,1.2895,2.4598,630,6586.63,3.937,1.5,80.0,0.02,0.5476007953429317,1.5,80.0,0.02,8.9139,12.8665,0.5172,1.2501,0.9548,206,1358.82,1.492,0.6927991295224031,11.314499999999999,25.0458,0.5172
1.5,80.0,0.055,17.948700000000002,16.7927,1.1017,1.367,3.4214,630,9153.91,3.937,1.5,80.0,0.055,1.06883943618358,1.5,80.0,0.055,7.8298,9.6227,0.6165,1.2213,1.035,206,1190.53,1.492,0.8136801521402517,12.88925,16.7927,0.6165
1.5,80.0,0.06,17.8445,16.8516,1.1056,1.3658,3.4092,630,9087.41,3.937,1.5,80.0,0.06,1.0589202212252842,1.5,80.0,0.06,8.3179,9.6308,0.6555,1.2383,1.1697,206,1266.19,1.492,0.8636769531087759,13.081199999999999,16.8516,0.6555
1.5,80.0,0.015,13.4521,26.7251,0.7971,1.2851,2.2446,630,6436.09,3.937,1.5,80.0,0.015,0.5033507825976329,1.5,80.0,0.015,9.1596,13.0794,0.5144,1.2576,0.9601,206,1397.07,1.492,0.7003073535483278,11.30585,26.7251,0.5144
1.5,80.0,0.065,17.4691,16.9137,1.0925,1.3598,3.3437,630,8849.15,3.937,1.5,80.0,0.065,1.0328372857506047,1.5,80.0,0.065,8.2693,9.3455,0.6586,1.2379,1.185,206,1258.65,1.492,0.8848429725536354,12.8692,16.9137,0.6586
1.5,80.0,0.025,15.0942,18.8436,0.9205,1.3174,3.0096,630,7392.79,3.937,1.5,80.0,0.025,0.801025281793288,1.5,80.0,0.025,8.264199999999999,11.7795,0.5329,1.2305,0.9826,206,1257.86,1.492,0.7015747697270681,11.6792,18.8436,0.5329
1.5,80.0,0.04,16.906299999999998,16.9601,1.0405,1.3485,3.2326,630,8496.07,3.937,1.5,80.0,0.04,0.9968278488924003,1.5,80.0,0.04,7.6016,10.3292,0.5727,1.2125,1.0028,206,1155.21,1.492,0.7359330829105836,12.25395,16.9601,0.5727
1.75,16.0,0.075,18.6745,17.8731,1.1412,1.3902,3.4938,630,9622.19,3.937,1.75,16.0,0.075,1.0448383324661081,1.75,16.0,0.075,6.6695,9.7286,0.526,1.1991,1.0032,206,1011.33,1.492,0.6855559895565652,12.671999999999999,17.8731,0.526
1.75,16.0,0.04,18.6745,17.8731,1.1412,1.3902,3.4938,630,9622.19,3.937,1.75,16.0,0.04,1.0448383324661081,1.75,16.0,0.04,6.6695,9.7286,0.526,1.1991,1.0032,206,1011.33,1.492,0.6855559895565652,12.671999999999999,17.8731,0.526
1.75,16.0,0.02,18.6745,17.8731,1.1412,1.3902,3.4938,630,9622.19,3.937,1.75,16.0,0.02,1.0448383324661081,1.75,16.0,0.02,6.6695,9.7286,0.526,1.1991,1.0032,206,1011.33,1.492,0.6855559895565652,12.671999999999999,17.8731,0.526
1.75,16.0,0.015,18.6745,17.8731,1.1412,1.3902,3.4938,630,9622.19,3.937,1.75,16.0,0.015,1.0448383324661081,1.75,16.0,0.015,6.6695,9.7286,0.526,1.1991,1.0032,206,1011.33,1.492,0.6855559895565652,12.671999999999999,17.8731,0.526
1.75,16.0,0.03,18.6745,17.8731,1.1412,1.3902,3.4938,630,9622.19,3.937,1.75,16.0,0.03,1.0448383324661081,1.75,16.0,0.03,6.6695,9.7286,0.526,1.1991,1.0032,206,1011.33,1.492,0.6855559895565652,12.671999999999999,17.8731,0.526
1.75,16.0,0.035,18.6745,17.8731,1.1412,1.3902,3.4938,630,9622.19,3.937,1.75,16.0,0.035,1.0448383324661081,1.75,16.0,0.035,6.6695,9.7286,0.526,1.1991,1.0032,206,1011.33,1.492,0.6855559895565652,12.671999999999999,17.8731,0.526
1.75,16.0,0.045,18.6745,17.8731,1.1412,1.3902,3.4938,630,9622.19,3.937,1.75,16.0,0.045,1.0448383324661081,1.75,16.0,0.045,6.6695,9.7286,0.526,1.1991,1.0032,206,1011.33,1.492,0.6855559895565652,12.671999999999999,17.8731,0.526
1.75,16.0,0.05,18.6745,17.8731,1.1412,1.3902,3.4938,630,9622.19,3.937,1.75,16.0,0.05,1.0448383324661081,1.75,16.0,0.05,6.6695,9.7286,0.526,1.1991,1.0032,206,1011.33,1.492,0.6855559895565652,12.671999999999999,17.8731,0.526
1.75,16.0,0.005,18.6745,17.8731,1.1412,1.3902,3.4938,630,9622.19,3.937,1.75,16.0,0.005,1.0448383324661081,1.75,16.0,0.005,6.6695,9.7286,0.526,1.1991,1.0032,206,1011.33,1.492,0.6855559895565652,12.671999999999999,17.8731,0.526
1.75,16.0,0.06,18.6745,17.8731,1.1412,1.3902,3.4938,630,9622.19,3.937,1.75,16.0,0.06,1.0448383324661081,1.75,16.0,0.06,6.6695,9.7286,0.526,1.1991,1.0032,206,1011.33,1.492,0.6855559895565652,12.671999999999999,17.8731,0.526
1.75,16.0,0.055,18.6745,17.8731,1.1412,1.3902,3.4938,630,9622.19,3.937,1.75,16.0,0.055,1.0448383324661081,1.75,16.0,0.055,6.6695,9.7286,0.526,1.1991,1.0032,206,1011.33,1.492,0.6855559895565652,12.671999999999999,17.8731,0.526
1.75,16.0,0.08,18.6745,17.8731,1.1412,1.3902,3.4938,630,9622.19,3.937,1.75,16.0,0.08,1.0448383324661081,1.75,16.0,0.08,6.6695,9.7286,0.526,1.1991,1.0032,206,1011.33,1.492,0.6855559895565652,12.671999999999999,17.8731,0.526
1.75,16.0,0.025,18.6745,17.8731,1.1412,1.3902,3.4938,630,9622.19,3.937,1.75,16.0,0.025,1.0448383324661081,1.75,16.0,0.025,6.6695,9.7286,0.526,1.1991,1.0032,206,1011.33,1.492,0.6855559895565652,12.671999999999999,17.8731,0.526
1.75,16.0,0.065,18.6745,17.8731,1.1412,1.3902,3.4938,630,9622.19,3.937,1.75,16.0,0.065,1.0448383324661081,1.75,16.0,0.065,6.6695,9.7286,0.526,1.1991,1.0032,206,1011.33,1.492,0.6855559895565652,12.671999999999999,17.8731,0.526
1.75,16.0,0.07,18.6745,17.8731,1.1412,1.3902,3.4938,630,9622.19,3.937,1.75,16.0,0.07,1.0448383324661081,1.75,16.0,0.07,6.6695,9.7286,0.526,1.1991,1.0032,206,1011.33,1.492,0.6855559895565652,12.671999999999999,17.8731,0.526
1.75,16.0,0.01,18.6745,17.8731,1.1412,1.3902,3.4938,630,9622.19,3.937,1.75,16.0,0.01,1.0448383324661081,1.75,16.0,0.01,6.6695,9.7286,0.526,1.1991,1.0032,206,1011.33,1.492,0.6855559895565652,12.671999999999999,17.8731,0.526
1.75,32.0,0.075,18.5773,18.024,1.0764,1.3502,3.2938,630,9559.0,3.937,1.75,32.0,0.075,1.0306979582778517,1.75,32.0,0.075,8.921,9.9934,0.6575,1.2367,1.2091,206,1359.92,1.492,0.8926891748554046,13.74915,18.024,0.6575
1.75,32.0,0.02,18.9698,18.0352,1.0689,1.3573,3.2859,630,9815.1,3.937,1.75,32.0,0.02,1.051820883605394,1.75,32.0,0.02,8.4168,10.4658,0.6072,1.2183,1.046,206,1281.54,1.492,0.8042194576620995,13.6933,18.0352,0.6072
1.75,32.0,0.035,18.9698,18.0352,1.0689,1.3573,3.2859,630,9815.1,3.937,1.75,32.0,0.035,1.051820883605394,1.75,32.0,0.035,8.4168,10.4658,0.6072,1.2183,1.046,206,1281.54,1.492,0.8042194576620995,13.6933,18.0352,0.6072
1.75,32.0,0.04,18.9698,18.0352,1.0689,1.3573,3.2859,630,9815.1,3.937,1.75,32.0,0.04,1.051820883605394,1.75,32.0,0.04,8.4168,10.4658,0.6072,1.2183,1.046,206,1281.54,1.492,0.8042194576620995,13.6933,18.0352,0.6072
1.75,32.0,0.045,18.9698,18.0352,1.0689,1.3573,3.2859,630,9815.1,3.937,1.75,32.0,0.045,1.051820883605394,1.75,32.0,0.045,8.4168,10.4658,0.6072,1.2183,1.046,206,1281.54,1.492,0.8042194576620995,13.6933,18.0352,0.6072
1.75,32.0,0.06,19.0158,17.8612,1.0742,1.3562,3.2751,630,9845.31,3.937,1.75,32.0,0.06,1.0646429131301367,1.75,32.0,0.06,8.148,10.3882,0.5911,1.2126,0.9901,206,1239.83,1.492,0.784351475712828,13.5819,17.8612,0.5911
1.75,32.0,0.05,18.9698,18.0352,1.0689,1.3573,3.2859,630,9815.1,3.937,1.75,32.0,0.05,1.051820883605394,1.75,32.0,0.05,8.4168,10.4658,0.6072,1.2183,1.046,206,1281.54,1.492,0.8042194576620995,13.6933,18.0352,0.6072
1.75,32.0,0.055,18.972,17.9496,1.0705,1.357,3.2805,630,9816.59,3.937,1.75,32.0,0.055,1.0569594865623748,1.75,32.0,0.055,8.4168,10.4658,0.6072,1.2183,1.046,206,1281.54,1.492,0.8042194576620995,13.694400000000002,17.9496,0.6072
1.75,32.0,0.015,18.9698,18.0352,1.0689,1.3573,3.2859,630,9815.1,3.937,1.75,32.0,0.015,1.051820883605394,1.75,32.0,0.015,8.4168,10.4658,0.6072,1.2183,1.046,206,1281.54,1.492,0.8042194576620995,13.6933,18.0352,0.6072
1.75,32.0,0.005,18.9698,18.0352,1.0689,1.3573,3.2859,630,9815.1,3.937,1.75,32.0,0.005,1.051820883605394,1.75,32.0,0.005,8.4168,10.4658,0.6072,1.2183,1.046,206,1281.54,1.492,0.8042194576620995,13.6933,18.0352,0.6072
1.75,32.0,0.08,18.9324,17.6935,1.0992,1.362,3.4086,630,9790.62,3.937,1.75,32.0,0.08,1.0700200638652613,1.75,32.0,0.08,8.7608,9.881,0.6503,1.235,1.2028,206,1335.0,1.492,0.8866309078028539,13.8466,17.6935,0.6503
1.75,32.0,0.065,19.2297,17.8043,1.0932,1.3598,3.3076,630,9986.11,3.937,1.75,32.0,0.065,1.0800593115146342,1.75,32.0,0.065,8.6037,10.2693,0.6276,1.2264,1.0873,206,1310.57,1.492,0.8378078350033595,13.9167,17.8043,0.6276
1.75,32.0,0.03,18.9698,18.0352,1.0689,1.3573,3.2859,630,9815.1,3.937,1.75,32.0,0.03,1.051820883605394,1.75,32.0,0.03,8.4168,10.4658,0.6072,1.2183,1.046,206,1281.54,1.492,0.8042194576620995,13.6933,18.0352,0.6072
1.75,32.0,0.01,18.9698,18.0352,1.0689,1.3573,3.2859,630,9815.1,3.937,1.75,32.0,0.01,1.051820883605394,1.75,32.0,0.01,8.4168,10.4658,0.6072,1.2183,1.046,206,1281.54,1.492,0.8042194576620995,13.6933,18.0352,0.6072
1.75,32.0,0.07,18.6971,17.6792,1.075,1.3526,3.2922,630,9636.9,3.937,1.75,32.0,0.07,1.057576134666727,1.75,32.0,0.07,8.3814,10.3441,0.6151,1.2205,1.0803,206,1276.05,1.492,0.8102589882155045,13.53925,17.6792,0.6151
1.75,32.0,0.025,18.9698,18.0352,1.0689,1.3573,3.2859,630,9815.1,3.937,1.75,32.0,0.025,1.051820883605394,1.75,32.0,0.025,8.4168,10.4658,0.6072,1.2183,1.046,206,1281.54,1.492,0.8042194576620995,13.6933,18.0352,0.6072
1.75,48.0,0.06,19.0158,17.8612,1.0742,1.3562,3.2751,630,9845.31,3.937,1.75,48.0,0.06,1.0646429131301367,1.75,48.0,0.06,8.148,10.3882,0.5911,1.2126,0.9901,206,1239.83,1.492,0.784351475712828,13.5819,17.8612,0.5911
1.75,48.0,0.055,18.972,17.9496,1.0705,1.357,3.2805,630,9816.59,3.937,1.75,48.0,0.055,1.0569594865623748,1.75,48.0,0.055,8.4168,10.4658,0.6072,1.2183,1.046,206,1281.54,1.492,0.8042194576620995,13.694400000000002,17.9496,0.6072
1.75,48.0,0.035,17.7439,17.7093,1.0058,1.3389,3.1324,630,9023.32,3.937,1.75,48.0,0.035,1.0019537756997736,1.75,48.0,0.035,8.5589,11.7037,0.5661,1.2213,1.0312,206,1303.61,1.492,0.7312986491451421,13.151399999999999,17.7093,0.5661
1.75,48.0,0.045,18.3965,17.6232,1.0407,1.3507,3.241,630,9441.86,3.937,1.75,48.0,0.045,1.0438796586318035,1.75,48.0,0.045,8.154300000000001,11.1278,0.5684,1.2103,0.9958,206,1240.81,1.492,0.7327863548949478,13.275400000000001,17.6232,0.5684
1.75,48.0,0.005,17.7439,17.7093,1.0058,1.3389,3.1324,630,9023.32,3.937,1.75,48.0,0.005,1.0019537756997736,1.75,48.0,0.005,8.5589,11.7037,0.5661,1.2213,1.0312,206,1303.61,1.492,0.7312986491451421,13.151399999999999,17.7093,0.5661
1.75,48.0,0.05,18.8629,17.9253,1.063,1.3569,3.291,630,9745.1,3.937,1.75,48.0,0.05,1.0523059586171502,1.75,48.0,0.05,8.120099999999999,10.8581,0.5803,1.2094,0.9895,206,1235.51,1.492,0.7478380195430139,13.491499999999998,17.9253,0.5803
1.75,48.0,0.025,17.7439,17.7093,1.0058,1.3389,3.1324,630,9023.32,3.937,1.75,48.0,0.025,1.0019537756997736,1.75,48.0,0.025,8.5589,11.7037,0.5661,1.2213,1.0312,206,1303.61,1.492,0.7312986491451421,13.151399999999999,17.7093,0.5661
1.75,48.0,0.075,18.5773,18.024,1.0764,1.3502,3.2938,630,9559.0,3.937,1.75,48.0,0.075,1.0306979582778517,1.75,48.0,0.075,8.921,9.9934,0.6575,1.2367,1.2091,206,1359.92,1.492,0.8926891748554046,13.74915,18.024,0.6575
1.75,48.0,0.02,17.7439,17.7093,1.0058,1.3389,3.1324,630,9023.32,3.937,1.75,48.0,0.02,1.0019537756997736,1.75,48.0,0.02,8.5589,11.7037,0.5661,1.2213,1.0312,206,1303.61,1.492,0.7312986491451421,13.151399999999999,17.7093,0.5661
1.75,48.0,0.08,18.9324,17.6935,1.0992,1.362,3.4086,630,9790.62,3.937,1.75,48.0,0.08,1.0700200638652613,1.75,48.0,0.08,8.7608,9.881,0.6503,1.235,1.2028,206,1335.0,1.492,0.8866309078028539,13.8466,17.6935,0.6503
1.75,48.0,0.01,17.7439,17.7093,1.0058,1.3389,3.1324,630,9023.32,3.937,1.75,48.0,0.01,1.0019537756997736,1.75,48.0,0.01,8.5589,11.7037,0.5661,1.2213,1.0312,206,1303.61,1.492,0.7312986491451421,13.151399999999999,17.7093,0.5661
1.75,48.0,0.03,17.7439,17.7093,1.0058,1.3389,3.1324,630,9023.32,3.937,1.75,48.0,0.03,1.0019537756997736,1.75,48.0,0.03,8.5589,11.7037,0.5661,1.2213,1.0312,206,1303.61,1.492,0.7312986491451421,13.151399999999999,17.7093,0.5661
1.75,48.0,0.07,18.6971,17.6792,1.075,1.3526,3.2922,630,9636.9,3.937,1.75,48.0,0.07,1.057576134666727,1.75,48.0,0.07,8.3814,10.3441,0.6151,1.2205,1.0803,206,1276.05,1.492,0.8102589882155045,13.53925,17.6792,0.6151
1.75,48.0,0.015,17.7439,17.7093,1.0058,1.3389,3.1324,630,9023.32,3.937,1.75,48.0,0.015,1.0019537756997736,1.75,48.0,0.015,8.5589,11.7037,0.5661,1.2213,1.0312,206,1303.61,1.492,0.7312986491451421,13.151399999999999,17.7093,0.5661
1.75,48.0,0.04,18.3147,17.6358,1.034,1.3492,3.2324,630,9389.0,3.937,1.75,48.0,0.04,1.0384955601673866,1.75,48.0,0.04,8.318,11.5243,0.565,1.2153,1.0034,206,1266.21,1.492,0.7217791970011194,13.31635,17.6358,0.565
1.75,48.0,0.065,19.2297,17.8043,1.0932,1.3598,3.3076,630,9986.11,3.937,1.75,48.0,0.065,1.0800593115146342,1.75,48.0,0.065,8.6037,10.2693,0.6276,1.2264,1.0873,206,1310.57,1.492,0.8378078350033595,13.9167,17.8043,0.6276
1.75,64.0,0.075,18.5773,18.024,1.0764,1.3502,3.2938,630,9559.0,3.937,1.75,64.0,0.075,1.0306979582778517,1.75,64.0,0.075,8.921,9.9934,0.6575,1.2367,1.2091,206,1359.92,1.492,0.8926891748554046,13.74915,18.024,0.6575
1.75,64.0,0.05,18.8629,17.9253,1.063,1.3569,3.291,630,9745.1,3.937,1.75,64.0,0.05,1.0523059586171502,1.75,64.0,0.05,8.120099999999999,10.8581,0.5803,1.2094,0.9895,206,1235.51,1.492,0.7478380195430139,13.491499999999998,17.9253,0.5803
1.75,64.0,0.035,17.237099999999998,17.9267,0.9754,1.3332,3.0931,630,8702.97,3.937,1.75,64.0,0.035,0.9615322396202312,1.75,64.0,0.035,8.5287,11.7043,0.5566,1.2199,1.0275,206,1298.92,1.492,0.7286809121434004,12.8829,17.9267,0.5566
1.75,64.0,0.07,18.6971,17.6792,1.075,1.3526,3.2922,630,9636.9,3.937,1.75,64.0,0.07,1.057576134666727,1.75,64.0,0.07,8.3814,10.3441,0.6151,1.2205,1.0803,206,1276.05,1.492,0.8102589882155045,13.53925,17.6792,0.6151
1.75,64.0,0.08,18.9324,17.6935,1.0992,1.362,3.4086,630,9790.62,3.937,1.75,64.0,0.08,1.0700200638652613,1.75,64.0,0.08,8.7608,9.881,0.6503,1.235,1.2028,206,1335.0,1.492,0.8866309078028539,13.8466,17.6935,0.6503
1.75,64.0,0.045,18.3965,17.6232,1.0407,1.3507,3.241,630,9441.86,3.937,1.75,64.0,0.045,1.0438796586318035,1.75,64.0,0.045,8.154300000000001,11.1278,0.5684,1.2103,0.9958,206,1240.81,1.492,0.7327863548949478,13.275400000000001,17.6232,0.5684
1.75,64.0,0.06,19.0158,17.8612,1.0742,1.3562,3.2751,630,9845.31,3.937,1.75,64.0,0.06,1.0646429131301367,1.75,64.0,0.06,8.148,10.3882,0.5911,1.2126,0.9901,206,1239.83,1.492,0.784351475712828,13.5819,17.8612,0.5911
1.75,64.0,0.005,15.8455,19.4226,0.8926,1.3063,2.936,630,7844.09,3.937,1.75,64.0,0.005,0.8158279530032024,1.75,64.0,0.005,8.928600000000001,12.8851,0.5336,1.2304,0.9674,206,1361.1,1.492,0.6929399073348287,12.38705,19.4226,0.5336
1.75,64.0,0.055,18.972,17.9496,1.0705,1.357,3.2805,630,9816.59,3.937,1.75,64.0,0.055,1.0569594865623748,1.75,64.0,0.055,8.4168,10.4658,0.6072,1.2183,1.046,206,1281.54,1.492,0.8042194576620995,13.694400000000002,17.9496,0.6072
1.75,64.0,0.02,15.8455,19.4226,0.8926,1.3063,2.936,630,7844.09,3.937,1.75,64.0,0.02,0.8158279530032024,1.75,64.0,0.02,8.928600000000001,12.8851,0.5336,1.2304,0.9674,206,1361.1,1.492,0.6929399073348287,12.38705,19.4226,0.5336
1.75,64.0,0.01,15.8455,19.4226,0.8926,1.3063,2.936,630,7844.09,3.937,1.75,64.0,0.01,0.8158279530032024,1.75,64.0,0.01,8.928600000000001,12.8851,0.5336,1.2304,0.9674,206,1361.1,1.492,0.6929399073348287,12.38705,19.4226,0.5336
1.75,64.0,0.03,16.7842,18.0394,0.9459,1.325,3.0659,630,8420.13,3.937,1.75,64.0,0.03,0.9304189718061575,1.75,64.0,0.03,8.7667,12.5934,0.5414,1.2263,0.978,206,1335.92,1.492,0.6961344831419632,12.77545,18.0394,0.5414
1.75,64.0,0.015,15.8455,19.4226,0.8926,1.3063,2.936,630,7844.09,3.937,1.75,64.0,0.015,0.8158279530032024,1.75,64.0,0.015,8.928600000000001,12.8851,0.5336,1.2304,0.9674,206,1361.1,1.492,0.6929399073348287,12.38705,19.4226,0.5336
1.75,64.0,0.04,18.3147,17.6358,1.034,1.3492,3.2324,630,9389.0,3.937,1.75,64.0,0.04,1.0384955601673866,1.75,64.0,0.04,8.318,11.5243,0.565,1.2153,1.0034,206,1266.21,1.492,0.7217791970011194,13.31635,17.6358,0.565
1.75,64.0,0.025,15.8455,19.4226,0.8926,1.3063,2.936,630,7844.09,3.937,1.75,64.0,0.025,0.8158279530032024,1.75,64.0,0.025,8.928600000000001,12.8851,0.5336,1.2304,0.9674,206,1361.1,1.492,0.6929399073348287,12.38705,19.4226,0.5336
1.75,64.0,0.065,19.2297,17.8043,1.0932,1.3598,3.3076,630,9986.11,3.937,1.75,64.0,0.065,1.0800593115146342,1.75,64.0,0.065,8.6037,10.2693,0.6276,1.2264,1.0873,206,1310.57,1.492,0.8378078350033595,13.9167,17.8043,0.6276
1.75,80.0,0.05,18.8629,17.9253,1.063,1.3569,3.291,630,9745.1,3.937,1.75,80.0,0.05,1.0523059586171502,1.75,80.0,0.05,8.120099999999999,10.8581,0.5803,1.2094,0.9895,206,1235.51,1.492,0.7478380195430139,13.491499999999998,17.9253,0.5803
1.75,80.0,0.075,18.5773,18.024,1.0764,1.3502,3.2938,630,9559.0,3.937,1.75,80.0,0.075,1.0306979582778517,1.75,80.0,0.075,8.921,9.9934,0.6575,1.2367,1.2091,206,1359.92,1.492,0.8926891748554046,13.74915,18.024,0.6575
1.75,80.0,0.07,18.6971,17.6792,1.075,1.3526,3.2922,630,9636.9,3.937,1.75,80.0,0.07,1.057576134666727,1.75,80.0,0.07,8.3814,10.3441,0.6151,1.2205,1.0803,206,1276.05,1.492,0.8102589882155045,13.53925,17.6792,0.6151
1.75,80.0,0.005,13.8936,27.8686,0.7617,1.2718,2.2372,630,6689.34,3.937,1.75,80.0,0.005,0.4985395750055618,1.75,80.0,0.005,9.4108,13.7491,0.5086,1.2438,0.9389,206,1436.23,1.492,0.684466619633285,11.6522,27.8686,0.5086
1.75,80.0,0.045,18.3965,17.6232,1.0407,1.3507,3.241,630,9441.86,3.937,1.75,80.0,0.045,1.0438796586318035,1.75,80.0,0.045,8.154300000000001,11.1278,0.5684,1.2103,0.9958,206,1240.81,1.492,0.7327863548949478,13.275400000000001,17.6232,0.5684
1.75,80.0,0.08,18.9324,17.6935,1.0992,1.362,3.4086,630,9790.62,3.937,1.75,80.0,0.08,1.0700200638652613,1.75,80.0,0.08,8.7608,9.881,0.6503,1.235,1.2028,206,1335.0,1.492,0.8866309078028539,13.8466,17.6935,0.6503
1.75,80.0,0.01,13.8936,27.8686,0.7617,1.2718,2.2372,630,6689.34,3.937,1.75,80.0,0.01,0.4985395750055618,1.75,80.0,0.01,9.4108,13.7491,0.5086,1.2438,0.9389,206,1436.23,1.492,0.684466619633285,11.6522,27.8686,0.5086
1.75,80.0,0.06,19.0158,17.8612,1.0742,1.3562,3.2751,630,9845.31,3.937,1.75,80.0,0.06,1.0646429131301367,1.75,80.0,0.06,8.148,10.3882,0.5911,1.2126,0.9901,206,1239.83,1.492,0.784351475712828,13.5819,17.8612,0.5911
1.75,80.0,0.02,13.8936,27.8686,0.7617,1.2718,2.2372,630,6689.34,3.937,1.75,80.0,0.02,0.4985395750055618,1.75,80.0,0.02,9.4108,13.7491,0.5086,1.2438,0.9389,206,1436.23,1.492,0.684466619633285,11.6522,27.8686,0.5086
1.75,80.0,0.055,18.972,17.9496,1.0705,1.357,3.2805,630,9816.59,3.937,1.75,80.0,0.055,1.0569594865623748,1.75,80.0,0.055,8.4168,10.4658,0.6072,1.2183,1.046,206,1281.54,1.492,0.8042194576620995,13.694400000000002,17.9496,0.6072
1.75,80.0,0.035,17.237099999999998,17.9267,0.9754,1.3332,3.0931,630,8702.97,3.937,1.75,80.0,0.035,0.9615322396202312,1.75,80.0,0.035,8.5287,11.7043,0.5566,1.2199,1.0275,206,1298.92,1.492,0.7286809121434004,12.8829,17.9267,0.5566
1.75,80.0,0.03,16.7842,18.0394,0.9459,1.325,3.0659,630,8420.13,3.937,1.75,80.0,0.03,0.9304189718061575,1.75,80.0,0.03,8.7667,12.5934,0.5414,1.2263,0.978,206,1335.92,1.492,0.6961344831419632,12.77545,18.0394,0.5414
1.75,80.0,0.025,15.3591,21.7527,0.8608,1.298,2.861,630,7550.94,3.937,1.75,80.0,0.025,0.7060778661959205,1.75,80.0,0.025,8.997399999999999,13.1213,0.5179,1.2324,0.9507,206,1371.81,1.492,0.6857094952481841,12.178249999999998,21.7527,0.5179
1.75,80.0,0.065,19.2297,17.8043,1.0932,1.3598,3.3076,630,9986.11,3.937,1.75,80.0,0.065,1.0800593115146342,1.75,80.0,0.065,8.6037,10.2693,0.6276,1.2264,1.0873,206,1310.57,1.492,0.8378078350033595,13.9167,17.8043,0.6276
1.75,80.0,0.015,13.8936,27.8686,0.7617,1.2718,2.2372,630,6689.34,3.937,1.75,80.0,0.015,0.4985395750055618,1.75,80.0,0.015,9.4108,13.7491,0.5086,1.2438,0.9389,206,1436.23,1.492,0.684466619633285,11.6522,27.8686,0.5086
1.75,80.0,0.04,18.3147,17.6358,1.034,1.3492,3.2324,630,9389.0,3.937,1.75,80.0,0.04,1.0384955601673866,1.75,80.0,0.04,8.318,11.5243,0.565,1.2153,1.0034,206,1266.21,1.492,0.7217791970011194,13.31635,17.6358,0.565
2.0,16.0,0.075,19.0998,19.2623,1.111,1.3753,3.2929,630,9900.5,3.937,2.0,16.0,0.075,0.9915638319411492,2.0,16.0,0.075,7.1039,10.4555,0.5269,1.2054,0.9881,206,1078.3,1.492,0.679441442303094,13.101849999999999,19.2623,0.5269
2.0,16.0,0.02,19.0998,19.2623,1.111,1.3753,3.2929,630,9900.5,3.937,2.0,16.0,0.02,0.9915638319411492,2.0,16.0,0.02,7.1039,10.4555,0.5269,1.2054,0.9881,206,1078.3,1.492,0.679441442303094,13.101849999999999,19.2623,0.5269
2.0,16.0,0.04,19.0998,19.2623,1.111,1.3753,3.2929,630,9900.5,3.937,2.0,16.0,0.04,0.9915638319411492,2.0,16.0,0.04,7.1039,10.4555,0.5269,1.2054,0.9881,206,1078.3,1.492,0.679441442303094,13.101849999999999,19.2623,0.5269
2.0,16.0,0.035,19.0998,19.2623,1.111,1.3753,3.2929,630,9900.5,3.937,2.0,16.0,0.035,0.9915638319411492,2.0,16.0,0.035,7.1039,10.4555,0.5269,1.2054,0.9881,206,1078.3,1.492,0.679441442303094,13.101849999999999,19.2623,0.5269
2.0,16.0,0.03,19.0998,19.2623,1.111,1.3753,3.2929,630,9900.5,3.937,2.0,16.0,0.03,0.9915638319411492,2.0,16.0,0.03,7.1039,10.4555,0.5269,1.2054,0.9881,206,1078.3,1.492,0.679441442303094,13.101849999999999,19.2623,0.5269
2.0,16.0,0.015,19.0998,19.2623,1.111,1.3753,3.2929,630,9900.5,3.937,2.0,16.0,0.015,0.9915638319411492,2.0,16.0,0.015,7.1039,10.4555,0.5269,1.2054,0.9881,206,1078.3,1.492,0.679441442303094,13.101849999999999,19.2623,0.5269
2.0,16.0,0.045,19.0998,19.2623,1.111,1.3753,3.2929,630,9900.5,3.937,2.0,16.0,0.045,0.9915638319411492,2.0,16.0,0.045,7.1039,10.4555,0.5269,1.2054,0.9881,206,1078.3,1.492,0.679441442303094,13.101849999999999,19.2623,0.5269
2.0,16.0,0.06,19.0998,19.2623,1.111,1.3753,3.2929,630,9900.5,3.937,2.0,16.0,0.06,0.9915638319411492,2.0,16.0,0.06,7.1039,10.4555,0.5269,1.2054,0.9881,206,1078.3,1.492,0.679441442303094,13.101849999999999,19.2623,0.5269
2.0,16.0,0.05,19.0998,19.2623,1.111,1.3753,3.2929,630,9900.5,3.937,2.0,16.0,0.05,0.9915638319411492,2.0,16.0,0.05,7.1039,10.4555,0.5269,1.2054,0.9881,206,1078.3,1.492,0.679441442303094,13.101849999999999,19.2623,0.5269
2.0,16.0,0.005,19.0998,19.2623,1.111,1.3753,3.2929,630,9900.5,3.937,2.0,16.0,0.005,0.9915638319411492,2.0,16.0,0.005,7.1039,10.4555,0.5269,1.2054,0.9881,206,1078.3,1.492,0.679441442303094,13.101849999999999,19.2623,0.5269
2.0,16.0,0.055,19.0998,19.2623,1.111,1.3753,3.2929,630,9900.5,3.937,2.0,16.0,0.055,0.9915638319411492,2.0,16.0,0.055,7.1039,10.4555,0.5269,1.2054,0.9881,206,1078.3,1.492,0.679441442303094,13.101849999999999,19.2623,0.5269
2.0,16.0,0.07,19.0998,19.2623,1.111,1.3753,3.2929,630,9900.5,3.937,2.0,16.0,0.07,0.9915638319411492,2.0,16.0,0.07,7.1039,10.4555,0.5269,1.2054,0.9881,206,1078.3,1.492,0.679441442303094,13.101849999999999,19.2623,0.5269
2.0,16.0,0.065,19.0998,19.2623,1.111,1.3753,3.2929,630,9900.5,3.937,2.0,16.0,0.065,0.9915638319411492,2.0,16.0,0.065,7.1039,10.4555,0.5269,1.2054,0.9881,206,1078.3,1.492,0.679441442303094,13.101849999999999,19.2623,0.5269
2.0,16.0,0.025,19.0998,19.2623,1.111,1.3753,3.2929,630,9900.5,3.937,2.0,16.0,0.025,0.9915638319411492,2.0,16.0,0.025,7.1039,10.4555,0.5269,1.2054,0.9881,206,1078.3,1.492,0.679441442303094,13.101849999999999,19.2623,0.5269
2.0,16.0,0.08,19.0998,19.2623,1.111,1.3753,3.2929,630,9900.5,3.937,2.0,16.0,0.08,0.9915638319411492,2.0,16.0,0.08,7.1039,10.4555,0.5269,1.2054,0.9881,206,1078.3,1.492,0.679441442303094,13.101849999999999,19.2623,0.5269
2.0,16.0,0.01,19.0998,19.2623,1.111,1.3753,3.2929,630,9900.5,3.937,2.0,16.0,0.01,0.9915638319411492,2.0,16.0,0.01,7.1039,10.4555,0.5269,1.2054,0.9881,206,1078.3,1.492,0.679441442303094,13.101849999999999,19.2623,0.5269
2.0,32.0,0.075,20.5902,18.9055,1.0959,1.3587,3.3358,630,10899.1,3.937,2.0,32.0,0.075,1.0891116341805294,2.0,32.0,0.075,9.2162,10.8523,0.6335,1.2274,1.12,206,1405.89,1.492,0.849239331754559,14.9032,18.9055,0.6335
2.0,32.0,0.035,20.6332,18.9034,1.0793,1.3589,3.2974,630,10928.46,3.937,2.0,32.0,0.035,1.0915073478845074,2.0,32.0,0.035,8.3925,11.147,0.5682,1.2036,0.918,206,1277.77,1.492,0.7528931551089979,14.51285,18.9034,0.5682
2.0,32.0,0.02,20.6332,18.9034,1.0793,1.3589,3.2974,630,10928.46,3.937,2.0,32.0,0.02,1.0915073478845074,2.0,32.0,0.02,8.3925,11.147,0.5682,1.2036,0.918,206,1277.77,1.492,0.7528931551089979,14.51285,18.9034,0.5682
2.0,32.0,0.045,20.6332,18.9034,1.0793,1.3589,3.2974,630,10928.46,3.937,2.0,32.0,0.045,1.0915073478845074,2.0,32.0,0.045,8.3925,11.147,0.5682,1.2036,0.918,206,1277.77,1.492,0.7528931551089979,14.51285,18.9034,0.5682
2.0,32.0,0.04,20.6332,18.9034,1.0793,1.3589,3.2974,630,10928.46,3.937,2.0,32.0,0.04,1.0915073478845074,2.0,32.0,0.04,8.3925,11.147,0.5682,1.2036,0.918,206,1277.77,1.492,0.7528931551089979,14.51285,18.9034,0.5682
2.0,32.0,0.05,20.6332,18.9034,1.0793,1.3589,3.2974,630,10928.46,3.937,2.0,32.0,0.05,1.0915073478845074,2.0,32.0,0.05,8.3925,11.147,0.5682,1.2036,0.918,206,1277.77,1.492,0.7528931551089979,14.51285,18.9034,0.5682
2.0,32.0,0.06,20.6332,18.9034,1.0793,1.3589,3.2974,630,10928.46,3.937,2.0,32.0,0.06,1.0915073478845074,2.0,32.0,0.06,8.3925,11.147,0.5682,1.2036,0.918,206,1277.77,1.492,0.7528931551089979,14.51285,18.9034,0.5682
2.0,32.0,0.015,20.6332,18.9034,1.0793,1.3589,3.2974,630,10928.46,3.937,2.0,32.0,0.015,1.0915073478845074,2.0,32.0,0.015,8.3925,11.147,0.5682,1.2036,0.918,206,1277.77,1.492,0.7528931551089979,14.51285,18.9034,0.5682
2.0,32.0,0.005,20.6332,18.9034,1.0793,1.3589,3.2974,630,10928.46,3.937,2.0,32.0,0.005,1.0915073478845074,2.0,32.0,0.005,8.3925,11.147,0.5682,1.2036,0.918,206,1277.77,1.492,0.7528931551089979,14.51285,18.9034,0.5682
2.0,32.0,0.055,20.6332,18.9034,1.0793,1.3589,3.2974,630,10928.46,3.937,2.0,32.0,0.055,1.0915073478845074,2.0,32.0,0.055,8.3925,11.147,0.5682,1.2036,0.918,206,1277.77,1.492,0.7528931551089979,14.51285,18.9034,0.5682
2.0,32.0,0.08,20.3595,18.8767,1.0898,1.3554,3.301,630,10742.13,3.937,2.0,32.0,0.08,1.0785518655273434,2.0,32.0,0.08,9.102,10.6134,0.625,1.2251,1.1241,206,1388.1,1.492,0.8575951156085703,14.73075,18.8767,0.625
2.0,32.0,0.01,20.6332,18.9034,1.0793,1.3589,3.2974,630,10928.46,3.937,2.0,32.0,0.01,1.0915073478845074,2.0,32.0,0.01,8.3925,11.147,0.5682,1.2036,0.918,206,1277.77,1.492,0.7528931551089979,14.51285,18.9034,0.5682
2.0,32.0,0.03,20.6332,18.9034,1.0793,1.3589,3.2974,630,10928.46,3.937,2.0,32.0,0.03,1.0915073478845074,2.0,32.0,0.03,8.3925,11.147,0.5682,1.2036,0.918,206,1277.77,1.492,0.7528931551089979,14.51285,18.9034,0.5682
2.0,32.0,0.065,20.6034,18.7815,1.0795,1.3572,3.2934,630,10908.1,3.937,2.0,32.0,0.065,1.097005031547001,2.0,32.0,0.065,9.0474,11.0582,0.6123,1.2206,1.0396,206,1379.6,1.492,0.8181620878624007,14.8254,18.7815,0.6123
2.0,32.0,0.07,20.8389,18.9737,1.0997,1.3613,3.3525,630,11069.31,3.937,2.0,32.0,0.07,1.0983044951696295,2.0,32.0,0.07,8.9712,11.1004,0.6115,1.2198,1.0476,206,1367.74,1.492,0.8081870923570321,14.90505,18.9737,0.6115
2.0,32.0,0.025,20.6332,18.9034,1.0793,1.3589,3.2974,630,10928.46,3.937,2.0,32.0,0.025,1.0915073478845074,2.0,32.0,0.025,8.3925,11.147,0.5682,1.2036,0.918,206,1277.77,1.492,0.7528931551089979,14.51285,18.9034,0.5682
2.0,48.0,0.005,18.946,19.2873,0.9985,1.3378,3.1125,630,9799.54,3.937,2.0,48.0,0.005,0.9823044179330442,2.0,48.0,0.005,8.392800000000001,12.3365,0.5288,1.2017,0.8985,206,1277.82,1.492,0.6803226198678719,13.669400000000001,19.2873,0.5288
2.0,48.0,0.035,18.946,19.2873,0.9985,1.3378,3.1125,630,9799.54,3.937,2.0,48.0,0.035,0.9823044179330442,2.0,48.0,0.035,8.392800000000001,12.3365,0.5288,1.2017,0.8985,206,1277.82,1.492,0.6803226198678719,13.669400000000001,19.2873,0.5288
2.0,48.0,0.055,20.7323,18.7517,1.082,1.3639,3.3114,630,10996.22,3.937,2.0,48.0,0.055,1.1056224235669299,2.0,48.0,0.055,8.7383,11.3878,0.5837,1.2107,1.0009,206,1331.5,1.492,0.7673387309225663,14.735299999999999,18.7517,0.5837
2.0,48.0,0.045,19.8294,19.1138,1.0378,1.3497,3.2131,630,10384.81,3.937,2.0,48.0,0.045,1.037438918477749,2.0,48.0,0.045,8.591600000000001,12.0952,0.5529,1.2062,0.977,206,1308.69,1.492,0.7103313711224288,14.2105,19.1138,0.5529
2.0,48.0,0.075,20.5902,18.9055,1.0959,1.3587,3.3358,630,10899.1,3.937,2.0,48.0,0.075,1.0891116341805294,2.0,48.0,0.075,9.2162,10.8523,0.6335,1.2274,1.12,206,1405.89,1.492,0.849239331754559,14.9032,18.9055,0.6335
2.0,48.0,0.025,18.946,19.2873,0.9985,1.3378,3.1125,630,9799.54,3.937,2.0,48.0,0.025,0.9823044179330442,2.0,48.0,0.025,8.392800000000001,12.3365,0.5288,1.2017,0.8985,206,1277.82,1.492,0.6803226198678719,13.669400000000001,19.2873,0.5288
2.0,48.0,0.05,20.2827,18.9132,1.0596,1.3563,3.2785,630,10690.1,3.937,2.0,48.0,0.05,1.0724097455745194,2.0,48.0,0.05,8.6908,11.6499,0.5715,1.209,0.9885,206,1324.12,1.492,0.7459978197237743,14.486749999999999,18.9132,0.5715
2.0,48.0,0.03,18.946,19.2873,0.9985,1.3378,3.1125,630,9799.54,3.937,2.0,48.0,0.03,0.9823044179330442,2.0,48.0,0.03,8.392800000000001,12.3365,0.5288,1.2017,0.8985,206,1277.82,1.492,0.6803226198678719,13.669400000000001,19.2873,0.5288
2.0,48.0,0.07,20.8389,18.9737,1.0997,1.3613,3.3525,630,11069.31,3.937,2.0,48.0,0.07,1.0983044951696295,2.0,48.0,0.07,8.9712,11.1004,0.6115,1.2198,1.0476,206,1367.74,1.492,0.8081870923570321,14.90505,18.9737,0.6115
2.0,48.0,0.08,20.3595,18.8767,1.0898,1.3554,3.301,630,10742.13,3.937,2.0,48.0,0.08,1.0785518655273434,2.0,48.0,0.08,9.102,10.6134,0.625,1.2251,1.1241,206,1388.1,1.492,0.8575951156085703,14.73075,18.8767,0.625
2.0,48.0,0.01,18.946,19.2873,0.9985,1.3378,3.1125,630,9799.54,3.937,2.0,48.0,0.01,0.9823044179330442,2.0,48.0,0.01,8.392800000000001,12.3365,0.5288,1.2017,0.8985,206,1277.82,1.492,0.6803226198678719,13.669400000000001,19.2873,0.5288
2.0,48.0,0.02,18.946,19.2873,0.9985,1.3378,3.1125,630,9799.54,3.937,2.0,48.0,0.02,0.9823044179330442,2.0,48.0,0.02,8.392800000000001,12.3365,0.5288,1.2017,0.8985,206,1277.82,1.492,0.6803226198678719,13.669400000000001,19.2873,0.5288
2.0,48.0,0.04,18.946,19.2873,0.9985,1.3378,3.1125,630,9799.54,3.937,2.0,48.0,0.04,0.9823044179330442,2.0,48.0,0.04,8.392800000000001,12.3365,0.5288,1.2017,0.8985,206,1277.82,1.492,0.6803226198678719,13.669400000000001,19.2873,0.5288
2.0,48.0,0.015,18.946,19.2873,0.9985,1.3378,3.1125,630,9799.54,3.937,2.0,48.0,0.015,0.9823044179330442,2.0,48.0,0.015,8.392800000000001,12.3365,0.5288,1.2017,0.8985,206,1277.82,1.492,0.6803226198678719,13.669400000000001,19.2873,0.5288
2.0,48.0,0.065,20.6034,18.7815,1.0795,1.3572,3.2934,630,10908.1,3.937,2.0,48.0,0.065,1.097005031547001,2.0,48.0,0.065,9.0474,11.0582,0.6123,1.2206,1.0396,206,1379.6,1.492,0.8181620878624007,14.8254,18.7815,0.6123
2.0,64.0,0.075,20.5902,18.9055,1.0959,1.3587,3.3358,630,10899.1,3.937,2.0,64.0,0.075,1.0891116341805294,2.0,64.0,0.075,9.2162,10.8523,0.6335,1.2274,1.12,206,1405.89,1.492,0.849239331754559,14.9032,18.9055,0.6335
2.0,64.0,0.05,20.2827,18.9132,1.0596,1.3563,3.2785,630,10690.1,3.937,2.0,64.0,0.05,1.0724097455745194,2.0,64.0,0.05,8.6908,11.6499,0.5715,1.209,0.9885,206,1324.12,1.492,0.7459978197237743,14.486749999999999,18.9132,0.5715
2.0,64.0,0.07,20.8389,18.9737,1.0997,1.3613,3.3525,630,11069.31,3.937,2.0,64.0,0.07,1.0983044951696295,2.0,64.0,0.07,8.9712,11.1004,0.6115,1.2198,1.0476,206,1367.74,1.492,0.8081870923570321,14.90505,18.9737,0.6115
2.0,64.0,0.035,18.7884,19.1916,0.9848,1.3353,3.0958,630,9696.44,3.937,2.0,64.0,0.035,0.9789908084787093,2.0,64.0,0.035,8.8347,12.9434,0.5273,1.212,0.9463,206,1346.49,1.492,0.6825640867160097,13.81155,19.1916,0.5273
2.0,64.0,0.045,19.8294,19.1138,1.0378,1.3497,3.2131,630,10384.81,3.937,2.0,64.0,0.045,1.037438918477749,2.0,64.0,0.045,8.591600000000001,12.0952,0.5529,1.2062,0.977,206,1308.69,1.492,0.7103313711224288,14.2105,19.1138,0.5529
2.0,64.0,0.08,20.3595,18.8767,1.0898,1.3554,3.301,630,10742.13,3.937,2.0,64.0,0.08,1.0785518655273434,2.0,64.0,0.08,9.102,10.6134,0.625,1.2251,1.1241,206,1388.1,1.492,0.8575951156085703,14.73075,18.8767,0.625
2.0,64.0,0.005,17.7812,19.1709,0.9326,1.3197,2.9893,630,9047.04,3.937,2.0,64.0,0.005,0.92750992389507,2.0,64.0,0.005,9.3208,13.0908,0.5315,1.223,0.9954,206,1422.19,1.492,0.7120114889846304,13.550999999999998,19.1709,0.5315
2.0,64.0,0.06,20.2798,18.8919,1.0618,1.3558,3.2868,630,10688.15,3.937,2.0,64.0,0.06,1.0734653475828266,2.0,64.0,0.06,8.7349,11.2529,0.5881,1.2114,0.9853,206,1330.97,1.492,0.7762354593038239,14.50735,18.8919,0.5881
2.0,64.0,0.055,20.7323,18.7517,1.082,1.3639,3.3114,630,10996.22,3.937,2.0,64.0,0.055,1.1056224235669299,2.0,64.0,0.055,8.7383,11.3878,0.5837,1.2107,1.0009,206,1331.5,1.492,0.7673387309225663,14.735299999999999,18.7517,0.5837
2.0,64.0,0.02,17.7812,19.1709,0.9326,1.3197,2.9893,630,9047.04,3.937,2.0,64.0,0.02,0.92750992389507,2.0,64.0,0.02,9.3208,13.0908,0.5315,1.223,0.9954,206,1422.19,1.492,0.7120114889846304,13.550999999999998,19.1709,0.5315
2.0,64.0,0.01,17.7812,19.1709,0.9326,1.3197,2.9893,630,9047.04,3.937,2.0,64.0,0.01,0.92750992389507,2.0,64.0,0.01,9.3208,13.0908,0.5315,1.223,0.9954,206,1422.19,1.492,0.7120114889846304,13.550999999999998,19.1709,0.5315
2.0,64.0,0.015,17.7812,19.1709,0.9326,1.3197,2.9893,630,9047.04,3.937,2.0,64.0,0.015,0.92750992389507,2.0,64.0,0.015,9.3208,13.0908,0.5315,1.223,0.9954,206,1422.19,1.492,0.7120114889846304,13.550999999999998,19.1709,0.5315
2.0,64.0,0.03,17.7812,19.1709,0.9326,1.3197,2.9893,630,9047.04,3.937,2.0,64.0,0.03,0.92750992389507,2.0,64.0,0.03,9.3208,13.0908,0.5315,1.223,0.9954,206,1422.19,1.492,0.7120114889846304,13.550999999999998,19.1709,0.5315
2.0,64.0,0.04,18.9565,19.2653,0.9981,1.3381,3.1129,630,9806.37,3.937,2.0,64.0,0.04,0.9839711813467736,2.0,64.0,0.04,8.9516,12.3186,0.5562,1.2151,1.0079,206,1364.68,1.492,0.7266734856233662,13.954049999999999,19.2653,0.5562
2.0,64.0,0.025,17.7812,19.1709,0.9326,1.3197,2.9893,630,9047.04,3.937,2.0,64.0,0.025,0.92750992389507,2.0,64.0,0.025,9.3208,13.0908,0.5315,1.223,0.9954,206,1422.19,1.492,0.7120114889846304,13.550999999999998,19.1709,0.5315
2.0,64.0,0.065,20.6034,18.7815,1.0795,1.3572,3.2934,630,10908.1,3.937,2.0,64.0,0.065,1.097005031547001,2.0,64.0,0.065,9.0474,11.0582,0.6123,1.2206,1.0396,206,1379.6,1.492,0.8181620878624007,14.8254,18.7815,0.6123
2.0,80.0,0.05,20.2827,18.9132,1.0596,1.3563,3.2785,630,10690.1,3.937,2.0,80.0,0.05,1.0724097455745194,2.0,80.0,0.05,8.6908,11.6499,0.5715,1.209,0.9885,206,1324.12,1.492,0.7459978197237743,14.486749999999999,18.9132,0.5715
2.0,80.0,0.075,20.5902,18.9055,1.0959,1.3587,3.3358,630,10899.1,3.937,2.0,80.0,0.075,1.0891116341805294,2.0,80.0,0.075,9.2162,10.8523,0.6335,1.2274,1.12,206,1405.89,1.492,0.849239331754559,14.9032,18.9055,0.6335
2.0,80.0,0.07,20.8389,18.9737,1.0997,1.3613,3.3525,630,11069.31,3.937,2.0,80.0,0.07,1.0983044951696295,2.0,80.0,0.07,8.9712,11.1004,0.6115,1.2198,1.0476,206,1367.74,1.492,0.8081870923570321,14.90505,18.9737,0.6115
2.0,80.0,0.045,19.8294,19.1138,1.0378,1.3497,3.2131,630,10384.81,3.937,2.0,80.0,0.045,1.037438918477749,2.0,80.0,0.045,8.591600000000001,12.0952,0.5529,1.2062,0.977,206,1308.69,1.492,0.7103313711224288,14.2105,19.1138,0.5529
2.0,80.0,0.005,16.2497,25.4148,0.8392,1.2966,2.8351,630,8090.43,3.937,2.0,80.0,0.005,0.639379416717818,2.0,80.0,0.005,9.541,14.3822,0.4973,1.2283,0.9111,206,1456.54,1.492,0.6633894675362602,12.89535,25.4148,0.4973
2.0,80.0,0.055,20.7323,18.7517,1.082,1.3639,3.3114,630,10996.22,3.937,2.0,80.0,0.055,1.1056224235669299,2.0,80.0,0.055,8.7383,11.3878,0.5837,1.2107,1.0009,206,1331.5,1.492,0.7673387309225663,14.735299999999999,18.7517,0.5837
2.0,80.0,0.08,20.3595,18.8767,1.0898,1.3554,3.301,630,10742.13,3.937,2.0,80.0,0.08,1.0785518655273434,2.0,80.0,0.08,9.102,10.6134,0.625,1.2251,1.1241,206,1388.1,1.492,0.8575951156085703,14.73075,18.8767,0.625
2.0,80.0,0.06,20.2798,18.8919,1.0618,1.3558,3.2868,630,10688.15,3.937,2.0,80.0,0.06,1.0734653475828266,2.0,80.0,0.06,8.7349,11.2529,0.5881,1.2114,0.9853,206,1330.97,1.492,0.7762354593038239,14.50735,18.8919,0.5881
2.0,80.0,0.03,17.608999999999998,20.6717,0.9185,1.3189,3.0039,630,8937.65,3.937,2.0,80.0,0.03,0.8518409226140083,2.0,80.0,0.03,9.5374,13.2095,0.536,1.2282,1.0068,206,1455.98,1.492,0.7220106741360385,13.5732,20.6717,0.536
2.0,80.0,0.02,16.2497,25.4148,0.8392,1.2966,2.8351,630,8090.43,3.937,2.0,80.0,0.02,0.639379416717818,2.0,80.0,0.02,9.541,14.3822,0.4973,1.2283,0.9111,206,1456.54,1.492,0.6633894675362602,12.89535,25.4148,0.4973
2.0,80.0,0.01,16.2497,25.4148,0.8392,1.2966,2.8351,630,8090.43,3.937,2.0,80.0,0.01,0.639379416717818,2.0,80.0,0.01,9.541,14.3822,0.4973,1.2283,0.9111,206,1456.54,1.492,0.6633894675362602,12.89535,25.4148,0.4973
2.0,80.0,0.035,18.7884,19.1916,0.9848,1.3353,3.0958,630,9696.44,3.937,2.0,80.0,0.035,0.9789908084787093,2.0,80.0,0.035,8.8347,12.9434,0.5273,1.212,0.9463,206,1346.49,1.492,0.6825640867160097,13.81155,19.1916,0.5273
2.0,80.0,0.025,16.2497,25.4148,0.8392,1.2966,2.8351,630,8090.43,3.937,2.0,80.0,0.025,0.639379416717818,2.0,80.0,0.025,9.541,14.3822,0.4973,1.2283,0.9111,206,1456.54,1.492,0.6633894675362602,12.89535,25.4148,0.4973
2.0,80.0,0.015,16.2497,25.4148,0.8392,1.2966,2.8351,630,8090.43,3.937,2.0,80.0,0.015,0.639379416717818,2.0,80.0,0.015,9.541,14.3822,0.4973,1.2283,0.9111,206,1456.54,1.492,0.6633894675362602,12.89535,25.4148,0.4973
2.0,80.0,0.065,20.6034,18.7815,1.0795,1.3572,3.2934,630,10908.1,3.937,2.0,80.0,0.065,1.097005031547001,2.0,80.0,0.065,9.0474,11.0582,0.6123,1.2206,1.0396,206,1379.6,1.492,0.8181620878624007,14.8254,18.7815,0.6123
2.0,80.0,0.04,18.9565,19.2653,0.9981,1.3381,3.1129,630,9806.37,3.937,2.0,80.0,0.04,0.9839711813467736,2.0,80.0,0.04,8.9516,12.3186,0.5562,1.2151,1.0079,206,1364.68,1.492,0.7266734856233662,13.954049999999999,19.2653,0.5562
