target_vol_is,max_lev_is,vol_floor_is,cagr_pct_is,equity_dd_pct_is,sharpe_is,profit_factor_is,recovery_factor_is,trades_is,net_profit_is,years_is,vt_r,lev_r,vfl_r,calmar_is,cagr_robust,sharpe_robust,target_vol_oos,max_lev_oos,vol_floor_oos,cagr_pct_oos,equity_dd_pct_oos,sharpe_oos,profit_factor_oos,recovery_factor_oos,trades_oos,net_profit_oos,years_oos,calmar_oos
0.1,8.0,0.01,4.7284,4.453,1.2246,1.3994,3.959,630,1994.85,3.937,0.1,8.0,0.01,1.0618459465528856,5.024175,1.17455,0.1,8.0,0.01,3.2488,2.2672,1.0852,1.3993,2.1179,206,488.61,1.492,1.4329569513055753
0.1,8.0,0.02,4.4722,4.4329,1.2082,1.3867,3.8093,630,1879.72,3.937,0.1,8.0,0.02,1.0088655282095242,5.0141,1.2064,0.1,8.0,0.02,2.6695,2.3156,0.9282,1.3313,1.7036,206,400.93,1.492,1.1528329590602868
0.1,8.0,0.03,4.0352,4.5005,1.2162,1.379,3.4012,630,1685.27,3.937,0.1,8.0,0.03,0.8966114876124874,4.64935,1.2141,0.1,8.0,0.03,2.5919000000000003,2.2283,0.9746,1.3813,1.7157,206,389.2,1.492,1.163173719876139
0.1,8.0,0.04,2.9488,5.1437,0.9595,1.2843,2.1904,630,1212.2,3.937,0.1,8.0,0.04,0.5732838229290199,3.6857499999999996,1.0323,0.1,8.0,0.04,2.5765,2.3177,1.0939,1.4097,1.6416,206,386.87,1.492,1.1116624239547828
0.1,8.0,0.05,2.4443,4.739,0.891,1.2522,1.9796,630,997.44,3.937,0.1,8.0,0.05,0.5157839206583668,3.0241,0.935,0.1,8.0,0.05,2.6733,2.1127,1.2504,1.4665,1.8718,206,401.51,1.492,1.2653476593931936
0.1,8.0,0.06,2.1344,4.1718,0.8894,1.2447,1.9709,630,867.01,3.937,0.1,8.0,0.06,0.5116256771657317,2.54785,0.8966999999999999,0.1,8.0,0.06,2.7897000000000003,1.8453,1.4218,1.5243,2.2386,206,419.11,1.492,1.5117867013493742
0.1,8.0,0.07,1.9302,3.4718,0.9102,1.2465,2.1459,630,781.74,3.937,0.1,8.0,0.07,0.5559652053689729,2.2954,0.9279,0.1,8.0,0.07,2.8566000000000003,1.6275,1.5621,1.5756,2.5993,206,429.23,1.492,1.7552073732718896
0.1,8.0,0.08,1.8246,2.9851,0.9299,1.251,2.3726,630,737.83,3.937,0.1,8.0,0.08,0.6112358044956617,2.0143,0.8974500000000001,0.1,8.0,0.08,2.8683,1.4208,1.659,1.6088,2.9937,206,431.0,1.492,2.01879222972973
0.1,16.0,0.08,1.8246,2.9851,0.9299,1.251,2.3726,630,737.83,3.937,0.1,16.0,0.08,0.6112358044956617,2.0143,0.8974500000000001,0.1,16.0,0.08,2.8683,1.4208,1.659,1.6088,2.9937,206,431.0,1.492,2.01879222972973
0.1,16.0,0.01,4.4478,4.4334,1.1565,1.372,3.7512,630,1868.8,3.937,0.1,16.0,0.01,1.003248071457572,4.963,1.1580166666666667,0.1,16.0,0.01,3.2615,2.2672,1.0841,1.4008,2.095,206,490.54,1.492,1.4385585744530698
0.1,16.0,0.02,4.4722,4.4329,1.2082,1.3867,3.8093,630,1879.72,3.937,0.1,16.0,0.02,1.0088655282095242,5.0141,1.2064000000000001,0.1,16.0,0.02,2.6695,2.3156,0.9282,1.3313,1.7036,206,400.93,1.492,1.1528329590602868
0.1,16.0,0.03,4.0352,4.5005,1.2162,1.379,3.4012,630,1685.27,3.937,0.1,16.0,0.03,0.8966114876124874,4.64935,1.2141,0.1,16.0,0.03,2.5919000000000003,2.2283,0.9746,1.3813,1.7157,206,389.2,1.492,1.163173719876139
0.1,16.0,0.04,2.9488,5.1437,0.9595,1.2843,2.1904,630,1212.2,3.937,0.1,16.0,0.04,0.5732838229290199,3.685749999999999,1.0323,0.1,16.0,0.04,2.5765,2.3177,1.0939,1.4097,1.6416,206,386.87,1.492,1.1116624239547828
0.1,16.0,0.05,2.4443,4.739,0.891,1.2522,1.9796,630,997.44,3.937,0.1,16.0,0.05,0.5157839206583668,3.0241000000000002,0.935,0.1,16.0,0.05,2.6733,2.1127,1.2504,1.4665,1.8718,206,401.51,1.492,1.2653476593931936
0.1,16.0,0.06,2.1344,4.1718,0.8894,1.2447,1.9709,630,867.01,3.937,0.1,16.0,0.06,0.5116256771657317,2.54785,0.8966999999999999,0.1,16.0,0.06,2.7897000000000003,1.8453,1.4218,1.5243,2.2386,206,419.11,1.492,1.5117867013493742
0.1,16.0,0.07,1.9302,3.4718,0.9102,1.2465,2.1459,630,781.74,3.937,0.1,16.0,0.07,0.5559652053689729,2.2954000000000003,0.9278999999999998,0.1,16.0,0.07,2.8566000000000003,1.6275,1.5621,1.5756,2.5993,206,429.23,1.492,1.7552073732718896
0.1,24.0,0.03,4.0352,4.5005,1.2162,1.379,3.4012,630,1685.27,3.937,0.1,24.0,0.03,0.8966114876124874,4.64935,1.2141,0.1,24.0,0.03,2.5919000000000003,2.2283,0.9746,1.3813,1.7157,206,389.2,1.492,1.163173719876139
0.1,24.0,0.04,2.9488,5.1437,0.9595,1.2843,2.1904,630,1212.2,3.937,0.1,24.0,0.04,0.5732838229290199,3.685749999999999,1.0323,0.1,24.0,0.04,2.5765,2.3177,1.0939,1.4097,1.6416,206,386.87,1.492,1.1116624239547828
0.1,24.0,0.05,2.4443,4.739,0.891,1.2522,1.9796,630,997.44,3.937,0.1,24.0,0.05,0.5157839206583668,3.0241000000000002,0.935,0.1,24.0,0.05,2.6733,2.1127,1.2504,1.4665,1.8718,206,401.51,1.492,1.2653476593931936
0.1,24.0,0.06,2.1344,4.1718,0.8894,1.2447,1.9709,630,867.01,3.937,0.1,24.0,0.06,0.5116256771657317,2.54785,0.8966999999999999,0.1,24.0,0.06,2.7897000000000003,1.8453,1.4218,1.5243,2.2386,206,419.11,1.492,1.5117867013493742
0.1,24.0,0.07,1.9302,3.4718,0.9102,1.2465,2.1459,630,781.74,3.937,0.1,24.0,0.07,0.5559652053689729,2.2954000000000003,0.9278999999999998,0.1,24.0,0.07,2.8566000000000003,1.6275,1.5621,1.5756,2.5993,206,429.23,1.492,1.7552073732718896
0.1,24.0,0.08,1.8246,2.9851,0.9299,1.251,2.3726,630,737.83,3.937,0.1,24.0,0.08,0.6112358044956617,2.0143,0.8974500000000001,0.1,24.0,0.08,2.8683,1.4208,1.659,1.6088,2.9937,206,431.0,1.492,2.01879222972973
0.1,24.0,0.01,4.4478,4.4334,1.1565,1.372,3.7512,630,1868.8,3.937,0.1,24.0,0.01,1.003248071457572,4.840649999999999,1.12495,0.1,24.0,0.01,3.2615,2.2672,1.0841,1.4008,2.095,206,490.54,1.492,1.4385585744530698
0.1,24.0,0.02,4.4722,4.4329,1.2082,1.3867,3.8093,630,1879.72,3.937,0.1,24.0,0.02,1.0088655282095242,5.0141,1.2064000000000001,0.1,24.0,0.02,2.6695,2.3156,0.9282,1.3313,1.7036,206,400.93,1.492,1.1528329590602868
0.1,32.0,0.01,4.4478,4.4334,1.1565,1.372,3.7512,630,1868.8,3.937,0.1,32.0,0.01,1.003248071457572,4.840649999999999,1.12495,0.1,32.0,0.01,3.2615,2.2672,1.0841,1.4008,2.095,206,490.54,1.492,1.4385585744530698
0.1,32.0,0.02,4.4722,4.4329,1.2082,1.3867,3.8093,630,1879.72,3.937,0.1,32.0,0.02,1.0088655282095242,5.0141,1.2064000000000001,0.1,32.0,0.02,2.6695,2.3156,0.9282,1.3313,1.7036,206,400.93,1.492,1.1528329590602868
0.1,32.0,0.03,4.0352,4.5005,1.2162,1.379,3.4012,630,1685.27,3.937,0.1,32.0,0.03,0.8966114876124874,4.64935,1.2141,0.1,32.0,0.03,2.5919000000000003,2.2283,0.9746,1.3813,1.7157,206,389.2,1.492,1.163173719876139
0.1,32.0,0.04,2.9488,5.1437,0.9595,1.2843,2.1904,630,1212.2,3.937,0.1,32.0,0.04,0.5732838229290199,3.685749999999999,1.0323,0.1,32.0,0.04,2.5765,2.3177,1.0939,1.4097,1.6416,206,386.87,1.492,1.1116624239547828
0.1,32.0,0.05,2.4443,4.739,0.891,1.2522,1.9796,630,997.44,3.937,0.1,32.0,0.05,0.5157839206583668,3.0241000000000002,0.935,0.1,32.0,0.05,2.6733,2.1127,1.2504,1.4665,1.8718,206,401.51,1.492,1.2653476593931936
0.1,32.0,0.06,2.1344,4.1718,0.8894,1.2447,1.9709,630,867.01,3.937,0.1,32.0,0.06,0.5116256771657317,2.54785,0.8966999999999999,0.1,32.0,0.06,2.7897000000000003,1.8453,1.4218,1.5243,2.2386,206,419.11,1.492,1.5117867013493742
0.1,32.0,0.07,1.9302,3.4718,0.9102,1.2465,2.1459,630,781.74,3.937,0.1,32.0,0.07,0.5559652053689729,2.2954000000000003,0.9278999999999998,0.1,32.0,0.07,2.8566000000000003,1.6275,1.5621,1.5756,2.5993,206,429.23,1.492,1.7552073732718896
0.1,32.0,0.08,1.8246,2.9851,0.9299,1.251,2.3726,630,737.83,3.937,0.1,32.0,0.08,0.6112358044956617,2.0143,0.8974500000000001,0.1,32.0,0.08,2.8683,1.4208,1.659,1.6088,2.9937,206,431.0,1.492,2.01879222972973
0.1,40.0,0.05,2.4443,4.739,0.891,1.2522,1.9796,630,997.44,3.937,0.1,40.0,0.05,0.5157839206583668,3.0241000000000002,0.935,0.1,40.0,0.05,2.6733,2.1127,1.2504,1.4665,1.8718,206,401.51,1.492,1.2653476593931936
0.1,40.0,0.06,2.1344,4.1718,0.8894,1.2447,1.9709,630,867.01,3.937,0.1,40.0,0.06,0.5116256771657317,2.54785,0.8966999999999999,0.1,40.0,0.06,2.7897000000000003,1.8453,1.4218,1.5243,2.2386,206,419.11,1.492,1.5117867013493742
0.1,40.0,0.07,1.9302,3.4718,0.9102,1.2465,2.1459,630,781.74,3.937,0.1,40.0,0.07,0.5559652053689729,2.2954000000000003,0.9278999999999998,0.1,40.0,0.07,2.8566000000000003,1.6275,1.5621,1.5756,2.5993,206,429.23,1.492,1.7552073732718896
0.1,40.0,0.08,1.8246,2.9851,0.9299,1.251,2.3726,630,737.83,3.937,0.1,40.0,0.08,0.6112358044956617,2.0143,0.8974500000000001,0.1,40.0,0.08,2.8683,1.4208,1.659,1.6088,2.9937,206,431.0,1.492,2.01879222972973
0.1,40.0,0.01,4.4478,4.4334,1.1565,1.372,3.7512,630,1868.8,3.937,0.1,40.0,0.01,1.003248071457572,4.840649999999999,1.12495,0.1,40.0,0.01,3.2615,2.2672,1.0841,1.4008,2.095,206,490.54,1.492,1.4385585744530698
0.1,40.0,0.02,4.4722,4.4329,1.2082,1.3867,3.8093,630,1879.72,3.937,0.1,40.0,0.02,1.0088655282095242,5.0141,1.2064000000000001,0.1,40.0,0.02,2.6695,2.3156,0.9282,1.3313,1.7036,206,400.93,1.492,1.1528329590602868
0.1,40.0,0.03,4.0352,4.5005,1.2162,1.379,3.4012,630,1685.27,3.937,0.1,40.0,0.03,0.8966114876124874,4.64935,1.2141,0.1,40.0,0.03,2.5919000000000003,2.2283,0.9746,1.3813,1.7157,206,389.2,1.492,1.163173719876139
0.1,40.0,0.04,2.9488,5.1437,0.9595,1.2843,2.1904,630,1212.2,3.937,0.1,40.0,0.04,0.5732838229290199,3.685749999999999,1.0323,0.1,40.0,0.04,2.5765,2.3177,1.0939,1.4097,1.6416,206,386.87,1.492,1.1116624239547828
0.1,48.0,0.01,4.4478,4.4334,1.1565,1.372,3.7512,630,1868.8,3.937,0.1,48.0,0.01,1.003248071457572,4.840649999999999,1.12495,0.1,48.0,0.01,3.2615,2.2672,1.0841,1.4008,2.095,206,490.54,1.492,1.4385585744530698
0.1,48.0,0.02,4.4722,4.4329,1.2082,1.3867,3.8093,630,1879.72,3.937,0.1,48.0,0.02,1.0088655282095242,5.0141,1.2064000000000001,0.1,48.0,0.02,2.6695,2.3156,0.9282,1.3313,1.7036,206,400.93,1.492,1.1528329590602868
0.1,48.0,0.03,4.0352,4.5005,1.2162,1.379,3.4012,630,1685.27,3.937,0.1,48.0,0.03,0.8966114876124874,4.64935,1.2141,0.1,48.0,0.03,2.5919000000000003,2.2283,0.9746,1.3813,1.7157,206,389.2,1.492,1.163173719876139
0.1,48.0,0.04,2.9488,5.1437,0.9595,1.2843,2.1904,630,1212.2,3.937,0.1,48.0,0.04,0.5732838229290199,3.685749999999999,1.0323,0.1,48.0,0.04,2.5765,2.3177,1.0939,1.4097,1.6416,206,386.87,1.492,1.1116624239547828
0.1,48.0,0.05,2.4443,4.739,0.891,1.2522,1.9796,630,997.44,3.937,0.1,48.0,0.05,0.5157839206583668,3.0241000000000002,0.935,0.1,48.0,0.05,2.6733,2.1127,1.2504,1.4665,1.8718,206,401.51,1.492,1.2653476593931936
0.1,48.0,0.06,2.1344,4.1718,0.8894,1.2447,1.9709,630,867.01,3.937,0.1,48.0,0.06,0.5116256771657317,2.54785,0.8966999999999999,0.1,48.0,0.06,2.7897000000000003,1.8453,1.4218,1.5243,2.2386,206,419.11,1.492,1.5117867013493742
0.1,48.0,0.07,1.9302,3.4718,0.9102,1.2465,2.1459,630,781.74,3.937,0.1,48.0,0.07,0.5559652053689729,2.2954000000000003,0.9278999999999998,0.1,48.0,0.07,2.8566000000000003,1.6275,1.5621,1.5756,2.5993,206,429.23,1.492,1.7552073732718896
0.1,48.0,0.08,1.8246,2.9851,0.9299,1.251,2.3726,630,737.83,3.937,0.1,48.0,0.08,0.6112358044956617,2.0143,0.8974500000000001,0.1,48.0,0.08,2.8683,1.4208,1.659,1.6088,2.9937,206,431.0,1.492,2.01879222972973
0.1,56.0,0.07,1.9302,3.4718,0.9102,1.2465,2.1459,630,781.74,3.937,0.1,56.0,0.07,0.5559652053689729,2.2954000000000003,0.9278999999999998,0.1,56.0,0.07,2.8566000000000003,1.6275,1.5621,1.5756,2.5993,206,429.23,1.492,1.7552073732718896
0.1,56.0,0.08,1.8246,2.9851,0.9299,1.251,2.3726,630,737.83,3.937,0.1,56.0,0.08,0.6112358044956617,2.0143,0.8974500000000001,0.1,56.0,0.08,2.8683,1.4208,1.659,1.6088,2.9937,206,431.0,1.492,2.01879222972973
0.1,56.0,0.01,4.4478,4.4334,1.1565,1.372,3.7512,630,1868.8,3.937,0.1,56.0,0.01,1.003248071457572,4.840649999999999,1.12495,0.1,56.0,0.01,3.2615,2.2672,1.0841,1.4008,2.095,206,490.54,1.492,1.4385585744530698
0.1,56.0,0.02,4.4722,4.4329,1.2082,1.3867,3.8093,630,1879.72,3.937,0.1,56.0,0.02,1.0088655282095242,5.0141,1.2064000000000001,0.1,56.0,0.02,2.6695,2.3156,0.9282,1.3313,1.7036,206,400.93,1.492,1.1528329590602868
0.1,56.0,0.03,4.0352,4.5005,1.2162,1.379,3.4012,630,1685.27,3.937,0.1,56.0,0.03,0.8966114876124874,4.64935,1.2141,0.1,56.0,0.03,2.5919000000000003,2.2283,0.9746,1.3813,1.7157,206,389.2,1.492,1.163173719876139
0.1,56.0,0.04,2.9488,5.1437,0.9595,1.2843,2.1904,630,1212.2,3.937,0.1,56.0,0.04,0.5732838229290199,3.685749999999999,1.0323,0.1,56.0,0.04,2.5765,2.3177,1.0939,1.4097,1.6416,206,386.87,1.492,1.1116624239547828
0.1,56.0,0.05,2.4443,4.739,0.891,1.2522,1.9796,630,997.44,3.937,0.1,56.0,0.05,0.5157839206583668,3.0241000000000002,0.935,0.1,56.0,0.05,2.6733,2.1127,1.2504,1.4665,1.8718,206,401.51,1.492,1.2653476593931936
0.1,56.0,0.06,2.1344,4.1718,0.8894,1.2447,1.9709,630,867.01,3.937,0.1,56.0,0.06,0.5116256771657317,2.54785,0.8966999999999999,0.1,56.0,0.06,2.7897000000000003,1.8453,1.4218,1.5243,2.2386,206,419.11,1.492,1.5117867013493742
0.1,64.0,0.03,4.0352,4.5005,1.2162,1.379,3.4012,630,1685.27,3.937,0.1,64.0,0.03,0.8966114876124874,4.64935,1.2141,0.1,64.0,0.03,2.5919000000000003,2.2283,0.9746,1.3813,1.7157,206,389.2,1.492,1.163173719876139
0.1,64.0,0.04,2.9488,5.1437,0.9595,1.2843,2.1904,630,1212.2,3.937,0.1,64.0,0.04,0.5732838229290199,3.685749999999999,1.0323,0.1,64.0,0.04,2.5765,2.3177,1.0939,1.4097,1.6416,206,386.87,1.492,1.1116624239547828
0.1,64.0,0.05,2.4443,4.739,0.891,1.2522,1.9796,630,997.44,3.937,0.1,64.0,0.05,0.5157839206583668,3.0241000000000002,0.935,0.1,64.0,0.05,2.6733,2.1127,1.2504,1.4665,1.8718,206,401.51,1.492,1.2653476593931936
0.1,64.0,0.06,2.1344,4.1718,0.8894,1.2447,1.9709,630,867.01,3.937,0.1,64.0,0.06,0.5116256771657317,2.54785,0.8966999999999999,0.1,64.0,0.06,2.7897000000000003,1.8453,1.4218,1.5243,2.2386,206,419.11,1.492,1.5117867013493742
0.1,64.0,0.07,1.9302,3.4718,0.9102,1.2465,2.1459,630,781.74,3.937,0.1,64.0,0.07,0.5559652053689729,2.2954000000000003,0.9278999999999998,0.1,64.0,0.07,2.8566000000000003,1.6275,1.5621,1.5756,2.5993,206,429.23,1.492,1.7552073732718896
0.1,64.0,0.08,1.8246,2.9851,0.9299,1.251,2.3726,630,737.83,3.937,0.1,64.0,0.08,0.6112358044956617,2.0143,0.8974500000000001,0.1,64.0,0.08,2.8683,1.4208,1.659,1.6088,2.9937,206,431.0,1.492,2.01879222972973
0.1,64.0,0.01,4.4478,4.4334,1.1565,1.372,3.7512,630,1868.8,3.937,0.1,64.0,0.01,1.003248071457572,4.840649999999999,1.12495,0.1,64.0,0.01,3.2615,2.2672,1.0841,1.4008,2.095,206,490.54,1.492,1.4385585744530698
0.1,64.0,0.02,4.4722,4.4329,1.2082,1.3867,3.8093,630,1879.72,3.937,0.1,64.0,0.02,1.0088655282095242,5.0141,1.2064000000000001,0.1,64.0,0.02,2.6695,2.3156,0.9282,1.3313,1.7036,206,400.93,1.492,1.1528329590602868
0.1,72.0,0.01,4.4478,4.4334,1.1565,1.372,3.7512,630,1868.8,3.937,0.1,72.0,0.01,1.003248071457572,4.840649999999999,1.12495,0.1,72.0,0.01,3.2615,2.2672,1.0841,1.4008,2.095,206,490.54,1.492,1.4385585744530698
0.1,72.0,0.02,4.4722,4.4329,1.2082,1.3867,3.8093,630,1879.72,3.937,0.1,72.0,0.02,1.0088655282095242,5.0141,1.2064000000000001,0.1,72.0,0.02,2.6695,2.3156,0.9282,1.3313,1.7036,206,400.93,1.492,1.1528329590602868
0.1,72.0,0.03,4.0352,4.5005,1.2162,1.379,3.4012,630,1685.27,3.937,0.1,72.0,0.03,0.8966114876124874,4.64935,1.2141,0.1,72.0,0.03,2.5919000000000003,2.2283,0.9746,1.3813,1.7157,206,389.2,1.492,1.163173719876139
0.1,72.0,0.04,2.9488,5.1437,0.9595,1.2843,2.1904,630,1212.2,3.937,0.1,72.0,0.04,0.5732838229290199,3.685749999999999,1.0323,0.1,72.0,0.04,2.5765,2.3177,1.0939,1.4097,1.6416,206,386.87,1.492,1.1116624239547828
0.1,72.0,0.05,2.4443,4.739,0.891,1.2522,1.9796,630,997.44,3.937,0.1,72.0,0.05,0.5157839206583668,3.0241000000000002,0.935,0.1,72.0,0.05,2.6733,2.1127,1.2504,1.4665,1.8718,206,401.51,1.492,1.2653476593931936
0.1,72.0,0.06,2.1344,4.1718,0.8894,1.2447,1.9709,630,867.01,3.937,0.1,72.0,0.06,0.5116256771657317,2.54785,0.8966999999999999,0.1,72.0,0.06,2.7897000000000003,1.8453,1.4218,1.5243,2.2386,206,419.11,1.492,1.5117867013493742
0.1,72.0,0.07,1.9302,3.4718,0.9102,1.2465,2.1459,630,781.74,3.937,0.1,72.0,0.07,0.5559652053689729,2.2954000000000003,0.9278999999999998,0.1,72.0,0.07,2.8566000000000003,1.6275,1.5621,1.5756,2.5993,206,429.23,1.492,1.7552073732718896
0.1,72.0,0.08,1.8246,2.9851,0.9299,1.251,2.3726,630,737.83,3.937,0.1,72.0,0.08,0.6112358044956617,2.0143,0.8974500000000001,0.1,72.0,0.08,2.8683,1.4208,1.659,1.6088,2.9937,206,431.0,1.492,2.01879222972973
0.1,80.0,0.05,2.4443,4.739,0.891,1.2522,1.9796,630,997.44,3.937,0.1,80.0,0.05,0.5157839206583668,3.0241,0.935,0.1,80.0,0.05,2.6733,2.1127,1.2504,1.4665,1.8718,206,401.51,1.492,1.2653476593931936
0.1,80.0,0.06,2.1344,4.1718,0.8894,1.2447,1.9709,630,867.01,3.937,0.1,80.0,0.06,0.5116256771657317,2.54785,0.8966999999999999,0.1,80.0,0.06,2.7897000000000003,1.8453,1.4218,1.5243,2.2386,206,419.11,1.492,1.5117867013493742
0.1,80.0,0.07,1.9302,3.4718,0.9102,1.2465,2.1459,630,781.74,3.937,0.1,80.0,0.07,0.5559652053689729,2.2954,0.9279,0.1,80.0,0.07,2.8566000000000003,1.6275,1.5621,1.5756,2.5993,206,429.23,1.492,1.7552073732718896
0.1,80.0,0.01,4.4478,4.4334,1.1565,1.372,3.7512,630,1868.8,3.937,0.1,80.0,0.01,1.003248071457572,4.84065,1.1249500000000001,0.1,80.0,0.01,3.2615,2.2672,1.0841,1.4008,2.095,206,490.54,1.492,1.4385585744530698
0.1,80.0,0.02,4.4722,4.4329,1.2082,1.3867,3.8093,630,1879.72,3.937,0.1,80.0,0.02,1.0088655282095242,5.0141,1.2064,0.1,80.0,0.02,2.6695,2.3156,0.9282,1.3313,1.7036,206,400.93,1.492,1.1528329590602868
0.1,80.0,0.03,4.0352,4.5005,1.2162,1.379,3.4012,630,1685.27,3.937,0.1,80.0,0.03,0.8966114876124874,4.64935,1.2141,0.1,80.0,0.03,2.5919000000000003,2.2283,0.9746,1.3813,1.7157,206,389.2,1.492,1.163173719876139
0.1,80.0,0.04,2.9488,5.1437,0.9595,1.2843,2.1904,630,1212.2,3.937,0.1,80.0,0.04,0.5732838229290199,3.6857499999999996,1.0323,0.1,80.0,0.04,2.5765,2.3177,1.0939,1.4097,1.6416,206,386.87,1.492,1.1116624239547828
0.1,80.0,0.08,1.8246,2.9851,0.9299,1.251,2.3726,630,737.83,3.937,0.1,80.0,0.08,0.6112358044956617,2.0143,0.8974500000000001,0.1,80.0,0.08,2.8683,1.4208,1.659,1.6088,2.9937,206,431.0,1.492,2.01879222972973
0.15,8.0,0.01,5.686999999999999,5.2922,1.2237,1.3987,3.9637,630,2432.95,3.937,0.15,8.0,0.01,1.0746003552397867,5.41825,1.1667666666666667,0.15,8.0,0.01,2.7292,3.1877,0.7442,1.2623,1.2606,206,409.96,1.492,0.8561658876305801
0.15,8.0,0.02,5.556,5.2318,1.2046,1.3904,3.8168,630,2372.37,3.937,0.15,8.0,0.02,1.061967200581062,5.461133333333333,1.1952666666666667,0.15,8.0,0.02,2.9169,3.0382,0.7997,1.2841,1.4149,206,438.35,1.492,0.9600750444342045
0.15,8.0,0.03,5.2635000000000005,5.3666,1.212,1.3967,3.6826,630,2237.96,3.937,0.15,8.0,0.03,0.9807885812246115,5.160166666666666,1.2051666666666667,0.15,8.0,0.03,2.6502000000000003,2.6233,0.7875,1.2962,1.4916,206,398.01,1.492,1.0102542599016506
0.15,8.0,0.04,4.4227,5.4939,1.1051,1.3486,3.0436,630,1857.58,3.937,0.15,8.0,0.04,0.8050201132164764,4.357666666666666,1.0828666666666666,0.15,8.0,0.04,2.4953,2.7285,0.8219,1.3254,1.3468,206,374.61,1.492,0.9145317940260216
0.15,8.0,0.05,3.6039,5.9922,0.979,1.2989,2.2816,630,1495.71,3.937,0.15,8.0,0.05,0.6014318614198457,3.645,0.9859,0.15,8.0,0.05,2.1574,3.0309,0.7773,1.2962,1.0496,206,323.62,1.492,0.711801775050315
0.15,8.0,0.06,2.9613,5.6763,0.904,1.2656,1.9898,630,1217.53,3.937,0.15,8.0,0.06,0.5216954706410866,2.9698666666666664,0.9047666666666666,0.15,8.0,0.06,2.6368,2.4291,1.0797,1.4086,1.6033,206,395.98,1.492,1.0855049195175168
0.15,8.0,0.07,2.6606,4.681,0.9456,1.2694,2.1822,630,1089.13,3.937,0.15,8.0,0.07,0.5683828241828669,2.6868999999999996,0.9308666666666666,0.15,8.0,0.07,2.8483,2.1622,1.2868,1.4897,1.9481,206,427.97,1.492,1.317315696975303
0.15,8.0,0.08,2.204,4.5531,0.865,1.2387,1.8571,630,896.21,3.937,0.15,8.0,0.08,0.4840658013221762,2.3325666666666667,0.8993666666666668,0.15,8.0,0.08,2.8319,1.895,1.4049,1.5232,2.2113,206,425.48,1.492,1.494406332453826
0.15,16.0,0.07,2.6606,4.681,0.9456,1.2694,2.1822,630,1089.13,3.937,0.15,16.0,0.07,0.5683828241828669,2.6868999999999996,0.9308666666666667,0.15,16.0,0.07,2.8483,2.1622,1.2868,1.4897,1.9481,206,427.97,1.492,1.317315696975303
0.15,16.0,0.08,2.204,4.5531,0.865,1.2387,1.8571,630,896.21,3.937,0.15,16.0,0.08,0.4840658013221762,2.3325666666666667,0.8993666666666668,0.15,16.0,0.08,2.8319,1.895,1.4049,1.5232,2.2113,206,425.48,1.492,1.494406332453826
0.15,16.0,0.01,5.2335,5.3516,1.0934,1.3613,3.5331,630,2224.2,3.937,0.15,16.0,0.01,0.9779318334703639,5.325866666666666,1.1439333333333335,0.15,16.0,0.01,2.8069,3.2792,0.7452,1.2672,1.259,206,421.7,1.492,0.8559709685289095
0.15,16.0,0.02,5.556,5.2318,1.2046,1.3904,3.8168,630,2372.37,3.937,0.15,16.0,0.02,1.061967200581062,5.479711111111111,1.1964555555555556,0.15,16.0,0.02,2.9169,3.0382,0.7997,1.2841,1.4149,206,438.35,1.492,0.9600750444342045
0.15,16.0,0.03,5.2635000000000005,5.3666,1.212,1.3967,3.6826,630,2237.96,3.937,0.15,16.0,0.03,0.9807885812246115,5.160166666666666,1.2051666666666667,0.15,16.0,0.03,2.6502000000000003,2.6233,0.7875,1.2962,1.4916,206,398.01,1.492,1.0102542599016506
0.15,16.0,0.04,4.4227,5.4939,1.1051,1.3486,3.0436,630,1857.58,3.937,0.15,16.0,0.04,0.8050201132164764,4.357666666666667,1.0828666666666666,0.15,16.0,0.04,2.4953,2.7285,0.8219,1.3254,1.3468,206,374.61,1.492,0.9145317940260216
0.15,16.0,0.05,3.6039,5.9922,0.979,1.2989,2.2816,630,1495.71,3.937,0.15,16.0,0.05,0.6014318614198457,3.645,0.9859000000000001,0.15,16.0,0.05,2.1574,3.0309,0.7773,1.2962,1.0496,206,323.62,1.492,0.711801775050315
0.15,16.0,0.06,2.9613,5.6763,0.904,1.2656,1.9898,630,1217.53,3.937,0.15,16.0,0.06,0.5216954706410866,2.9698666666666664,0.9047666666666666,0.15,16.0,0.06,2.6368,2.4291,1.0797,1.4086,1.6033,206,395.98,1.492,1.0855049195175168
0.15,24.0,0.03,5.2635000000000005,5.3666,1.212,1.3967,3.6826,630,2237.96,3.937,0.15,24.0,0.03,0.9807885812246115,5.160166666666666,1.2051666666666667,0.15,24.0,0.03,2.6502000000000003,2.6233,0.7875,1.2962,1.4916,206,398.01,1.492,1.0102542599016506
0.15,24.0,0.04,4.4227,5.4939,1.1051,1.3486,3.0436,630,1857.58,3.937,0.15,24.0,0.04,0.8050201132164764,4.357666666666667,1.0828666666666666,0.15,24.0,0.04,2.4953,2.7285,0.8219,1.3254,1.3468,206,374.61,1.492,0.9145317940260216
0.15,24.0,0.05,3.6039,5.9922,0.979,1.2989,2.2816,630,1495.71,3.937,0.15,24.0,0.05,0.6014318614198457,3.645,0.9859000000000001,0.15,24.0,0.05,2.1574,3.0309,0.7773,1.2962,1.0496,206,323.62,1.492,0.711801775050315
0.15,24.0,0.06,2.9613,5.6763,0.904,1.2656,1.9898,630,1217.53,3.937,0.15,24.0,0.06,0.5216954706410866,2.9698666666666664,0.9047666666666666,0.15,24.0,0.06,2.6368,2.4291,1.0797,1.4086,1.6033,206,395.98,1.492,1.0855049195175168
0.15,24.0,0.07,2.6606,4.681,0.9456,1.2694,2.1822,630,1089.13,3.937,0.15,24.0,0.07,0.5683828241828669,2.6868999999999996,0.9308666666666667,0.15,24.0,0.07,2.8483,2.1622,1.2868,1.4897,1.9481,206,427.97,1.492,1.317315696975303
0.15,24.0,0.08,2.204,4.5531,0.865,1.2387,1.8571,630,896.21,3.937,0.15,24.0,0.08,0.4840658013221762,2.3325666666666667,0.8993666666666668,0.15,24.0,0.08,2.8319,1.895,1.4049,1.5232,2.2113,206,425.48,1.492,1.494406332453826
0.15,24.0,0.01,5.2335,5.3516,1.0934,1.3613,3.5331,630,2224.2,3.937,0.15,24.0,0.01,0.9779318334703639,5.194744444444444,1.1088444444444443,0.15,24.0,0.01,2.8069,3.2792,0.7452,1.2672,1.259,206,421.7,1.492,0.8559709685289095
0.15,24.0,0.02,5.556,5.2318,1.2046,1.3904,3.8168,630,2372.37,3.937,0.15,24.0,0.02,1.061967200581062,5.516866666666667,1.1988333333333334,0.15,24.0,0.02,2.9169,3.0382,0.7997,1.2841,1.4149,206,438.35,1.492,0.9600750444342045
0.15,32.0,0.01,5.2335,5.3516,1.0934,1.3613,3.5331,630,2224.2,3.937,0.15,32.0,0.01,0.9779318334703639,5.1411,1.0982666666666667,0.15,32.0,0.01,2.8069,3.2792,0.7452,1.2672,1.259,206,421.7,1.492,0.8559709685289095
0.15,32.0,0.02,5.556,5.2318,1.2046,1.3904,3.8168,630,2372.37,3.937,0.15,32.0,0.02,1.061967200581062,5.516866666666667,1.1988333333333334,0.15,32.0,0.02,2.9169,3.0382,0.7997,1.2841,1.4149,206,438.35,1.492,0.9600750444342045
0.15,32.0,0.03,5.2635000000000005,5.3666,1.212,1.3967,3.6826,630,2237.96,3.937,0.15,32.0,0.03,0.9807885812246115,5.160166666666666,1.2051666666666667,0.15,32.0,0.03,2.6502000000000003,2.6233,0.7875,1.2962,1.4916,206,398.01,1.492,1.0102542599016506
0.15,32.0,0.04,4.4227,5.4939,1.1051,1.3486,3.0436,630,1857.58,3.937,0.15,32.0,0.04,0.8050201132164764,4.357666666666667,1.0828666666666666,0.15,32.0,0.04,2.4953,2.7285,0.8219,1.3254,1.3468,206,374.61,1.492,0.9145317940260216
0.15,32.0,0.05,3.6039,5.9922,0.979,1.2989,2.2816,630,1495.71,3.937,0.15,32.0,0.05,0.6014318614198457,3.645,0.9859000000000001,0.15,32.0,0.05,2.1574,3.0309,0.7773,1.2962,1.0496,206,323.62,1.492,0.711801775050315
0.15,32.0,0.06,2.9613,5.6763,0.904,1.2656,1.9898,630,1217.53,3.937,0.15,32.0,0.06,0.5216954706410866,2.9698666666666664,0.9047666666666666,0.15,32.0,0.06,2.6368,2.4291,1.0797,1.4086,1.6033,206,395.98,1.492,1.0855049195175168
0.15,32.0,0.07,2.6606,4.681,0.9456,1.2694,2.1822,630,1089.13,3.937,0.15,32.0,0.07,0.5683828241828669,2.6868999999999996,0.9308666666666667,0.15,32.0,0.07,2.8483,2.1622,1.2868,1.4897,1.9481,206,427.97,1.492,1.317315696975303
0.15,32.0,0.08,2.204,4.5531,0.865,1.2387,1.8571,630,896.21,3.937,0.15,32.0,0.08,0.4840658013221762,2.3325666666666667,0.8993666666666668,0.15,32.0,0.08,2.8319,1.895,1.4049,1.5232,2.2113,206,425.48,1.492,1.494406332453826
0.15,40.0,0.05,3.6039,5.9922,0.979,1.2989,2.2816,630,1495.71,3.937,0.15,40.0,0.05,0.6014318614198457,3.645,0.9859000000000001,0.15,40.0,0.05,2.1574,3.0309,0.7773,1.2962,1.0496,206,323.62,1.492,0.711801775050315
0.15,40.0,0.06,2.9613,5.6763,0.904,1.2656,1.9898,630,1217.53,3.937,0.15,40.0,0.06,0.5216954706410866,2.9698666666666664,0.9047666666666666,0.15,40.0,0.06,2.6368,2.4291,1.0797,1.4086,1.6033,206,395.98,1.492,1.0855049195175168
0.15,40.0,0.07,2.6606,4.681,0.9456,1.2694,2.1822,630,1089.13,3.937,0.15,40.0,0.07,0.5683828241828669,2.6868999999999996,0.9308666666666667,0.15,40.0,0.07,2.8483,2.1622,1.2868,1.4897,1.9481,206,427.97,1.492,1.317315696975303
0.15,40.0,0.08,2.204,4.5531,0.865,1.2387,1.8571,630,896.21,3.937,0.15,40.0,0.08,0.4840658013221762,2.3325666666666667,0.8993666666666668,0.15,40.0,0.08,2.8319,1.895,1.4049,1.5232,2.2113,206,425.48,1.492,1.494406332453826
0.15,40.0,0.01,5.2335,5.3516,1.0934,1.3613,3.5331,630,2224.2,3.937,0.15,40.0,0.01,0.9779318334703639,5.1411,1.0982666666666667,0.15,40.0,0.01,2.8069,3.2792,0.7452,1.2672,1.259,206,421.7,1.492,0.8559709685289095
0.15,40.0,0.02,5.556,5.2318,1.2046,1.3904,3.8168,630,2372.37,3.937,0.15,40.0,0.02,1.061967200581062,5.516866666666667,1.1988333333333334,0.15,40.0,0.02,2.9169,3.0382,0.7997,1.2841,1.4149,206,438.35,1.492,0.9600750444342045
0.15,40.0,0.03,5.2635000000000005,5.3666,1.212,1.3967,3.6826,630,2237.96,3.937,0.15,40.0,0.03,0.9807885812246115,5.160166666666666,1.2051666666666667,0.15,40.0,0.03,2.6502000000000003,2.6233,0.7875,1.2962,1.4916,206,398.01,1.492,1.0102542599016506
0.15,40.0,0.04,4.4227,5.4939,1.1051,1.3486,3.0436,630,1857.58,3.937,0.15,40.0,0.04,0.8050201132164764,4.357666666666667,1.0828666666666666,0.15,40.0,0.04,2.4953,2.7285,0.8219,1.3254,1.3468,206,374.61,1.492,0.9145317940260216
0.15,48.0,0.01,5.2335,5.3516,1.0934,1.3613,3.5331,630,2224.2,3.937,0.15,48.0,0.01,0.9779318334703639,5.1411,1.0982666666666667,0.15,48.0,0.01,2.8069,3.2792,0.7452,1.2672,1.259,206,421.7,1.492,0.8559709685289095
0.15,48.0,0.02,5.556,5.2318,1.2046,1.3904,3.8168,630,2372.37,3.937,0.15,48.0,0.02,1.061967200581062,5.516866666666667,1.1988333333333334,0.15,48.0,0.02,2.9169,3.0382,0.7997,1.2841,1.4149,206,438.35,1.492,0.9600750444342045
0.15,48.0,0.03,5.2635000000000005,5.3666,1.212,1.3967,3.6826,630,2237.96,3.937,0.15,48.0,0.03,0.9807885812246115,5.160166666666666,1.2051666666666667,0.15,48.0,0.03,2.6502000000000003,2.6233,0.7875,1.2962,1.4916,206,398.01,1.492,1.0102542599016506
0.15,48.0,0.04,4.4227,5.4939,1.1051,1.3486,3.0436,630,1857.58,3.937,0.15,48.0,0.04,0.8050201132164764,4.357666666666667,1.0828666666666666,0.15,48.0,0.04,2.4953,2.7285,0.8219,1.3254,1.3468,206,374.61,1.492,0.9145317940260216
0.15,48.0,0.05,3.6039,5.9922,0.979,1.2989,2.2816,630,1495.71,3.937,0.15,48.0,0.05,0.6014318614198457,3.645,0.9859000000000001,0.15,48.0,0.05,2.1574,3.0309,0.7773,1.2962,1.0496,206,323.62,1.492,0.711801775050315
0.15,48.0,0.06,2.9613,5.6763,0.904,1.2656,1.9898,630,1217.53,3.937,0.15,48.0,0.06,0.5216954706410866,2.9698666666666664,0.9047666666666666,0.15,48.0,0.06,2.6368,2.4291,1.0797,1.4086,1.6033,206,395.98,1.492,1.0855049195175168
0.15,48.0,0.07,2.6606,4.681,0.9456,1.2694,2.1822,630,1089.13,3.937,0.15,48.0,0.07,0.5683828241828669,2.6868999999999996,0.9308666666666667,0.15,48.0,0.07,2.8483,2.1622,1.2868,1.4897,1.9481,206,427.97,1.492,1.317315696975303
0.15,48.0,0.08,2.204,4.5531,0.865,1.2387,1.8571,630,896.21,3.937,0.15,48.0,0.08,0.4840658013221762,2.3325666666666667,0.8993666666666668,0.15,48.0,0.08,2.8319,1.895,1.4049,1.5232,2.2113,206,425.48,1.492,1.494406332453826
0.15,56.0,0.07,2.6606,4.681,0.9456,1.2694,2.1822,630,1089.13,3.937,0.15,56.0,0.07,0.5683828241828669,2.6868999999999996,0.9308666666666667,0.15,56.0,0.07,2.8483,2.1622,1.2868,1.4897,1.9481,206,427.97,1.492,1.317315696975303
0.15,56.0,0.08,2.204,4.5531,0.865,1.2387,1.8571,630,896.21,3.937,0.15,56.0,0.08,0.4840658013221762,2.3325666666666667,0.8993666666666668,0.15,56.0,0.08,2.8319,1.895,1.4049,1.5232,2.2113,206,425.48,1.492,1.494406332453826
0.15,56.0,0.01,5.2335,5.3516,1.0934,1.3613,3.5331,630,2224.2,3.937,0.15,56.0,0.01,0.9779318334703639,5.1411,1.0982666666666667,0.15,56.0,0.01,2.8069,3.2792,0.7452,1.2672,1.259,206,421.7,1.492,0.8559709685289095
0.15,56.0,0.02,5.556,5.2318,1.2046,1.3904,3.8168,630,2372.37,3.937,0.15,56.0,0.02,1.061967200581062,5.516866666666667,1.1988333333333334,0.15,56.0,0.02,2.9169,3.0382,0.7997,1.2841,1.4149,206,438.35,1.492,0.9600750444342045
0.15,56.0,0.03,5.2635000000000005,5.3666,1.212,1.3967,3.6826,630,2237.96,3.937,0.15,56.0,0.03,0.9807885812246115,5.160166666666666,1.2051666666666667,0.15,56.0,0.03,2.6502000000000003,2.6233,0.7875,1.2962,1.4916,206,398.01,1.492,1.0102542599016506
0.15,56.0,0.04,4.4227,5.4939,1.1051,1.3486,3.0436,630,1857.58,3.937,0.15,56.0,0.04,0.8050201132164764,4.357666666666667,1.0828666666666666,0.15,56.0,0.04,2.4953,2.7285,0.8219,1.3254,1.3468,206,374.61,1.492,0.9145317940260216
0.15,56.0,0.05,3.6039,5.9922,0.979,1.2989,2.2816,630,1495.71,3.937,0.15,56.0,0.05,0.6014318614198457,3.645,0.9859000000000001,0.15,56.0,0.05,2.1574,3.0309,0.7773,1.2962,1.0496,206,323.62,1.492,0.711801775050315
0.15,56.0,0.06,2.9613,5.6763,0.904,1.2656,1.9898,630,1217.53,3.937,0.15,56.0,0.06,0.5216954706410866,2.9698666666666664,0.9047666666666666,0.15,56.0,0.06,2.6368,2.4291,1.0797,1.4086,1.6033,206,395.98,1.492,1.0855049195175168
0.15,64.0,0.02,5.556,5.2318,1.2046,1.3904,3.8168,630,2372.37,3.937,0.15,64.0,0.02,1.061967200581062,5.516866666666667,1.1988333333333334,0.15,64.0,0.02,2.9169,3.0382,0.7997,1.2841,1.4149,206,438.35,1.492,0.9600750444342045
0.15,64.0,0.03,5.2635000000000005,5.3666,1.212,1.3967,3.6826,630,2237.96,3.937,0.15,64.0,0.03,0.9807885812246115,5.160166666666666,1.2051666666666667,0.15,64.0,0.03,2.6502000000000003,2.6233,0.7875,1.2962,1.4916,206,398.01,1.492,1.0102542599016506
0.15,64.0,0.04,4.4227,5.4939,1.1051,1.3486,3.0436,630,1857.58,3.937,0.15,64.0,0.04,0.8050201132164764,4.357666666666667,1.0828666666666666,0.15,64.0,0.04,2.4953,2.7285,0.8219,1.3254,1.3468,206,374.61,1.492,0.9145317940260216
0.15,64.0,0.05,3.6039,5.9922,0.979,1.2989,2.2816,630,1495.71,3.937,0.15,64.0,0.05,0.6014318614198457,3.645,0.9859000000000001,0.15,64.0,0.05,2.1574,3.0309,0.7773,1.2962,1.0496,206,323.62,1.492,0.711801775050315
0.15,64.0,0.06,2.9613,5.6763,0.904,1.2656,1.9898,630,1217.53,3.937,0.15,64.0,0.06,0.5216954706410866,2.9698666666666664,0.9047666666666666,0.15,64.0,0.06,2.6368,2.4291,1.0797,1.4086,1.6033,206,395.98,1.492,1.0855049195175168
0.15,64.0,0.07,2.6606,4.681,0.9456,1.2694,2.1822,630,1089.13,3.937,0.15,64.0,0.07,0.5683828241828669,2.6868999999999996,0.9308666666666667,0.15,64.0,0.07,2.8483,2.1622,1.2868,1.4897,1.9481,206,427.97,1.492,1.317315696975303
0.15,64.0,0.08,2.204,4.5531,0.865,1.2387,1.8571,630,896.21,3.937,0.15,64.0,0.08,0.4840658013221762,2.3325666666666667,0.8993666666666668,0.15,64.0,0.08,2.8319,1.895,1.4049,1.5232,2.2113,206,425.48,1.492,1.494406332453826
0.15,64.0,0.01,5.2335,5.3516,1.0934,1.3613,3.5331,630,2224.2,3.937,0.15,64.0,0.01,0.9779318334703639,5.1411,1.0982666666666667,0.15,64.0,0.01,2.8069,3.2792,0.7452,1.2672,1.259,206,421.7,1.492,0.8559709685289095
0.15,72.0,0.01,5.2335,5.3516,1.0934,1.3613,3.5331,630,2224.2,3.937,0.15,72.0,0.01,0.9779318334703639,5.1411,1.0982666666666667,0.15,72.0,0.01,2.8069,3.2792,0.7452,1.2672,1.259,206,421.7,1.492,0.8559709685289095
0.15,72.0,0.02,5.556,5.2318,1.2046,1.3904,3.8168,630,2372.37,3.937,0.15,72.0,0.02,1.061967200581062,5.516866666666667,1.1988333333333334,0.15,72.0,0.02,2.9169,3.0382,0.7997,1.2841,1.4149,206,438.35,1.492,0.9600750444342045
0.15,72.0,0.03,5.2635000000000005,5.3666,1.212,1.3967,3.6826,630,2237.96,3.937,0.15,72.0,0.03,0.9807885812246115,5.160166666666666,1.2051666666666667,0.15,72.0,0.03,2.6502000000000003,2.6233,0.7875,1.2962,1.4916,206,398.01,1.492,1.0102542599016506
0.15,72.0,0.04,4.4227,5.4939,1.1051,1.3486,3.0436,630,1857.58,3.937,0.15,72.0,0.04,0.8050201132164764,4.357666666666667,1.0828666666666666,0.15,72.0,0.04,2.4953,2.7285,0.8219,1.3254,1.3468,206,374.61,1.492,0.9145317940260216
0.15,72.0,0.05,3.6039,5.9922,0.979,1.2989,2.2816,630,1495.71,3.937,0.15,72.0,0.05,0.6014318614198457,3.645,0.9859000000000001,0.15,72.0,0.05,2.1574,3.0309,0.7773,1.2962,1.0496,206,323.62,1.492,0.711801775050315
0.15,72.0,0.06,2.9613,5.6763,0.904,1.2656,1.9898,630,1217.53,3.937,0.15,72.0,0.06,0.5216954706410866,2.9698666666666664,0.9047666666666666,0.15,72.0,0.06,2.6368,2.4291,1.0797,1.4086,1.6033,206,395.98,1.492,1.0855049195175168
0.15,72.0,0.07,2.6606,4.681,0.9456,1.2694,2.1822,630,1089.13,3.937,0.15,72.0,0.07,0.5683828241828669,2.6868999999999996,0.9308666666666667,0.15,72.0,0.07,2.8483,2.1622,1.2868,1.4897,1.9481,206,427.97,1.492,1.317315696975303
0.15,72.0,0.08,2.204,4.5531,0.865,1.2387,1.8571,630,896.21,3.937,0.15,72.0,0.08,0.4840658013221762,2.3325666666666667,0.8993666666666668,0.15,72.0,0.08,2.8319,1.895,1.4049,1.5232,2.2113,206,425.48,1.492,1.494406332453826
0.15,80.0,0.04,4.4227,5.4939,1.1051,1.3486,3.0436,630,1857.58,3.937,0.15,80.0,0.04,0.8050201132164764,4.357666666666666,1.0828666666666666,0.15,80.0,0.04,2.4953,2.7285,0.8219,1.3254,1.3468,206,374.61,1.492,0.9145317940260216
0.15,80.0,0.05,3.6039,5.9922,0.979,1.2989,2.2816,630,1495.71,3.937,0.15,80.0,0.05,0.6014318614198457,3.645,0.9859,0.15,80.0,0.05,2.1574,3.0309,0.7773,1.2962,1.0496,206,323.62,1.492,0.711801775050315
0.15,80.0,0.06,2.9613,5.6763,0.904,1.2656,1.9898,630,1217.53,3.937,0.15,80.0,0.06,0.5216954706410866,2.9698666666666664,0.9047666666666666,0.15,80.0,0.06,2.6368,2.4291,1.0797,1.4086,1.6033,206,395.98,1.492,1.0855049195175168
0.15,80.0,0.07,2.6606,4.681,0.9456,1.2694,2.1822,630,1089.13,3.937,0.15,80.0,0.07,0.5683828241828669,2.6868999999999996,0.9308666666666666,0.15,80.0,0.07,2.8483,2.1622,1.2868,1.4897,1.9481,206,427.97,1.492,1.317315696975303
0.15,80.0,0.01,5.2335,5.3516,1.0934,1.3613,3.5331,630,2224.2,3.937,0.15,80.0,0.01,0.9779318334703639,5.141100000000001,1.0982666666666667,0.15,80.0,0.01,2.8069,3.2792,0.7452,1.2672,1.259,206,421.7,1.492,0.8559709685289095
0.15,80.0,0.02,5.556,5.2318,1.2046,1.3904,3.8168,630,2372.37,3.937,0.15,80.0,0.02,1.061967200581062,5.516866666666666,1.1988333333333332,0.15,80.0,0.02,2.9169,3.0382,0.7997,1.2841,1.4149,206,438.35,1.492,0.9600750444342045
0.15,80.0,0.03,5.2635000000000005,5.3666,1.212,1.3967,3.6826,630,2237.96,3.937,0.15,80.0,0.03,0.9807885812246115,5.160166666666666,1.2051666666666667,0.15,80.0,0.03,2.6502000000000003,2.6233,0.7875,1.2962,1.4916,206,398.01,1.492,1.0102542599016506
0.15,80.0,0.08,2.204,4.5531,0.865,1.2387,1.8571,630,896.21,3.937,0.15,80.0,0.08,0.4840658013221762,2.3325666666666667,0.8993666666666668,0.15,80.0,0.08,2.8319,1.895,1.4049,1.5232,2.2113,206,425.48,1.492,1.494406332453826
0.2,8.0,0.01,6.188,6.0363,1.1623,1.3814,3.7154,630,2666.6,3.937,0.2,8.0,0.01,1.0251312890346735,6.2906,1.1644666666666668,0.2,8.0,0.01,3.0097,3.2618,0.7228,1.2576,1.3595,206,452.39,1.492,0.9227113863510945
0.2,8.0,0.02,6.188,6.0363,1.1623,1.3814,3.7154,630,2666.6,3.937,0.2,8.0,0.02,1.0251312890346735,6.363583333333334,1.186,0.2,8.0,0.02,3.0097,3.2618,0.7228,1.2576,1.3595,206,452.39,1.492,0.9227113863510945
0.2,8.0,0.03,6.1818,5.9563,1.1873,1.3903,3.7977,630,2663.69,3.937,0.2,8.0,0.03,1.037859073585951,6.225866666666666,1.2030833333333335,0.2,8.0,0.03,2.8752,2.9226,0.7115,1.2573,1.4175,206,432.04,1.492,0.9837815643605009
0.2,8.0,0.04,5.7015,5.9776,1.184,1.3853,3.5693,630,2439.66,3.937,0.2,8.0,0.04,0.9538108940042828,5.7292,1.1794,0.2,8.0,0.04,2.6479,3.1228,0.6899,1.275,1.2463,206,397.66,1.492,0.8479249391571667
0.2,8.0,0.05,4.8868,6.4776,1.0877,1.3451,2.8334,630,2066.42,3.937,0.2,8.0,0.05,0.754415215511918,4.840166666666668,1.0703666666666667,0.2,8.0,0.05,2.4286,3.1862,0.7273,1.2895,1.1224,206,364.54,1.492,0.7622245935597263
0.2,8.0,0.06,3.8139,6.8442,0.9209,1.2825,2.0979,630,1587.75,3.937,0.2,8.0,0.06,0.55724555097747,3.906933333333333,0.9463666666666667,0.2,8.0,0.06,2.2844,3.3115,0.7539,1.2971,1.0168,206,342.77,1.492,0.6898384417937491
0.2,8.0,0.07,3.4699,6.222,0.9368,1.28,2.1155,630,1437.29,3.937,0.2,8.0,0.07,0.5576824172291868,3.4491666666666663,0.9398333333333334,0.2,8.0,0.07,2.3877,2.8755,0.8723,1.3315,1.2258,206,358.36,1.492,0.8303599374021909
0.2,8.0,0.08,2.9691,5.7034,0.9032,1.2648,1.9858,630,1220.89,3.937,0.2,8.0,0.08,0.5205842129256233,2.9637,0.8933,0.2,8.0,0.08,2.6532,2.4291,1.0858,1.4112,1.6134,206,398.47,1.492,1.0922563912560208
0.2,16.0,0.07,3.4699,6.222,0.9368,1.28,2.1155,630,1437.29,3.937,0.2,16.0,0.07,0.5576824172291868,3.4491666666666663,0.9398333333333334,0.2,16.0,0.07,2.3877,2.8755,0.8723,1.3315,1.2258,206,358.36,1.492,0.8303599374021909
0.2,16.0,0.08,2.9691,5.7034,0.9032,1.2648,1.9858,630,1220.89,3.937,0.2,16.0,0.08,0.5205842129256233,2.9637000000000002,0.8933,0.2,16.0,0.08,2.6532,2.4291,1.0858,1.4112,1.6134,206,398.47,1.492,1.0922563912560208
0.2,16.0,0.01,6.2248,6.0181,1.1401,1.3758,3.6685,630,2683.9,3.937,0.2,16.0,0.01,1.0343463883950086,6.110566666666666,1.1262999999999999,0.2,16.0,0.01,2.7846,3.6858,0.6146,1.2278,1.0696,206,418.33,1.492,0.7554940582777145
0.2,16.0,0.02,6.5224,6.0318,1.1837,1.3948,3.812,630,2824.35,3.937,0.2,16.0,0.02,1.0813355880500017,6.388355555555556,1.1859666666666666,0.2,16.0,0.02,3.2188000000000003,3.5124,0.7326,1.2695,1.316,206,484.07,1.492,0.9164104316137115
0.2,16.0,0.03,6.1818,5.9563,1.1873,1.3903,3.7977,630,2663.69,3.937,0.2,16.0,0.03,1.037859073585951,6.237922222222222,1.2051444444444444,0.2,16.0,0.03,2.8752,2.9226,0.7115,1.2573,1.4175,206,432.04,1.492,0.9837815643605009
0.2,16.0,0.04,5.7015,5.9776,1.184,1.3853,3.5693,630,2439.66,3.937,0.2,16.0,0.04,0.9538108940042828,5.7292000000000005,1.1794000000000002,0.2,16.0,0.04,2.6479,3.1228,0.6899,1.275,1.2463,206,397.66,1.492,0.8479249391571667
0.2,16.0,0.05,4.8868,6.4776,1.0877,1.3451,2.8334,630,2066.42,3.937,0.2,16.0,0.05,0.754415215511918,4.840166666666667,1.070366666666667,0.2,16.0,0.05,2.4286,3.1862,0.7273,1.2895,1.1224,206,364.54,1.492,0.7622245935597263
0.2,16.0,0.06,3.8139,6.8442,0.9209,1.2825,2.0979,630,1587.75,3.937,0.2,16.0,0.06,0.55724555097747,3.906933333333333,0.9463666666666667,0.2,16.0,0.06,2.2844,3.3115,0.7539,1.2971,1.0168,206,342.77,1.492,0.6898384417937491
0.2,24.0,0.02,6.5224,6.0318,1.1837,1.3948,3.812,630,2824.35,3.937,0.2,24.0,0.02,1.0813355880500017,6.4379,1.1858999999999997,0.2,24.0,0.02,3.2188000000000003,3.5124,0.7326,1.2695,1.316,206,484.07,1.492,0.9164104316137115
0.2,24.0,0.03,6.1818,5.9563,1.1873,1.3903,3.7977,630,2663.69,3.937,0.2,24.0,0.03,1.037859073585951,6.262033333333333,1.2092666666666667,0.2,24.0,0.03,2.8752,2.9226,0.7115,1.2573,1.4175,206,432.04,1.492,0.9837815643605009
0.2,24.0,0.04,5.7015,5.9776,1.184,1.3853,3.5693,630,2439.66,3.937,0.2,24.0,0.04,0.9538108940042828,5.7292000000000005,1.1794000000000002,0.2,24.0,0.04,2.6479,3.1228,0.6899,1.275,1.2463,206,397.66,1.492,0.8479249391571667
0.2,24.0,0.05,4.8868,6.4776,1.0877,1.3451,2.8334,630,2066.42,3.937,0.2,24.0,0.05,0.754415215511918,4.840166666666667,1.070366666666667,0.2,24.0,0.05,2.4286,3.1862,0.7273,1.2895,1.1224,206,364.54,1.492,0.7622245935597263
0.2,24.0,0.06,3.8139,6.8442,0.9209,1.2825,2.0979,630,1587.75,3.937,0.2,24.0,0.06,0.55724555097747,3.906933333333333,0.9463666666666667,0.2,24.0,0.06,2.2844,3.3115,0.7539,1.2971,1.0168,206,342.77,1.492,0.6898384417937491
0.2,24.0,0.07,3.4699,6.222,0.9368,1.28,2.1155,630,1437.29,3.937,0.2,24.0,0.07,0.5576824172291868,3.4491666666666663,0.9398333333333334,0.2,24.0,0.07,2.3877,2.8755,0.8723,1.3315,1.2258,206,358.36,1.492,0.8303599374021909
0.2,24.0,0.08,2.9691,5.7034,0.9032,1.2648,1.9858,630,1220.89,3.937,0.2,24.0,0.08,0.5205842129256233,2.9637000000000002,0.8933,0.2,24.0,0.08,2.6532,2.4291,1.0858,1.4112,1.6134,206,398.47,1.492,1.0922563912560208
0.2,24.0,0.01,5.742,6.0345,1.0449,1.3427,3.4026,630,2458.44,3.937,0.2,24.0,0.01,0.9515287099179716,5.891611111111112,1.0742777777777777,0.2,24.0,0.01,2.9116,3.6858,0.6462,1.2392,1.1187,206,437.54,1.492,0.7899506213033806
0.2,32.0,0.01,5.742,6.0345,1.0449,1.3427,3.4026,630,2458.44,3.937,0.2,32.0,0.01,0.9515287099179716,5.700877777777778,1.0409222222222223,0.2,32.0,0.01,2.9116,3.6858,0.6462,1.2392,1.1187,206,437.54,1.492,0.7899506213033806
0.2,32.0,0.02,6.5224,6.0318,1.1837,1.3948,3.812,630,2824.35,3.937,0.2,32.0,0.02,1.0813355880500017,6.4379,1.1858999999999997,0.2,32.0,0.02,3.2188000000000003,3.5124,0.7326,1.2695,1.316,206,484.07,1.492,0.9164104316137115
0.2,32.0,0.03,6.1818,5.9563,1.1873,1.3903,3.7977,630,2663.69,3.937,0.2,32.0,0.03,1.037859073585951,6.262033333333333,1.2092666666666667,0.2,32.0,0.03,2.8752,2.9226,0.7115,1.2573,1.4175,206,432.04,1.492,0.9837815643605009
0.2,32.0,0.04,5.7015,5.9776,1.184,1.3853,3.5693,630,2439.66,3.937,0.2,32.0,0.04,0.9538108940042828,5.7292000000000005,1.1794000000000002,0.2,32.0,0.04,2.6479,3.1228,0.6899,1.275,1.2463,206,397.66,1.492,0.8479249391571667
0.2,32.0,0.05,4.8868,6.4776,1.0877,1.3451,2.8334,630,2066.42,3.937,0.2,32.0,0.05,0.754415215511918,4.840166666666667,1.070366666666667,0.2,32.0,0.05,2.4286,3.1862,0.7273,1.2895,1.1224,206,364.54,1.492,0.7622245935597263
0.2,32.0,0.06,3.8139,6.8442,0.9209,1.2825,2.0979,630,1587.75,3.937,0.2,32.0,0.06,0.55724555097747,3.906933333333333,0.9463666666666667,0.2,32.0,0.06,2.2844,3.3115,0.7539,1.2971,1.0168,206,342.77,1.492,0.6898384417937491
0.2,32.0,0.07,3.4699,6.222,0.9368,1.28,2.1155,630,1437.29,3.937,0.2,32.0,0.07,0.5576824172291868,3.4491666666666663,0.9398333333333334,0.2,32.0,0.07,2.3877,2.8755,0.8723,1.3315,1.2258,206,358.36,1.492,0.8303599374021909
0.2,32.0,0.08,2.9691,5.7034,0.9032,1.2648,1.9858,630,1220.89,3.937,0.2,32.0,0.08,0.5205842129256233,2.9637000000000002,0.8933,0.2,32.0,0.08,2.6532,2.4291,1.0858,1.4112,1.6134,206,398.47,1.492,1.0922563912560208
0.2,40.0,0.04,5.7015,5.9776,1.184,1.3853,3.5693,630,2439.66,3.937,0.2,40.0,0.04,0.9538108940042828,5.7292000000000005,1.1794000000000002,0.2,40.0,0.04,2.6479,3.1228,0.6899,1.275,1.2463,206,397.66,1.492,0.8479249391571667
0.2,40.0,0.05,4.8868,6.4776,1.0877,1.3451,2.8334,630,2066.42,3.937,0.2,40.0,0.05,0.754415215511918,4.840166666666667,1.070366666666667,0.2,40.0,0.05,2.4286,3.1862,0.7273,1.2895,1.1224,206,364.54,1.492,0.7622245935597263
0.2,40.0,0.06,3.8139,6.8442,0.9209,1.2825,2.0979,630,1587.75,3.937,0.2,40.0,0.06,0.55724555097747,3.906933333333333,0.9463666666666667,0.2,40.0,0.06,2.2844,3.3115,0.7539,1.2971,1.0168,206,342.77,1.492,0.6898384417937491
0.2,40.0,0.07,3.4699,6.222,0.9368,1.28,2.1155,630,1437.29,3.937,0.2,40.0,0.07,0.5576824172291868,3.4491666666666663,0.9398333333333334,0.2,40.0,0.07,2.3877,2.8755,0.8723,1.3315,1.2258,206,358.36,1.492,0.8303599374021909
0.2,40.0,0.08,2.9691,5.7034,0.9032,1.2648,1.9858,630,1220.89,3.937,0.2,40.0,0.08,0.5205842129256233,2.9637000000000002,0.8933,0.2,40.0,0.08,2.6532,2.4291,1.0858,1.4112,1.6134,206,398.47,1.492,1.0922563912560208
0.2,40.0,0.01,5.742,6.0345,1.0449,1.3427,3.4026,630,2458.44,3.937,0.2,40.0,0.01,0.9515287099179716,5.676066666666667,1.0364,0.2,40.0,0.01,2.9116,3.6858,0.6462,1.2392,1.1187,206,437.54,1.492,0.7899506213033806
0.2,40.0,0.02,6.5224,6.0318,1.1837,1.3948,3.812,630,2824.35,3.937,0.2,40.0,0.02,1.0813355880500017,6.4379,1.1858999999999997,0.2,40.0,0.02,3.2188000000000003,3.5124,0.7326,1.2695,1.316,206,484.07,1.492,0.9164104316137115
0.2,40.0,0.03,6.1818,5.9563,1.1873,1.3903,3.7977,630,2663.69,3.937,0.2,40.0,0.03,1.037859073585951,6.262033333333333,1.2092666666666667,0.2,40.0,0.03,2.8752,2.9226,0.7115,1.2573,1.4175,206,432.04,1.492,0.9837815643605009
0.2,48.0,0.01,5.742,6.0345,1.0449,1.3427,3.4026,630,2458.44,3.937,0.2,48.0,0.01,0.9515287099179716,5.676066666666667,1.0364,0.2,48.0,0.01,2.9116,3.6858,0.6462,1.2392,1.1187,206,437.54,1.492,0.7899506213033806
0.2,48.0,0.02,6.5224,6.0318,1.1837,1.3948,3.812,630,2824.35,3.937,0.2,48.0,0.02,1.0813355880500017,6.4379,1.1858999999999997,0.2,48.0,0.02,3.2188000000000003,3.5124,0.7326,1.2695,1.316,206,484.07,1.492,0.9164104316137115
0.2,48.0,0.03,6.1818,5.9563,1.1873,1.3903,3.7977,630,2663.69,3.937,0.2,48.0,0.03,1.037859073585951,6.262033333333333,1.2092666666666667,0.2,48.0,0.03,2.8752,2.9226,0.7115,1.2573,1.4175,206,432.04,1.492,0.9837815643605009
0.2,48.0,0.04,5.7015,5.9776,1.184,1.3853,3.5693,630,2439.66,3.937,0.2,48.0,0.04,0.9538108940042828,5.7292000000000005,1.1794000000000002,0.2,48.0,0.04,2.6479,3.1228,0.6899,1.275,1.2463,206,397.66,1.492,0.8479249391571667
0.2,48.0,0.05,4.8868,6.4776,1.0877,1.3451,2.8334,630,2066.42,3.937,0.2,48.0,0.05,0.754415215511918,4.840166666666667,1.070366666666667,0.2,48.0,0.05,2.4286,3.1862,0.7273,1.2895,1.1224,206,364.54,1.492,0.7622245935597263
0.2,48.0,0.06,3.8139,6.8442,0.9209,1.2825,2.0979,630,1587.75,3.937,0.2,48.0,0.06,0.55724555097747,3.906933333333333,0.9463666666666667,0.2,48.0,0.06,2.2844,3.3115,0.7539,1.2971,1.0168,206,342.77,1.492,0.6898384417937491
0.2,48.0,0.07,3.4699,6.222,0.9368,1.28,2.1155,630,1437.29,3.937,0.2,48.0,0.07,0.5576824172291868,3.4491666666666663,0.9398333333333334,0.2,48.0,0.07,2.3877,2.8755,0.8723,1.3315,1.2258,206,358.36,1.492,0.8303599374021909
0.2,48.0,0.08,2.9691,5.7034,0.9032,1.2648,1.9858,630,1220.89,3.937,0.2,48.0,0.08,0.5205842129256233,2.9637000000000002,0.8933,0.2,48.0,0.08,2.6532,2.4291,1.0858,1.4112,1.6134,206,398.47,1.492,1.0922563912560208
0.2,56.0,0.06,3.8139,6.8442,0.9209,1.2825,2.0979,630,1587.75,3.937,0.2,56.0,0.06,0.55724555097747,3.906933333333333,0.9463666666666667,0.2,56.0,0.06,2.2844,3.3115,0.7539,1.2971,1.0168,206,342.77,1.492,0.6898384417937491
0.2,56.0,0.07,3.4699,6.222,0.9368,1.28,2.1155,630,1437.29,3.937,0.2,56.0,0.07,0.5576824172291868,3.4491666666666663,0.9398333333333334,0.2,56.0,0.07,2.3877,2.8755,0.8723,1.3315,1.2258,206,358.36,1.492,0.8303599374021909
0.2,56.0,0.08,2.9691,5.7034,0.9032,1.2648,1.9858,630,1220.89,3.937,0.2,56.0,0.08,0.5205842129256233,2.9637000000000002,0.8933,0.2,56.0,0.08,2.6532,2.4291,1.0858,1.4112,1.6134,206,398.47,1.492,1.0922563912560208
0.2,56.0,0.01,5.742,6.0345,1.0449,1.3427,3.4026,630,2458.44,3.937,0.2,56.0,0.01,0.9515287099179716,5.676066666666667,1.0364,0.2,56.0,0.01,2.9116,3.6858,0.6462,1.2392,1.1187,206,437.54,1.492,0.7899506213033806
0.2,56.0,0.02,6.5224,6.0318,1.1837,1.3948,3.812,630,2824.35,3.937,0.2,56.0,0.02,1.0813355880500017,6.4379,1.1858999999999997,0.2,56.0,0.02,3.2188000000000003,3.5124,0.7326,1.2695,1.316,206,484.07,1.492,0.9164104316137115
0.2,56.0,0.03,6.1818,5.9563,1.1873,1.3903,3.7977,630,2663.69,3.937,0.2,56.0,0.03,1.037859073585951,6.262033333333333,1.2092666666666667,0.2,56.0,0.03,2.8752,2.9226,0.7115,1.2573,1.4175,206,432.04,1.492,0.9837815643605009
0.2,56.0,0.04,5.7015,5.9776,1.184,1.3853,3.5693,630,2439.66,3.937,0.2,56.0,0.04,0.9538108940042828,5.7292000000000005,1.1794000000000002,0.2,56.0,0.04,2.6479,3.1228,0.6899,1.275,1.2463,206,397.66,1.492,0.8479249391571667
0.2,56.0,0.05,4.8868,6.4776,1.0877,1.3451,2.8334,630,2066.42,3.937,0.2,56.0,0.05,0.754415215511918,4.840166666666667,1.070366666666667,0.2,56.0,0.05,2.4286,3.1862,0.7273,1.2895,1.1224,206,364.54,1.492,0.7622245935597263
0.2,64.0,0.02,6.5224,6.0318,1.1837,1.3948,3.812,630,2824.35,3.937,0.2,64.0,0.02,1.0813355880500017,6.4379,1.1858999999999997,0.2,64.0,0.02,3.2188000000000003,3.5124,0.7326,1.2695,1.316,206,484.07,1.492,0.9164104316137115
0.2,64.0,0.03,6.1818,5.9563,1.1873,1.3903,3.7977,630,2663.69,3.937,0.2,64.0,0.03,1.037859073585951,6.262033333333333,1.2092666666666667,0.2,64.0,0.03,2.8752,2.9226,0.7115,1.2573,1.4175,206,432.04,1.492,0.9837815643605009
0.2,64.0,0.04,5.7015,5.9776,1.184,1.3853,3.5693,630,2439.66,3.937,0.2,64.0,0.04,0.9538108940042828,5.7292000000000005,1.1794000000000002,0.2,64.0,0.04,2.6479,3.1228,0.6899,1.275,1.2463,206,397.66,1.492,0.8479249391571667
0.2,64.0,0.05,4.8868,6.4776,1.0877,1.3451,2.8334,630,2066.42,3.937,0.2,64.0,0.05,0.754415215511918,4.840166666666667,1.070366666666667,0.2,64.0,0.05,2.4286,3.1862,0.7273,1.2895,1.1224,206,364.54,1.492,0.7622245935597263
0.2,64.0,0.06,3.8139,6.8442,0.9209,1.2825,2.0979,630,1587.75,3.937,0.2,64.0,0.06,0.55724555097747,3.906933333333333,0.9463666666666667,0.2,64.0,0.06,2.2844,3.3115,0.7539,1.2971,1.0168,206,342.77,1.492,0.6898384417937491
0.2,64.0,0.07,3.4699,6.222,0.9368,1.28,2.1155,630,1437.29,3.937,0.2,64.0,0.07,0.5576824172291868,3.4491666666666663,0.9398333333333334,0.2,64.0,0.07,2.3877,2.8755,0.8723,1.3315,1.2258,206,358.36,1.492,0.8303599374021909
0.2,64.0,0.08,2.9691,5.7034,0.9032,1.2648,1.9858,630,1220.89,3.937,0.2,64.0,0.08,0.5205842129256233,2.9637000000000002,0.8933,0.2,64.0,0.08,2.6532,2.4291,1.0858,1.4112,1.6134,206,398.47,1.492,1.0922563912560208
0.2,64.0,0.01,5.742,6.0345,1.0449,1.3427,3.4026,630,2458.44,3.937,0.2,64.0,0.01,0.9515287099179716,5.676066666666667,1.0364,0.2,64.0,0.01,2.9116,3.6858,0.6462,1.2392,1.1187,206,437.54,1.492,0.7899506213033806
0.2,72.0,0.01,5.742,6.0345,1.0449,1.3427,3.4026,630,2458.44,3.937,0.2,72.0,0.01,0.9515287099179716,5.676066666666667,1.0364,0.2,72.0,0.01,2.9116,3.6858,0.6462,1.2392,1.1187,206,437.54,1.492,0.7899506213033806
0.2,72.0,0.02,6.5224,6.0318,1.1837,1.3948,3.812,630,2824.35,3.937,0.2,72.0,0.02,1.0813355880500017,6.4379,1.1858999999999997,0.2,72.0,0.02,3.2188000000000003,3.5124,0.7326,1.2695,1.316,206,484.07,1.492,0.9164104316137115
0.2,72.0,0.03,6.1818,5.9563,1.1873,1.3903,3.7977,630,2663.69,3.937,0.2,72.0,0.03,1.037859073585951,6.262033333333333,1.2092666666666667,0.2,72.0,0.03,2.8752,2.9226,0.7115,1.2573,1.4175,206,432.04,1.492,0.9837815643605009
0.2,72.0,0.04,5.7015,5.9776,1.184,1.3853,3.5693,630,2439.66,3.937,0.2,72.0,0.04,0.9538108940042828,5.7292000000000005,1.1794000000000002,0.2,72.0,0.04,2.6479,3.1228,0.6899,1.275,1.2463,206,397.66,1.492,0.8479249391571667
0.2,72.0,0.05,4.8868,6.4776,1.0877,1.3451,2.8334,630,2066.42,3.937,0.2,72.0,0.05,0.754415215511918,4.840166666666667,1.070366666666667,0.2,72.0,0.05,2.4286,3.1862,0.7273,1.2895,1.1224,206,364.54,1.492,0.7622245935597263
0.2,72.0,0.06,3.8139,6.8442,0.9209,1.2825,2.0979,630,1587.75,3.937,0.2,72.0,0.06,0.55724555097747,3.906933333333333,0.9463666666666667,0.2,72.0,0.06,2.2844,3.3115,0.7539,1.2971,1.0168,206,342.77,1.492,0.6898384417937491
0.2,72.0,0.07,3.4699,6.222,0.9368,1.28,2.1155,630,1437.29,3.937,0.2,72.0,0.07,0.5576824172291868,3.4491666666666663,0.9398333333333334,0.2,72.0,0.07,2.3877,2.8755,0.8723,1.3315,1.2258,206,358.36,1.492,0.8303599374021909
0.2,72.0,0.08,2.9691,5.7034,0.9032,1.2648,1.9858,630,1220.89,3.937,0.2,72.0,0.08,0.5205842129256233,2.9637000000000002,0.8933,0.2,72.0,0.08,2.6532,2.4291,1.0858,1.4112,1.6134,206,398.47,1.492,1.0922563912560208
0.2,80.0,0.04,5.7015,5.9776,1.184,1.3853,3.5693,630,2439.66,3.937,0.2,80.0,0.04,0.9538108940042828,5.7292,1.1794,0.2,80.0,0.04,2.6479,3.1228,0.6899,1.275,1.2463,206,397.66,1.492,0.8479249391571667
0.2,80.0,0.05,4.8868,6.4776,1.0877,1.3451,2.8334,630,2066.42,3.937,0.2,80.0,0.05,0.754415215511918,4.840166666666668,1.0703666666666667,0.2,80.0,0.05,2.4286,3.1862,0.7273,1.2895,1.1224,206,364.54,1.492,0.7622245935597263
0.2,80.0,0.06,3.8139,6.8442,0.9209,1.2825,2.0979,630,1587.75,3.937,0.2,80.0,0.06,0.55724555097747,3.906933333333333,0.9463666666666667,0.2,80.0,0.06,2.2844,3.3115,0.7539,1.2971,1.0168,206,342.77,1.492,0.6898384417937491
0.2,80.0,0.07,3.4699,6.222,0.9368,1.28,2.1155,630,1437.29,3.937,0.2,80.0,0.07,0.5576824172291868,3.4491666666666663,0.9398333333333334,0.2,80.0,0.07,2.3877,2.8755,0.8723,1.3315,1.2258,206,358.36,1.492,0.8303599374021909
0.2,80.0,0.01,5.742,6.0345,1.0449,1.3427,3.4026,630,2458.44,3.937,0.2,80.0,0.01,0.9515287099179716,5.676066666666667,1.0364000000000002,0.2,80.0,0.01,2.9116,3.6858,0.6462,1.2392,1.1187,206,437.54,1.492,0.7899506213033806
0.2,80.0,0.02,6.5224,6.0318,1.1837,1.3948,3.812,630,2824.35,3.937,0.2,80.0,0.02,1.0813355880500017,6.4379,1.1859,0.2,80.0,0.02,3.2188000000000003,3.5124,0.7326,1.2695,1.316,206,484.07,1.492,0.9164104316137115
0.2,80.0,0.03,6.1818,5.9563,1.1873,1.3903,3.7977,630,2663.69,3.937,0.2,80.0,0.03,1.037859073585951,6.262033333333334,1.209266666666667,0.2,80.0,0.03,2.8752,2.9226,0.7115,1.2573,1.4175,206,432.04,1.492,0.9837815643605009
0.2,80.0,0.08,2.9691,5.7034,0.9032,1.2648,1.9858,630,1220.89,3.937,0.2,80.0,0.08,0.5205842129256233,2.9637,0.8933,0.2,80.0,0.08,2.6532,2.4291,1.0858,1.4112,1.6134,206,398.47,1.492,1.0922563912560208
0.25,8.0,0.01,7.123799999999999,6.625,1.1914,1.4016,3.9055,630,3111.81,3.937,0.25,8.0,0.01,1.0752905660377357,7.015033333333334,1.1626666666666667,0.25,8.0,0.01,2.9914,3.691,0.6477,1.2316,1.1941,206,449.62,1.492,0.8104578704958006
0.25,8.0,0.02,7.123799999999999,6.625,1.1914,1.4016,3.9055,630,3111.81,3.937,0.25,8.0,0.02,1.0752905660377357,7.0674,1.1692166666666666,0.25,8.0,0.02,2.9914,3.691,0.6477,1.2316,1.1941,206,449.62,1.492,0.8104578704958006
0.25,8.0,0.03,7.123799999999999,6.625,1.1914,1.4016,3.9055,630,3111.81,3.937,0.25,8.0,0.03,1.0752905660377357,7.052733333333335,1.19345,0.25,8.0,0.03,2.9914,3.691,0.6477,1.2316,1.1941,206,449.62,1.492,0.8104578704958006
0.25,8.0,0.04,7.063400000000001,6.6635,1.2491,1.4226,3.9527,630,3082.72,3.937,0.25,8.0,0.04,1.0600135064155474,6.7957,1.2079333333333333,0.25,8.0,0.04,2.5174,3.5416,0.5608,1.2114,1.046,206,377.95,1.492,0.7108086740456291
0.25,8.0,0.05,6.0298,6.7036,1.1444,1.3712,3.3395,630,2592.45,3.937,0.25,8.0,0.05,0.8994868428903873,6.0887666666666656,1.1541333333333332,0.25,8.0,0.05,2.6505,3.5871,0.6652,1.2662,1.0861,206,398.06,1.492,0.7388977168186001
0.25,8.0,0.06,4.9456,7.5844,1.0142,1.3204,2.4477,630,2093.06,3.937,0.25,8.0,0.06,0.6520753124835188,4.878666666666667,0.9951666666666665,0.25,8.0,0.06,2.3635,3.8616,0.6568,1.265,0.9004,206,354.7,1.492,0.6120519991713279
0.25,8.0,0.07,4.217,7.2244,0.9371,1.2919,2.1961,630,1765.88,3.937,0.25,8.0,0.07,0.583716294778805,4.2009,0.9379666666666665,0.25,8.0,0.07,2.1537,3.6943,0.6572,1.2609,0.8589,206,323.05,1.492,0.5829791841485532
0.25,8.0,0.08,3.718,6.8163,0.9117,1.2756,2.0653,630,1545.63,3.937,0.25,8.0,0.08,0.5454572128574153,3.5893333333333337,0.8883666666666666,0.25,8.0,0.08,2.4072,3.0797,0.8304,1.3241,1.1524,206,361.3,1.492,0.7816345747962464
0.25,16.0,0.06,4.9456,7.5844,1.0142,1.3204,2.4477,630,2093.06,3.937,0.25,16.0,0.06,0.6520753124835188,4.878666666666666,0.9951666666666666,0.25,16.0,0.06,2.3635,3.8616,0.6568,1.265,0.9004,206,354.7,1.492,0.6120519991713279
0.25,16.0,0.07,4.217,7.2244,0.9371,1.2919,2.1961,630,1765.88,3.937,0.25,16.0,0.07,0.583716294778805,4.2009,0.9379666666666666,0.25,16.0,0.07,2.1537,3.6943,0.6572,1.2609,0.8589,206,323.05,1.492,0.5829791841485532
0.25,16.0,0.08,3.718,6.8163,0.9117,1.2756,2.0653,630,1545.63,3.937,0.25,16.0,0.08,0.5454572128574153,3.5893333333333337,0.8883666666666666,0.25,16.0,0.08,2.4072,3.0797,0.8304,1.3241,1.1524,206,361.3,1.492,0.7816345747962464
0.25,16.0,0.01,7.2865,6.746,1.1759,1.3973,3.7781,630,3190.35,3.937,0.25,16.0,0.01,1.080121553513193,6.808022222222222,1.1200333333333334,0.25,16.0,0.01,3.1824,4.1739,0.6123,1.2319,1.0762,206,478.55,1.492,0.7624523826636959
0.25,16.0,0.02,7.2353,6.7371,1.1694,1.3941,3.7615,630,3165.62,3.937,0.25,16.0,0.02,1.0739487316501164,7.0742111111111114,1.1634555555555555,0.25,16.0,0.02,3.2066,4.1697,0.6455,1.2364,1.127,206,482.22,1.492,0.7690241504184954
0.25,16.0,0.03,7.3408,6.7371,1.2285,1.4092,3.8536,630,3216.67,3.937,0.25,16.0,0.03,1.0896082884327085,7.055344444444445,1.1929888888888887,0.25,16.0,0.03,3.013,3.7217,0.6449,1.2284,1.1923,206,452.89,1.492,0.8095762689093694
0.25,16.0,0.04,7.063400000000001,6.6635,1.2491,1.4226,3.9527,630,3082.72,3.937,0.25,16.0,0.04,1.0600135064155474,6.7957,1.2079333333333333,0.25,16.0,0.04,2.5174,3.5416,0.5608,1.2114,1.046,206,377.95,1.492,0.7108086740456291
0.25,16.0,0.05,6.0298,6.7036,1.1444,1.3712,3.3395,630,2592.45,3.937,0.25,16.0,0.05,0.8994868428903873,6.088766666666666,1.1541333333333332,0.25,16.0,0.05,2.6505,3.5871,0.6652,1.2662,1.0861,206,398.06,1.492,0.7388977168186001
0.25,24.0,0.02,7.2353,6.7371,1.1694,1.3941,3.7615,630,3165.62,3.937,0.25,24.0,0.02,1.0739487316501164,7.087833333333333,1.1519333333333333,0.25,24.0,0.02,3.2066,4.1697,0.6455,1.2364,1.127,206,482.22,1.492,0.7690241504184954
0.25,24.0,0.03,7.3408,6.7371,1.2285,1.4092,3.8536,630,3216.67,3.937,0.25,24.0,0.03,1.0896082884327085,7.060566666666667,1.1920666666666666,0.25,24.0,0.03,3.013,3.7217,0.6449,1.2284,1.1923,206,452.89,1.492,0.8095762689093694
0.25,24.0,0.04,7.063400000000001,6.6635,1.2491,1.4226,3.9527,630,3082.72,3.937,0.25,24.0,0.04,1.0600135064155474,6.7957,1.2079333333333333,0.25,24.0,0.04,2.5174,3.5416,0.5608,1.2114,1.046,206,377.95,1.492,0.7108086740456291
0.25,24.0,0.05,6.0298,6.7036,1.1444,1.3712,3.3395,630,2592.45,3.937,0.25,24.0,0.05,0.8994868428903873,6.088766666666666,1.1541333333333332,0.25,24.0,0.05,2.6505,3.5871,0.6652,1.2662,1.0861,206,398.06,1.492,0.7388977168186001
0.25,24.0,0.06,4.9456,7.5844,1.0142,1.3204,2.4477,630,2093.06,3.937,0.25,24.0,0.06,0.6520753124835188,4.878666666666666,0.9951666666666666,0.25,24.0,0.06,2.3635,3.8616,0.6568,1.265,0.9004,206,354.7,1.492,0.6120519991713279
0.25,24.0,0.07,4.217,7.2244,0.9371,1.2919,2.1961,630,1765.88,3.937,0.25,24.0,0.07,0.583716294778805,4.2009,0.9379666666666666,0.25,24.0,0.07,2.1537,3.6943,0.6572,1.2609,0.8589,206,323.05,1.492,0.5829791841485532
0.25,24.0,0.08,3.718,6.8163,0.9117,1.2756,2.0653,630,1545.63,3.937,0.25,24.0,0.08,0.5454572128574153,3.5893333333333337,0.8883666666666666,0.25,24.0,0.08,2.4072,3.0797,0.8304,1.3241,1.1524,206,361.3,1.492,0.7816345747962464
0.25,24.0,0.01,6.276,6.7464,1.0116,1.336,3.3433,630,2707.98,3.937,0.25,24.0,0.01,0.9302739238705087,6.495855555555555,1.0547444444444443,0.25,24.0,0.01,3.2976,4.1739,0.6384,1.2408,1.1394,206,496.01,1.492,0.7900524689139654
0.25,32.0,0.08,3.718,6.8163,0.9117,1.2756,2.0653,630,1545.63,3.937,0.25,32.0,0.08,0.5454572128574153,3.5893333333333337,0.8883666666666666,0.25,32.0,0.08,2.4072,3.0797,0.8304,1.3241,1.1524,206,361.3,1.492,0.7816345747962464
0.25,32.0,0.01,6.0527,7.8409,0.9709,1.322,3.148,630,2603.16,3.937,0.25,32.0,0.01,0.7719394457268935,6.204977777777779,1.0053444444444442,0.25,32.0,0.01,3.2976,4.1739,0.6384,1.2408,1.1394,206,496.01,1.492,0.7900524689139654
0.25,32.0,0.02,7.2353,6.7371,1.1694,1.3941,3.7615,630,3165.62,3.937,0.25,32.0,0.02,1.0739487316501164,7.087833333333333,1.1519333333333333,0.25,32.0,0.02,3.2066,4.1697,0.6455,1.2364,1.127,206,482.22,1.492,0.7690241504184954
0.25,32.0,0.03,7.3408,6.7371,1.2285,1.4092,3.8536,630,3216.67,3.937,0.25,32.0,0.03,1.0896082884327085,7.060566666666667,1.1920666666666666,0.25,32.0,0.03,3.013,3.7217,0.6449,1.2284,1.1923,206,452.89,1.492,0.8095762689093694
0.25,32.0,0.04,7.063400000000001,6.6635,1.2491,1.4226,3.9527,630,3082.72,3.937,0.25,32.0,0.04,1.0600135064155474,6.7957,1.2079333333333333,0.25,32.0,0.04,2.5174,3.5416,0.5608,1.2114,1.046,206,377.95,1.492,0.7108086740456291
0.25,32.0,0.05,6.0298,6.7036,1.1444,1.3712,3.3395,630,2592.45,3.937,0.25,32.0,0.05,0.8994868428903873,6.088766666666666,1.1541333333333332,0.25,32.0,0.05,2.6505,3.5871,0.6652,1.2662,1.0861,206,398.06,1.492,0.7388977168186001
0.25,32.0,0.06,4.9456,7.5844,1.0142,1.3204,2.4477,630,2093.06,3.937,0.25,32.0,0.06,0.6520753124835188,4.878666666666666,0.9951666666666666,0.25,32.0,0.06,2.3635,3.8616,0.6568,1.265,0.9004,206,354.7,1.492,0.6120519991713279
0.25,32.0,0.07,4.217,7.2244,0.9371,1.2919,2.1961,630,1765.88,3.937,0.25,32.0,0.07,0.583716294778805,4.2009,0.9379666666666666,0.25,32.0,0.07,2.1537,3.6943,0.6572,1.2609,0.8589,206,323.05,1.492,0.5829791841485532
0.25,40.0,0.04,7.063400000000001,6.6635,1.2491,1.4226,3.9527,630,3082.72,3.937,0.25,40.0,0.04,1.0600135064155474,6.7957,1.2079333333333333,0.25,40.0,0.04,2.5174,3.5416,0.5608,1.2114,1.046,206,377.95,1.492,0.7108086740456291
0.25,40.0,0.05,6.0298,6.7036,1.1444,1.3712,3.3395,630,2592.45,3.937,0.25,40.0,0.05,0.8994868428903873,6.088766666666666,1.1541333333333332,0.25,40.0,0.05,2.6505,3.5871,0.6652,1.2662,1.0861,206,398.06,1.492,0.7388977168186001
0.25,40.0,0.06,4.9456,7.5844,1.0142,1.3204,2.4477,630,2093.06,3.937,0.25,40.0,0.06,0.6520753124835188,4.878666666666666,0.9951666666666666,0.25,40.0,0.06,2.3635,3.8616,0.6568,1.265,0.9004,206,354.7,1.492,0.6120519991713279
0.25,40.0,0.07,4.217,7.2244,0.9371,1.2919,2.1961,630,1765.88,3.937,0.25,40.0,0.07,0.583716294778805,4.2009,0.9379666666666666,0.25,40.0,0.07,2.1537,3.6943,0.6572,1.2609,0.8589,206,323.05,1.492,0.5829791841485532
0.25,40.0,0.08,3.718,6.8163,0.9117,1.2756,2.0653,630,1545.63,3.937,0.25,40.0,0.08,0.5454572128574153,3.5893333333333337,0.8883666666666666,0.25,40.0,0.08,2.4072,3.0797,0.8304,1.3241,1.1524,206,361.3,1.492,0.7816345747962464
0.25,40.0,0.01,6.0527,7.8409,0.9709,1.322,3.148,630,2603.16,3.937,0.25,40.0,0.01,0.7719394457268935,6.110466666666666,0.9906333333333333,0.25,40.0,0.01,3.2976,4.1739,0.6384,1.2408,1.1394,206,496.01,1.492,0.7900524689139654
0.25,40.0,0.02,7.2353,6.7371,1.1694,1.3941,3.7615,630,3165.62,3.937,0.25,40.0,0.02,1.0739487316501164,7.087833333333333,1.1519333333333333,0.25,40.0,0.02,3.2066,4.1697,0.6455,1.2364,1.127,206,482.22,1.492,0.7690241504184954
0.25,40.0,0.03,7.3408,6.7371,1.2285,1.4092,3.8536,630,3216.67,3.937,0.25,40.0,0.03,1.0896082884327085,7.060566666666667,1.1920666666666666,0.25,40.0,0.03,3.013,3.7217,0.6449,1.2284,1.1923,206,452.89,1.492,0.8095762689093694
0.25,48.0,0.01,6.0527,7.8409,0.9709,1.322,3.148,630,2603.16,3.937,0.25,48.0,0.01,0.7719394457268935,6.110466666666666,0.9906333333333333,0.25,48.0,0.01,3.2976,4.1739,0.6384,1.2408,1.1394,206,496.01,1.492,0.7900524689139654
0.25,48.0,0.02,7.2353,6.7371,1.1694,1.3941,3.7615,630,3165.62,3.937,0.25,48.0,0.02,1.0739487316501164,7.087833333333333,1.1519333333333333,0.25,48.0,0.02,3.2066,4.1697,0.6455,1.2364,1.127,206,482.22,1.492,0.7690241504184954
0.25,48.0,0.03,7.3408,6.7371,1.2285,1.4092,3.8536,630,3216.67,3.937,0.25,48.0,0.03,1.0896082884327085,7.060566666666667,1.1920666666666666,0.25,48.0,0.03,3.013,3.7217,0.6449,1.2284,1.1923,206,452.89,1.492,0.8095762689093694
0.25,48.0,0.04,7.063400000000001,6.6635,1.2491,1.4226,3.9527,630,3082.72,3.937,0.25,48.0,0.04,1.0600135064155474,6.7957,1.2079333333333333,0.25,48.0,0.04,2.5174,3.5416,0.5608,1.2114,1.046,206,377.95,1.492,0.7108086740456291
0.25,48.0,0.05,6.0298,6.7036,1.1444,1.3712,3.3395,630,2592.45,3.937,0.25,48.0,0.05,0.8994868428903873,6.088766666666666,1.1541333333333332,0.25,48.0,0.05,2.6505,3.5871,0.6652,1.2662,1.0861,206,398.06,1.492,0.7388977168186001
0.25,48.0,0.06,4.9456,7.5844,1.0142,1.3204,2.4477,630,2093.06,3.937,0.25,48.0,0.06,0.6520753124835188,4.878666666666666,0.9951666666666666,0.25,48.0,0.06,2.3635,3.8616,0.6568,1.265,0.9004,206,354.7,1.492,0.6120519991713279
0.25,48.0,0.07,4.217,7.2244,0.9371,1.2919,2.1961,630,1765.88,3.937,0.25,48.0,0.07,0.583716294778805,4.2009,0.9379666666666666,0.25,48.0,0.07,2.1537,3.6943,0.6572,1.2609,0.8589,206,323.05,1.492,0.5829791841485532
0.25,48.0,0.08,3.718,6.8163,0.9117,1.2756,2.0653,630,1545.63,3.937,0.25,48.0,0.08,0.5454572128574153,3.5893333333333337,0.8883666666666666,0.25,48.0,0.08,2.4072,3.0797,0.8304,1.3241,1.1524,206,361.3,1.492,0.7816345747962464
0.25,56.0,0.06,4.9456,7.5844,1.0142,1.3204,2.4477,630,2093.06,3.937,0.25,56.0,0.06,0.6520753124835188,4.878666666666666,0.9951666666666666,0.25,56.0,0.06,2.3635,3.8616,0.6568,1.265,0.9004,206,354.7,1.492,0.6120519991713279
0.25,56.0,0.07,4.217,7.2244,0.9371,1.2919,2.1961,630,1765.88,3.937,0.25,56.0,0.07,0.583716294778805,4.2009,0.9379666666666666,0.25,56.0,0.07,2.1537,3.6943,0.6572,1.2609,0.8589,206,323.05,1.492,0.5829791841485532
0.25,56.0,0.08,3.718,6.8163,0.9117,1.2756,2.0653,630,1545.63,3.937,0.25,56.0,0.08,0.5454572128574153,3.5893333333333337,0.8883666666666666,0.25,56.0,0.08,2.4072,3.0797,0.8304,1.3241,1.1524,206,361.3,1.492,0.7816345747962464
0.25,56.0,0.01,6.0527,7.8409,0.9709,1.322,3.148,630,2603.16,3.937,0.25,56.0,0.01,0.7719394457268935,6.110466666666666,0.9906333333333333,0.25,56.0,0.01,3.2976,4.1739,0.6384,1.2408,1.1394,206,496.01,1.492,0.7900524689139654
0.25,56.0,0.02,7.2353,6.7371,1.1694,1.3941,3.7615,630,3165.62,3.937,0.25,56.0,0.02,1.0739487316501164,7.087833333333333,1.1519333333333333,0.25,56.0,0.02,3.2066,4.1697,0.6455,1.2364,1.127,206,482.22,1.492,0.7690241504184954
0.25,56.0,0.03,7.3408,6.7371,1.2285,1.4092,3.8536,630,3216.67,3.937,0.25,56.0,0.03,1.0896082884327085,7.060566666666667,1.1920666666666666,0.25,56.0,0.03,3.013,3.7217,0.6449,1.2284,1.1923,206,452.89,1.492,0.8095762689093694
0.25,56.0,0.04,7.063400000000001,6.6635,1.2491,1.4226,3.9527,630,3082.72,3.937,0.25,56.0,0.04,1.0600135064155474,6.7957,1.2079333333333333,0.25,56.0,0.04,2.5174,3.5416,0.5608,1.2114,1.046,206,377.95,1.492,0.7108086740456291
0.25,56.0,0.05,6.0298,6.7036,1.1444,1.3712,3.3395,630,2592.45,3.937,0.25,56.0,0.05,0.8994868428903873,6.088766666666666,1.1541333333333332,0.25,56.0,0.05,2.6505,3.5871,0.6652,1.2662,1.0861,206,398.06,1.492,0.7388977168186001
0.25,64.0,0.01,6.0527,7.8409,0.9709,1.322,3.148,630,2603.16,3.937,0.25,64.0,0.01,0.7719394457268935,6.110466666666666,0.9906333333333333,0.25,64.0,0.01,3.2976,4.1739,0.6384,1.2408,1.1394,206,496.01,1.492,0.7900524689139654
0.25,64.0,0.03,7.3408,6.7371,1.2285,1.4092,3.8536,630,3216.67,3.937,0.25,64.0,0.03,1.0896082884327085,7.060566666666667,1.1920666666666666,0.25,64.0,0.03,3.013,3.7217,0.6449,1.2284,1.1923,206,452.89,1.492,0.8095762689093694
0.25,64.0,0.04,7.063400000000001,6.6635,1.2491,1.4226,3.9527,630,3082.72,3.937,0.25,64.0,0.04,1.0600135064155474,6.7957,1.2079333333333333,0.25,64.0,0.04,2.5174,3.5416,0.5608,1.2114,1.046,206,377.95,1.492,0.7108086740456291
0.25,64.0,0.05,6.0298,6.7036,1.1444,1.3712,3.3395,630,2592.45,3.937,0.25,64.0,0.05,0.8994868428903873,6.088766666666666,1.1541333333333332,0.25,64.0,0.05,2.6505,3.5871,0.6652,1.2662,1.0861,206,398.06,1.492,0.7388977168186001
0.25,64.0,0.06,4.9456,7.5844,1.0142,1.3204,2.4477,630,2093.06,3.937,0.25,64.0,0.06,0.6520753124835188,4.878666666666666,0.9951666666666666,0.25,64.0,0.06,2.3635,3.8616,0.6568,1.265,0.9004,206,354.7,1.492,0.6120519991713279
0.25,64.0,0.07,4.217,7.2244,0.9371,1.2919,2.1961,630,1765.88,3.937,0.25,64.0,0.07,0.583716294778805,4.2009,0.9379666666666666,0.25,64.0,0.07,2.1537,3.6943,0.6572,1.2609,0.8589,206,323.05,1.492,0.5829791841485532
0.25,64.0,0.08,3.718,6.8163,0.9117,1.2756,2.0653,630,1545.63,3.937,0.25,64.0,0.08,0.5454572128574153,3.5893333333333337,0.8883666666666666,0.25,64.0,0.08,2.4072,3.0797,0.8304,1.3241,1.1524,206,361.3,1.492,0.7816345747962464
0.25,72.0,0.01,6.0527,7.8409,0.9709,1.322,3.148,630,2603.16,3.937,0.25,72.0,0.01,0.7719394457268935,6.110466666666666,0.9906333333333333,0.25,72.0,0.01,3.2976,4.1739,0.6384,1.2408,1.1394,206,496.01,1.492,0.7900524689139654
0.25,72.0,0.02,7.2353,6.7371,1.1694,1.3941,3.7615,630,3165.62,3.937,0.25,72.0,0.02,1.0739487316501164,7.087833333333333,1.1519333333333333,0.25,72.0,0.02,3.2066,4.1697,0.6455,1.2364,1.127,206,482.22,1.492,0.7690241504184954
0.25,72.0,0.03,7.3408,6.7371,1.2285,1.4092,3.8536,630,3216.67,3.937,0.25,72.0,0.03,1.0896082884327085,7.060566666666667,1.1920666666666666,0.25,72.0,0.03,3.013,3.7217,0.6449,1.2284,1.1923,206,452.89,1.492,0.8095762689093694
0.25,72.0,0.04,7.063400000000001,6.6635,1.2491,1.4226,3.9527,630,3082.72,3.937,0.25,72.0,0.04,1.0600135064155474,6.7957,1.2079333333333333,0.25,72.0,0.04,2.5174,3.5416,0.5608,1.2114,1.046,206,377.95,1.492,0.7108086740456291
0.25,72.0,0.05,6.0298,6.7036,1.1444,1.3712,3.3395,630,2592.45,3.937,0.25,72.0,0.05,0.8994868428903873,6.088766666666666,1.1541333333333332,0.25,72.0,0.05,2.6505,3.5871,0.6652,1.2662,1.0861,206,398.06,1.492,0.7388977168186001
0.25,72.0,0.06,4.9456,7.5844,1.0142,1.3204,2.4477,630,2093.06,3.937,0.25,72.0,0.06,0.6520753124835188,4.878666666666666,0.9951666666666666,0.25,72.0,0.06,2.3635,3.8616,0.6568,1.265,0.9004,206,354.7,1.492,0.6120519991713279
0.25,72.0,0.08,3.718,6.8163,0.9117,1.2756,2.0653,630,1545.63,3.937,0.25,72.0,0.08,0.5454572128574153,3.5893333333333337,0.8883666666666666,0.25,72.0,0.08,2.4072,3.0797,0.8304,1.3241,1.1524,206,361.3,1.492,0.7816345747962464
0.25,72.0,0.07,4.217,7.2244,0.9371,1.2919,2.1961,630,1765.88,3.937,0.25,72.0,0.07,0.583716294778805,4.2009,0.9379666666666666,0.25,72.0,0.07,2.1537,3.6943,0.6572,1.2609,0.8589,206,323.05,1.492,0.5829791841485532
0.25,80.0,0.03,7.3408,6.7371,1.2285,1.4092,3.8536,630,3216.67,3.937,0.25,80.0,0.03,1.0896082884327085,7.060566666666667,1.1920666666666666,0.25,80.0,0.03,3.013,3.7217,0.6449,1.2284,1.1923,206,452.89,1.492,0.8095762689093694
0.25,80.0,0.04,7.063400000000001,6.6635,1.2491,1.4226,3.9527,630,3082.72,3.937,0.25,80.0,0.04,1.0600135064155474,6.7957,1.2079333333333333,0.25,80.0,0.04,2.5174,3.5416,0.5608,1.2114,1.046,206,377.95,1.492,0.7108086740456291
0.25,80.0,0.05,6.0298,6.7036,1.1444,1.3712,3.3395,630,2592.45,3.937,0.25,80.0,0.05,0.8994868428903873,6.0887666666666656,1.1541333333333332,0.25,80.0,0.05,2.6505,3.5871,0.6652,1.2662,1.0861,206,398.06,1.492,0.7388977168186001
0.25,80.0,0.06,4.9456,7.5844,1.0142,1.3204,2.4477,630,2093.06,3.937,0.25,80.0,0.06,0.6520753124835188,4.878666666666667,0.9951666666666665,0.25,80.0,0.06,2.3635,3.8616,0.6568,1.265,0.9004,206,354.7,1.492,0.6120519991713279
0.25,80.0,0.07,4.217,7.2244,0.9371,1.2919,2.1961,630,1765.88,3.937,0.25,80.0,0.07,0.583716294778805,4.2009,0.9379666666666665,0.25,80.0,0.07,2.1537,3.6943,0.6572,1.2609,0.8589,206,323.05,1.492,0.5829791841485532
0.25,80.0,0.01,6.0527,7.8409,0.9709,1.322,3.148,630,2603.16,3.937,0.25,80.0,0.01,0.7719394457268935,6.1104666666666665,0.9906333333333334,0.25,80.0,0.01,3.2976,4.1739,0.6384,1.2408,1.1394,206,496.01,1.492,0.7900524689139654
0.25,80.0,0.02,7.2353,6.7371,1.1694,1.3941,3.7615,630,3165.62,3.937,0.25,80.0,0.02,1.0739487316501164,7.087833333333333,1.1519333333333333,0.25,80.0,0.02,3.2066,4.1697,0.6455,1.2364,1.127,206,482.22,1.492,0.7690241504184954
0.25,80.0,0.08,3.718,6.8163,0.9117,1.2756,2.0653,630,1545.63,3.937,0.25,80.0,0.08,0.5454572128574153,3.5893333333333337,0.8883666666666666,0.25,80.0,0.08,2.4072,3.0797,0.8304,1.3241,1.1524,206,361.3,1.492,0.7816345747962464
0.3,8.0,0.01,7.8291,7.1772,1.2058,1.4091,3.8785,630,3454.96,3.937,0.3,8.0,0.01,1.090829292760408,7.7871,1.1749166666666666,0.3,8.0,0.01,3.2575,3.8995,0.6492,1.2379,1.2316,206,489.94,1.492,0.8353635081420694
0.3,8.0,0.02,7.8291,7.1772,1.2058,1.4091,3.8785,630,3454.96,3.937,0.3,8.0,0.02,1.090829292760408,7.789866666666666,1.1742,0.3,8.0,0.02,3.2575,3.8995,0.6492,1.2379,1.2316,206,489.94,1.492,0.8353635081420694
0.3,8.0,0.03,7.8291,7.1772,1.2058,1.4091,3.8785,630,3454.96,3.937,0.3,8.0,0.03,1.090829292760408,7.789066666666667,1.1919333333333333,0.3,8.0,0.03,3.2575,3.8995,0.6492,1.2379,1.2316,206,489.94,1.492,0.8353635081420694
0.3,8.0,0.04,7.622199999999999,7.1134,1.1907,1.4022,3.8173,630,3353.61,3.937,0.3,8.0,0.04,1.0715269772541962,7.751566666666668,1.2218666666666667,0.3,8.0,0.04,3.0524,3.8709,0.6165,1.2279,1.1625,206,458.86,1.492,0.788550466299827
0.3,8.0,0.05,7.3497,7.0388,1.2303,1.4119,3.8648,630,3220.98,3.937,0.3,8.0,0.05,1.044169460703529,6.944100000000001,1.18918,0.3,8.0,0.05,2.618,3.9723,0.541,1.2133,0.9665,206,393.15,1.492,0.6590640183269139
0.3,8.0,0.06,5.8765,7.8147,1.0504,1.3363,2.7808,630,2520.93,3.937,0.3,8.0,0.06,0.7519802423637504,5.985833333333333,1.0676666666666665,0.3,8.0,0.06,2.5272,4.1308,0.6089,1.2455,0.899,206,379.43,1.492,0.6117943255543721
0.3,8.0,0.07,4.9158,8.2378,0.94,1.2954,2.2243,630,2079.57,3.937,0.3,8.0,0.07,0.5967369928864502,4.929533333333333,0.9463333333333334,0.3,8.0,0.07,1.9898,4.4344,0.5173,1.205,0.6597,206,298.35,1.492,0.4487191051777016
0.3,8.0,0.08,4.0809,7.729,0.8502,1.263,1.9837,630,1705.51,3.937,0.3,8.0,0.08,0.527998447405874,4.3116666666666665,0.9000333333333334,0.3,8.0,0.08,2.4474,3.8323,0.7074,1.2895,0.9403,206,367.37,1.492,0.6386243248179944
0.3,16.0,0.06,5.8765,7.8147,1.0504,1.3363,2.7808,630,2520.93,3.937,0.3,16.0,0.06,0.7519802423637504,5.985833333333333,1.0676666666666668,0.3,16.0,0.06,2.5272,4.1308,0.6089,1.2455,0.899,206,379.43,1.492,0.6117943255543721
0.3,16.0,0.07,4.9158,8.2378,0.94,1.2954,2.2243,630,2079.57,3.937,0.3,16.0,0.07,0.5967369928864502,4.9295333333333335,0.9463333333333332,0.3,16.0,0.07,1.9898,4.4344,0.5173,1.205,0.6597,206,298.35,1.492,0.4487191051777016
0.3,16.0,0.08,4.0809,7.729,0.8502,1.263,1.9837,630,1705.51,3.937,0.3,16.0,0.08,0.527998447405874,4.311666666666666,0.9000333333333332,0.3,16.0,0.08,2.4474,3.8323,0.7074,1.2895,0.9403,206,367.37,1.492,0.6386243248179944
0.3,16.0,0.01,7.438000000000001,7.4202,1.1005,1.3652,3.4846,630,3263.86,3.937,0.3,16.0,0.01,1.002398857173661,7.5565999999999995,1.1292555555555555,0.3,16.0,0.01,3.2788,4.439,0.5857,1.2174,1.0333,206,493.17,1.492,0.7386348276638882
0.3,16.0,0.02,7.5058,7.4036,1.1027,1.3684,3.5212,630,3296.85,3.937,0.3,16.0,0.02,1.0138040953049867,7.741733333333333,1.1584,0.3,16.0,0.02,3.2811,4.3723,0.5934,1.2176,1.034,206,493.51,1.492,0.7504288360816961
0.3,16.0,0.03,7.6591,7.3693,1.1604,1.3793,3.6693,630,3371.63,3.937,0.3,16.0,0.03,1.0393253090524202,7.782344444444444,1.1871777777777779,0.3,16.0,0.03,3.3259,4.1781,0.6314,1.2238,1.1602,206,500.3,1.492,0.7960316890452598
0.3,16.0,0.04,7.622199999999999,7.1134,1.1907,1.4022,3.8173,630,3353.61,3.937,0.3,16.0,0.04,1.0715269772541962,7.762044444444445,1.2223555555555556,0.3,16.0,0.04,3.0524,3.8709,0.6165,1.2279,1.1625,206,458.86,1.492,0.788550466299827
0.3,16.0,0.05,7.3497,7.0388,1.2303,1.4119,3.8648,630,3220.98,3.937,0.3,16.0,0.05,1.044169460703529,7.0076875,1.1896375,0.3,16.0,0.05,2.618,3.9723,0.541,1.2133,0.9665,206,393.15,1.492,0.6590640183269139
0.3,24.0,0.01,7.164,7.4135,1.0478,1.3556,3.4152,630,3131.18,3.937,0.3,24.0,0.01,0.9663451810885546,7.137288888888888,1.0461555555555555,0.3,24.0,0.01,3.3862000000000005,4.6164,0.5893,1.2263,1.0598,206,509.45,1.492,0.7335152933021404
0.3,24.0,0.02,7.5058,7.4036,1.1027,1.3684,3.5212,630,3296.85,3.937,0.3,24.0,0.02,1.0138040953049867,7.687144444444444,1.1319333333333335,0.3,24.0,0.02,3.2811,4.3723,0.5934,1.2176,1.034,206,493.51,1.492,0.7504288360816961
0.3,24.0,0.03,7.6591,7.3693,1.1604,1.3793,3.6693,630,3371.63,3.937,0.3,24.0,0.03,1.0393253090524202,7.7689,1.1776666666666666,0.3,24.0,0.03,3.3259,4.1781,0.6314,1.2238,1.1602,206,500.3,1.492,0.7960316890452598
0.3,24.0,0.04,7.622199999999999,7.1134,1.1907,1.4022,3.8173,630,3353.61,3.937,0.3,24.0,0.04,1.0715269772541962,7.783000000000001,1.2233333333333336,0.3,24.0,0.04,3.0524,3.8709,0.6165,1.2279,1.1625,206,458.86,1.492,0.788550466299827
0.3,24.0,0.05,7.3497,7.0388,1.2303,1.4119,3.8648,630,3220.98,3.937,0.3,24.0,0.05,1.044169460703529,7.0076875,1.1896375,0.3,24.0,0.05,2.618,3.9723,0.541,1.2133,0.9665,206,393.15,1.492,0.6590640183269139
0.3,24.0,0.06,5.8765,7.8147,1.0504,1.3363,2.7808,630,2520.93,3.937,0.3,24.0,0.06,0.7519802423637504,5.985833333333333,1.0676666666666668,0.3,24.0,0.06,2.5272,4.1308,0.6089,1.2455,0.899,206,379.43,1.492,0.6117943255543721
0.3,24.0,0.07,4.9158,8.2378,0.94,1.2954,2.2243,630,2079.57,3.937,0.3,24.0,0.07,0.5967369928864502,4.9295333333333335,0.9463333333333332,0.3,24.0,0.07,1.9898,4.4344,0.5173,1.205,0.6597,206,298.35,1.492,0.4487191051777016
0.3,24.0,0.08,4.0809,7.729,0.8502,1.263,1.9837,630,1705.51,3.937,0.3,24.0,0.08,0.527998447405874,4.311666666666666,0.9000333333333332,0.3,24.0,0.08,2.4474,3.8323,0.7074,1.2895,0.9403,206,367.37,1.492,0.6386243248179944
0.3,32.0,0.08,4.0809,7.729,0.8502,1.263,1.9837,630,1705.51,3.937,0.3,32.0,0.08,0.527998447405874,4.311666666666666,0.9000333333333332,0.3,32.0,0.08,2.4474,3.8323,0.7074,1.2895,0.9403,206,367.37,1.492,0.6386243248179944
0.3,32.0,0.01,6.5367,9.4478,0.9561,1.3191,2.9208,630,2831.16,3.937,0.3,32.0,0.01,0.6918753572260208,6.6691222222222235,0.9751555555555557,0.3,32.0,0.01,3.3862000000000005,4.6164,0.5893,1.2263,1.0598,206,509.45,1.492,0.7335152933021404
0.3,32.0,0.02,7.5058,7.4036,1.1027,1.3684,3.5212,630,3296.85,3.937,0.3,32.0,0.02,1.0138040953049867,7.6454666666666675,1.1268000000000002,0.3,32.0,0.02,3.2811,4.3723,0.5934,1.2176,1.034,206,493.51,1.492,0.7504288360816961
0.3,32.0,0.03,7.6591,7.3693,1.1604,1.3793,3.6693,630,3371.63,3.937,0.3,32.0,0.03,1.0393253090524202,7.7689,1.1776666666666666,0.3,32.0,0.03,3.3259,4.1781,0.6314,1.2238,1.1602,206,500.3,1.492,0.7960316890452598
0.3,32.0,0.04,7.622199999999999,7.1134,1.1907,1.4022,3.8173,630,3353.61,3.937,0.3,32.0,0.04,1.0715269772541962,7.783000000000001,1.2233333333333336,0.3,32.0,0.04,3.0524,3.8709,0.6165,1.2279,1.1625,206,458.86,1.492,0.788550466299827
0.3,32.0,0.05,7.3497,7.0388,1.2303,1.4119,3.8648,630,3220.98,3.937,0.3,32.0,0.05,1.044169460703529,7.113666666666666,1.1904,0.3,32.0,0.05,2.618,3.9723,0.541,1.2133,0.9665,206,393.15,1.492,0.6590640183269139
0.3,32.0,0.06,5.8765,7.8147,1.0504,1.3363,2.7808,630,2520.93,3.937,0.3,32.0,0.06,0.7519802423637504,5.985833333333333,1.0676666666666668,0.3,32.0,0.06,2.5272,4.1308,0.6089,1.2455,0.899,206,379.43,1.492,0.6117943255543721
0.3,32.0,0.07,4.9158,8.2378,0.94,1.2954,2.2243,630,2079.57,3.937,0.3,32.0,0.07,0.5967369928864502,4.9295333333333335,0.9463333333333332,0.3,32.0,0.07,1.9898,4.4344,0.5173,1.205,0.6597,206,298.35,1.492,0.4487191051777016
0.3,40.0,0.03,7.6591,7.3693,1.1604,1.3793,3.6693,630,3371.63,3.937,0.3,40.0,0.03,1.0393253090524202,7.7689,1.1776666666666666,0.3,40.0,0.03,3.3259,4.1781,0.6314,1.2238,1.1602,206,500.3,1.492,0.7960316890452598
0.3,40.0,0.04,7.622199999999999,7.1134,1.1907,1.4022,3.8173,630,3353.61,3.937,0.3,40.0,0.04,1.0715269772541962,7.783000000000001,1.2233333333333336,0.3,40.0,0.04,3.0524,3.8709,0.6165,1.2279,1.1625,206,458.86,1.492,0.788550466299827
0.3,40.0,0.05,7.3497,7.0388,1.2303,1.4119,3.8648,630,3220.98,3.937,0.3,40.0,0.05,1.044169460703529,7.113666666666666,1.1904,0.3,40.0,0.05,2.618,3.9723,0.541,1.2133,0.9665,206,393.15,1.492,0.6590640183269139
0.3,40.0,0.06,5.8765,7.8147,1.0504,1.3363,2.7808,630,2520.93,3.937,0.3,40.0,0.06,0.7519802423637504,5.985833333333333,1.0676666666666668,0.3,40.0,0.06,2.5272,4.1308,0.6089,1.2455,0.899,206,379.43,1.492,0.6117943255543721
0.3,40.0,0.07,4.9158,8.2378,0.94,1.2954,2.2243,630,2079.57,3.937,0.3,40.0,0.07,0.5967369928864502,4.9295333333333335,0.9463333333333332,0.3,40.0,0.07,1.9898,4.4344,0.5173,1.205,0.6597,206,298.35,1.492,0.4487191051777016
0.3,40.0,0.08,4.0809,7.729,0.8502,1.263,1.9837,630,1705.51,3.937,0.3,40.0,0.08,0.527998447405874,4.311666666666666,0.9000333333333332,0.3,40.0,0.08,2.4474,3.8323,0.7074,1.2895,0.9403,206,367.37,1.492,0.6386243248179944
0.3,40.0,0.01,6.5367,9.4478,0.9561,1.3191,2.9208,630,2831.16,3.937,0.3,40.0,0.01,0.6918753572260208,6.424077777777778,0.9393888888888888,0.3,40.0,0.01,3.3862000000000005,4.6164,0.5893,1.2263,1.0598,206,509.45,1.492,0.7335152933021404
0.3,40.0,0.02,7.5058,7.4036,1.1027,1.3684,3.5212,630,3296.85,3.937,0.3,40.0,0.02,1.0138040953049867,7.6454666666666675,1.1268000000000002,0.3,40.0,0.02,3.2811,4.3723,0.5934,1.2176,1.034,206,493.51,1.492,0.7504288360816961
0.3,48.0,0.01,6.5367,9.4478,0.9561,1.3191,2.9208,630,2831.16,3.937,0.3,48.0,0.01,0.6918753572260208,6.360466666666667,0.9306333333333333,0.3,48.0,0.01,3.3862000000000005,4.6164,0.5893,1.2263,1.0598,206,509.45,1.492,0.7335152933021404
0.3,48.0,0.02,7.5058,7.4036,1.1027,1.3684,3.5212,630,3296.85,3.937,0.3,48.0,0.02,1.0138040953049867,7.6454666666666675,1.1268000000000002,0.3,48.0,0.02,3.2811,4.3723,0.5934,1.2176,1.034,206,493.51,1.492,0.7504288360816961
0.3,48.0,0.03,7.6591,7.3693,1.1604,1.3793,3.6693,630,3371.63,3.937,0.3,48.0,0.03,1.0393253090524202,7.7689,1.1776666666666666,0.3,48.0,0.03,3.3259,4.1781,0.6314,1.2238,1.1602,206,500.3,1.492,0.7960316890452598
0.3,48.0,0.04,7.622199999999999,7.1134,1.1907,1.4022,3.8173,630,3353.61,3.937,0.3,48.0,0.04,1.0715269772541962,7.783000000000001,1.2233333333333336,0.3,48.0,0.04,3.0524,3.8709,0.6165,1.2279,1.1625,206,458.86,1.492,0.788550466299827
0.3,48.0,0.05,7.3497,7.0388,1.2303,1.4119,3.8648,630,3220.98,3.937,0.3,48.0,0.05,1.044169460703529,7.113666666666666,1.1904,0.3,48.0,0.05,2.618,3.9723,0.541,1.2133,0.9665,206,393.15,1.492,0.6590640183269139
0.3,48.0,0.06,5.8765,7.8147,1.0504,1.3363,2.7808,630,2520.93,3.937,0.3,48.0,0.06,0.7519802423637504,5.985833333333333,1.0676666666666668,0.3,48.0,0.06,2.5272,4.1308,0.6089,1.2455,0.899,206,379.43,1.492,0.6117943255543721
0.3,48.0,0.07,4.9158,8.2378,0.94,1.2954,2.2243,630,2079.57,3.937,0.3,48.0,0.07,0.5967369928864502,4.9295333333333335,0.9463333333333332,0.3,48.0,0.07,1.9898,4.4344,0.5173,1.205,0.6597,206,298.35,1.492,0.4487191051777016
0.3,48.0,0.08,4.0809,7.729,0.8502,1.263,1.9837,630,1705.51,3.937,0.3,48.0,0.08,0.527998447405874,4.311666666666666,0.9000333333333332,0.3,48.0,0.08,2.4474,3.8323,0.7074,1.2895,0.9403,206,367.37,1.492,0.6386243248179944
0.3,56.0,0.05,7.3497,7.0388,1.2303,1.4119,3.8648,630,3220.98,3.937,0.3,56.0,0.05,1.044169460703529,7.113666666666666,1.1904,0.3,56.0,0.05,2.618,3.9723,0.541,1.2133,0.9665,206,393.15,1.492,0.6590640183269139
0.3,56.0,0.06,5.8765,7.8147,1.0504,1.3363,2.7808,630,2520.93,3.937,0.3,56.0,0.06,0.7519802423637504,5.985833333333333,1.0676666666666668,0.3,56.0,0.06,2.5272,4.1308,0.6089,1.2455,0.899,206,379.43,1.492,0.6117943255543721
0.3,56.0,0.07,4.9158,8.2378,0.94,1.2954,2.2243,630,2079.57,3.937,0.3,56.0,0.07,0.5967369928864502,4.9295333333333335,0.9463333333333332,0.3,56.0,0.07,1.9898,4.4344,0.5173,1.205,0.6597,206,298.35,1.492,0.4487191051777016
0.3,56.0,0.08,4.0809,7.729,0.8502,1.263,1.9837,630,1705.51,3.937,0.3,56.0,0.08,0.527998447405874,4.311666666666666,0.9000333333333332,0.3,56.0,0.08,2.4474,3.8323,0.7074,1.2895,0.9403,206,367.37,1.492,0.6386243248179944
0.3,56.0,0.01,6.5367,9.4478,0.9561,1.3191,2.9208,630,2831.16,3.937,0.3,56.0,0.01,0.6918753572260208,6.360466666666667,0.9306333333333333,0.3,56.0,0.01,3.3862000000000005,4.6164,0.5893,1.2263,1.0598,206,509.45,1.492,0.7335152933021404
0.3,56.0,0.02,7.5058,7.4036,1.1027,1.3684,3.5212,630,3296.85,3.937,0.3,56.0,0.02,1.0138040953049867,7.6454666666666675,1.1268000000000002,0.3,56.0,0.02,3.2811,4.3723,0.5934,1.2176,1.034,206,493.51,1.492,0.7504288360816961
0.3,56.0,0.03,7.6591,7.3693,1.1604,1.3793,3.6693,630,3371.63,3.937,0.3,56.0,0.03,1.0393253090524202,7.7689,1.1776666666666666,0.3,56.0,0.03,3.3259,4.1781,0.6314,1.2238,1.1602,206,500.3,1.492,0.7960316890452598
0.3,56.0,0.04,7.622199999999999,7.1134,1.1907,1.4022,3.8173,630,3353.61,3.937,0.3,56.0,0.04,1.0715269772541962,7.783000000000001,1.2233333333333336,0.3,56.0,0.04,3.0524,3.8709,0.6165,1.2279,1.1625,206,458.86,1.492,0.788550466299827
0.3,64.0,0.01,6.5367,9.4478,0.9561,1.3191,2.9208,630,2831.16,3.937,0.3,64.0,0.01,0.6918753572260208,6.360466666666667,0.9306333333333333,0.3,64.0,0.01,3.3862000000000005,4.6164,0.5893,1.2263,1.0598,206,509.45,1.492,0.7335152933021404
0.3,64.0,0.02,7.5058,7.4036,1.1027,1.3684,3.5212,630,3296.85,3.937,0.3,64.0,0.02,1.0138040953049867,7.6454666666666675,1.1268000000000002,0.3,64.0,0.02,3.2811,4.3723,0.5934,1.2176,1.034,206,493.51,1.492,0.7504288360816961
0.3,64.0,0.03,7.6591,7.3693,1.1604,1.3793,3.6693,630,3371.63,3.937,0.3,64.0,0.03,1.0393253090524202,7.7689,1.1776666666666666,0.3,64.0,0.03,3.3259,4.1781,0.6314,1.2238,1.1602,206,500.3,1.492,0.7960316890452598
0.3,64.0,0.04,7.622199999999999,7.1134,1.1907,1.4022,3.8173,630,3353.61,3.937,0.3,64.0,0.04,1.0715269772541962,7.783000000000001,1.2233333333333336,0.3,64.0,0.04,3.0524,3.8709,0.6165,1.2279,1.1625,206,458.86,1.492,0.788550466299827
0.3,64.0,0.05,7.3497,7.0388,1.2303,1.4119,3.8648,630,3220.98,3.937,0.3,64.0,0.05,1.044169460703529,7.113666666666666,1.1904,0.3,64.0,0.05,2.618,3.9723,0.541,1.2133,0.9665,206,393.15,1.492,0.6590640183269139
0.3,64.0,0.06,5.8765,7.8147,1.0504,1.3363,2.7808,630,2520.93,3.937,0.3,64.0,0.06,0.7519802423637504,5.985833333333333,1.0676666666666668,0.3,64.0,0.06,2.5272,4.1308,0.6089,1.2455,0.899,206,379.43,1.492,0.6117943255543721
0.3,64.0,0.07,4.9158,8.2378,0.94,1.2954,2.2243,630,2079.57,3.937,0.3,64.0,0.07,0.5967369928864502,4.9295333333333335,0.9463333333333332,0.3,64.0,0.07,1.9898,4.4344,0.5173,1.205,0.6597,206,298.35,1.492,0.4487191051777016
0.3,64.0,0.08,4.0809,7.729,0.8502,1.263,1.9837,630,1705.51,3.937,0.3,64.0,0.08,0.527998447405874,4.311666666666666,0.9000333333333332,0.3,64.0,0.08,2.4474,3.8323,0.7074,1.2895,0.9403,206,367.37,1.492,0.6386243248179944
0.3,72.0,0.07,4.9158,8.2378,0.94,1.2954,2.2243,630,2079.57,3.937,0.3,72.0,0.07,0.5967369928864502,4.9295333333333335,0.9463333333333332,0.3,72.0,0.07,1.9898,4.4344,0.5173,1.205,0.6597,206,298.35,1.492,0.4487191051777016
0.3,72.0,0.01,6.5367,9.4478,0.9561,1.3191,2.9208,630,2831.16,3.937,0.3,72.0,0.01,0.6918753572260208,6.360466666666667,0.9306333333333333,0.3,72.0,0.01,3.3862000000000005,4.6164,0.5893,1.2263,1.0598,206,509.45,1.492,0.7335152933021404
0.3,72.0,0.02,7.5058,7.4036,1.1027,1.3684,3.5212,630,3296.85,3.937,0.3,72.0,0.02,1.0138040953049867,7.6454666666666675,1.1268000000000002,0.3,72.0,0.02,3.2811,4.3723,0.5934,1.2176,1.034,206,493.51,1.492,0.7504288360816961
0.3,72.0,0.03,7.6591,7.3693,1.1604,1.3793,3.6693,630,3371.63,3.937,0.3,72.0,0.03,1.0393253090524202,7.7689,1.1776666666666666,0.3,72.0,0.03,3.3259,4.1781,0.6314,1.2238,1.1602,206,500.3,1.492,0.7960316890452598
0.3,72.0,0.04,7.622199999999999,7.1134,1.1907,1.4022,3.8173,630,3353.61,3.937,0.3,72.0,0.04,1.0715269772541962,7.783000000000001,1.2233333333333336,0.3,72.0,0.04,3.0524,3.8709,0.6165,1.2279,1.1625,206,458.86,1.492,0.788550466299827
0.3,72.0,0.05,7.3497,7.0388,1.2303,1.4119,3.8648,630,3220.98,3.937,0.3,72.0,0.05,1.044169460703529,7.113666666666666,1.1904,0.3,72.0,0.05,2.618,3.9723,0.541,1.2133,0.9665,206,393.15,1.492,0.6590640183269139
0.3,72.0,0.06,5.8765,7.8147,1.0504,1.3363,2.7808,630,2520.93,3.937,0.3,72.0,0.06,0.7519802423637504,5.985833333333333,1.0676666666666668,0.3,72.0,0.06,2.5272,4.1308,0.6089,1.2455,0.899,206,379.43,1.492,0.6117943255543721
0.3,72.0,0.08,4.0809,7.729,0.8502,1.263,1.9837,630,1705.51,3.937,0.3,72.0,0.08,0.527998447405874,4.311666666666666,0.9000333333333332,0.3,72.0,0.08,2.4474,3.8323,0.7074,1.2895,0.9403,206,367.37,1.492,0.6386243248179944
0.3,80.0,0.03,7.6591,7.3693,1.1604,1.3793,3.6693,630,3371.63,3.937,0.3,80.0,0.03,1.0393253090524202,7.7688999999999995,1.1776666666666666,0.3,80.0,0.03,3.3259,4.1781,0.6314,1.2238,1.1602,206,500.3,1.492,0.7960316890452598
0.3,80.0,0.04,7.622199999999999,7.1134,1.1907,1.4022,3.8173,630,3353.61,3.937,0.3,80.0,0.04,1.0715269772541962,7.783000000000001,1.2233333333333334,0.3,80.0,0.04,3.0524,3.8709,0.6165,1.2279,1.1625,206,458.86,1.492,0.788550466299827
0.3,80.0,0.05,7.3497,7.0388,1.2303,1.4119,3.8648,630,3220.98,3.937,0.3,80.0,0.05,1.044169460703529,7.113666666666667,1.1904000000000001,0.3,80.0,0.05,2.618,3.9723,0.541,1.2133,0.9665,206,393.15,1.492,0.6590640183269139
0.3,80.0,0.06,5.8765,7.8147,1.0504,1.3363,2.7808,630,2520.93,3.937,0.3,80.0,0.06,0.7519802423637504,5.985833333333333,1.0676666666666665,0.3,80.0,0.06,2.5272,4.1308,0.6089,1.2455,0.899,206,379.43,1.492,0.6117943255543721
0.3,80.0,0.07,4.9158,8.2378,0.94,1.2954,2.2243,630,2079.57,3.937,0.3,80.0,0.07,0.5967369928864502,4.929533333333333,0.9463333333333334,0.3,80.0,0.07,1.9898,4.4344,0.5173,1.205,0.6597,206,298.35,1.492,0.4487191051777016
0.3,80.0,0.01,6.5367,9.4478,0.9561,1.3191,2.9208,630,2831.16,3.937,0.3,80.0,0.01,0.6918753572260208,6.360466666666667,0.9306333333333333,0.3,80.0,0.01,3.3862000000000005,4.6164,0.5893,1.2263,1.0598,206,509.45,1.492,0.7335152933021404
0.3,80.0,0.02,7.5058,7.4036,1.1027,1.3684,3.5212,630,3296.85,3.937,0.3,80.0,0.02,1.0138040953049867,7.645466666666667,1.1268,0.3,80.0,0.02,3.2811,4.3723,0.5934,1.2176,1.034,206,493.51,1.492,0.7504288360816961
0.3,80.0,0.08,4.0809,7.729,0.8502,1.263,1.9837,630,1705.51,3.937,0.3,80.0,0.08,0.527998447405874,4.3116666666666665,0.9000333333333334,0.3,80.0,0.08,2.4474,3.8323,0.7074,1.2895,0.9403,206,367.37,1.492,0.6386243248179944
0.35,8.0,0.01,8.4748,7.9243,1.2214,1.4138,3.8973,630,3774.98,3.937,0.35,8.0,0.01,1.0694698585364006,8.416166666666667,1.1750666666666667,0.35,8.0,0.01,3.1659,4.075,0.5864,1.2189,1.1451,206,476.05,1.492,0.7769079754601227
0.35,8.0,0.02,8.4748,7.9243,1.2214,1.4138,3.8973,630,3774.98,3.937,0.35,8.0,0.02,1.0694698585364006,8.427466666666666,1.1754333333333333,0.35,8.0,0.02,3.1659,4.075,0.5864,1.2189,1.1451,206,476.05,1.492,0.7769079754601227
0.35,8.0,0.03,8.4748,7.9243,1.2214,1.4138,3.8973,630,3774.98,3.937,0.35,8.0,0.03,1.0694698585364006,8.352783333333333,1.1807333333333334,0.35,8.0,0.03,3.1659,4.075,0.5864,1.2189,1.1451,206,476.05,1.492,0.7769079754601227
0.35,8.0,0.04,8.4748,7.9243,1.2214,1.4138,3.8973,630,3774.98,3.937,0.35,8.0,0.04,1.0694698585364006,8.415016666666666,1.2075666666666667,0.35,8.0,0.04,3.1659,4.075,0.5864,1.2189,1.1451,206,476.05,1.492,0.7769079754601227
0.35,8.0,0.05,7.961500000000001,8.0301,1.1965,1.3995,3.6259,630,3520.12,3.937,0.35,8.0,0.05,0.991457142501339,8.14294,1.2228999999999999,0.35,8.0,0.05,2.7408,4.2541,0.518,1.197,0.9452,206,411.71,1.492,0.6442725840953433
0.35,8.0,0.06,7.1354,8.1901,1.1384,1.3735,3.2138,630,3117.39,3.937,0.35,8.0,0.06,0.87122257359495,7.0322,1.1210666666666669,0.35,8.0,0.06,2.3055,4.5219,0.4758,1.1857,0.7465,206,345.95,1.492,0.5098520533404101
0.35,8.0,0.07,5.655799999999999,8.7863,0.9619,1.3045,2.3727,630,2418.47,3.937,0.35,8.0,0.07,0.643706679717287,5.774166666666667,0.9801000000000001,0.35,8.0,0.07,2.2709,4.601,0.5295,1.2132,0.7248,206,340.73,1.492,0.49356661595305373
0.35,8.0,0.08,5.1361,8.6091,0.9382,1.2965,2.2239,630,2179.71,3.937,0.35,8.0,0.08,0.59658965513236,4.94,0.8999333333333333,0.35,8.0,0.08,2.4007,4.4878,0.6023,1.2429,0.7877,206,360.33,1.492,0.5349391684121396
0.35,16.0,0.06,7.1354,8.1901,1.1384,1.3735,3.2138,630,3117.39,3.937,0.35,16.0,0.06,0.87122257359495,7.0322,1.1210666666666667,0.35,16.0,0.06,2.3055,4.5219,0.4758,1.1857,0.7465,206,345.95,1.492,0.5098520533404101
0.35,16.0,0.07,5.655799999999999,8.7863,0.9619,1.3045,2.3727,630,2418.47,3.937,0.35,16.0,0.07,0.643706679717287,5.774166666666667,0.9801,0.35,16.0,0.07,2.2709,4.601,0.5295,1.2132,0.7248,206,340.73,1.492,0.49356661595305373
0.35,16.0,0.08,5.1361,8.6091,0.9382,1.2965,2.2239,630,2179.71,3.937,0.35,16.0,0.08,0.59658965513236,4.94,0.8999333333333335,0.35,16.0,0.08,2.4007,4.4878,0.6023,1.2429,0.7877,206,360.33,1.492,0.5349391684121396
0.35,16.0,0.01,8.5704,8.0461,1.1545,1.3915,3.6823,630,3822.84,3.937,0.35,16.0,0.01,1.0651620039522254,8.240555555555556,1.1380888888888887,0.35,16.0,0.01,4.0447,4.7309,0.672,1.2494,1.2381,206,609.49,1.492,0.8549536029085374
0.35,16.0,0.02,8.5704,8.0461,1.1545,1.3915,3.6823,630,3822.84,3.937,0.35,16.0,0.02,1.0651620039522254,8.341577777777779,1.1519555555555554,0.35,16.0,0.02,4.0447,4.7309,0.672,1.2494,1.2381,206,609.49,1.492,0.8549536029085374
0.35,16.0,0.03,8.3068,8.0268,1.1441,1.3782,3.6285,630,3691.17,3.937,0.35,16.0,0.03,1.0348831414760553,8.322511111111112,1.1681,0.35,16.0,0.03,3.8307,4.5213,0.6625,1.2408,1.1691,206,576.94,1.492,0.8472563200849313
0.35,16.0,0.04,8.663400000000001,7.9979,1.2302,1.415,3.8563,630,3869.51,3.937,0.35,16.0,0.04,1.0832093424523939,8.428477777777779,1.2055555555555555,0.35,16.0,0.04,3.2960000000000003,4.1173,0.5919,1.217,1.1565,206,495.77,1.492,0.8005246156461759
0.35,24.0,0.01,7.8468,8.0667,1.0544,1.3564,3.3923,630,3463.68,3.937,0.35,24.0,0.01,0.9727397820670162,7.764422222222221,1.045811111111111,0.35,24.0,0.01,3.2348000000000003,5.4315,0.5034,1.1974,0.8638,206,486.49,1.492,0.5955629200036823
0.35,24.0,0.02,8.1953,8.0194,1.1083,1.3741,3.5359,630,3635.76,3.937,0.35,24.0,0.02,1.0219343092999478,8.250311111111111,1.114077777777778,0.35,24.0,0.02,4.0935,4.9431,0.6633,1.2528,1.1947,206,616.92,1.492,0.8281240517084419
0.35,24.0,0.03,8.3068,8.0268,1.1441,1.3782,3.6285,630,3691.17,3.937,0.35,24.0,0.03,1.0348831414760553,8.261966666666666,1.1428333333333334,0.35,24.0,0.03,3.8307,4.5213,0.6625,1.2408,1.1691,206,576.94,1.492,0.8472563200849313
0.35,24.0,0.04,8.663400000000001,7.9979,1.2302,1.415,3.8563,630,3869.51,3.937,0.35,24.0,0.04,1.0832093424523939,8.455400000000001,1.2015333333333333,0.35,24.0,0.04,3.2960000000000003,4.1173,0.5919,1.217,1.1565,206,495.77,1.492,0.8005246156461759
0.35,24.0,0.05,7.961500000000001,8.0301,1.1965,1.3995,3.6259,630,3520.12,3.937,0.35,24.0,0.05,0.991457142501339,8.1316,1.22125,0.35,24.0,0.05,2.7408,4.2541,0.518,1.197,0.9452,206,411.71,1.492,0.6442725840953433
0.35,24.0,0.06,7.1354,8.1901,1.1384,1.3735,3.2138,630,3117.39,3.937,0.35,24.0,0.06,0.87122257359495,7.0322,1.1210666666666667,0.35,24.0,0.06,2.3055,4.5219,0.4758,1.1857,0.7465,206,345.95,1.492,0.5098520533404101
0.35,24.0,0.07,5.655799999999999,8.7863,0.9619,1.3045,2.3727,630,2418.47,3.937,0.35,24.0,0.07,0.643706679717287,5.774166666666667,0.9801,0.35,24.0,0.07,2.2709,4.601,0.5295,1.2132,0.7248,206,340.73,1.492,0.49356661595305373
0.35,24.0,0.08,5.1361,8.6091,0.9382,1.2965,2.2239,630,2179.71,3.937,0.35,24.0,0.08,0.59658965513236,4.94,0.8999333333333335,0.35,24.0,0.08,2.4007,4.4878,0.6023,1.2429,0.7877,206,360.33,1.492,0.5349391684121396
0.35,32.0,0.07,5.655799999999999,8.7863,0.9619,1.3045,2.3727,630,2418.47,3.937,0.35,32.0,0.07,0.643706679717287,5.774166666666667,0.9801,0.35,32.0,0.07,2.2709,4.601,0.5295,1.2132,0.7248,206,340.73,1.492,0.49356661595305373
0.35,32.0,0.08,5.1361,8.6091,0.9382,1.2965,2.2239,630,2179.71,3.937,0.35,32.0,0.08,0.59658965513236,4.94,0.8999333333333335,0.35,32.0,0.08,2.4007,4.4878,0.6023,1.2429,0.7877,206,360.33,1.492,0.5349391684121396
0.35,32.0,0.01,7.0645,10.022,0.9437,1.3179,2.9903,630,3083.25,3.937,0.35,32.0,0.01,0.7048992217122331,7.205622222222222,0.9677666666666666,0.35,32.0,0.01,3.7148,5.4315,0.5771,1.2289,0.9931,206,559.33,1.492,0.6839362975237043
0.35,32.0,0.02,8.1953,8.0194,1.1083,1.3741,3.5359,630,3635.76,3.937,0.35,32.0,0.02,1.0219343092999478,8.1698,1.105,0.35,32.0,0.02,4.0935,4.9431,0.6633,1.2528,1.1947,206,616.92,1.492,0.8281240517084419
0.35,32.0,0.03,8.3068,8.0268,1.1441,1.3782,3.6285,630,3691.17,3.937,0.35,32.0,0.03,1.0348831414760553,8.261966666666666,1.1428333333333334,0.35,32.0,0.03,3.8307,4.5213,0.6625,1.2408,1.1691,206,576.94,1.492,0.8472563200849313
0.35,32.0,0.04,8.663400000000001,7.9979,1.2302,1.415,3.8563,630,3869.51,3.937,0.35,32.0,0.04,1.0832093424523939,8.455400000000001,1.2015333333333333,0.35,32.0,0.04,3.2960000000000003,4.1173,0.5919,1.217,1.1565,206,495.77,1.492,0.8005246156461759
0.35,32.0,0.05,7.961500000000001,8.0301,1.1965,1.3995,3.6259,630,3520.12,3.937,0.35,32.0,0.05,0.991457142501339,8.1127,1.2185,0.35,32.0,0.05,2.7408,4.2541,0.518,1.197,0.9452,206,411.71,1.492,0.6442725840953433
0.35,32.0,0.06,7.1354,8.1901,1.1384,1.3735,3.2138,630,3117.39,3.937,0.35,32.0,0.06,0.87122257359495,7.0322,1.1210666666666667,0.35,32.0,0.06,2.3055,4.5219,0.4758,1.1857,0.7465,206,345.95,1.492,0.5098520533404101
0.35,40.0,0.03,8.3068,8.0268,1.1441,1.3782,3.6285,630,3691.17,3.937,0.35,40.0,0.03,1.0348831414760553,8.261966666666666,1.1428333333333334,0.35,40.0,0.03,3.8307,4.5213,0.6625,1.2408,1.1691,206,576.94,1.492,0.8472563200849313
0.35,40.0,0.04,8.663400000000001,7.9979,1.2302,1.415,3.8563,630,3869.51,3.937,0.35,40.0,0.04,1.0832093424523939,8.455400000000001,1.2015333333333333,0.35,40.0,0.04,3.2960000000000003,4.1173,0.5919,1.217,1.1565,206,495.77,1.492,0.8005246156461759
0.35,40.0,0.05,7.961500000000001,8.0301,1.1965,1.3995,3.6259,630,3520.12,3.937,0.35,40.0,0.05,0.991457142501339,8.1127,1.2185,0.35,40.0,0.05,2.7408,4.2541,0.518,1.197,0.9452,206,411.71,1.492,0.6442725840953433
0.35,40.0,0.06,7.1354,8.1901,1.1384,1.3735,3.2138,630,3117.39,3.937,0.35,40.0,0.06,0.87122257359495,7.0322,1.1210666666666667,0.35,40.0,0.06,2.3055,4.5219,0.4758,1.1857,0.7465,206,345.95,1.492,0.5098520533404101
0.35,40.0,0.07,5.655799999999999,8.7863,0.9619,1.3045,2.3727,630,2418.47,3.937,0.35,40.0,0.07,0.643706679717287,5.774166666666667,0.9801,0.35,40.0,0.07,2.2709,4.601,0.5295,1.2132,0.7248,206,340.73,1.492,0.49356661595305373
0.35,40.0,0.08,5.1361,8.6091,0.9382,1.2965,2.2239,630,2179.71,3.937,0.35,40.0,0.08,0.59658965513236,4.94,0.8999333333333335,0.35,40.0,0.08,2.4007,4.4878,0.6023,1.2429,0.7877,206,360.33,1.492,0.5349391684121396
0.35,40.0,0.01,6.492000000000001,11.4054,0.8649,1.2886,2.3889,630,2809.94,3.937,0.35,40.0,0.01,0.5692040612341523,6.813288888888888,0.9121777777777778,0.35,40.0,0.01,3.7148,5.4315,0.5771,1.2289,0.9931,206,559.33,1.492,0.6839362975237043
0.35,40.0,0.02,8.1953,8.0194,1.1083,1.3741,3.5359,630,3635.76,3.937,0.35,40.0,0.02,1.0219343092999478,8.1698,1.105,0.35,40.0,0.02,4.0935,4.9431,0.6633,1.2528,1.1947,206,616.92,1.492,0.8281240517084419
0.35,48.0,0.01,6.492000000000001,11.4054,0.8649,1.2886,2.3889,630,2809.94,3.937,0.35,48.0,0.01,0.5692040612341523,6.7123333333333335,0.8973666666666666,0.35,48.0,0.01,3.7148,5.4315,0.5771,1.2289,0.9931,206,559.33,1.492,0.6839362975237043
0.35,48.0,0.02,8.1953,8.0194,1.1083,1.3741,3.5359,630,3635.76,3.937,0.35,48.0,0.02,1.0219343092999478,8.1698,1.105,0.35,48.0,0.02,4.0935,4.9431,0.6633,1.2528,1.1947,206,616.92,1.492,0.8281240517084419
0.35,48.0,0.03,8.3068,8.0268,1.1441,1.3782,3.6285,630,3691.17,3.937,0.35,48.0,0.03,1.0348831414760553,8.261966666666666,1.1428333333333334,0.35,48.0,0.03,3.8307,4.5213,0.6625,1.2408,1.1691,206,576.94,1.492,0.8472563200849313
0.35,48.0,0.04,8.663400000000001,7.9979,1.2302,1.415,3.8563,630,3869.51,3.937,0.35,48.0,0.04,1.0832093424523939,8.455400000000001,1.2015333333333333,0.35,48.0,0.04,3.2960000000000003,4.1173,0.5919,1.217,1.1565,206,495.77,1.492,0.8005246156461759
0.35,48.0,0.05,7.961500000000001,8.0301,1.1965,1.3995,3.6259,630,3520.12,3.937,0.35,48.0,0.05,0.991457142501339,8.1127,1.2185,0.35,48.0,0.05,2.7408,4.2541,0.518,1.197,0.9452,206,411.71,1.492,0.6442725840953433
0.35,48.0,0.06,7.1354,8.1901,1.1384,1.3735,3.2138,630,3117.39,3.937,0.35,48.0,0.06,0.87122257359495,7.0322,1.1210666666666667,0.35,48.0,0.06,2.3055,4.5219,0.4758,1.1857,0.7465,206,345.95,1.492,0.5098520533404101
0.35,48.0,0.07,5.655799999999999,8.7863,0.9619,1.3045,2.3727,630,2418.47,3.937,0.35,48.0,0.07,0.643706679717287,5.774166666666667,0.9801,0.35,48.0,0.07,2.2709,4.601,0.5295,1.2132,0.7248,206,340.73,1.492,0.49356661595305373
0.35,48.0,0.08,5.1361,8.6091,0.9382,1.2965,2.2239,630,2179.71,3.937,0.35,48.0,0.08,0.59658965513236,4.94,0.8999333333333335,0.35,48.0,0.08,2.4007,4.4878,0.6023,1.2429,0.7877,206,360.33,1.492,0.5349391684121396
0.35,56.0,0.05,7.961500000000001,8.0301,1.1965,1.3995,3.6259,630,3520.12,3.937,0.35,56.0,0.05,0.991457142501339,8.1127,1.2185,0.35,56.0,0.05,2.7408,4.2541,0.518,1.197,0.9452,206,411.71,1.492,0.6442725840953433
0.35,56.0,0.06,7.1354,8.1901,1.1384,1.3735,3.2138,630,3117.39,3.937,0.35,56.0,0.06,0.87122257359495,7.0322,1.1210666666666667,0.35,56.0,0.06,2.3055,4.5219,0.4758,1.1857,0.7465,206,345.95,1.492,0.5098520533404101
0.35,56.0,0.07,5.655799999999999,8.7863,0.9619,1.3045,2.3727,630,2418.47,3.937,0.35,56.0,0.07,0.643706679717287,5.774166666666667,0.9801,0.35,56.0,0.07,2.2709,4.601,0.5295,1.2132,0.7248,206,340.73,1.492,0.49356661595305373
0.35,56.0,0.08,5.1361,8.6091,0.9382,1.2965,2.2239,630,2179.71,3.937,0.35,56.0,0.08,0.59658965513236,4.94,0.8999333333333335,0.35,56.0,0.08,2.4007,4.4878,0.6023,1.2429,0.7877,206,360.33,1.492,0.5349391684121396
0.35,56.0,0.01,6.492000000000001,11.4054,0.8649,1.2886,2.3889,630,2809.94,3.937,0.35,56.0,0.01,0.5692040612341523,6.7123333333333335,0.8973666666666666,0.35,56.0,0.01,3.7148,5.4315,0.5771,1.2289,0.9931,206,559.33,1.492,0.6839362975237043
0.35,56.0,0.02,8.1953,8.0194,1.1083,1.3741,3.5359,630,3635.76,3.937,0.35,56.0,0.02,1.0219343092999478,8.1698,1.105,0.35,56.0,0.02,4.0935,4.9431,0.6633,1.2528,1.1947,206,616.92,1.492,0.8281240517084419
0.35,56.0,0.03,8.3068,8.0268,1.1441,1.3782,3.6285,630,3691.17,3.937,0.35,56.0,0.03,1.0348831414760553,8.261966666666666,1.1428333333333334,0.35,56.0,0.03,3.8307,4.5213,0.6625,1.2408,1.1691,206,576.94,1.492,0.8472563200849313
0.35,56.0,0.04,8.663400000000001,7.9979,1.2302,1.415,3.8563,630,3869.51,3.937,0.35,56.0,0.04,1.0832093424523939,8.455400000000001,1.2015333333333333,0.35,56.0,0.04,3.2960000000000003,4.1173,0.5919,1.217,1.1565,206,495.77,1.492,0.8005246156461759
0.35,64.0,0.01,6.492000000000001,11.4054,0.8649,1.2886,2.3889,630,2809.94,3.937,0.35,64.0,0.01,0.5692040612341523,6.7123333333333335,0.8973666666666666,0.35,64.0,0.01,3.7148,5.4315,0.5771,1.2289,0.9931,206,559.33,1.492,0.6839362975237043
0.35,64.0,0.02,8.1953,8.0194,1.1083,1.3741,3.5359,630,3635.76,3.937,0.35,64.0,0.02,1.0219343092999478,8.1698,1.105,0.35,64.0,0.02,4.0935,4.9431,0.6633,1.2528,1.1947,206,616.92,1.492,0.8281240517084419
0.35,64.0,0.03,8.3068,8.0268,1.1441,1.3782,3.6285,630,3691.17,3.937,0.35,64.0,0.03,1.0348831414760553,8.261966666666666,1.1428333333333334,0.35,64.0,0.03,3.8307,4.5213,0.6625,1.2408,1.1691,206,576.94,1.492,0.8472563200849313
0.35,64.0,0.04,8.663400000000001,7.9979,1.2302,1.415,3.8563,630,3869.51,3.937,0.35,64.0,0.04,1.0832093424523939,8.455400000000001,1.2015333333333333,0.35,64.0,0.04,3.2960000000000003,4.1173,0.5919,1.217,1.1565,206,495.77,1.492,0.8005246156461759
0.35,64.0,0.05,7.961500000000001,8.0301,1.1965,1.3995,3.6259,630,3520.12,3.937,0.35,64.0,0.05,0.991457142501339,8.1127,1.2185,0.35,64.0,0.05,2.7408,4.2541,0.518,1.197,0.9452,206,411.71,1.492,0.6442725840953433
0.35,64.0,0.06,7.1354,8.1901,1.1384,1.3735,3.2138,630,3117.39,3.937,0.35,64.0,0.06,0.87122257359495,7.0322,1.1210666666666667,0.35,64.0,0.06,2.3055,4.5219,0.4758,1.1857,0.7465,206,345.95,1.492,0.5098520533404101
0.35,64.0,0.07,5.655799999999999,8.7863,0.9619,1.3045,2.3727,630,2418.47,3.937,0.35,64.0,0.07,0.643706679717287,5.774166666666667,0.9801,0.35,64.0,0.07,2.2709,4.601,0.5295,1.2132,0.7248,206,340.73,1.492,0.49356661595305373
0.35,64.0,0.08,5.1361,8.6091,0.9382,1.2965,2.2239,630,2179.71,3.937,0.35,64.0,0.08,0.59658965513236,4.94,0.8999333333333335,0.35,64.0,0.08,2.4007,4.4878,0.6023,1.2429,0.7877,206,360.33,1.492,0.5349391684121396
0.35,72.0,0.07,5.655799999999999,8.7863,0.9619,1.3045,2.3727,630,2418.47,3.937,0.35,72.0,0.07,0.643706679717287,5.774166666666667,0.9801,0.35,72.0,0.07,2.2709,4.601,0.5295,1.2132,0.7248,206,340.73,1.492,0.49356661595305373
0.35,72.0,0.01,6.492000000000001,11.4054,0.8649,1.2886,2.3889,630,2809.94,3.937,0.35,72.0,0.01,0.5692040612341523,6.7123333333333335,0.8973666666666666,0.35,72.0,0.01,3.7148,5.4315,0.5771,1.2289,0.9931,206,559.33,1.492,0.6839362975237043
0.35,72.0,0.02,8.1953,8.0194,1.1083,1.3741,3.5359,630,3635.76,3.937,0.35,72.0,0.02,1.0219343092999478,8.1698,1.105,0.35,72.0,0.02,4.0935,4.9431,0.6633,1.2528,1.1947,206,616.92,1.492,0.8281240517084419
0.35,72.0,0.03,8.3068,8.0268,1.1441,1.3782,3.6285,630,3691.17,3.937,0.35,72.0,0.03,1.0348831414760553,8.261966666666666,1.1428333333333334,0.35,72.0,0.03,3.8307,4.5213,0.6625,1.2408,1.1691,206,576.94,1.492,0.8472563200849313
0.35,72.0,0.04,8.663400000000001,7.9979,1.2302,1.415,3.8563,630,3869.51,3.937,0.35,72.0,0.04,1.0832093424523939,8.455400000000001,1.2015333333333333,0.35,72.0,0.04,3.2960000000000003,4.1173,0.5919,1.217,1.1565,206,495.77,1.492,0.8005246156461759
0.35,72.0,0.05,7.961500000000001,8.0301,1.1965,1.3995,3.6259,630,3520.12,3.937,0.35,72.0,0.05,0.991457142501339,8.1127,1.2185,0.35,72.0,0.05,2.7408,4.2541,0.518,1.197,0.9452,206,411.71,1.492,0.6442725840953433
0.35,72.0,0.06,7.1354,8.1901,1.1384,1.3735,3.2138,630,3117.39,3.937,0.35,72.0,0.06,0.87122257359495,7.0322,1.1210666666666667,0.35,72.0,0.06,2.3055,4.5219,0.4758,1.1857,0.7465,206,345.95,1.492,0.5098520533404101
0.35,72.0,0.08,5.1361,8.6091,0.9382,1.2965,2.2239,630,2179.71,3.937,0.35,72.0,0.08,0.59658965513236,4.94,0.8999333333333335,0.35,72.0,0.08,2.4007,4.4878,0.6023,1.2429,0.7877,206,360.33,1.492,0.5349391684121396
0.35,80.0,0.02,8.1953,8.0194,1.1083,1.3741,3.5359,630,3635.76,3.937,0.35,80.0,0.02,1.0219343092999478,8.1698,1.105,0.35,80.0,0.02,4.0935,4.9431,0.6633,1.2528,1.1947,206,616.92,1.492,0.8281240517084419
0.35,80.0,0.03,8.3068,8.0268,1.1441,1.3782,3.6285,630,3691.17,3.937,0.35,80.0,0.03,1.0348831414760553,8.261966666666668,1.1428333333333336,0.35,80.0,0.03,3.8307,4.5213,0.6625,1.2408,1.1691,206,576.94,1.492,0.8472563200849313
0.35,80.0,0.04,8.663400000000001,7.9979,1.2302,1.415,3.8563,630,3869.51,3.937,0.35,80.0,0.04,1.0832093424523939,8.455400000000003,1.2015333333333333,0.35,80.0,0.04,3.2960000000000003,4.1173,0.5919,1.217,1.1565,206,495.77,1.492,0.8005246156461759
0.35,80.0,0.05,7.961500000000001,8.0301,1.1965,1.3995,3.6259,630,3520.12,3.937,0.35,80.0,0.05,0.991457142501339,8.1127,1.2185,0.35,80.0,0.05,2.7408,4.2541,0.518,1.197,0.9452,206,411.71,1.492,0.6442725840953433
0.35,80.0,0.06,7.1354,8.1901,1.1384,1.3735,3.2138,630,3117.39,3.937,0.35,80.0,0.06,0.87122257359495,7.0322,1.1210666666666669,0.35,80.0,0.06,2.3055,4.5219,0.4758,1.1857,0.7465,206,345.95,1.492,0.5098520533404101
0.35,80.0,0.07,5.655799999999999,8.7863,0.9619,1.3045,2.3727,630,2418.47,3.937,0.35,80.0,0.07,0.643706679717287,5.774166666666667,0.9801000000000001,0.35,80.0,0.07,2.2709,4.601,0.5295,1.2132,0.7248,206,340.73,1.492,0.49356661595305373
0.35,80.0,0.01,6.492000000000001,11.4054,0.8649,1.2886,2.3889,630,2809.94,3.937,0.35,80.0,0.01,0.5692040612341523,6.7123333333333335,0.8973666666666666,0.35,80.0,0.01,3.7148,5.4315,0.5771,1.2289,0.9931,206,559.33,1.492,0.6839362975237043
0.35,80.0,0.08,5.1361,8.6091,0.9382,1.2965,2.2239,630,2179.71,3.937,0.35,80.0,0.08,0.59658965513236,4.94,0.8999333333333333,0.35,80.0,0.08,2.4007,4.4878,0.6023,1.2429,0.7877,206,360.33,1.492,0.5349391684121396
0.4,8.0,0.01,9.0269,8.5927,1.2287,1.4193,3.8253,630,4053.05,3.937,0.4,8.0,0.01,1.0505312649109126,9.046066666666666,1.18545,0.4,8.0,0.01,3.3274,4.4357,0.5834,1.2209,1.1058,206,500.54,1.492,0.750140902225128
0.4,8.0,0.02,9.0269,8.5927,1.2287,1.4193,3.8253,630,4053.05,3.937,0.4,8.0,0.02,1.0505312649109126,9.046066666666666,1.18545,0.4,8.0,0.02,3.3274,4.4357,0.5834,1.2209,1.1058,206,500.54,1.492,0.750140902225128
0.4,8.0,0.03,9.0269,8.5927,1.2287,1.4193,3.8253,630,4053.05,3.937,0.4,8.0,0.03,1.0505312649109126,8.95485,1.18125,0.4,8.0,0.03,3.3274,4.4357,0.5834,1.2209,1.1058,206,500.54,1.492,0.750140902225128
0.4,8.0,0.04,9.0269,8.5927,1.2287,1.4193,3.8253,630,4053.05,3.937,0.4,8.0,0.04,1.0505312649109126,8.992266666666668,1.2049833333333333,0.4,8.0,0.04,3.3274,4.4357,0.5834,1.2209,1.1058,206,500.54,1.492,0.750140902225128
0.4,8.0,0.05,9.0269,8.5927,1.2287,1.4193,3.8253,630,4053.05,3.937,0.4,8.0,0.05,1.0505312649109126,8.998679999999998,1.21838,0.4,8.0,0.05,3.3274,4.4357,0.5834,1.2209,1.1058,206,500.54,1.492,0.750140902225128
0.4,8.0,0.06,8.0847,8.6255,1.1744,1.3887,3.4253,630,3580.99,3.937,0.4,8.0,0.06,0.9373021853805575,7.969733333333333,1.1584666666666668,0.4,8.0,0.06,3.265,4.601,0.5994,1.2397,1.0395,206,491.08,1.492,0.7096283416648554
0.4,8.0,0.07,6.7509,9.0966,1.0384,1.3359,2.7349,630,2933.03,3.937,0.4,8.0,0.07,0.7421344238506694,6.728833333333334,1.0333333333333334,0.4,8.0,0.07,2.5308,4.9247,0.5205,1.2078,0.7546,206,379.97,1.492,0.5138993238166792
0.4,8.0,0.08,5.603000000000001,9.3694,0.9114,1.289,2.2016,630,2394.08,3.937,0.4,8.0,0.08,0.5980105449655261,5.744533333333334,0.9379333333333332,0.4,8.0,0.08,2.4152,4.9673,0.5456,1.2213,0.7142,206,362.51,1.492,0.48621987800213395
0.4,16.0,0.05,9.0269,8.5927,1.2287,1.4193,3.8253,630,4053.05,3.937,0.4,16.0,0.05,1.0505312649109126,8.954212499999999,1.2172749999999999,0.4,16.0,0.05,3.3274,4.4357,0.5834,1.2209,1.1058,206,500.54,1.492,0.750140902225128
0.4,16.0,0.06,8.0847,8.6255,1.1744,1.3887,3.4253,630,3580.99,3.937,0.4,16.0,0.06,0.9373021853805575,7.969733333333333,1.1584666666666665,0.4,16.0,0.06,3.265,4.601,0.5994,1.2397,1.0395,206,491.08,1.492,0.7096283416648554
0.4,16.0,0.07,6.7509,9.0966,1.0384,1.3359,2.7349,630,2933.03,3.937,0.4,16.0,0.07,0.7421344238506694,6.728833333333333,1.0333333333333332,0.4,16.0,0.07,2.5308,4.9247,0.5205,1.2078,0.7546,206,379.97,1.492,0.5138993238166792
0.4,16.0,0.08,5.603000000000001,9.3694,0.9114,1.289,2.2016,630,2394.08,3.937,0.4,16.0,0.08,0.5980105449655261,5.744533333333333,0.9379333333333333,0.4,16.0,0.08,2.4152,4.9673,0.5456,1.2213,0.7142,206,362.51,1.492,0.48621987800213395
0.4,16.0,0.01,9.1578,8.7288,1.1395,1.3882,3.5787,630,4119.62,3.937,0.4,16.0,0.01,1.0491476491613967,8.867866666666666,1.1475222222222223,0.4,16.0,0.01,4.3372,5.0544,0.6777,1.2515,1.1612,206,654.02,1.492,0.8581038303260525
0.4,16.0,0.02,9.1578,8.7288,1.1395,1.3882,3.5787,630,4119.62,3.937,0.4,16.0,0.02,1.0491476491613967,8.915266666666668,1.1546444444444444,0.4,16.0,0.02,4.3372,5.0544,0.6777,1.2515,1.1612,206,654.02,1.492,0.8581038303260525
0.4,16.0,0.03,8.82,8.6543,1.124,1.3738,3.5294,630,3948.37,3.937,0.4,16.0,0.03,1.019146551425303,8.958922222222222,1.1675555555555555,0.4,16.0,0.03,3.8479,5.176,0.6145,1.2217,1.04,206,579.56,1.492,0.7434119010819166
0.4,16.0,0.04,9.0806,8.6405,1.1837,1.3985,3.7093,630,4080.34,3.937,0.4,16.0,0.04,1.0509345523985882,9.008811111111111,1.1992,0.4,16.0,0.04,3.8617,4.5085,0.6424,1.2321,1.2522,206,581.66,1.492,0.8565376511034712
0.4,24.0,0.01,8.6572,8.7466,1.0902,1.3684,3.4189,630,3866.37,3.937,0.4,24.0,0.01,0.989778885509798,8.419977777777778,1.0567222222222221,0.4,24.0,0.01,4.15,5.6464,0.5896,1.2385,1.0345,206,625.51,1.492,0.7349815811844717
0.4,24.0,0.02,8.8083,8.7554,1.104,1.3751,3.4622,630,3942.45,3.937,0.4,24.0,0.02,1.0060419855175091,8.818944444444444,1.1115444444444447,0.4,24.0,0.02,3.8759,5.6632,0.5805,1.2226,0.9954,206,583.82,1.492,0.6844010453453878
0.4,24.0,0.03,8.82,8.6543,1.124,1.3738,3.5294,630,3948.37,3.937,0.4,24.0,0.03,1.019146551425303,8.967066666666668,1.1401666666666668,0.4,24.0,0.03,3.8479,5.176,0.6145,1.2217,1.04,206,579.56,1.492,0.7434119010819166
0.4,24.0,0.04,9.0806,8.6405,1.1837,1.3985,3.7093,630,4080.34,3.937,0.4,24.0,0.04,1.0509345523985882,9.0419,1.1876333333333333,0.4,24.0,0.04,3.8617,4.5085,0.6424,1.2321,1.2522,206,581.66,1.492,0.8565376511034712
0.4,24.0,0.05,9.0269,8.5927,1.2287,1.4193,3.8253,630,4053.05,3.937,0.4,24.0,0.05,1.0505312649109126,8.994925,1.2178,0.4,24.0,0.05,3.3274,4.4357,0.5834,1.2209,1.1058,206,500.54,1.492,0.750140902225128
0.4,24.0,0.06,8.0847,8.6255,1.1744,1.3887,3.4253,630,3580.99,3.937,0.4,24.0,0.06,0.9373021853805575,7.969733333333333,1.1584666666666665,0.4,24.0,0.06,3.265,4.601,0.5994,1.2397,1.0395,206,491.08,1.492,0.7096283416648554
0.4,24.0,0.07,6.7509,9.0966,1.0384,1.3359,2.7349,630,2933.03,3.937,0.4,24.0,0.07,0.7421344238506694,6.728833333333333,1.0333333333333332,0.4,24.0,0.07,2.5308,4.9247,0.5205,1.2078,0.7546,206,379.97,1.492,0.5138993238166792
0.4,24.0,0.08,5.603000000000001,9.3694,0.9114,1.289,2.2016,630,2394.08,3.937,0.4,24.0,0.08,0.5980105449655261,5.744533333333333,0.9379333333333333,0.4,24.0,0.08,2.4152,4.9673,0.5456,1.2213,0.7142,206,362.51,1.492,0.48621987800213395
0.4,32.0,0.07,6.7509,9.0966,1.0384,1.3359,2.7349,630,2933.03,3.937,0.4,32.0,0.07,0.7421344238506694,6.728833333333333,1.0333333333333332,0.4,32.0,0.07,2.5308,4.9247,0.5205,1.2078,0.7546,206,379.97,1.492,0.5138993238166792
0.4,32.0,0.08,5.603000000000001,9.3694,0.9114,1.289,2.2016,630,2394.08,3.937,0.4,32.0,0.08,0.5980105449655261,5.744533333333333,0.9379333333333333,0.4,32.0,0.08,2.4152,4.9673,0.5456,1.2213,0.7142,206,362.51,1.492,0.48621987800213395
0.4,32.0,0.01,7.4444,10.471,0.9256,1.3128,3.0325,630,3266.96,3.937,0.4,32.0,0.01,0.7109540636042403,7.734944444444445,0.9658777777777777,0.4,32.0,0.01,4.0896,5.6464,0.5811,1.2342,1.0193,206,616.32,1.492,0.7242844998583168
0.4,32.0,0.02,8.8083,8.7554,1.104,1.3751,3.4622,630,3942.45,3.937,0.4,32.0,0.02,1.0060419855175091,8.653666666666668,1.0930333333333335,0.4,32.0,0.02,3.8759,5.6632,0.5805,1.2226,0.9954,206,583.82,1.492,0.6844010453453878
0.4,32.0,0.03,8.82,8.6543,1.124,1.3738,3.5294,630,3948.37,3.937,0.4,32.0,0.03,1.019146551425303,8.967066666666668,1.1401666666666668,0.4,32.0,0.03,3.8479,5.176,0.6145,1.2217,1.04,206,579.56,1.492,0.7434119010819166
0.4,32.0,0.04,9.0806,8.6405,1.1837,1.3985,3.7093,630,4080.34,3.937,0.4,32.0,0.04,1.0509345523985882,9.0419,1.1876333333333333,0.4,32.0,0.04,3.8617,4.5085,0.6424,1.2321,1.2522,206,581.66,1.492,0.8565376511034712
0.4,32.0,0.05,9.0269,8.5927,1.2287,1.4193,3.8253,630,4053.05,3.937,0.4,32.0,0.05,1.0505312649109126,8.8801,1.2154333333333331,0.4,32.0,0.05,3.3274,4.4357,0.5834,1.2209,1.1058,206,500.54,1.492,0.750140902225128
0.4,32.0,0.06,8.0847,8.6255,1.1744,1.3887,3.4253,630,3580.99,3.937,0.4,32.0,0.06,0.9373021853805575,7.969733333333333,1.1584666666666665,0.4,32.0,0.06,3.265,4.601,0.5994,1.2397,1.0395,206,491.08,1.492,0.7096283416648554
0.4,40.0,0.02,8.8083,8.7554,1.104,1.3751,3.4622,630,3942.45,3.937,0.4,40.0,0.02,1.0060419855175091,8.653666666666668,1.0930333333333335,0.4,40.0,0.02,3.8759,5.6632,0.5805,1.2226,0.9954,206,583.82,1.492,0.6844010453453878
0.4,40.0,0.03,8.82,8.6543,1.124,1.3738,3.5294,630,3948.37,3.937,0.4,40.0,0.03,1.019146551425303,8.967066666666668,1.1401666666666668,0.4,40.0,0.03,3.8479,5.176,0.6145,1.2217,1.04,206,579.56,1.492,0.7434119010819166
0.4,40.0,0.04,9.0806,8.6405,1.1837,1.3985,3.7093,630,4080.34,3.937,0.4,40.0,0.04,1.0509345523985882,9.0419,1.1876333333333333,0.4,40.0,0.04,3.8617,4.5085,0.6424,1.2321,1.2522,206,581.66,1.492,0.8565376511034712
0.4,40.0,0.05,9.0269,8.5927,1.2287,1.4193,3.8253,630,4053.05,3.937,0.4,40.0,0.05,1.0505312649109126,8.8801,1.2154333333333331,0.4,40.0,0.05,3.3274,4.4357,0.5834,1.2209,1.1058,206,500.54,1.492,0.750140902225128
0.4,40.0,0.06,8.0847,8.6255,1.1744,1.3887,3.4253,630,3580.99,3.937,0.4,40.0,0.06,0.9373021853805575,7.969733333333333,1.1584666666666665,0.4,40.0,0.06,3.265,4.601,0.5994,1.2397,1.0395,206,491.08,1.492,0.7096283416648554
0.4,40.0,0.07,6.7509,9.0966,1.0384,1.3359,2.7349,630,2933.03,3.937,0.4,40.0,0.07,0.7421344238506694,6.728833333333333,1.0333333333333332,0.4,40.0,0.07,2.5308,4.9247,0.5205,1.2078,0.7546,206,379.97,1.492,0.5138993238166792
0.4,40.0,0.08,5.603000000000001,9.3694,0.9114,1.289,2.2016,630,2394.08,3.937,0.4,40.0,0.08,0.5980105449655261,5.744533333333333,0.9379333333333333,0.4,40.0,0.08,2.4152,4.9673,0.5456,1.2213,0.7142,206,362.51,1.492,0.48621987800213395
0.4,40.0,0.01,7.108299999999999,12.9772,0.8711,1.2964,2.3082,630,3104.34,3.937,0.4,40.0,0.01,0.5477529821533149,7.2272,0.8949222222222222,0.4,40.0,0.01,4.0896,5.6464,0.5811,1.2342,1.0193,206,616.32,1.492,0.7242844998583168
0.4,48.0,0.01,7.108299999999999,12.9772,0.8711,1.2964,2.3082,630,3104.34,3.937,0.4,48.0,0.01,0.5477529821533149,7.023622222222223,0.8645444444444444,0.4,48.0,0.01,4.0896,5.6464,0.5811,1.2342,1.0193,206,616.32,1.492,0.7242844998583168
0.4,48.0,0.02,8.8083,8.7554,1.104,1.3751,3.4622,630,3942.45,3.937,0.4,48.0,0.02,1.0060419855175091,8.653666666666668,1.0930333333333335,0.4,48.0,0.02,3.8759,5.6632,0.5805,1.2226,0.9954,206,583.82,1.492,0.6844010453453878
0.4,48.0,0.03,8.82,8.6543,1.124,1.3738,3.5294,630,3948.37,3.937,0.4,48.0,0.03,1.019146551425303,8.967066666666668,1.1401666666666668,0.4,48.0,0.03,3.8479,5.176,0.6145,1.2217,1.04,206,579.56,1.492,0.7434119010819166
0.4,48.0,0.04,9.0806,8.6405,1.1837,1.3985,3.7093,630,4080.34,3.937,0.4,48.0,0.04,1.0509345523985882,9.0419,1.1876333333333333,0.4,48.0,0.04,3.8617,4.5085,0.6424,1.2321,1.2522,206,581.66,1.492,0.8565376511034712
0.4,48.0,0.05,9.0269,8.5927,1.2287,1.4193,3.8253,630,4053.05,3.937,0.4,48.0,0.05,1.0505312649109126,8.8801,1.2154333333333331,0.4,48.0,0.05,3.3274,4.4357,0.5834,1.2209,1.1058,206,500.54,1.492,0.750140902225128
0.4,48.0,0.06,8.0847,8.6255,1.1744,1.3887,3.4253,630,3580.99,3.937,0.4,48.0,0.06,0.9373021853805575,7.969733333333333,1.1584666666666665,0.4,48.0,0.06,3.265,4.601,0.5994,1.2397,1.0395,206,491.08,1.492,0.7096283416648554
0.4,48.0,0.07,6.7509,9.0966,1.0384,1.3359,2.7349,630,2933.03,3.937,0.4,48.0,0.07,0.7421344238506694,6.728833333333333,1.0333333333333332,0.4,48.0,0.07,2.5308,4.9247,0.5205,1.2078,0.7546,206,379.97,1.492,0.5138993238166792
0.4,48.0,0.08,5.603000000000001,9.3694,0.9114,1.289,2.2016,630,2394.08,3.937,0.4,48.0,0.08,0.5980105449655261,5.744533333333333,0.9379333333333333,0.4,48.0,0.08,2.4152,4.9673,0.5456,1.2213,0.7142,206,362.51,1.492,0.48621987800213395
0.4,56.0,0.04,9.0806,8.6405,1.1837,1.3985,3.7093,630,4080.34,3.937,0.4,56.0,0.04,1.0509345523985882,9.0419,1.1876333333333333,0.4,56.0,0.04,3.8617,4.5085,0.6424,1.2321,1.2522,206,581.66,1.492,0.8565376511034712
0.4,56.0,0.05,9.0269,8.5927,1.2287,1.4193,3.8253,630,4053.05,3.937,0.4,56.0,0.05,1.0505312649109126,8.8801,1.2154333333333331,0.4,56.0,0.05,3.3274,4.4357,0.5834,1.2209,1.1058,206,500.54,1.492,0.750140902225128
0.4,56.0,0.06,8.0847,8.6255,1.1744,1.3887,3.4253,630,3580.99,3.937,0.4,56.0,0.06,0.9373021853805575,7.969733333333333,1.1584666666666665,0.4,56.0,0.06,3.265,4.601,0.5994,1.2397,1.0395,206,491.08,1.492,0.7096283416648554
0.4,56.0,0.07,6.7509,9.0966,1.0384,1.3359,2.7349,630,2933.03,3.937,0.4,56.0,0.07,0.7421344238506694,6.728833333333333,1.0333333333333332,0.4,56.0,0.07,2.5308,4.9247,0.5205,1.2078,0.7546,206,379.97,1.492,0.5138993238166792
0.4,56.0,0.08,5.603000000000001,9.3694,0.9114,1.289,2.2016,630,2394.08,3.937,0.4,56.0,0.08,0.5980105449655261,5.744533333333333,0.9379333333333333,0.4,56.0,0.08,2.4152,4.9673,0.5456,1.2213,0.7142,206,362.51,1.492,0.48621987800213395
0.4,56.0,0.01,7.108299999999999,12.9772,0.8711,1.2964,2.3082,630,3104.34,3.937,0.4,56.0,0.01,0.5477529821533149,6.988233333333334,0.8588,0.4,56.0,0.01,4.0896,5.6464,0.5811,1.2342,1.0193,206,616.32,1.492,0.7242844998583168
0.4,56.0,0.02,8.8083,8.7554,1.104,1.3751,3.4622,630,3942.45,3.937,0.4,56.0,0.02,1.0060419855175091,8.653666666666668,1.0930333333333335,0.4,56.0,0.02,3.8759,5.6632,0.5805,1.2226,0.9954,206,583.82,1.492,0.6844010453453878
0.4,56.0,0.03,8.82,8.6543,1.124,1.3738,3.5294,630,3948.37,3.937,0.4,56.0,0.03,1.019146551425303,8.967066666666668,1.1401666666666668,0.4,56.0,0.03,3.8479,5.176,0.6145,1.2217,1.04,206,579.56,1.492,0.7434119010819166
0.4,64.0,0.01,7.108299999999999,12.9772,0.8711,1.2964,2.3082,630,3104.34,3.937,0.4,64.0,0.01,0.5477529821533149,6.988233333333334,0.8588,0.4,64.0,0.01,4.0896,5.6464,0.5811,1.2342,1.0193,206,616.32,1.492,0.7242844998583168
0.4,64.0,0.02,8.8083,8.7554,1.104,1.3751,3.4622,630,3942.45,3.937,0.4,64.0,0.02,1.0060419855175091,8.653666666666668,1.0930333333333335,0.4,64.0,0.02,3.8759,5.6632,0.5805,1.2226,0.9954,206,583.82,1.492,0.6844010453453878
0.4,64.0,0.03,8.82,8.6543,1.124,1.3738,3.5294,630,3948.37,3.937,0.4,64.0,0.03,1.019146551425303,8.967066666666668,1.1401666666666668,0.4,64.0,0.03,3.8479,5.176,0.6145,1.2217,1.04,206,579.56,1.492,0.7434119010819166
0.4,64.0,0.04,9.0806,8.6405,1.1837,1.3985,3.7093,630,4080.34,3.937,0.4,64.0,0.04,1.0509345523985882,9.0419,1.1876333333333333,0.4,64.0,0.04,3.8617,4.5085,0.6424,1.2321,1.2522,206,581.66,1.492,0.8565376511034712
0.4,64.0,0.05,9.0269,8.5927,1.2287,1.4193,3.8253,630,4053.05,3.937,0.4,64.0,0.05,1.0505312649109126,8.8801,1.2154333333333331,0.4,64.0,0.05,3.3274,4.4357,0.5834,1.2209,1.1058,206,500.54,1.492,0.750140902225128
0.4,64.0,0.06,8.0847,8.6255,1.1744,1.3887,3.4253,630,3580.99,3.937,0.4,64.0,0.06,0.9373021853805575,7.969733333333333,1.1584666666666665,0.4,64.0,0.06,3.265,4.601,0.5994,1.2397,1.0395,206,491.08,1.492,0.7096283416648554
0.4,64.0,0.07,6.7509,9.0966,1.0384,1.3359,2.7349,630,2933.03,3.937,0.4,64.0,0.07,0.7421344238506694,6.728833333333333,1.0333333333333332,0.4,64.0,0.07,2.5308,4.9247,0.5205,1.2078,0.7546,206,379.97,1.492,0.5138993238166792
0.4,64.0,0.08,5.603000000000001,9.3694,0.9114,1.289,2.2016,630,2394.08,3.937,0.4,64.0,0.08,0.5980105449655261,5.744533333333333,0.9379333333333333,0.4,64.0,0.08,2.4152,4.9673,0.5456,1.2213,0.7142,206,362.51,1.492,0.48621987800213395
0.4,72.0,0.06,8.0847,8.6255,1.1744,1.3887,3.4253,630,3580.99,3.937,0.4,72.0,0.06,0.9373021853805575,7.969733333333333,1.1584666666666665,0.4,72.0,0.06,3.265,4.601,0.5994,1.2397,1.0395,206,491.08,1.492,0.7096283416648554
0.4,72.0,0.07,6.7509,9.0966,1.0384,1.3359,2.7349,630,2933.03,3.937,0.4,72.0,0.07,0.7421344238506694,6.728833333333333,1.0333333333333332,0.4,72.0,0.07,2.5308,4.9247,0.5205,1.2078,0.7546,206,379.97,1.492,0.5138993238166792
0.4,72.0,0.01,7.108299999999999,12.9772,0.8711,1.2964,2.3082,630,3104.34,3.937,0.4,72.0,0.01,0.5477529821533149,6.988233333333334,0.8588,0.4,72.0,0.01,4.0896,5.6464,0.5811,1.2342,1.0193,206,616.32,1.492,0.7242844998583168
0.4,72.0,0.02,8.8083,8.7554,1.104,1.3751,3.4622,630,3942.45,3.937,0.4,72.0,0.02,1.0060419855175091,8.653666666666668,1.0930333333333335,0.4,72.0,0.02,3.8759,5.6632,0.5805,1.2226,0.9954,206,583.82,1.492,0.6844010453453878
0.4,72.0,0.03,8.82,8.6543,1.124,1.3738,3.5294,630,3948.37,3.937,0.4,72.0,0.03,1.019146551425303,8.967066666666668,1.1401666666666668,0.4,72.0,0.03,3.8479,5.176,0.6145,1.2217,1.04,206,579.56,1.492,0.7434119010819166
0.4,72.0,0.04,9.0806,8.6405,1.1837,1.3985,3.7093,630,4080.34,3.937,0.4,72.0,0.04,1.0509345523985882,9.0419,1.1876333333333333,0.4,72.0,0.04,3.8617,4.5085,0.6424,1.2321,1.2522,206,581.66,1.492,0.8565376511034712
0.4,72.0,0.05,9.0269,8.5927,1.2287,1.4193,3.8253,630,4053.05,3.937,0.4,72.0,0.05,1.0505312649109126,8.8801,1.2154333333333331,0.4,72.0,0.05,3.3274,4.4357,0.5834,1.2209,1.1058,206,500.54,1.492,0.750140902225128
0.4,72.0,0.08,5.603000000000001,9.3694,0.9114,1.289,2.2016,630,2394.08,3.937,0.4,72.0,0.08,0.5980105449655261,5.744533333333333,0.9379333333333333,0.4,72.0,0.08,2.4152,4.9673,0.5456,1.2213,0.7142,206,362.51,1.492,0.48621987800213395
0.4,80.0,0.02,8.8083,8.7554,1.104,1.3751,3.4622,630,3942.45,3.937,0.4,80.0,0.02,1.0060419855175091,8.653666666666666,1.0930333333333333,0.4,80.0,0.02,3.8759,5.6632,0.5805,1.2226,0.9954,206,583.82,1.492,0.6844010453453878
0.4,80.0,0.03,8.82,8.6543,1.124,1.3738,3.5294,630,3948.37,3.937,0.4,80.0,0.03,1.019146551425303,8.967066666666668,1.1401666666666668,0.4,80.0,0.03,3.8479,5.176,0.6145,1.2217,1.04,206,579.56,1.492,0.7434119010819166
0.4,80.0,0.04,9.0806,8.6405,1.1837,1.3985,3.7093,630,4080.34,3.937,0.4,80.0,0.04,1.0509345523985882,9.0419,1.1876333333333333,0.4,80.0,0.04,3.8617,4.5085,0.6424,1.2321,1.2522,206,581.66,1.492,0.8565376511034712
0.4,80.0,0.05,9.0269,8.5927,1.2287,1.4193,3.8253,630,4053.05,3.937,0.4,80.0,0.05,1.0505312649109126,8.880099999999999,1.2154333333333331,0.4,80.0,0.05,3.3274,4.4357,0.5834,1.2209,1.1058,206,500.54,1.492,0.750140902225128
0.4,80.0,0.06,8.0847,8.6255,1.1744,1.3887,3.4253,630,3580.99,3.937,0.4,80.0,0.06,0.9373021853805575,7.969733333333333,1.1584666666666668,0.4,80.0,0.06,3.265,4.601,0.5994,1.2397,1.0395,206,491.08,1.492,0.7096283416648554
0.4,80.0,0.07,6.7509,9.0966,1.0384,1.3359,2.7349,630,2933.03,3.937,0.4,80.0,0.07,0.7421344238506694,6.728833333333334,1.0333333333333334,0.4,80.0,0.07,2.5308,4.9247,0.5205,1.2078,0.7546,206,379.97,1.492,0.5138993238166792
0.4,80.0,0.01,7.108299999999999,12.9772,0.8711,1.2964,2.3082,630,3104.34,3.937,0.4,80.0,0.01,0.5477529821533149,6.9882333333333335,0.8588,0.4,80.0,0.01,4.0896,5.6464,0.5811,1.2342,1.0193,206,616.32,1.492,0.7242844998583168
0.4,80.0,0.08,5.603000000000001,9.3694,0.9114,1.289,2.2016,630,2394.08,3.937,0.4,80.0,0.08,0.5980105449655261,5.744533333333334,0.9379333333333332,0.4,80.0,0.08,2.4152,4.9673,0.5456,1.2213,0.7142,206,362.51,1.492,0.48621987800213395
0.45,8.0,0.01,9.3262,9.1112,1.2169,1.4129,3.7122,630,4205.54,3.937,0.45,8.0,0.01,1.0235973307577486,9.516766666666667,1.1798833333333332,0.45,8.0,0.01,3.5345,4.6658,0.589,1.2296,1.1132,206,531.96,1.492,0.7575335419435038
0.45,8.0,0.02,9.3262,9.1112,1.2169,1.4129,3.7122,630,4205.54,3.937,0.45,8.0,0.02,1.0235973307577486,9.516766666666667,1.1798833333333332,0.45,8.0,0.02,3.5345,4.6658,0.589,1.2296,1.1132,206,531.96,1.492,0.7575335419435038
0.45,8.0,0.03,9.3262,9.1112,1.2169,1.4129,3.7122,630,4205.54,3.937,0.45,8.0,0.03,1.0235973307577486,9.469483333333333,1.1774166666666666,0.45,8.0,0.03,3.5345,4.6658,0.589,1.2296,1.1132,206,531.96,1.492,0.7575335419435038
0.45,8.0,0.04,9.3262,9.1112,1.2169,1.4129,3.7122,630,4205.54,3.937,0.45,8.0,0.04,1.0235973307577486,9.415383333333333,1.1886333333333332,0.45,8.0,0.04,3.5345,4.6658,0.589,1.2296,1.1132,206,531.96,1.492,0.7575335419435038
0.45,8.0,0.05,9.3262,9.1112,1.2169,1.4129,3.7122,630,4205.54,3.937,0.45,8.0,0.05,1.0235973307577486,9.4314,1.2103166666666665,0.45,8.0,0.05,3.5345,4.6658,0.589,1.2296,1.1132,206,531.96,1.492,0.7575335419435038
0.45,8.0,0.06,8.6891,9.2117,1.1626,1.3877,3.4283,630,3882.41,3.937,0.45,8.0,0.06,0.9432678007316782,8.739883333333333,1.1690666666666667,0.45,8.0,0.06,3.5436,4.9122,0.5889,1.2384,1.0555,206,533.33,1.492,0.7213875656528642
0.45,8.0,0.07,7.779800000000001,9.4722,1.0997,1.3568,2.9894,630,3430.76,3.937,0.45,8.0,0.07,0.8213297861109352,7.707933333333333,1.0837999999999999,0.45,8.0,0.07,3.0784,5.0315,0.5709,1.2271,0.8969,206,462.8,1.492,0.6118254993540693
0.45,8.0,0.08,6.4945,10.0356,0.9642,1.3114,2.3876,630,2811.16,3.937,0.45,8.0,0.08,0.6471461596715692,6.446000000000001,0.9594333333333332,0.45,8.0,0.08,2.9122,5.0522,0.5978,1.2461,0.8466,206,437.63,1.492,0.5764221527255453
0.45,16.0,0.04,9.3817,9.2079,1.149,1.3821,3.6048,630,4233.97,3.937,0.45,16.0,0.04,1.0188750963846263,9.463266666666666,1.1819555555555556,0.45,16.0,0.04,4.0776,5.1981,0.6261,1.2235,1.1539,206,614.5,1.492,0.7844404686327697
0.45,16.0,0.05,9.6519,9.1066,1.2211,1.4146,3.8329,630,4372.93,3.937,0.45,16.0,0.05,1.0598796477280215,9.484622222222221,1.2108666666666668,0.45,16.0,0.05,3.5182,4.7777,0.5643,1.2082,1.085,206,529.48,1.492,0.7363794294325722
0.45,16.0,0.06,8.6891,9.2117,1.1626,1.3877,3.4283,630,3882.41,3.937,0.45,16.0,0.06,0.9432678007316782,8.738077777777777,1.1679333333333333,0.45,16.0,0.06,3.5436,4.9122,0.5889,1.2384,1.0555,206,533.33,1.492,0.7213875656528642
0.45,16.0,0.07,7.779800000000001,9.4722,1.0997,1.3568,2.9894,630,3430.76,3.937,0.45,16.0,0.07,0.8213297861109352,7.707933333333333,1.0838,0.45,16.0,0.07,3.0784,5.0315,0.5709,1.2271,0.8969,206,462.8,1.492,0.6118254993540693
0.45,16.0,0.08,6.4945,10.0356,0.9642,1.3114,2.3876,630,2811.16,3.937,0.45,16.0,0.08,0.6471461596715692,6.446,0.9594333333333331,0.45,16.0,0.08,2.9122,5.0522,0.5978,1.2461,0.8466,206,437.63,1.492,0.5764221527255453
0.45,16.0,0.01,9.7203,9.122,1.1517,1.385,3.6697,630,4408.24,3.937,0.45,16.0,0.01,1.065588686691515,9.42601111111111,1.1507333333333334,0.45,16.0,0.01,3.8986,5.646,0.5782,1.2104,1.0031,206,587.26,1.492,0.6905065533120793
0.45,16.0,0.02,9.7203,9.122,1.1517,1.385,3.6697,630,4408.24,3.937,0.45,16.0,0.02,1.065588686691515,9.43468888888889,1.1518666666666666,0.45,16.0,0.02,3.8986,5.646,0.5782,1.2104,1.0031,206,587.26,1.492,0.6905065533120793
0.45,16.0,0.03,9.7744,9.074,1.1524,1.3876,3.6592,630,4436.22,3.937,0.45,16.0,0.03,1.0771875688781134,9.5147,1.1641444444444444,0.45,16.0,0.03,4.1851,5.424,0.6219,1.2268,1.1274,206,630.85,1.492,0.771589233038348
0.45,24.0,0.01,9.0304,9.0789,1.0704,1.36,3.3936,630,4054.85,3.937,0.45,24.0,0.01,0.9946579431428917,9.071688888888888,1.069988888888889,0.45,24.0,0.01,4.2745,6.0923,0.5757,1.2289,1.0164,206,644.47,1.492,0.7016233606355563
0.45,24.0,0.02,8.9574,9.0944,1.0668,1.3569,3.3627,630,4017.83,3.937,0.45,24.0,0.02,0.984935784658691,9.384966666666665,1.1092,0.45,24.0,0.02,4.0663,5.9572,0.5571,1.217,0.99,206,612.77,1.492,0.682585778553683
0.45,24.0,0.03,9.7744,9.074,1.1524,1.3876,3.6592,630,4436.22,3.937,0.45,24.0,0.03,1.0771875688781134,9.625833333333333,1.1404555555555556,0.45,24.0,0.03,4.1851,5.424,0.6219,1.2268,1.1274,206,630.85,1.492,0.771589233038348
0.45,24.0,0.04,9.3817,9.2079,1.149,1.3821,3.6048,630,4233.97,3.937,0.45,24.0,0.04,1.0188750963846263,9.559033333333332,1.1686,0.45,24.0,0.04,4.0776,5.1981,0.6261,1.2235,1.1539,206,614.5,1.492,0.7844404686327697
0.45,24.0,0.05,9.6519,9.1066,1.2211,1.4146,3.8329,630,4372.93,3.937,0.45,24.0,0.05,1.0598796477280215,9.591066666666668,1.2119666666666664,0.45,24.0,0.05,3.5182,4.7777,0.5643,1.2082,1.085,206,529.48,1.492,0.7363794294325722
0.45,24.0,0.06,8.6891,9.2117,1.1626,1.3877,3.4283,630,3882.41,3.937,0.45,24.0,0.06,0.9432678007316782,8.734466666666666,1.1656666666666666,0.45,24.0,0.06,3.5436,4.9122,0.5889,1.2384,1.0555,206,533.33,1.492,0.7213875656528642
0.45,24.0,0.07,7.779800000000001,9.4722,1.0997,1.3568,2.9894,630,3430.76,3.937,0.45,24.0,0.07,0.8213297861109352,7.707933333333333,1.0838,0.45,24.0,0.07,3.0784,5.0315,0.5709,1.2271,0.8969,206,462.8,1.492,0.6118254993540693
0.45,24.0,0.08,6.4945,10.0356,0.9642,1.3114,2.3876,630,2811.16,3.937,0.45,24.0,0.08,0.6471461596715692,6.446,0.9594333333333331,0.45,24.0,0.08,2.9122,5.0522,0.5978,1.2461,0.8466,206,437.63,1.492,0.5764221527255453
0.45,32.0,0.06,8.6891,9.2117,1.1626,1.3877,3.4283,630,3882.41,3.937,0.45,32.0,0.06,0.9432678007316782,8.734466666666666,1.1656666666666666,0.45,32.0,0.06,3.5436,4.9122,0.5889,1.2384,1.0555,206,533.33,1.492,0.7213875656528642
0.45,32.0,0.07,7.779800000000001,9.4722,1.0997,1.3568,2.9894,630,3430.76,3.937,0.45,32.0,0.07,0.8213297861109352,7.707933333333333,1.0838,0.45,32.0,0.07,3.0784,5.0315,0.5709,1.2271,0.8969,206,462.8,1.492,0.6118254993540693
0.45,32.0,0.08,6.4945,10.0356,0.9642,1.3114,2.3876,630,2811.16,3.937,0.45,32.0,0.08,0.6471461596715692,6.446,0.9594333333333331,0.45,32.0,0.08,2.9122,5.0522,0.5978,1.2461,0.8466,206,437.63,1.492,0.5764221527255453
0.45,32.0,0.01,8.288,9.1966,0.9805,1.3283,3.1558,630,3681.8,3.937,0.45,32.0,0.01,0.9012026183589588,8.330577777777778,0.9777,0.45,32.0,0.01,4.5282,6.0809,0.5906,1.2438,1.0754,206,683.13,1.492,0.744659507638672
0.45,32.0,0.02,8.9574,9.0944,1.0668,1.3569,3.3627,630,4017.83,3.937,0.45,32.0,0.02,0.984935784658691,9.171888888888889,1.0857222222222223,0.45,32.0,0.02,4.0663,5.9572,0.5571,1.217,0.99,206,612.77,1.492,0.682585778553683
0.45,32.0,0.03,9.7744,9.074,1.1524,1.3876,3.6592,630,4436.22,3.937,0.45,32.0,0.03,1.0771875688781134,9.605133333333335,1.1376,0.45,32.0,0.03,4.1851,5.424,0.6219,1.2268,1.1274,206,630.85,1.492,0.771589233038348
0.45,32.0,0.04,9.3817,9.2079,1.149,1.3821,3.6048,630,4233.97,3.937,0.45,32.0,0.04,1.0188750963846263,9.559033333333332,1.1686,0.45,32.0,0.04,4.0776,5.1981,0.6261,1.2235,1.1539,206,614.5,1.492,0.7844404686327697
0.45,32.0,0.05,9.6519,9.1066,1.2211,1.4146,3.8329,630,4372.93,3.937,0.45,32.0,0.05,1.0598796477280215,9.591066666666668,1.2119666666666664,0.45,32.0,0.05,3.5182,4.7777,0.5643,1.2082,1.085,206,529.48,1.492,0.7363794294325722
0.45,40.0,0.02,8.9574,9.0944,1.0668,1.3569,3.3627,630,4017.83,3.937,0.45,40.0,0.02,0.984935784658691,9.122566666666668,1.0806666666666667,0.45,40.0,0.02,4.0663,5.9572,0.5571,1.217,0.99,206,612.77,1.492,0.682585778553683
0.45,40.0,0.03,9.7744,9.074,1.1524,1.3876,3.6592,630,4436.22,3.937,0.45,40.0,0.03,1.0771875688781134,9.605133333333335,1.1376,0.45,40.0,0.03,4.1851,5.424,0.6219,1.2268,1.1274,206,630.85,1.492,0.771589233038348
0.45,40.0,0.04,9.3817,9.2079,1.149,1.3821,3.6048,630,4233.97,3.937,0.45,40.0,0.04,1.0188750963846263,9.559033333333332,1.1686,0.45,40.0,0.04,4.0776,5.1981,0.6261,1.2235,1.1539,206,614.5,1.492,0.7844404686327697
0.45,40.0,0.05,9.6519,9.1066,1.2211,1.4146,3.8329,630,4372.93,3.937,0.45,40.0,0.05,1.0598796477280215,9.591066666666668,1.2119666666666664,0.45,40.0,0.05,3.5182,4.7777,0.5643,1.2082,1.085,206,529.48,1.492,0.7363794294325722
0.45,40.0,0.06,8.6891,9.2117,1.1626,1.3877,3.4283,630,3882.41,3.937,0.45,40.0,0.06,0.9432678007316782,8.734466666666666,1.1656666666666666,0.45,40.0,0.06,3.5436,4.9122,0.5889,1.2384,1.0555,206,533.33,1.492,0.7213875656528642
0.45,40.0,0.07,7.779800000000001,9.4722,1.0997,1.3568,2.9894,630,3430.76,3.937,0.45,40.0,0.07,0.8213297861109352,7.707933333333333,1.0838,0.45,40.0,0.07,3.0784,5.0315,0.5709,1.2271,0.8969,206,462.8,1.492,0.6118254993540693
0.45,40.0,0.08,6.4945,10.0356,0.9642,1.3114,2.3876,630,2811.16,3.937,0.45,40.0,0.08,0.6471461596715692,6.446,0.9594333333333331,0.45,40.0,0.08,2.9122,5.0522,0.5978,1.2461,0.8466,206,437.63,1.492,0.5764221527255453
0.45,40.0,0.01,7.682899999999999,12.7239,0.8921,1.3026,2.5657,630,3383.28,3.937,0.45,40.0,0.01,0.6038164399280094,4.748011111111111,0.5308777777777777,0.45,40.0,0.01,4.5282,6.0809,0.5906,1.2438,1.0754,206,683.13,1.492,0.744659507638672
0.45,48.0,0.08,6.4945,10.0356,0.9642,1.3114,2.3876,630,2811.16,3.937,0.45,48.0,0.08,0.6471461596715692,6.446,0.9594333333333331,0.45,48.0,0.08,2.9122,5.0522,0.5978,1.2461,0.8466,206,437.63,1.492,0.5764221527255453
0.45,48.0,0.01,7.3644,14.6085,0.8404,1.2877,2.1237,630,3228.1,3.937,0.45,48.0,0.01,0.5041174658589178,1.5207999999999997,0.1269,0.45,48.0,0.01,4.5282,6.0809,0.5906,1.2438,1.0754,206,683.13,1.492,0.744659507638672
0.45,48.0,0.02,8.9574,9.0944,1.0668,1.3569,3.3627,630,4017.83,3.937,0.45,48.0,0.02,0.984935784658691,9.122566666666668,1.0806666666666667,0.45,48.0,0.02,4.0663,5.9572,0.5571,1.217,0.99,206,612.77,1.492,0.682585778553683
0.45,48.0,0.03,9.7744,9.074,1.1524,1.3876,3.6592,630,4436.22,3.937,0.45,48.0,0.03,1.0771875688781134,9.605133333333335,1.1376,0.45,48.0,0.03,4.1851,5.424,0.6219,1.2268,1.1274,206,630.85,1.492,0.771589233038348
0.45,48.0,0.04,9.3817,9.2079,1.149,1.3821,3.6048,630,4233.97,3.937,0.45,48.0,0.04,1.0188750963846263,9.559033333333332,1.1686,0.45,48.0,0.04,4.0776,5.1981,0.6261,1.2235,1.1539,206,614.5,1.492,0.7844404686327697
0.45,48.0,0.05,9.6519,9.1066,1.2211,1.4146,3.8329,630,4372.93,3.937,0.45,48.0,0.05,1.0598796477280215,9.591066666666668,1.2119666666666664,0.45,48.0,0.05,3.5182,4.7777,0.5643,1.2082,1.085,206,529.48,1.492,0.7363794294325722
0.45,48.0,0.06,8.6891,9.2117,1.1626,1.3877,3.4283,630,3882.41,3.937,0.45,48.0,0.06,0.9432678007316782,8.734466666666666,1.1656666666666666,0.45,48.0,0.06,3.5436,4.9122,0.5889,1.2384,1.0555,206,533.33,1.492,0.7213875656528642
0.45,48.0,0.07,7.779800000000001,9.4722,1.0997,1.3568,2.9894,630,3430.76,3.937,0.45,48.0,0.07,0.8213297861109352,7.707933333333333,1.0838,0.45,48.0,0.07,3.0784,5.0315,0.5709,1.2271,0.8969,206,462.8,1.492,0.6118254993540693
0.45,56.0,0.04,9.3817,9.2079,1.149,1.3821,3.6048,630,4233.97,3.937,0.45,56.0,0.04,1.0188750963846263,9.559033333333332,1.1686,0.45,56.0,0.04,4.0776,5.1981,0.6261,1.2235,1.1539,206,614.5,1.492,0.7844404686327697
0.45,56.0,0.05,9.6519,9.1066,1.2211,1.4146,3.8329,630,4372.93,3.937,0.45,56.0,0.05,1.0598796477280215,9.591066666666668,1.2119666666666664,0.45,56.0,0.05,3.5182,4.7777,0.5643,1.2082,1.085,206,529.48,1.492,0.7363794294325722
0.45,56.0,0.06,8.6891,9.2117,1.1626,1.3877,3.4283,630,3882.41,3.937,0.45,56.0,0.06,0.9432678007316782,8.734466666666666,1.1656666666666666,0.45,56.0,0.06,3.5436,4.9122,0.5889,1.2384,1.0555,206,533.33,1.492,0.7213875656528642
0.45,56.0,0.07,7.779800000000001,9.4722,1.0997,1.3568,2.9894,630,3430.76,3.937,0.45,56.0,0.07,0.8213297861109352,7.707933333333333,1.0838,0.45,56.0,0.07,3.0784,5.0315,0.5709,1.2271,0.8969,206,462.8,1.492,0.6118254993540693
0.45,56.0,0.08,6.4945,10.0356,0.9642,1.3114,2.3876,630,2811.16,3.937,0.45,56.0,0.08,0.6471461596715692,6.446,0.9594333333333331,0.45,56.0,0.08,2.9122,5.0522,0.5978,1.2461,0.8466,206,437.63,1.492,0.5764221527255453
0.45,56.0,0.01,7.3644,14.6085,0.8404,1.2877,2.1237,630,3228.1,3.937,0.45,56.0,0.01,0.5041174658589178,-1.482977777777778,-0.24634444444444442,0.45,56.0,0.01,4.5282,6.0809,0.5906,1.2438,1.0754,206,683.13,1.492,0.744659507638672
0.45,56.0,0.02,8.9574,9.0944,1.0668,1.3569,3.3627,630,4017.83,3.937,0.45,56.0,0.02,0.984935784658691,9.122566666666668,1.0806666666666667,0.45,56.0,0.02,4.0663,5.9572,0.5571,1.217,0.99,206,612.77,1.492,0.682585778553683
0.45,56.0,0.03,9.7744,9.074,1.1524,1.3876,3.6592,630,4436.22,3.937,0.45,56.0,0.03,1.0771875688781134,9.605133333333335,1.1376,0.45,56.0,0.03,4.1851,5.424,0.6219,1.2268,1.1274,206,630.85,1.492,0.771589233038348
0.45,64.0,0.01,7.3644,14.6085,0.8404,1.2877,2.1237,630,3228.1,3.937,0.45,64.0,0.01,0.5041174658589178,-1.4728666666666674,-0.24549999999999997,0.45,64.0,0.01,4.5282,6.0809,0.5906,1.2438,1.0754,206,683.13,1.492,0.744659507638672
0.45,64.0,0.02,8.9574,9.0944,1.0668,1.3569,3.3627,630,4017.83,3.937,0.45,64.0,0.02,0.984935784658691,9.122566666666668,1.0806666666666667,0.45,64.0,0.02,4.0663,5.9572,0.5571,1.217,0.99,206,612.77,1.492,0.682585778553683
0.45,64.0,0.03,9.7744,9.074,1.1524,1.3876,3.6592,630,4436.22,3.937,0.45,64.0,0.03,1.0771875688781134,9.605133333333335,1.1376,0.45,64.0,0.03,4.1851,5.424,0.6219,1.2268,1.1274,206,630.85,1.492,0.771589233038348
0.45,64.0,0.04,9.3817,9.2079,1.149,1.3821,3.6048,630,4233.97,3.937,0.45,64.0,0.04,1.0188750963846263,9.559033333333332,1.1686,0.45,64.0,0.04,4.0776,5.1981,0.6261,1.2235,1.1539,206,614.5,1.492,0.7844404686327697
0.45,64.0,0.05,9.6519,9.1066,1.2211,1.4146,3.8329,630,4372.93,3.937,0.45,64.0,0.05,1.0598796477280215,9.591066666666668,1.2119666666666664,0.45,64.0,0.05,3.5182,4.7777,0.5643,1.2082,1.085,206,529.48,1.492,0.7363794294325722
0.45,64.0,0.06,8.6891,9.2117,1.1626,1.3877,3.4283,630,3882.41,3.937,0.45,64.0,0.06,0.9432678007316782,8.734466666666666,1.1656666666666666,0.45,64.0,0.06,3.5436,4.9122,0.5889,1.2384,1.0555,206,533.33,1.492,0.7213875656528642
0.45,64.0,0.07,7.779800000000001,9.4722,1.0997,1.3568,2.9894,630,3430.76,3.937,0.45,64.0,0.07,0.8213297861109352,7.707933333333333,1.0838,0.45,64.0,0.07,3.0784,5.0315,0.5709,1.2271,0.8969,206,462.8,1.492,0.6118254993540693
0.45,64.0,0.08,6.4945,10.0356,0.9642,1.3114,2.3876,630,2811.16,3.937,0.45,64.0,0.08,0.6471461596715692,6.446,0.9594333333333331,0.45,64.0,0.08,2.9122,5.0522,0.5978,1.2461,0.8466,206,437.63,1.492,0.5764221527255453
0.45,72.0,0.06,8.6891,9.2117,1.1626,1.3877,3.4283,630,3882.41,3.937,0.45,72.0,0.06,0.9432678007316782,8.734466666666666,1.1656666666666666,0.45,72.0,0.06,3.5436,4.9122,0.5889,1.2384,1.0555,206,533.33,1.492,0.7213875656528642
0.45,72.0,0.07,7.779800000000001,9.4722,1.0997,1.3568,2.9894,630,3430.76,3.937,0.45,72.0,0.07,0.8213297861109352,7.707933333333333,1.0838,0.45,72.0,0.07,3.0784,5.0315,0.5709,1.2271,0.8969,206,462.8,1.492,0.6118254993540693
0.45,72.0,0.01,7.3644,14.6085,0.8404,1.2877,2.1237,630,3228.1,3.937,0.45,72.0,0.01,0.5041174658589178,-1.4728666666666674,-0.24549999999999997,0.45,72.0,0.01,4.5282,6.0809,0.5906,1.2438,1.0754,206,683.13,1.492,0.744659507638672
0.45,72.0,0.02,8.9574,9.0944,1.0668,1.3569,3.3627,630,4017.83,3.937,0.45,72.0,0.02,0.984935784658691,9.122566666666668,1.0806666666666667,0.45,72.0,0.02,4.0663,5.9572,0.5571,1.217,0.99,206,612.77,1.492,0.682585778553683
0.45,72.0,0.03,9.7744,9.074,1.1524,1.3876,3.6592,630,4436.22,3.937,0.45,72.0,0.03,1.0771875688781134,9.605133333333335,1.1376,0.45,72.0,0.03,4.1851,5.424,0.6219,1.2268,1.1274,206,630.85,1.492,0.771589233038348
0.45,72.0,0.04,9.3817,9.2079,1.149,1.3821,3.6048,630,4233.97,3.937,0.45,72.0,0.04,1.0188750963846263,9.559033333333332,1.1686,0.45,72.0,0.04,4.0776,5.1981,0.6261,1.2235,1.1539,206,614.5,1.492,0.7844404686327697
0.45,72.0,0.05,9.6519,9.1066,1.2211,1.4146,3.8329,630,4372.93,3.937,0.45,72.0,0.05,1.0598796477280215,9.591066666666668,1.2119666666666664,0.45,72.0,0.05,3.5182,4.7777,0.5643,1.2082,1.085,206,529.48,1.492,0.7363794294325722
0.45,72.0,0.08,6.4945,10.0356,0.9642,1.3114,2.3876,630,2811.16,3.937,0.45,72.0,0.08,0.6471461596715692,6.446,0.9594333333333331,0.45,72.0,0.08,2.9122,5.0522,0.5978,1.2461,0.8466,206,437.63,1.492,0.5764221527255453
0.45,80.0,0.01,7.3644,14.6085,0.8404,1.2877,2.1237,630,3228.1,3.937,0.45,80.0,0.01,0.5041174658589178,-1.4728666666666677,-0.24549999999999997,0.45,80.0,0.01,4.5282,6.0809,0.5906,1.2438,1.0754,206,683.13,1.492,0.744659507638672
0.45,80.0,0.02,8.9574,9.0944,1.0668,1.3569,3.3627,630,4017.83,3.937,0.45,80.0,0.02,0.984935784658691,9.122566666666666,1.0806666666666667,0.45,80.0,0.02,4.0663,5.9572,0.5571,1.217,0.99,206,612.77,1.492,0.682585778553683
0.45,80.0,0.03,9.7744,9.074,1.1524,1.3876,3.6592,630,4436.22,3.937,0.45,80.0,0.03,1.0771875688781134,9.605133333333335,1.1376000000000002,0.45,80.0,0.03,4.1851,5.424,0.6219,1.2268,1.1274,206,630.85,1.492,0.771589233038348
0.45,80.0,0.04,9.3817,9.2079,1.149,1.3821,3.6048,630,4233.97,3.937,0.45,80.0,0.04,1.0188750963846263,9.559033333333334,1.1685999999999999,0.45,80.0,0.04,4.0776,5.1981,0.6261,1.2235,1.1539,206,614.5,1.492,0.7844404686327697
0.45,80.0,0.05,9.6519,9.1066,1.2211,1.4146,3.8329,630,4372.93,3.937,0.45,80.0,0.05,1.0598796477280215,9.591066666666666,1.2119666666666664,0.45,80.0,0.05,3.5182,4.7777,0.5643,1.2082,1.085,206,529.48,1.492,0.7363794294325722
0.45,80.0,0.06,8.6891,9.2117,1.1626,1.3877,3.4283,630,3882.41,3.937,0.45,80.0,0.06,0.9432678007316782,8.734466666666668,1.1656666666666669,0.45,80.0,0.06,3.5436,4.9122,0.5889,1.2384,1.0555,206,533.33,1.492,0.7213875656528642
0.45,80.0,0.07,7.779800000000001,9.4722,1.0997,1.3568,2.9894,630,3430.76,3.937,0.45,80.0,0.07,0.8213297861109352,7.707933333333333,1.0837999999999999,0.45,80.0,0.07,3.0784,5.0315,0.5709,1.2271,0.8969,206,462.8,1.492,0.6118254993540693
0.45,80.0,0.08,6.4945,10.0356,0.9642,1.3114,2.3876,630,2811.16,3.937,0.45,80.0,0.08,0.6471461596715692,6.446000000000001,0.9594333333333332,0.45,80.0,0.08,2.9122,5.0522,0.5978,1.2461,0.8466,206,437.63,1.492,0.5764221527255453
0.5,8.0,0.08,7.2405,11.1009,1.0027,1.3234,2.3799,630,3168.13,3.937,0.5,8.0,0.08,0.6522444126151934,6.867500000000001,0.9834499999999999,0.5,8.0,0.08,3.094,5.4161,0.569,1.2259,0.837,206,465.16,1.492,0.5712597625597754
0.5,8.0,0.01,9.4621,9.6567,1.1804,1.3968,3.5266,630,4275.2,3.937,0.5,8.0,0.01,0.9798481883044932,9.728975,1.1777749999999998,0.5,8.0,0.01,3.4229000000000003,5.2162,0.5382,1.2135,0.9616,206,515.02,1.492,0.6562056669606228
0.5,8.0,0.02,9.4621,9.6567,1.1804,1.3968,3.5266,630,4275.2,3.937,0.5,8.0,0.02,0.9798481883044932,9.728975,1.1777749999999998,0.5,8.0,0.02,3.4229000000000003,5.2162,0.5382,1.2135,0.9616,206,515.02,1.492,0.6562056669606228
0.5,8.0,0.03,9.4621,9.6567,1.1804,1.3968,3.5266,630,4275.2,3.937,0.5,8.0,0.03,0.9798481883044932,9.7425,1.1779499999999998,0.5,8.0,0.03,3.4229000000000003,5.2162,0.5382,1.2135,0.9616,206,515.02,1.492,0.6562056669606228
0.5,8.0,0.04,9.4621,9.6567,1.1804,1.3968,3.5266,630,4275.2,3.937,0.5,8.0,0.04,0.9798481883044932,9.5962,1.1798499999999998,0.5,8.0,0.04,3.4229000000000003,5.2162,0.5382,1.2135,0.9616,206,515.02,1.492,0.6562056669606228
0.5,8.0,0.05,9.4621,9.6567,1.1804,1.3968,3.5266,630,4275.2,3.937,0.5,8.0,0.05,0.9798481883044932,9.63365,1.201125,0.5,8.0,0.05,3.4229000000000003,5.2162,0.5382,1.2135,0.9616,206,515.02,1.492,0.6562056669606228
0.5,8.0,0.06,9.4621,9.6567,1.1804,1.3968,3.5266,630,4275.2,3.937,0.5,8.0,0.06,0.9798481883044932,9.067475,1.1664,0.5,8.0,0.06,3.4229000000000003,5.2162,0.5382,1.2135,0.9616,206,515.02,1.492,0.6562056669606228
0.5,8.0,0.07,8.5931,9.8561,1.1133,1.3667,3.1342,630,3834.2,3.937,0.5,8.0,0.07,0.8718560079544647,8.18645,1.1064999999999998,0.5,8.0,0.07,2.8527,5.4365,0.4805,1.1903,0.7671,206,428.64,1.492,0.5247309850087373
0.5,16.0,0.04,10.2148,9.3112,1.1731,1.3887,3.702,630,4665.59,3.937,0.5,16.0,0.04,1.097044419623679,9.66355,1.1735833333333332,0.5,16.0,0.04,4.6337,5.513,0.6717,1.2416,1.236,206,699.23,1.492,0.8405042626519137
0.5,16.0,0.05,10.0944,9.5035,1.1861,1.4004,3.7277,630,4602.6,3.937,0.5,16.0,0.05,1.0621770926500762,9.713483333333333,1.2019499999999999,0.5,16.0,0.05,4.0676,4.9886,0.6164,1.2264,1.2014,206,612.97,1.492,0.8153790642665276
0.5,16.0,0.06,9.4296,9.745,1.16,1.3905,3.4926,630,4258.54,3.937,0.5,16.0,0.06,0.967634684453566,9.064766666666666,1.1647,0.5,16.0,0.06,3.4279,5.2155,0.5314,1.206,0.963,206,515.78,1.492,0.6572524206691593
0.5,16.0,0.07,8.5931,9.8561,1.1133,1.3667,3.1342,630,3834.2,3.937,0.5,16.0,0.07,0.8718560079544647,8.186449999999999,1.1064999999999998,0.5,16.0,0.07,2.8527,5.4365,0.4805,1.1903,0.7671,206,428.64,1.492,0.5247309850087373
0.5,16.0,0.08,7.2405,11.1009,1.0027,1.3234,2.3799,630,3168.13,3.937,0.5,16.0,0.08,0.6522444126151934,6.8675,0.9834499999999999,0.5,16.0,0.08,3.094,5.4161,0.569,1.2259,0.837,206,465.16,1.492,0.5712597625597754
0.5,16.0,0.01,10.4073,9.3761,1.1621,1.3931,3.729,630,4766.7,3.937,0.5,16.0,0.01,1.1099817621399088,9.665366666666666,1.1497,0.5,16.0,0.01,4.1949,5.6692,0.5887,1.2147,1.0711,206,632.35,1.492,0.7399456713469272
0.5,16.0,0.02,10.4073,9.3761,1.1621,1.3931,3.729,630,4766.7,3.937,0.5,16.0,0.02,1.1099817621399088,9.6532,1.1490999999999998,0.5,16.0,0.02,4.1949,5.6692,0.5887,1.2147,1.0711,206,632.35,1.492,0.7399456713469272
0.5,16.0,0.03,10.4073,9.3761,1.1621,1.3931,3.729,630,4766.7,3.937,0.5,16.0,0.03,1.1099817621399088,9.827566666666668,1.1667666666666665,0.5,16.0,0.03,4.1949,5.6692,0.5887,1.2147,1.0711,206,632.35,1.492,0.7399456713469272
0.5,24.0,0.01,10.0459,9.4285,1.1167,1.3801,3.5927,630,4577.3,3.937,0.5,24.0,0.01,1.0654823142599565,9.397633333333333,1.0791,0.5,24.0,0.01,4.5537,6.0789,0.588,1.2301,1.0859,206,687.02,1.492,0.7490993436312491
0.5,24.0,0.02,10.0459,9.4285,1.1167,1.3801,3.5927,630,4577.3,3.937,0.5,24.0,0.02,1.0654823142599565,9.615050000000002,1.105883333333333,0.5,24.0,0.02,4.5537,6.0789,0.588,1.2301,1.0859,206,687.02,1.492,0.7490993436312491
0.5,24.0,0.03,10.221,9.3896,1.1364,1.3864,3.6661,630,4668.87,3.937,0.5,24.0,0.03,1.0885447729402744,10.02875,1.1486833333333333,0.5,24.0,0.03,4.0631,5.8564,0.5676,1.2072,1.0021,206,612.28,1.492,0.6937879926234548
0.5,24.0,0.04,10.2148,9.3112,1.1731,1.3887,3.702,630,4665.59,3.937,0.5,24.0,0.04,1.097044419623679,9.798249999999998,1.16105,0.5,24.0,0.04,4.6337,5.513,0.6717,1.2416,1.236,206,699.23,1.492,0.8405042626519137
0.5,24.0,0.05,10.0944,9.5035,1.1861,1.4004,3.7277,630,4602.6,3.937,0.5,24.0,0.05,1.0621770926500762,9.87315,1.2036,0.5,24.0,0.05,4.0676,4.9886,0.6164,1.2264,1.2014,206,612.97,1.492,0.8153790642665276
0.5,24.0,0.06,9.4296,9.745,1.16,1.3905,3.4926,630,4258.54,3.937,0.5,24.0,0.06,0.967634684453566,9.05935,1.1613,0.5,24.0,0.06,3.4279,5.2155,0.5314,1.206,0.963,206,515.78,1.492,0.6572524206691593
0.5,24.0,0.07,8.5931,9.8561,1.1133,1.3667,3.1342,630,3834.2,3.937,0.5,24.0,0.07,0.8718560079544647,8.186449999999999,1.1064999999999998,0.5,24.0,0.07,2.8527,5.4365,0.4805,1.1903,0.7671,206,428.64,1.492,0.5247309850087373
0.5,24.0,0.08,7.2405,11.1009,1.0027,1.3234,2.3799,630,3168.13,3.937,0.5,24.0,0.08,0.6522444126151934,6.8675,0.9834499999999999,0.5,24.0,0.08,3.094,5.4161,0.569,1.2259,0.837,206,465.16,1.492,0.5712597625597754
0.5,32.0,0.06,9.4296,9.745,1.16,1.3905,3.4926,630,4258.54,3.937,0.5,32.0,0.06,0.967634684453566,9.05935,1.1613,0.5,32.0,0.06,3.4279,5.2155,0.5314,1.206,0.963,206,515.78,1.492,0.6572524206691593
0.5,32.0,0.07,8.5931,9.8561,1.1133,1.3667,3.1342,630,3834.2,3.937,0.5,32.0,0.07,0.8718560079544647,8.186449999999999,1.1064999999999998,0.5,32.0,0.07,2.8527,5.4365,0.4805,1.1903,0.7671,206,428.64,1.492,0.5247309850087373
0.5,32.0,0.08,7.2405,11.1009,1.0027,1.3234,2.3799,630,3168.13,3.937,0.5,32.0,0.08,0.6522444126151934,6.8675,0.9834499999999999,0.5,32.0,0.08,3.094,5.4161,0.569,1.2259,0.837,206,465.16,1.492,0.5712597625597754
0.5,32.0,0.01,8.8939,9.7351,0.9932,1.3347,3.2805,630,3985.68,3.937,0.5,32.0,0.01,0.9135910262863248,8.627550000000001,0.9853999999999999,0.5,32.0,0.01,4.9731,6.3877,0.6048,1.2539,1.1219,206,751.06,1.492,0.7785431375925607
0.5,32.0,0.02,9.602,9.4817,1.0712,1.3636,3.4684,630,4347.18,3.937,0.5,32.0,0.02,1.01268759821551,9.353683333333334,1.0765833333333334,0.5,32.0,0.02,4.5373,6.2483,0.579,1.2296,1.0513,206,684.53,1.492,0.7261655170206296
0.5,32.0,0.03,10.221,9.3896,1.1364,1.3864,3.6661,630,4668.87,3.937,0.5,32.0,0.03,1.0885447729402744,9.997700000000002,1.1444,0.5,32.0,0.03,4.0631,5.8564,0.5676,1.2072,1.0021,206,612.28,1.492,0.6937879926234548
0.5,32.0,0.04,10.2148,9.3112,1.1731,1.3887,3.702,630,4665.59,3.937,0.5,32.0,0.04,1.097044419623679,9.798249999999998,1.16105,0.5,32.0,0.04,4.6337,5.513,0.6717,1.2416,1.236,206,699.23,1.492,0.8405042626519137
0.5,32.0,0.05,10.0944,9.5035,1.1861,1.4004,3.7277,630,4602.6,3.937,0.5,32.0,0.05,1.0621770926500762,9.87315,1.2036,0.5,32.0,0.05,4.0676,4.9886,0.6164,1.2264,1.2014,206,612.97,1.492,0.8153790642665276
0.5,40.0,0.01,7.8242,14.0569,0.8595,1.2913,2.3699,630,3452.56,3.937,0.5,40.0,0.01,0.5566092097119564,3.5118499999999995,0.3516833333333333,0.5,40.0,0.01,4.9731,6.3877,0.6048,1.2539,1.1219,206,751.06,1.492,0.7785431375925607
0.5,40.0,0.02,9.602,9.4817,1.0712,1.3636,3.4684,630,4347.18,3.937,0.5,40.0,0.02,1.01268759821551,9.2797,1.0690000000000002,0.5,40.0,0.02,4.5373,6.2483,0.579,1.2296,1.0513,206,684.53,1.492,0.7261655170206296
0.5,40.0,0.03,10.221,9.3896,1.1364,1.3864,3.6661,630,4668.87,3.937,0.5,40.0,0.03,1.0885447729402744,9.997700000000002,1.1444,0.5,40.0,0.03,4.0631,5.8564,0.5676,1.2072,1.0021,206,612.28,1.492,0.6937879926234548
0.5,40.0,0.04,10.2148,9.3112,1.1731,1.3887,3.702,630,4665.59,3.937,0.5,40.0,0.04,1.097044419623679,9.798249999999998,1.16105,0.5,40.0,0.04,4.6337,5.513,0.6717,1.2416,1.236,206,699.23,1.492,0.8405042626519137
0.5,40.0,0.05,10.0944,9.5035,1.1861,1.4004,3.7277,630,4602.6,3.937,0.5,40.0,0.05,1.0621770926500762,9.87315,1.2036,0.5,40.0,0.05,4.0676,4.9886,0.6164,1.2264,1.2014,206,612.97,1.492,0.8153790642665276
0.5,40.0,0.06,9.4296,9.745,1.16,1.3905,3.4926,630,4258.54,3.937,0.5,40.0,0.06,0.967634684453566,9.05935,1.1613,0.5,40.0,0.06,3.4279,5.2155,0.5314,1.206,0.963,206,515.78,1.492,0.6572524206691593
0.5,40.0,0.07,8.5931,9.8561,1.1133,1.3667,3.1342,630,3834.2,3.937,0.5,40.0,0.07,0.8718560079544647,8.186449999999999,1.1064999999999998,0.5,40.0,0.07,2.8527,5.4365,0.4805,1.1903,0.7671,206,428.64,1.492,0.5247309850087373
0.5,40.0,0.08,7.2405,11.1009,1.0027,1.3234,2.3799,630,3168.13,3.937,0.5,40.0,0.08,0.6522444126151934,6.8675,0.9834499999999999,0.5,40.0,0.08,3.094,5.4161,0.569,1.2259,0.837,206,465.16,1.492,0.5712597625597754
0.5,48.0,0.08,7.2405,11.1009,1.0027,1.3234,2.3799,630,3168.13,3.937,0.5,48.0,0.08,0.6522444126151934,6.8675,0.9834499999999999,0.5,48.0,0.08,3.094,5.4161,0.569,1.2259,0.837,206,465.16,1.492,0.5712597625597754
0.5,48.0,0.01,-18.9823,15.012,-2.4556,0.44,-0.7194,45,-1127.47,0.568,0.5,48.0,0.01,-1.2644750865973886,-1.2729499999999998,-0.2452,0.5,48.0,0.01,4.9731,6.3877,0.6048,1.2539,1.1219,206,751.06,1.492,0.7785431375925607
0.5,48.0,0.02,9.602,9.4817,1.0712,1.3636,3.4684,630,4347.18,3.937,0.5,48.0,0.02,1.01268759821551,9.2797,1.0690000000000002,0.5,48.0,0.02,4.5373,6.2483,0.579,1.2296,1.0513,206,684.53,1.492,0.7261655170206296
0.5,48.0,0.03,10.221,9.3896,1.1364,1.3864,3.6661,630,4668.87,3.937,0.5,48.0,0.03,1.0885447729402744,9.997700000000002,1.1444,0.5,48.0,0.03,4.0631,5.8564,0.5676,1.2072,1.0021,206,612.28,1.492,0.6937879926234548
0.5,48.0,0.04,10.2148,9.3112,1.1731,1.3887,3.702,630,4665.59,3.937,0.5,48.0,0.04,1.097044419623679,9.798249999999998,1.16105,0.5,48.0,0.04,4.6337,5.513,0.6717,1.2416,1.236,206,699.23,1.492,0.8405042626519137
0.5,48.0,0.05,10.0944,9.5035,1.1861,1.4004,3.7277,630,4602.6,3.937,0.5,48.0,0.05,1.0621770926500762,9.87315,1.2036,0.5,48.0,0.05,4.0676,4.9886,0.6164,1.2264,1.2014,206,612.97,1.492,0.8153790642665276
0.5,48.0,0.06,9.4296,9.745,1.16,1.3905,3.4926,630,4258.54,3.937,0.5,48.0,0.06,0.967634684453566,9.05935,1.1613,0.5,48.0,0.06,3.4279,5.2155,0.5314,1.206,0.963,206,515.78,1.492,0.6572524206691593
0.5,48.0,0.07,8.5931,9.8561,1.1133,1.3667,3.1342,630,3834.2,3.937,0.5,48.0,0.07,0.8718560079544647,8.186449999999999,1.1064999999999998,0.5,48.0,0.07,2.8527,5.4365,0.4805,1.1903,0.7671,206,428.64,1.492,0.5247309850087373
0.5,56.0,0.03,10.221,9.3896,1.1364,1.3864,3.6661,630,4668.87,3.937,0.5,56.0,0.03,1.0885447729402744,9.997700000000002,1.1444,0.5,56.0,0.03,4.0631,5.8564,0.5676,1.2072,1.0021,206,612.28,1.492,0.6937879926234548
0.5,56.0,0.04,10.2148,9.3112,1.1731,1.3887,3.702,630,4665.59,3.937,0.5,56.0,0.04,1.097044419623679,9.798249999999998,1.16105,0.5,56.0,0.04,4.6337,5.513,0.6717,1.2416,1.236,206,699.23,1.492,0.8405042626519137
0.5,56.0,0.05,10.0944,9.5035,1.1861,1.4004,3.7277,630,4602.6,3.937,0.5,56.0,0.05,1.0621770926500762,9.87315,1.2036,0.5,56.0,0.05,4.0676,4.9886,0.6164,1.2264,1.2014,206,612.97,1.492,0.8153790642665276
0.5,56.0,0.06,9.4296,9.745,1.16,1.3905,3.4926,630,4258.54,3.937,0.5,56.0,0.06,0.967634684453566,9.05935,1.1613,0.5,56.0,0.06,3.4279,5.2155,0.5314,1.206,0.963,206,515.78,1.492,0.6572524206691593
0.5,56.0,0.07,8.5931,9.8561,1.1133,1.3667,3.1342,630,3834.2,3.937,0.5,56.0,0.07,0.8718560079544647,8.186449999999999,1.1064999999999998,0.5,56.0,0.07,2.8527,5.4365,0.4805,1.1903,0.7671,206,428.64,1.492,0.5247309850087373
0.5,56.0,0.08,7.2405,11.1009,1.0027,1.3234,2.3799,630,3168.13,3.937,0.5,56.0,0.08,0.6522444126151934,6.8675,0.9834499999999999,0.5,56.0,0.08,3.094,5.4161,0.569,1.2259,0.837,206,465.16,1.492,0.5712597625597754
0.5,56.0,0.01,-18.8913,15.0281,-2.448,0.4451,-0.7143,45,-1121.57,0.568,0.5,56.0,0.01,-1.2570650980496536,-5.778616666666667,-0.8050666666666665,0.5,56.0,0.01,4.9731,6.3877,0.6048,1.2539,1.1219,206,751.06,1.492,0.7785431375925607
0.5,56.0,0.02,9.602,9.4817,1.0712,1.3636,3.4684,630,4347.18,3.937,0.5,56.0,0.02,1.01268759821551,9.2797,1.0690000000000002,0.5,56.0,0.02,4.5373,6.2483,0.579,1.2296,1.0513,206,684.53,1.492,0.7261655170206296
0.5,64.0,0.01,-18.8913,15.0281,-2.448,0.4451,-0.7143,45,-1121.57,0.568,0.5,64.0,0.01,-1.2570650980496536,-5.7634500000000015,-0.8037999999999998,0.5,64.0,0.01,4.9731,6.3877,0.6048,1.2539,1.1219,206,751.06,1.492,0.7785431375925607
0.5,64.0,0.02,9.602,9.4817,1.0712,1.3636,3.4684,630,4347.18,3.937,0.5,64.0,0.02,1.01268759821551,9.2797,1.0690000000000002,0.5,64.0,0.02,4.5373,6.2483,0.579,1.2296,1.0513,206,684.53,1.492,0.7261655170206296
0.5,64.0,0.03,10.221,9.3896,1.1364,1.3864,3.6661,630,4668.87,3.937,0.5,64.0,0.03,1.0885447729402744,9.997700000000002,1.1444,0.5,64.0,0.03,4.0631,5.8564,0.5676,1.2072,1.0021,206,612.28,1.492,0.6937879926234548
0.5,64.0,0.04,10.2148,9.3112,1.1731,1.3887,3.702,630,4665.59,3.937,0.5,64.0,0.04,1.097044419623679,9.798249999999998,1.16105,0.5,64.0,0.04,4.6337,5.513,0.6717,1.2416,1.236,206,699.23,1.492,0.8405042626519137
0.5,64.0,0.05,10.0944,9.5035,1.1861,1.4004,3.7277,630,4602.6,3.937,0.5,64.0,0.05,1.0621770926500762,9.87315,1.2036,0.5,64.0,0.05,4.0676,4.9886,0.6164,1.2264,1.2014,206,612.97,1.492,0.8153790642665276
0.5,64.0,0.06,9.4296,9.745,1.16,1.3905,3.4926,630,4258.54,3.937,0.5,64.0,0.06,0.967634684453566,9.05935,1.1613,0.5,64.0,0.06,3.4279,5.2155,0.5314,1.206,0.963,206,515.78,1.492,0.6572524206691593
0.5,64.0,0.07,8.5931,9.8561,1.1133,1.3667,3.1342,630,3834.2,3.937,0.5,64.0,0.07,0.8718560079544647,8.186449999999999,1.1064999999999998,0.5,64.0,0.07,2.8527,5.4365,0.4805,1.1903,0.7671,206,428.64,1.492,0.5247309850087373
0.5,64.0,0.08,7.2405,11.1009,1.0027,1.3234,2.3799,630,3168.13,3.937,0.5,64.0,0.08,0.6522444126151934,6.8675,0.9834499999999999,0.5,64.0,0.08,3.094,5.4161,0.569,1.2259,0.837,206,465.16,1.492,0.5712597625597754
0.5,72.0,0.05,10.0944,9.5035,1.1861,1.4004,3.7277,630,4602.6,3.937,0.5,72.0,0.05,1.0621770926500762,9.87315,1.2036,0.5,72.0,0.05,4.0676,4.9886,0.6164,1.2264,1.2014,206,612.97,1.492,0.8153790642665276
0.5,72.0,0.06,9.4296,9.745,1.16,1.3905,3.4926,630,4258.54,3.937,0.5,72.0,0.06,0.967634684453566,9.05935,1.1613,0.5,72.0,0.06,3.4279,5.2155,0.5314,1.206,0.963,206,515.78,1.492,0.6572524206691593
0.5,72.0,0.07,8.5931,9.8561,1.1133,1.3667,3.1342,630,3834.2,3.937,0.5,72.0,0.07,0.8718560079544647,8.186449999999999,1.1064999999999998,0.5,72.0,0.07,2.8527,5.4365,0.4805,1.1903,0.7671,206,428.64,1.492,0.5247309850087373
0.5,72.0,0.01,-18.8913,15.0281,-2.448,0.4451,-0.7143,45,-1121.57,0.568,0.5,72.0,0.01,-1.2570650980496536,-5.7634500000000015,-0.8037999999999998,0.5,72.0,0.01,4.9731,6.3877,0.6048,1.2539,1.1219,206,751.06,1.492,0.7785431375925607
0.5,72.0,0.02,9.602,9.4817,1.0712,1.3636,3.4684,630,4347.18,3.937,0.5,72.0,0.02,1.01268759821551,9.2797,1.0690000000000002,0.5,72.0,0.02,4.5373,6.2483,0.579,1.2296,1.0513,206,684.53,1.492,0.7261655170206296
0.5,72.0,0.03,10.221,9.3896,1.1364,1.3864,3.6661,630,4668.87,3.937,0.5,72.0,0.03,1.0885447729402744,9.997700000000002,1.1444,0.5,72.0,0.03,4.0631,5.8564,0.5676,1.2072,1.0021,206,612.28,1.492,0.6937879926234548
0.5,72.0,0.04,10.2148,9.3112,1.1731,1.3887,3.702,630,4665.59,3.937,0.5,72.0,0.04,1.097044419623679,9.798249999999998,1.16105,0.5,72.0,0.04,4.6337,5.513,0.6717,1.2416,1.236,206,699.23,1.492,0.8405042626519137
0.5,72.0,0.08,7.2405,11.1009,1.0027,1.3234,2.3799,630,3168.13,3.937,0.5,72.0,0.08,0.6522444126151934,6.8675,0.9834499999999999,0.5,72.0,0.08,3.094,5.4161,0.569,1.2259,0.837,206,465.16,1.492,0.5712597625597754
0.5,80.0,0.01,-18.8913,15.0281,-2.448,0.4451,-0.7143,45,-1121.57,0.568,0.5,80.0,0.01,-1.2570650980496536,-5.763450000000001,-0.8038,0.5,80.0,0.01,4.9731,6.3877,0.6048,1.2539,1.1219,206,751.06,1.492,0.7785431375925607
0.5,80.0,0.02,9.602,9.4817,1.0712,1.3636,3.4684,630,4347.18,3.937,0.5,80.0,0.02,1.01268759821551,9.2797,1.069,0.5,80.0,0.02,4.5373,6.2483,0.579,1.2296,1.0513,206,684.53,1.492,0.7261655170206296
0.5,80.0,0.03,10.221,9.3896,1.1364,1.3864,3.6661,630,4668.87,3.937,0.5,80.0,0.03,1.0885447729402744,9.9977,1.1444,0.5,80.0,0.03,4.0631,5.8564,0.5676,1.2072,1.0021,206,612.28,1.492,0.6937879926234548
0.5,80.0,0.04,10.2148,9.3112,1.1731,1.3887,3.702,630,4665.59,3.937,0.5,80.0,0.04,1.097044419623679,9.79825,1.16105,0.5,80.0,0.04,4.6337,5.513,0.6717,1.2416,1.236,206,699.23,1.492,0.8405042626519137
0.5,80.0,0.05,10.0944,9.5035,1.1861,1.4004,3.7277,630,4602.6,3.937,0.5,80.0,0.05,1.0621770926500762,9.873149999999999,1.2036,0.5,80.0,0.05,4.0676,4.9886,0.6164,1.2264,1.2014,206,612.97,1.492,0.8153790642665276
0.5,80.0,0.06,9.4296,9.745,1.16,1.3905,3.4926,630,4258.54,3.937,0.5,80.0,0.06,0.967634684453566,9.05935,1.1613,0.5,80.0,0.06,3.4279,5.2155,0.5314,1.206,0.963,206,515.78,1.492,0.6572524206691593
0.5,80.0,0.07,8.5931,9.8561,1.1133,1.3667,3.1342,630,3834.2,3.937,0.5,80.0,0.07,0.8718560079544647,8.18645,1.1064999999999998,0.5,80.0,0.07,2.8527,5.4365,0.4805,1.1903,0.7671,206,428.64,1.492,0.5247309850087373
0.5,80.0,0.08,7.2405,11.1009,1.0027,1.3234,2.3799,630,3168.13,3.937,0.5,80.0,0.08,0.6522444126151934,6.867500000000001,0.9834499999999999,0.5,80.0,0.08,3.094,5.4161,0.569,1.2259,0.837,206,465.16,1.492,0.5712597625597754
