i_decision,i_fill_m1,i_exit_m1,i_exit_m5,q,scenario,level,stop,target,r_est,lots,fill_px,exit_px,exit_reason,ctx_ema,ctx_vwap,ctx_dxy,extension_vwap,retest,risk_amount,equity_before,equity_after,atr,spread,bars_held,scenario_name,exit_reason_name,m5_close,ts_decision_utc,ts_fill_utc,ts_exit_utc
472.0,2357.0,2386.0,478.0,-1.0,4.0,1290.0,1291.2839552782973,1280.0,5.183140711714097,0.13,1289.365,1291.2839552782973,1.0,0.0,-1.0,-1.0,0.0,0.0,24.946418617864765,10000.0,9975.053581382135,1.147910556594678,0.29,6.0,REV_SHORT,STOP,1289.604,2019-01-03 15:20:00,2019-01-03 15:25:00,2019-01-03 15:54:00
744.0,3712.0,3951.0,792.0,1.0,3.0,1280.0,1275.8983042242685,1290.0,2.232705843736779,0.05,1280.1565,1283.499,3.0,-1.0,-1.0,-1.0,1.0,1.0,21.290978878657825,9975.053581382135,9991.766081382135,1.6013915514632044,0.29,48.0,REV_LONG,TIME,1280.1155,2019-01-04 15:00:00,2019-01-04 15:05:00,2019-01-04 19:04:00
1277.0,6367.0,6606.0,1325.0,1.0,3.0,1280.0,1279.0296005181094,1290.0,4.486847216503813,0.26,1280.932,1284.489,3.0,-1.0,-1.0,1.0,1.0,0.0,49.46238652915554,9991.766081382135,10084.248081382135,0.7217989637810066,0.29,48.0,REV_LONG,TIME,1280.884,2019-01-08 13:25:00,2019-01-08 13:30:00,2019-01-08 17:29:00
1611.0,8032.0,8249.0,1655.0,1.0,1.0,1290.0,1289.302769196418,1300.0,4.1721649175008775,0.25,1291.2755,1293.284,4.0,1.0,1.0,1.0,0.0,0.0,49.31827008954883,10084.248081382135,10134.460581382138,0.6972308035819378,0.29,44.0,BREAK_LONG,SESSION,1291.226,2019-01-09 18:15:00,2019-01-09 18:20:00,2019-01-09 21:57:00
1863.0,9287.0,9526.0,1911.0,-1.0,2.0,1290.0,1290.6653976135012,1280.0,4.683975260232912,0.12,1288.698,1287.2235,3.0,1.0,1.0,-1.0,0.0,0.0,23.608771362013613,10134.460581382138,10152.15458138214,0.6653976135011904,0.29,48.0,BREAK_SHORT,TIME,1288.934,2019-01-10 16:15:00,2019-01-10 16:20:00,2019-01-10 20:19:00
2117.0,10552.0,10611.0,2129.0,-1.0,2.0,1290.0,1290.9737130060216,1280.0,2.8146707659231076,0.08,1288.054,1290.9737130060216,1.0,1.0,1.0,-1.0,0.0,0.0,23.35770404817231,10152.15458138214,10128.796877333967,0.9737130060215475,0.29,12.0,BREAK_SHORT,STOP,1288.242,2019-01-11 14:25:00,2019-01-11 14:30:00,2019-01-11 15:29:00
2658.0,13247.0,13249.0,2659.0,-1.0,2.0,1290.0,1290.6202763288948,1280.0,9.097466578331874,0.52,1289.659,1290.6202763288948,1.0,1.0,1.0,1.0,0.0,1.0,49.986369102522076,10128.796877333967,10078.810508231445,0.6202763288948298,0.29,1.0,BREAK_SHORT,STOP,1289.7135,2019-01-15 13:30:00,2019-01-15 13:35:00,2019-01-15 13:37:00
2797.0,13937.0,14132.0,2837.0,-1.0,2.0,1290.0,1290.4393379600506,1280.0,9.578573567960829,0.48,1289.4105,1290.4393379600506,1.0,1.0,1.0,1.0,0.0,0.0,49.384222082429915,10078.810508231445,10029.426286149015,0.43933796005067005,0.29,40.0,BREAK_SHORT,STOP,1289.5975,2019-01-16 02:05:00,2019-01-16 02:10:00,2019-01-16 05:25:00
2901.0,14457.0,14607.0,2932.0,-1.0,4.0,1290.0,1290.3928674349656,1280.0,12.999627334738841,0.78,1289.752,1290.3928674349656,1.0,1.0,1.0,1.0,0.0,0.0,49.98765992732343,10029.426286149015,9979.438626221692,0.43373486993158156,0.29,31.0,REV_SHORT,STOP,1289.7955,2019-01-16 10:45:00,2019-01-16 10:50:00,2019-01-16 13:20:00
3708.0,18477.0,18716.0,3756.0,-1.0,2.0,1280.0,1280.5469654666583,1270.0,5.464718795587896,0.32,1279.011,1277.857,3.0,1.0,1.0,1.0,0.0,0.0,49.15089493306732,9979.438626221692,10016.366626221692,0.5469654666583664,0.29,48.0,BREAK_SHORT,TIME,1279.0605,2019-01-21 09:00:00,2019-01-21 09:05:00,2019-01-21 13:04:00
4959.0,24712.0,24749.0,4967.0,1.0,1.0,1300.0,1299.1368362349588,1310.0,1.8000271216611117,0.13,1302.9095,1302.599,4.0,1.0,1.0,1.0,0.0,0.0,49.044628945535806,10016.366626221692,10012.330126221692,0.8631637650412675,0.29,8.0,BREAK_LONG,SESSION,1302.8715,2019-01-25 21:15:00,2019-01-25 21:20:00,2019-01-25 21:57:00
5410.0,26957.0,26972.0,5414.0,-1.0,4.0,1310.0,1310.468772302917,1300.0,7.987827300409421,0.2,1309.262,1310.468772302917,1.0,-1.0,-1.0,-1.0,1.0,0.0,24.135446058339767,10012.330126221692,9988.194680163353,0.5745446058338097,0.29,4.0,REV_SHORT,STOP,1309.449,2019-01-29 12:50:00,2019-01-29 12:55:00,2019-01-29 13:10:00
5770.0,28752.0,28768.0,5774.0,1.0,1.0,1320.0,1318.5057459128655,1330.0,5.131072958322135,0.13,1320.423,1318.5057459128655,1.0,1.0,1.0,-1.0,0.0,1.0,24.924303132749174,9988.194680163353,9963.270377030603,1.494254087134663,0.29,4.0,BREAK_LONG,STOP,1320.2355,2019-01-30 19:50:00,2019-01-30 19:55:00,2019-01-30 20:11:00
5876.0,29277.0,29289.0,5879.0,1.0,1.0,1320.0,1319.6974934150649,1330.0,6.298943338198415,0.36,1321.0674999999999,1319.673,1.0,1.0,1.0,1.0,0.0,1.0,49.32023705766096,9963.270377030603,9913.068377030608,0.3025065849351178,0.29,3.0,BREAK_LONG,STOP,1320.964,2019-01-31 05:40:00,2019-01-31 05:45:00,2019-01-31 05:57:00
6060.0,30197.0,30249.0,6071.0,1.0,3.0,1320.0,1319.0167438835904,1330.0,6.177397298812233,0.16,1320.5065,1321.0765000000001,4.0,1.0,-1.0,-1.0,0.0,0.0,23.836097862553288,9913.068377030608,9922.18837703061,0.5515122328192242,0.29,11.0,REV_LONG,SESSION,1320.402,2019-01-31 21:00:00,2019-01-31 21:05:00,2019-01-31 21:57:00
6531.0,32542.0,32781.0,6579.0,1.0,3.0,1310.0,1308.3204357149957,1320.0,2.376021753846334,0.07,1311.7385,1315.0355,3.0,-1.0,-1.0,-1.0,0.0,0.0,23.926449995029543,9922.18837703061,9945.26737703061,0.782128570008213,0.29,48.0,REV_LONG,TIME,1311.635,2019-02-04 14:15:00,2019-02-04 14:20:00,2019-02-04 18:19:00
7133.0,35542.0,35577.0,7141.0,1.0,3.0,1310.0,1309.0111813685585,1320.0,6.5069536590203505,0.16,1310.5155,1309.0111813685585,1.0,-1.0,-1.0,-1.0,1.0,1.0,24.06909810306388,9945.26737703061,9921.198278927546,0.605637262883227,0.29,8.0,REV_LONG,STOP,1310.33,2019-02-06 18:25:00,2019-02-06 18:30:00,2019-02-06 19:05:00
7589.0,37812.0,38051.0,7637.0,1.0,1.0,1310.0,1309.578769271528,1320.0,5.492045376175937,0.15,1311.2245,1312.85,3.0,1.0,1.0,-1.0,0.0,0.0,24.68596092708026,9921.198278927546,9945.580778927544,0.4212307284720282,0.29,48.0,BREAK_LONG,TIME,1311.039,2019-02-08 10:25:00,2019-02-08 10:30:00,2019-02-08 14:29:00
8095.0,40332.0,40571.0,8143.0,1.0,1.0,1310.0,1309.6441489470535,1320.0,6.784299512530705,0.19,1310.932,1312.294,3.0,1.0,1.0,-1.0,0.0,0.0,24.469170005983642,9945.580778927544,9971.458778927547,0.3558510529465307,0.29,48.0,BREAK_LONG,TIME,1310.8295,2019-02-12 06:35:00,2019-02-12 06:40:00,2019-02-12 10:39:00
8199.0,40852.0,40934.0,8216.0,-1.0,2.0,1310.0,1310.7205360395992,1300.0,4.934305103582343,0.26,1308.873,1310.7205360395992,1.0,1.0,1.0,1.0,0.0,0.0,48.035937029578236,9971.458778927547,9923.42284189797,0.7205360395992917,0.29,17.0,BREAK_SHORT,STOP,1309.059,2019-02-12 15:15:00,2019-02-12 15:20:00,2019-02-12 16:42:00
8295.0,41327.0,41566.0,8343.0,1.0,3.0,1310.0,1309.2821957883398,1320.0,11.350486512567524,0.54,1310.191,1312.645,3.0,-1.0,-1.0,1.0,0.0,1.0,49.07542742965371,9923.42284189797,10055.938841897967,0.34760842332041925,0.29,48.0,REV_LONG,TIME,1310.005,2019-02-13 00:15:00,2019-02-13 00:20:00,2019-02-13 04:19:00
8433.0,42017.0,42058.0,8442.0,1.0,3.0,1310.0,1309.7093162025046,1320.0,10.387482907202596,0.29,1310.57,1309.7093162025046,1.0,-1.0,-1.0,-1.0,1.0,0.0,24.959830127364054,10055.938841897967,10030.979011770603,0.33336759499060037,0.29,9.0,REV_LONG,STOP,1310.468,2019-02-13 11:45:00,2019-02-13 11:50:00,2019-02-13 12:31:00
9612.0,47892.0,47955.0,9625.0,1.0,1.0,1340.0,1339.250703343539,1350.0,8.185104133311656,0.41000000000000003,1340.4625,1339.250703343539,1.0,1.0,1.0,1.0,0.0,0.0,49.683662914902925,10030.979011770603,9981.2953488557,0.7492966564610287,0.29,13.0,BREAK_LONG,STOP,1340.276,2019-02-19 18:00:00,2019-02-19 18:05:00,2019-02-19 19:08:00
9664.0,48147.0,48162.0,9668.0,1.0,3.0,1340.0,1339.630557504866,1350.0,18.678508738405466,1.02,1340.116,1339.6275,1.0,1.0,0.0,1.0,0.0,1.0,49.515134503674744,9981.2953488557,9931.468348855706,0.3528849902680089,0.29,4.0,REV_LONG,STOP,1340.0125,2019-02-19 23:20:00,2019-02-19 23:25:00,2019-02-19 23:40:00
10047.0,50057.0,50296.0,10095.0,-1.0,4.0,1340.0,1340.7486901038837,1330.0,5.196317186464302,0.14,1339.059,1335.8985,3.0,-1.0,1.0,-1.0,0.0,0.0,23.65566145437288,9931.468348855706,9975.715348855705,0.5613802077672494,0.29,48.0,REV_SHORT,TIME,1339.159,2019-02-21 08:15:00,2019-02-21 08:20:00,2019-02-21 12:19:00
10624.0,52932.0,53008.0,10640.0,-1.0,4.0,1330.0,1330.6404308750264,1320.0,9.874995001297147,0.26,1329.7060000000001,1330.6404308750264,1.0,1.0,1.0,-1.0,0.0,1.0,24.295202750682165,9975.715348855705,9951.420146105023,0.4988617500526938,0.29,16.0,REV_SHORT,STOP,1329.807,2019-02-25 10:20:00,2019-02-25 10:25:00,2019-02-25 11:41:00
10692.0,53272.0,53511.0,10740.0,-1.0,2.0,1330.0,1330.8780951204724,1320.0,3.572366622446146,0.1,1328.458,1328.088,3.0,1.0,1.0,-1.0,0.0,0.0,24.20095120472297,9951.420146105023,9955.120146105024,0.8780951204723778,0.29,48.0,BREAK_SHORT,TIME,1328.644,2019-02-25 16:00:00,2019-02-25 16:05:00,2019-02-25 20:04:00
11730.0,58442.0,58681.0,11778.0,-1.0,4.0,1310.0,1311.0136423452007,1300.0,8.226919930817722,0.43,1309.8625,1307.2015,3.0,1.0,1.0,1.0,0.0,1.0,49.49912084362995,9955.120146105024,10069.543146105027,0.6552846904012645,0.29,48.0,REV_SHORT,TIME,1309.965,2019-03-01 10:30:00,2019-03-01 10:35:00,2019-03-01 14:34:00
11811.0,58847.0,58891.0,11820.0,1.0,3.0,1300.0,1297.905272913919,1310.0,3.7093682453666155,0.09,1300.5149999999999,1297.905272913919,1.0,-1.0,-1.0,-1.0,1.0,1.0,23.487543774728692,10069.543146105027,10046.055602330298,1.0964541721621428,0.29,9.0,REV_LONG,STOP,1300.3285,2019-03-01 17:15:00,2019-03-01 17:20:00,2019-03-01 18:04:00
12517.0,62362.0,62401.0,12525.0,1.0,1.0,1290.0,1289.515580046341,1300.0,6.347588017656557,0.18,1290.899,1289.515580046341,1.0,1.0,1.0,-1.0,0.0,0.0,24.901559165859453,10046.055602330298,10021.154043164439,0.48441995365893176,0.29,8.0,BREAK_LONG,STOP,1290.7975,2019-03-06 07:05:00,2019-03-06 07:10:00,2019-03-06 07:49:00
14093.0,70212.0,70227.0,14097.0,1.0,1.0,1310.0,1309.761356526105,1320.0,15.391179771799015,0.75,1310.4265,1309.714,1.0,1.0,1.0,1.0,0.0,0.0,49.88576054213354,10021.154043164439,9967.716543164432,0.23864347389497037,0.29,4.0,BREAK_LONG,STOP,1310.241,2019-03-13 23:25:00,2019-03-13 23:30:00,2019-03-13 23:45:00
14658.0,73027.0,73033.0,14660.0,1.0,3.0,1300.0,1299.7247122006627,1310.0,15.485623190863718,0.74,1300.3899999999999,1299.7185,1.0,-1.0,-1.0,1.0,0.0,0.0,49.23129715095229,9967.716543164432,9918.025543164436,0.34257559867447906,0.29,2.0,REV_LONG,STOP,1300.203,2019-03-18 00:30:00,2019-03-18 00:35:00,2019-03-18 00:41:00
15088.0,75172.0,75411.0,15136.0,-1.0,4.0,1310.0,1311.3221932980587,1300.0,3.985129758764276,0.11,1309.094,1306.7435,3.0,-1.0,-1.0,-1.0,1.0,1.0,24.510126278644748,9918.025543164436,9943.881043164436,0.7493865961173057,0.29,48.0,REV_SHORT,TIME,1309.196,2019-03-19 13:20:00,2019-03-19 13:25:00,2019-03-19 17:24:00
15662.0,78032.0,78044.0,15665.0,-1.0,2.0,1310.0,1310.9363387163785,1300.0,8.356584927527585,0.4,1309.722,1310.9363387163785,1.0,1.0,1.0,1.0,0.0,1.0,48.57354865514026,9943.881043164436,9895.307494509296,0.9363387163785611,0.29,3.0,BREAK_SHORT,STOP,1309.9125,2019-03-21 15:10:00,2019-03-21 15:15:00,2019-03-21 15:27:00
15835.0,78892.0,79017.0,15861.0,1.0,1.0,1310.0,1309.6619666469985,1320.0,5.038453243260051,0.14,1311.415,1309.6619666469985,1.0,1.0,1.0,-1.0,0.0,0.0,24.542466942020386,9895.307494509296,9870.765027567275,0.3380333530014895,0.29,26.0,BREAK_LONG,STOP,1311.229,2019-03-22 06:35:00,2019-03-22 06:40:00,2019-03-22 08:45:00
16813.0,83767.0,83874.0,16835.0,-1.0,2.0,1310.0,1310.610488464222,1300.0,8.580676284221646,0.42,1309.462,1309.9915,4.0,1.0,1.0,1.0,0.0,1.0,48.2365154973263,9870.765027567275,9848.52602756727,0.6104884642221546,0.29,22.0,BREAK_SHORT,SESSION,1309.648,2019-03-27 19:05:00,2019-03-27 19:10:00,2019-03-27 20:57:00
16908.0,84237.0,84249.0,16911.0,-1.0,2.0,1310.0,1310.3646579574074,1300.0,8.248725615962742,0.45,1309.286,1310.393,1.0,1.0,1.0,1.0,0.0,0.0,48.53960808333113,9848.52602756727,9798.711027567271,0.36465795740751905,0.29,3.0,BREAK_SHORT,STOP,1309.389,2019-03-28 04:00:00,2019-03-28 04:05:00,2019-03-28 04:17:00
16958.0,84487.0,84726.0,17006.0,-1.0,2.0,1310.0,1310.531824282245,1300.0,6.99182745692222,0.38,1309.2545,1303.3754999999999,3.0,1.0,1.0,1.0,0.0,0.0,48.53832272530963,9798.711027567271,10022.113027567277,0.531824282244958,0.29,48.0,BREAK_SHORT,TIME,1309.359,2019-03-28 08:10:00,2019-03-28 08:15:00,2019-03-28 12:14:00
17180.0,85592.0,85723.0,17207.0,-1.0,2.0,1290.0,1290.4631421499091,1280.0,6.880995756745106,0.39,1289.183,1290.4631421499091,1.0,1.0,1.0,1.0,0.0,0.0,49.92554384645587,10022.113027567277,9972.187483720822,0.4631421499090331,0.29,27.0,BREAK_SHORT,STOP,1289.2805,2019-03-29 03:40:00,2019-03-29 03:45:00,2019-03-29 05:56:00
17556.0,87467.0,87706.0,17604.0,1.0,3.0,1290.0,1289.5042681001528,1300.0,4.70503338052597,0.13,1291.3855,1290.9925,3.0,-1.0,-1.0,-1.0,0.0,0.0,24.456014698014997,9972.187483720822,9967.078483720821,0.6034637996943428,0.29,48.0,REV_LONG,TIME,1291.199,2019-04-01 12:00:00,2019-04-01 12:05:00,2019-04-01 16:04:00
18581.0,92572.0,92683.0,18604.0,-1.0,4.0,1290.0,1290.2907458582927,1280.0,13.287823719926738,0.73,1289.612,1290.2907458582927,1.0,1.0,1.0,1.0,0.0,0.0,49.548447655358814,9967.078483720821,9917.530036065462,0.34349171658533795,0.29,23.0,REV_SHORT,STOP,1289.7155,2019-04-05 05:25:00,2019-04-05 05:30:00,2019-04-05 07:21:00
18674.0,93037.0,93082.0,18684.0,1.0,1.0,1290.0,1288.3080137226493,1300.0,1.736896965081486,0.05,1292.519,1288.3080137226493,1.0,1.0,1.0,-1.0,0.0,0.0,21.054931386753424,9917.530036065462,9896.475104678708,1.691986277350765,0.29,10.0,BREAK_LONG,STOP,1292.435,2019-04-05 13:10:00,2019-04-05 13:15:00,2019-04-05 14:00:00
19165.0,95482.0,95721.0,19213.0,1.0,1.0,1300.0,1299.3892333146443,1310.0,3.9692934180670076,0.22,1301.566,1302.163,3.0,1.0,1.0,1.0,0.0,0.0,47.888867077825125,9896.475104678708,9909.609104678708,0.6107666853556448,0.29,48.0,BREAK_LONG,TIME,1301.3795,2019-04-09 08:05:00,2019-04-09 08:10:00,2019-04-09 12:09:00
19768.0,98487.0,98726.0,19816.0,-1.0,2.0,1300.0,1300.7869799803607,1290.0,5.132520040477547,0.27,1298.986,1293.4475,3.0,1.0,1.0,1.0,0.0,0.0,48.626459469735664,9909.609104678708,10059.14860467871,0.786979980360789,0.29,48.0,BREAK_SHORT,TIME,1299.173,2019-04-11 12:20:00,2019-04-11 12:25:00,2019-04-11 16:24:00
20172.0,100497.0,100509.0,20175.0,1.0,3.0,1290.0,1289.2677276573197,1300.0,10.414004066190325,0.56,1290.165,1289.2677276573197,1.0,-1.0,-1.0,1.0,0.0,1.0,50.247251190094175,10059.14860467871,10008.901353488616,0.3535446853605232,0.29,3.0,REV_LONG,STOP,1290.063,2019-04-15 00:00:00,2019-04-15 00:05:00,2019-04-15 00:17:00
23161.0,115392.0,115397.0,23163.0,-1.0,4.0,1280.0,1280.353538749637,1270.0,18.551994555140112,0.51,1279.865,1280.366,1.0,1.0,1.0,-1.0,1.0,1.0,24.915476231485627,10008.901353488616,9983.350353488617,0.27107749927371577,0.29,2.0,REV_SHORT,STOP,1279.969,2019-04-29 19:05:00,2019-04-29 19:10:00,2019-04-29 19:15:00
23176.0,115467.0,115499.0,23183.0,-1.0,2.0,1280.0,1280.213757650229,1270.0,17.0213847066772,0.4,1279.605,1280.074,4.0,1.0,1.0,-1.0,0.0,0.0,24.350306009155247,9983.350353488617,9964.590353488615,0.2137576502288003,0.29,7.0,BREAK_SHORT,SESSION,1279.792,2019-04-29 20:20:00,2019-04-29 20:25:00,2019-04-29 20:57:00
23536.0,117257.0,117272.0,23540.0,1.0,3.0,1280.0,1279.5967799913024,1290.0,13.793691703915954,0.8,1280.2185,1279.5967799913024,1.0,-1.0,-1.0,1.0,1.0,1.0,49.73760069580749,9964.590353488615,9914.852752792807,0.2834400173953396,0.29,4.0,REV_LONG,STOP,1280.155,2019-05-01 04:20:00,2019-05-01 04:25:00,2019-05-01 04:40:00
23710.0,118127.0,118249.0,23735.0,-1.0,2.0,1280.0,1281.8873500730206,1270.0,1.6135521413649572,0.05,1277.2975000000001,1277.056,4.0,1.0,1.0,-1.0,0.0,0.0,22.949250365102216,9914.852752792807,9916.060252792808,1.8873500730206711,0.29,25.0,BREAK_SHORT,SESSION,1277.484,2019-05-01 18:50:00,2019-05-01 18:55:00,2019-05-01 20:57:00
24173.0,120432.0,120437.0,24175.0,1.0,3.0,1270.0,1269.5886016056784,1280.0,11.568105473995232,0.28,1270.459,1269.5886016056784,1.0,-1.0,-1.0,-1.0,0.0,1.0,24.371155041007118,9916.060252792808,9891.6890977518,0.3407967886431113,0.29,2.0,REV_LONG,STOP,1270.272,2019-05-03 11:25:00,2019-05-03 11:30:00,2019-05-03 11:35:00
25167.0,125382.0,125621.0,25215.0,1.0,3.0,1280.0,1279.5339953928883,1290.0,9.947650805503445,0.24,1280.5355,1283.118,3.0,-1.0,-1.0,-1.0,0.0,0.0,24.03611057067974,9891.6890977518,9953.6690977518,0.4340092142233499,0.29,48.0,REV_LONG,TIME,1280.345,2019-05-09 02:15:00,2019-05-09 02:20:00,2019-05-09 06:19:00
29031.0,144632.0,144871.0,29079.0,1.0,3.0,1280.0,1278.9647136976916,1290.0,7.565864810124728,0.18,1280.2955,1281.363,3.0,-1.0,-1.0,-1.0,0.0,1.0,23.95415344154935,9953.6690977518,9972.884097751801,0.47857260461653556,0.29,48.0,REV_LONG,TIME,1280.108,2019-05-29 02:15:00,2019-05-29 02:20:00,2019-05-29 06:19:00
29240.0,145677.0,145749.0,29255.0,1.0,3.0,1280.0,1279.0486702691362,1290.0,7.513625603218655,0.18,1280.376,1280.1405,4.0,-1.0,-1.0,-1.0,0.0,0.0,23.8919351555478,9972.884097751801,9968.645097751802,0.5386594617276836,0.29,15.0,REV_LONG,SESSION,1280.19,2019-05-29 19:40:00,2019-05-29 19:45:00,2019-05-29 20:57:00
29431.0,146627.0,146866.0,29479.0,1.0,1.0,1280.0,1279.2978569720349,1290.0,7.018730704555982,0.18,1280.674,1286.5195,3.0,1.0,1.0,-1.0,0.0,1.0,24.77057450337179,9968.645097751802,10073.864097751804,0.7021430279650814,0.29,48.0,BREAK_LONG,TIME,1280.4875,2019-05-30 12:35:00,2019-05-30 12:40:00,2019-05-30 16:39:00
30535.0,152127.0,152174.0,30545.0,1.0,1.0,1340.0,1338.4898669276818,1350.0,1.0447434666130877,0.09,1344.076,1338.4898669276818,1.0,1.0,1.0,1.0,0.0,0.0,50.27519765086436,10073.864097751804,10023.58890010094,1.5101330723182698,0.29,10.0,BREAK_LONG,STOP,1343.974,2019-06-05 12:35:00,2019-06-05 12:40:00,2019-06-05 13:27:00
31233.0,155602.0,155613.0,31236.0,1.0,3.0,1330.0,1329.1461673750196,1340.0,7.229878772631919,0.36,1330.507,1329.1461673750196,1.0,-1.0,-1.0,1.0,1.0,0.0,48.989974499298114,10023.58890010094,9974.598925601642,0.9736652499609448,0.29,3.0,REV_LONG,STOP,1330.32,2019-06-10 01:45:00,2019-06-10 01:50:00,2019-06-10 02:01:00
32240.0,160622.0,160625.0,32241.0,1.0,1.0,1340.0,1339.3626796577964,1350.0,8.128237066632293,0.22,1340.4859999999999,1339.3626796577964,1.0,1.0,1.0,-1.0,0.0,1.0,24.713047528475727,9974.598925601642,9949.885878073166,0.6373203422035868,0.29,1.0,BREAK_LONG,STOP,1340.383,2019-06-13 16:40:00,2019-06-13 16:45:00,2019-06-13 16:48:00
33488.0,166837.0,167009.0,33523.0,1.0,1.0,1380.0,1379.1971834905478,1390.0,3.9298293801256987,0.23,1381.347,1379.1971834905478,1.0,1.0,1.0,1.0,0.0,0.0,49.445779717400455,9949.885878073166,9900.440098355766,0.802816509452251,0.29,35.0,BREAK_LONG,STOP,1381.2435,2019-06-20 05:40:00,2019-06-20 05:45:00,2019-06-20 08:37:00
33696.0,167872.0,167980.0,33718.0,1.0,1.0,1390.0,1389.4191255255578,1400.0,3.6955686213946657,0.21,1391.714,1400.0,2.0,1.0,1.0,1.0,0.0,0.0,48.19236396328551,9900.440098355766,10074.446098355767,0.5808744744421599,0.29,22.0,BREAK_LONG,TARGET,1391.5275,2019-06-21 00:00:00,2019-06-21 00:05:00,2019-06-21 01:53:00
33868.0,168732.0,168971.0,33916.0,1.0,3.0,1390.0,1388.2514557795168,1400.0,2.0957595057976968,0.13,1392.09,1397.208,3.0,1.0,-1.0,1.0,0.0,0.0,49.90107486627994,10074.446098355767,10140.980098355769,2.065088440966614,0.29,48.0,REV_LONG,TIME,1391.9015,2019-06-21 14:20:00,2019-06-21 14:25:00,2019-06-21 18:24:00
33934.0,169062.0,169124.0,33947.0,-1.0,4.0,1400.0,1400.867055506468,1390.0,6.450560131772712,0.16,1399.368,1399.2955,4.0,-1.0,-1.0,-1.0,0.0,1.0,23.98488810348863,10140.980098355769,10142.140098355769,0.7821110129356507,0.29,13.0,REV_SHORT,SESSION,1399.5535,2019-06-21 19:50:00,2019-06-21 19:55:00,2019-06-21 20:57:00
34354.0,171152.0,171281.0,34380.0,1.0,3.0,1430.0,1427.1579332657764,1440.0,3.1640041675221737,0.16,1430.201,1427.1579332657764,1.0,1.0,1.0,1.0,0.0,1.0,48.68906774757852,10142.140098355769,10093.45103060819,1.7101334684470175,0.29,26.0,REV_LONG,STOP,1430.097,2019-06-25 08:50:00,2019-06-25 08:55:00,2019-06-25 11:04:00
34712.0,172937.0,173119.0,34749.0,1.0,1.0,1410.0,1408.4559464158474,1420.0,1.1807758060128837,0.09,1413.7925,1408.4559464158474,1.0,1.0,1.0,1.0,0.0,0.0,48.02898225737363,10093.45103060819,10045.422048350816,1.5440535841525573,0.29,37.0,BREAK_LONG,STOP,1413.6045,2019-06-26 15:40:00,2019-06-26 15:45:00,2019-06-26 18:47:00
34760.0,173177.0,173244.0,34774.0,1.0,3.0,1410.0,1408.5894102322266,1420.0,6.189630983369763,0.15,1410.2205,1408.5894102322266,1.0,-1.0,-1.0,-1.0,0.0,1.0,24.466346516600197,10045.422048350816,10020.955701834217,0.9361795355466379,0.29,14.0,REV_LONG,STOP,1410.0315,2019-06-26 19:40:00,2019-06-26 19:45:00,2019-06-26 20:52:00
34812.0,173432.0,173671.0,34860.0,-1.0,4.0,1410.0,1411.851328218694,1400.0,2.2131978273045823,0.06,1408.2065,1407.0585,3.0,1.0,1.0,-1.0,0.0,1.0,21.86896931216461,10020.955701834217,10027.843701834216,1.1986564373881332,0.29,48.0,REV_SHORT,TIME,1408.308,2019-06-27 01:00:00,2019-06-27 01:05:00,2019-06-27 05:04:00
35157.0,175152.0,175391.0,35205.0,1.0,3.0,1410.0,1408.2075389606794,1420.0,1.4389981518811799,0.05,1412.9985,1414.022,3.0,1.0,-1.0,-1.0,0.0,0.0,23.95480519660282,10027.843701834216,10032.961201834216,1.5789220786413203,0.29,48.0,REV_LONG,TIME,1412.8975,2019-06-28 06:45:00,2019-06-28 06:50:00,2019-06-28 10:49:00
36609.0,182387.0,182405.0,36613.0,1.0,3.0,1400.0,1394.5882444692356,1410.0,1.6890714343544049,0.04,1400.2785,1394.5882444692356,1.0,-1.0,-1.0,-1.0,1.0,1.0,22.761022123057046,10032.961201834216,10010.200179711159,2.7015110615290676,0.29,4.0,REV_LONG,STOP,1400.1745,2019-07-05 12:45:00,2019-07-05 12:50:00,2019-07-05 13:08:00
36624.0,182462.0,182553.0,36643.0,1.0,3.0,1390.0,1385.1902580302865,1400.0,1.3345435612638217,0.03,1391.493,1400.0,2.0,-1.0,-1.0,-1.0,1.0,1.0,18.908225909140356,10010.200179711159,10035.72117971116,2.8394839394269877,0.29,19.0,REV_LONG,TARGET,1391.389,2019-07-05 14:00:00,2019-07-05 14:05:00,2019-07-05 15:36:00
37139.0,185027.0,185075.0,37149.0,-1.0,4.0,1390.0,1391.5678754595576,1380.0,4.55780332973467,0.24,1389.527,1391.5678754595576,1.0,1.0,1.0,1.0,1.0,0.0,48.98101102938199,10035.72117971116,9986.740168681778,0.8657509191153674,0.29,10.0,REV_SHORT,STOP,1389.6315,2019-07-09 10:55:00,2019-07-09 11:00:00,2019-07-09 11:48:00
37759.0,188117.0,188139.0,37764.0,1.0,3.0,1410.0,1408.4011076705376,1420.0,4.162193211206526,0.22,1410.6045,1408.4011076705376,1.0,-1.0,-1.0,1.0,1.0,1.0,48.47463124817068,9986.740168681778,9938.265537433606,1.1427846589247446,0.29,5.0,REV_LONG,STOP,1410.503,2019-07-11 16:35:00,2019-07-11 16:40:00,2019-07-11 17:02:00
38033.0,189482.0,189557.0,38049.0,-1.0,4.0,1410.0,1411.671562014893,1400.0,4.620618084692547,0.11,1409.5535,1411.671562014893,1.0,-1.0,-1.0,-1.0,0.0,1.0,23.298682163822832,9938.265537433606,9914.966855269784,0.9611240297857038,0.29,16.0,REV_SHORT,STOP,1409.74,2019-07-12 16:25:00,2019-07-12 16:30:00,2019-07-12 17:45:00
39195.0,195267.0,195277.0,39198.0,-1.0,4.0,1450.0,1453.8096045971438,1440.0,1.8932122303389638,0.05,1449.082,1440.0,2.0,-1.0,0.0,-1.0,0.0,0.0,23.63802298571841,9914.966855269784,9960.376855269784,1.5372091942875203,0.29,3.0,REV_SHORT,TARGET,1449.1815,2019-07-18 22:15:00,2019-07-18 22:20:00,2019-07-18 22:30:00
40108.0,199817.0,199830.0,40111.0,-1.0,2.0,1420.0,1420.3875241665548,1410.0,6.584768797972849,0.35000000000000003,1418.977,1420.3875241665548,1.0,1.0,1.0,1.0,0.0,0.0,49.368345829416285,9960.376855269784,9911.008509440368,0.3875241665549537,0.29,3.0,BREAK_SHORT,STOP,1419.163,2019-07-24 05:20:00,2019-07-24 05:25:00,2019-07-24 05:38:00
40465.0,201597.0,201620.0,40470.0,1.0,1.0,1430.0,1428.7570234868083,1440.0,1.9743508918520487,0.06,1432.493,1428.7570234868083,1.0,1.0,1.0,-1.0,0.0,0.0,22.415859079149865,9911.008509440368,9888.592650361217,1.2429765131916641,0.29,5.0,BREAK_LONG,STOP,1432.392,2019-07-25 12:05:00,2019-07-25 12:10:00,2019-07-25 12:33:00
40740.0,202967.0,202976.0,40742.0,1.0,1.0,1420.0,1419.4824153594961,1430.0,5.741675654922658,0.15,1421.084,1419.4824153594961,1.0,1.0,1.0,-1.0,0.0,0.0,24.02376960755873,9888.592650361217,9864.568880753659,0.517584640503867,0.29,2.0,BREAK_LONG,STOP,1420.8975,2019-07-26 12:00:00,2019-07-26 12:05:00,2019-07-26 12:14:00
41575.0,207127.0,207200.0,41590.0,1.0,3.0,1430.0,1429.1203293465364,1440.0,6.628589627084182,0.35000000000000003,1430.504,1429.1203293465364,1.0,1.0,1.0,1.0,0.0,1.0,48.42847287122141,9864.568880753659,9816.140407882438,0.7073413069268093,0.29,15.0,REV_LONG,STOP,1430.4015,2019-07-31 12:35:00,2019-07-31 12:40:00,2019-07-31 13:53:00
42141.0,209947.0,209965.0,42145.0,-1.0,4.0,1440.0,1442.88065831177,1430.0,2.783245521948979,0.07,1439.4355,1442.88065831177,1.0,-1.0,-1.0,-1.0,0.0,0.0,24.116108182390008,9816.140407882438,9792.024299700048,2.457316623539902,0.29,4.0,REV_SHORT,STOP,1439.621,2019-08-02 13:45:00,2019-08-02 13:50:00,2019-08-02 14:08:00
42893.0,213692.0,213922.0,42940.0,-1.0,4.0,1490.0,1491.7591692123467,1480.0,3.0455821950419653,0.08,1488.8115,1491.7591692123467,1.0,-1.0,-1.0,-1.0,1.0,1.0,23.581353698773455,9792.024299700048,9768.442946001274,1.5363384246932963,0.29,47.0,REV_SHORT,STOP,1488.9975,2019-08-07 07:25:00,2019-08-07 07:30:00,2019-08-07 11:20:00
43148.0,214962.0,215017.0,43160.0,1.0,3.0,1500.0,1498.6399005488813,1510.0,3.7819927916590377,0.2,1501.056,1498.6399005488813,1.0,1.0,1.0,1.0,0.0,1.0,48.32198902237451,9768.442946001274,9720.120956978899,0.9091989022374437,0.29,12.0,REV_LONG,STOP,1500.8705,2019-08-08 05:40:00,2019-08-08 05:45:00,2019-08-08 06:40:00
43629.0,217357.0,217596.0,43677.0,-1.0,4.0,1500.0,1501.7793301138654,1490.0,4.396356793432174,0.22,1499.6390000000001,1497.1875,3.0,-1.0,-1.0,1.0,0.0,0.0,47.08726250503605,9720.120956978899,9774.053956978902,0.8466602277309669,0.29,48.0,REV_SHORT,TIME,1499.7415,2019-08-11 23:45:00,2019-08-11 23:50:00,2019-08-12 03:49:00
44029.0,219352.0,219393.0,44038.0,1.0,1.0,1530.0,1528.5067845741778,1540.0,1.6634163747763735,0.11,1532.779,1528.5067845741778,1.0,1.0,1.0,1.0,0.0,0.0,46.99436968404416,9774.053956978902,9727.059587294858,1.4932154258222017,0.29,9.0,BREAK_LONG,STOP,1532.677,2019-08-13 10:05:00,2019-08-13 10:10:00,2019-08-13 10:51:00
44077.0,219592.0,219642.0,44088.0,-1.0,2.0,1500.0,1505.2006803637428,1490.0,1.121909352722848,0.06,1497.9895,1505.2006803637428,1.0,1.0,1.0,1.0,0.0,1.0,43.26708218245721,9727.059587294858,9683.7925051124,5.2006803637427135,0.29,11.0,BREAK_SHORT,STOP,1498.182,2019-08-13 14:05:00,2019-08-13 14:10:00,2019-08-13 15:00:00
44130.0,219857.0,219999.0,44159.0,1.0,3.0,1500.0,1498.0642927914955,1510.0,4.700752789130681,0.11,1500.2015,1501.3525,4.0,-1.0,-1.0,-1.0,1.0,1.0,23.50927929354816,9683.7925051124,9696.4535051124,1.8984144170090917,0.29,29.0,REV_LONG,SESSION,1500.013,2019-08-13 18:30:00,2019-08-13 18:35:00,2019-08-13 20:57:00
44203.0,220217.0,220269.0,44214.0,-1.0,2.0,1500.0,1501.725044784893,1490.0,1.0544862055279645,0.08,1496.0625,1501.725044784893,1.0,1.0,1.0,1.0,0.0,0.0,45.30035827914435,9696.4535051124,9651.153146833256,1.725044784893148,0.29,11.0,BREAK_SHORT,STOP,1496.163,2019-08-14 01:35:00,2019-08-14 01:40:00,2019-08-14 02:32:00
44238.0,220392.0,220406.0,44241.0,1.0,3.0,1500.0,1498.4704045746632,1510.0,5.196723515672629,0.13,1500.2895,1498.4704045746632,1.0,-1.0,-1.0,-1.0,0.0,1.0,23.648240529379112,9651.153146833256,9627.504906303877,0.9711908506732286,0.29,3.0,REV_LONG,STOP,1500.186,2019-08-14 04:30:00,2019-08-14 04:35:00,2019-08-14 04:49:00
45113.0,224752.0,224801.0,45123.0,1.0,3.0,1500.0,1498.3006792872816,1510.0,2.9013071582104195,0.07,1501.3419999999999,1498.3006792872816,1.0,-1.0,-1.0,-1.0,1.0,0.0,21.28924498902802,9627.504906303877,9606.215661314849,1.2656414254371549,0.29,10.0,REV_LONG,STOP,1501.1545,2019-08-19 08:25:00,2019-08-19 08:30:00,2019-08-19 09:19:00
46581.0,232067.0,232143.0,46597.0,1.0,3.0,1530.0,1527.9424108647925,1540.0,2.4268249778177755,0.13,1531.418,1527.9424108647925,1.0,1.0,-1.0,1.0,1.0,0.0,45.18265875769657,9606.215661314849,9561.033002557153,1.6651782704152212,0.29,16.0,REV_LONG,STOP,1531.316,2019-08-26 15:45:00,2019-08-26 15:50:00,2019-08-26 17:06:00
46741.0,232862.0,233101.0,46789.0,1.0,1.0,1530.0,1529.26076246454,1540.0,1.7644692691415127,0.12,1533.187,1530.576,3.0,1.0,1.0,1.0,0.0,0.0,47.11485042551885,9561.033002557153,9529.701002557154,0.7392375354600207,0.29,48.0,BREAK_LONG,TIME,1533.0005,2019-08-27 06:05:00,2019-08-27 06:10:00,2019-08-27 10:09:00
46802.0,233167.0,233240.0,46817.0,1.0,3.0,1530.0,1529.2669191973714,1540.0,8.356865512902978,0.4,1530.456,1529.2669191973714,1.0,1.0,1.0,1.0,0.0,0.0,47.56323210513983,9529.701002557154,9482.137770452015,0.6721616052572541,0.29,15.0,REV_LONG,STOP,1530.269,2019-08-27 11:10:00,2019-08-27 11:15:00,2019-08-27 12:28:00
47033.0,234317.0,234556.0,47081.0,1.0,1.0,1540.0,1538.9904403786657,1550.0,5.276616534253805,0.13,1540.7875,1544.8195,3.0,1.0,1.0,-1.0,0.0,0.0,23.361775077345328,9482.137770452015,9534.553770452017,1.0095596213342402,0.29,48.0,BREAK_LONG,TIME,1540.5995,2019-08-28 07:25:00,2019-08-28 07:30:00,2019-08-28 11:29:00
47682.0,237552.0,237668.0,47706.0,-1.0,4.0,1530.0,1533.7398251078796,1520.0,1.7510874464704087,0.09,1528.703,1520.0,2.0,1.0,-1.0,1.0,0.0,1.0,45.3314259709166,9534.553770452017,9612.880770452017,1.7126502157594508,0.29,24.0,REV_SHORT,TARGET,1528.8905,2019-08-30 15:30:00,2019-08-30 15:35:00,2019-08-30 17:31:00
47973.0,239002.0,239241.0,48021.0,-1.0,4.0,1530.0,1531.914910798491,1520.0,4.46076897677514,0.22,1529.7755,1529.3325,3.0,-1.0,-1.0,1.0,1.0,1.0,47.067037566804174,9612.880770452017,9622.626770452016,1.0858215969817615,0.29,48.0,REV_SHORT,TIME,1529.878,2019-09-02 16:45:00,2019-09-02 16:50:00,2019-09-02 20:49:00
48147.0,239867.0,240106.0,48195.0,1.0,1.0,1530.0,1528.7624905994544,1540.0,3.6871596824553845,0.09,1531.203,1532.5925,3.0,1.0,1.0,-1.0,0.0,0.0,21.964584604910215,9622.626770452016,9635.132270452015,1.2375094005454956,0.29,48.0,BREAK_LONG,TIME,1531.015,2019-09-03 08:15:00,2019-09-03 08:20:00,2019-09-03 12:19:00
48534.0,241797.0,241999.0,48575.0,1.0,1.0,1550.0,1548.7294649426785,1560.0,1.8514699791073137,0.12,1552.642,1552.3025,4.0,1.0,1.0,1.0,0.0,0.0,46.95042068785824,9635.132270452015,9631.058270452015,1.2705350573214895,0.29,41.0,BREAK_LONG,SESSION,1552.537,2019-09-04 17:30:00,2019-09-04 17:35:00,2019-09-04 20:57:00
48723.0,242737.0,242751.0,48726.0,1.0,3.0,1540.0,1538.37719096527,1550.0,4.0659300289502625,0.21,1540.631,1538.37719096527,1.0,-1.0,-1.0,1.0,1.0,0.0,47.32998972933024,9631.058270452015,9583.728280722684,1.1476180694597562,0.29,3.0,REV_LONG,STOP,1540.5265,2019-09-05 10:15:00,2019-09-05 10:20:00,2019-09-05 10:34:00
48788.0,243062.0,243301.0,48836.0,-1.0,4.0,1520.0,1523.6606338493964,1510.0,1.1508968592584152,0.03,1517.35,1518.182,3.0,1.0,1.0,-1.0,1.0,1.0,18.93190154818944,9583.728280722684,9581.232280722683,2.7892676987925458,0.29,48.0,REV_SHORT,TIME,1517.4545,2019-09-05 15:40:00,2019-09-05 15:45:00,2019-09-05 19:44:00
49277.0,245497.0,245560.0,49290.0,-1.0,4.0,1510.0,1511.6675731334308,1500.0,4.687134883619427,0.11,1509.574,1511.6675731334308,1.0,1.0,-1.0,-1.0,0.0,0.0,23.029304467737802,9581.232280722683,9558.202976254945,0.7751462668614031,0.29,13.0,REV_SHORT,STOP,1509.761,2019-09-09 10:25:00,2019-09-09 10:30:00,2019-09-09 11:33:00
49314.0,245682.0,245717.0,49322.0,1.0,3.0,1510.0,1508.103666465907,1520.0,2.880926301096169,0.15,1511.2095,1508.103666465907,1.0,-1.0,1.0,1.0,0.0,0.0,46.5875030113932,9558.202976254945,9511.615473243552,1.3306670681858956,0.29,8.0,REV_LONG,STOP,1511.024,2019-09-09 13:30:00,2019-09-09 13:35:00,2019-09-09 14:10:00
49333.0,245777.0,246016.0,49381.0,1.0,3.0,1500.0,1496.7841882926189,1510.0,2.8605341368377326,0.13,1500.2525,1500.3865,3.0,-1.0,-1.0,1.0,1.0,1.0,45.08805219595547,9511.615473243552,9513.357473243552,1.9516234147622462,0.29,48.0,REV_LONG,TIME,1500.0625,2019-09-09 15:05:00,2019-09-09 15:10:00,2019-09-09 19:09:00
49661.0,247412.0,247499.0,49679.0,-1.0,2.0,1490.0,1491.0374428134346,1480.0,2.974674148864972,0.08,1488.3025,1485.776,4.0,1.0,1.0,-1.0,0.0,0.0,21.8795425074768,9513.357473243552,9533.569473243551,1.0374428134346165,0.29,18.0,BREAK_SHORT,SESSION,1488.4055,2019-09-10 19:25:00,2019-09-10 19:30:00,2019-09-10 20:57:00
49755.0,247877.0,248115.0,49803.0,1.0,3.0,1490.0,1489.2184920419122,1500.0,4.036892256041736,0.22,1491.315,1489.2184920419122,1.0,-1.0,1.0,1.0,0.0,0.0,46.1231750779325,9533.569473243551,9487.446298165618,0.6020159161756066,0.29,48.0,REV_LONG,STOP,1491.214,2019-09-11 04:15:00,2019-09-11 04:20:00,2019-09-11 08:18:00
50066.0,249427.0,249666.0,50114.0,1.0,1.0,1500.0,1498.9307983062315,1510.0,3.5812407640953743,0.09,1501.3065,1502.844,3.0,1.0,1.0,-1.0,0.0,0.0,21.38131524391565,9487.446298165618,9501.28379816562,1.0692016937684237,0.29,48.0,BREAK_LONG,TIME,1501.202,2019-09-12 07:10:00,2019-09-12 07:15:00,2019-09-12 11:14:00
50214.0,250167.0,250249.0,50231.0,-1.0,4.0,1500.0,1500.7912417047462,1490.0,4.881613568182822,0.13,1499.0035,1499.274,4.0,1.0,1.0,-1.0,0.0,0.0,23.24064216170018,9501.28379816562,9497.767298165621,0.975483409492444,0.29,17.0,REV_SHORT,SESSION,1499.1015,2019-09-12 19:30:00,2019-09-12 19:35:00,2019-09-12 20:57:00
50638.0,252277.0,252516.0,50686.0,1.0,3.0,1500.0,1498.439419438747,1510.0,1.9995689964235517,0.12,1502.336,1501.7645,3.0,1.0,-1.0,1.0,0.0,0.0,46.758966735034846,9497.767298165621,9490.909298165621,1.2831611225057957,0.29,48.0,REV_LONG,TIME,1502.1485,2019-09-16 08:50:00,2019-09-16 08:55:00,2019-09-16 12:54:00
50700.0,252587.0,252643.0,50712.0,-1.0,2.0,1500.0,1501.4229601338436,1490.0,1.131165129702637,0.08,1496.015,1501.4229601338436,1.0,1.0,1.0,1.0,0.0,0.0,43.263681070748135,9490.909298165621,9447.645617094873,1.4229601338436277,0.29,12.0,BREAK_SHORT,STOP,1496.208,2019-09-16 14:00:00,2019-09-16 14:05:00,2019-09-16 15:01:00
50770.0,252937.0,252999.0,50783.0,-1.0,2.0,1500.0,1501.1984643945186,1490.0,3.4803456368801706,0.19,1498.7395,1498.697,4.0,1.0,1.0,1.0,0.0,0.0,46.72032349585561,9447.645617094873,9448.453117094874,1.198464394518602,0.29,13.0,BREAK_SHORT,SESSION,1498.844,2019-09-16 19:50:00,2019-09-16 19:55:00,2019-09-16 20:57:00
51273.0,255442.0,255568.0,51299.0,-1.0,4.0,1510.0,1511.5557519513418,1500.0,4.391690857487233,0.1,1509.372,1511.5557519513418,1.0,-1.0,-1.0,-1.0,1.0,1.0,21.83751951341719,9448.453117094874,9426.615597581456,0.9755039026834776,0.29,26.0,REV_SHORT,STOP,1509.5575,2019-09-18 15:45:00,2019-09-18 15:50:00,2019-09-18 17:56:00
51787.0,258002.0,258241.0,51835.0,1.0,3.0,1500.0,1498.2595634563038,1510.0,3.9237781457152114,0.09,1500.685,1502.895,3.0,-1.0,-1.0,-1.0,0.0,0.0,21.828928893265356,9426.615597581456,9446.505597581458,0.8838730873920163,0.29,48.0,REV_LONG,TIME,1500.499,2019-09-20 12:35:00,2019-09-20 12:40:00,2019-09-20 16:39:00
52020.0,259162.0,259207.0,52030.0,1.0,1.0,1520.0,1518.8574953384652,1530.0,5.646271207701282,0.13,1520.575,1518.8574953384652,1.0,1.0,1.0,-1.0,0.0,1.0,22.327560599952452,9446.505597581458,9424.178036981504,1.1425046615348318,0.29,10.0,BREAK_LONG,STOP,1520.389,2019-09-23 09:00:00,2019-09-23 09:05:00,2019-09-23 09:50:00
52206.0,260087.0,260326.0,52254.0,1.0,3.0,1520.0,1519.2821825384956,1530.0,5.524046470561463,0.14,1520.8835,1520.6200000000001,3.0,1.0,-1.0,-1.0,0.0,0.0,22.41844446106052,9424.178036981504,9420.489036981508,0.6976349230089414,0.29,48.0,REV_LONG,TIME,1520.78,2019-09-24 01:30:00,2019-09-24 01:35:00,2019-09-24 05:34:00
52488.0,261492.0,261520.0,52494.0,1.0,3.0,1530.0,1529.0511153852442,1540.0,4.768993820609108,0.25,1530.9085,1529.0511153852442,1.0,1.0,-1.0,1.0,0.0,0.0,46.43461536889504,9420.489036981508,9374.054421612613,0.8547692295113767,0.29,6.0,REV_LONG,STOP,1530.804,2019-09-25 02:00:00,2019-09-25 02:05:00,2019-09-25 02:33:00
52552.0,261812.0,261818.0,52554.0,-1.0,4.0,1530.0,1530.8260508118572,1520.0,9.155285931443466,0.42,1529.717,1530.8260508118572,1.0,-1.0,1.0,1.0,0.0,1.0,46.580134097996506,9374.054421612613,9327.474287514617,0.683101623714203,0.29,2.0,REV_SHORT,STOP,1529.905,2019-09-25 07:20:00,2019-09-25 07:25:00,2019-09-25 07:31:00
52602.0,262062.0,262208.0,52632.0,-1.0,4.0,1530.0,1530.6449395599604,1520.0,11.998443451033923,0.6,1529.8685,1530.6449395599604,1.0,-1.0,1.0,1.0,0.0,1.0,46.586373597624515,9327.474287514617,9280.887913916991,0.630879119921,0.29,30.0,REV_SHORT,STOP,1529.971,2019-09-25 11:30:00,2019-09-25 11:35:00,2019-09-25 14:01:00
52925.0,263672.0,263911.0,52973.0,-1.0,4.0,1510.0,1512.0228504205932,1500.0,4.081830328723131,0.19,1509.612,1504.597,3.0,1.0,-1.0,1.0,0.0,1.0,45.80615799126849,9280.887913916991,9376.172913916993,1.5857008411861135,0.29,48.0,REV_SHORT,TIME,1509.802,2019-09-26 15:25:00,2019-09-26 15:30:00,2019-09-26 19:29:00
53371.0,265892.0,265900.0,53373.0,-1.0,2.0,1490.0,1490.965759672055,1480.0,5.256282505175698,0.27,1489.254,1490.965759672055,1.0,1.0,1.0,1.0,0.0,0.0,46.21751114548488,9376.172913916993,9329.955402771508,0.9657596720548656,0.29,2.0,BREAK_SHORT,STOP,1489.358,2019-09-30 06:35:00,2019-09-30 06:40:00,2019-09-30 06:48:00
53479.0,266432.0,266549.0,53503.0,1.0,3.0,1470.0,1465.036410810354,1480.0,1.9131372272886098,0.04,1470.219,1465.036410810354,1.0,-1.0,-1.0,-1.0,1.0,1.0,20.730356758584094,9329.955402771508,9309.225046012923,2.486178379292368,0.29,24.0,REV_LONG,STOP,1470.028,2019-09-30 15:35:00,2019-09-30 15:40:00,2019-09-30 17:37:00
53859.0,268322.0,268561.0,53907.0,-1.0,2.0,1480.0,1480.7396220416128,1470.0,8.815744161210933,0.2,1479.603,1477.4355,3.0,1.0,1.0,-1.0,0.0,1.0,22.732440832255634,9309.225046012923,9352.575046012924,0.7396220416128798,0.29,48.0,BREAK_SHORT,TIME,1479.7905,2019-10-02 01:15:00,2019-10-02 01:20:00,2019-10-02 05:19:00
53934.0,268697.0,268741.0,53943.0,1.0,1.0,1480.0,1478.8188251629808,1490.0,2.045666668955952,0.12,1482.5315,1478.8188251629808,1.0,1.0,1.0,1.0,0.0,0.0,44.55209804423066,9352.575046012924,9308.022947968693,1.1811748370191486,0.29,9.0,BREAK_LONG,STOP,1482.345,2019-10-02 07:30:00,2019-10-02 07:35:00,2019-10-02 08:19:00
54112.0,269582.0,269604.0,54117.0,-1.0,4.0,1500.0,1500.6075771207084,1490.0,8.691027630691481,0.22,1499.5535,1500.6075771207084,1.0,-1.0,1.0,-1.0,0.0,1.0,23.189696655584157,9308.022947968693,9284.83325131311,0.6221542414168953,0.29,5.0,REV_SHORT,STOP,1499.658,2019-10-02 23:20:00,2019-10-02 23:25:00,2019-10-02 23:47:00
54282.0,270432.0,270457.0,54288.0,1.0,3.0,1500.0,1497.5528239678,1510.0,3.294090092832149,0.16,1500.411,1510.0,2.0,1.0,-1.0,1.0,0.0,1.0,45.730816515202605,9284.83325131311,9438.257251313109,1.5973520643999986,0.29,6.0,REV_LONG,TARGET,1500.3065,2019-10-03 13:30:00,2019-10-03 13:35:00,2019-10-03 14:00:00
55067.0,274342.0,274581.0,55115.0,1.0,1.0,1500.0,1499.104825271894,1510.0,3.788720001815584,0.2,1501.4205,1506.0035,3.0,1.0,1.0,1.0,0.0,0.0,46.31349456211865,9438.257251313109,9529.91725131311,0.8951747281059802,0.29,48.0,BREAK_LONG,TIME,1501.235,2019-10-08 09:55:00,2019-10-08 10:00:00,2019-10-08 13:59:00
56148.0,279727.0,279785.0,56160.0,-1.0,4.0,1490.0,1490.9962526859558,1480.0,7.996709773934693,0.18,1489.733,1490.9962526859558,1.0,1.0,-1.0,-1.0,0.0,0.0,22.73854834720578,9529.91725131311,9507.178702965904,0.7905053719113835,0.29,12.0,REV_SHORT,STOP,1489.919,2019-10-14 08:00:00,2019-10-14 08:05:00,2019-10-14 09:03:00
56409.0,281027.0,281266.0,56457.0,1.0,3.0,1490.0,1488.887245347789,1500.0,6.10418513795354,0.31,1490.4105,1496.487,3.0,-1.0,-1.0,1.0,1.0,1.0,47.220894218537296,9507.178702965904,9695.550202965907,0.7575093044220118,0.29,48.0,REV_LONG,TIME,1490.3065,2019-10-15 06:45:00,2019-10-15 06:50:00,2019-10-15 10:49:00
56680.0,282377.0,282380.0,56681.0,1.0,3.0,1480.0,1479.2478963849403,1490.0,10.628879056855574,0.55,1480.1205,1479.2478963849403,1.0,-1.0,-1.0,1.0,1.0,0.0,47.993198828282864,9695.550202965907,9647.557004137625,0.6982072301192868,0.29,1.0,REV_LONG,STOP,1480.0275,2019-10-16 06:20:00,2019-10-16 06:25:00,2019-10-16 06:28:00
57458.0,286252.0,286275.0,57463.0,-1.0,2.0,1490.0,1490.4728746413807,1480.0,14.775379851230145,0.38,1489.85,1490.4859999999999,1.0,1.0,1.0,-1.0,0.0,0.0,23.66923637247055,9647.557004137625,9623.389004137625,0.4728746413806355,0.29,5.0,BREAK_SHORT,STOP,1489.954,2019-10-21 02:10:00,2019-10-21 02:15:00,2019-10-21 02:38:00
57486.0,286392.0,286436.0,57495.0,-1.0,2.0,1490.0,1490.2872784719675,1480.0,17.694677324349403,0.44,1489.7415,1490.2872784719675,1.0,1.0,1.0,-1.0,0.0,0.0,24.014252766566642,9623.389004137625,9599.374751371059,0.2872784719675595,0.29,9.0,BREAK_SHORT,STOP,1489.882,2019-10-21 04:30:00,2019-10-21 04:35:00,2019-10-21 05:19:00
57611.0,287017.0,287256.0,57659.0,-1.0,2.0,1490.0,1491.0974123182957,1480.0,3.2068920340252713,0.08,1488.4180000000001,1483.853,3.0,1.0,1.0,-1.0,0.0,0.0,21.43529854636472,9599.374751371059,9635.89475137106,1.0974123182956899,0.29,48.0,BREAK_SHORT,TIME,1488.6045,2019-10-21 14:55:00,2019-10-21 15:00:00,2019-10-21 18:59:00
57988.0,288892.0,289131.0,58036.0,-1.0,4.0,1490.0,1490.9351160002511,1480.0,7.878673221216648,0.4,1489.746,1489.61,3.0,-1.0,-1.0,1.0,0.0,1.0,47.56464001004133,9635.89475137106,9641.334751371067,0.45223200050191836,0.29,48.0,REV_SHORT,TIME,1489.8485,2019-10-23 00:20:00,2019-10-23 00:25:00,2019-10-23 04:24:00
58065.0,289277.0,289516.0,58113.0,1.0,1.0,1490.0,1489.4869312471699,1500.0,6.584810444188778,0.16,1490.914,1491.8105,3.0,1.0,1.0,-1.0,0.0,1.0,22.833100045281753,9641.334751371067,9655.678751371068,0.5130687528300888,0.29,48.0,BREAK_LONG,TIME,1490.728,2019-10-23 06:45:00,2019-10-23 06:50:00,2019-10-23 10:49:00
58425.0,291072.0,291112.0,58434.0,-1.0,4.0,1500.0,1502.1270050015823,1490.0,2.600114886540271,0.07,1498.8005,1502.1270050015823,1.0,-1.0,-1.0,-1.0,1.0,1.0,23.28553501107604,9655.678751371068,9632.393216359991,1.3150100031649363,0.29,9.0,REV_SHORT,STOP,1498.9035,2019-10-24 13:45:00,2019-10-24 13:50:00,2019-10-24 14:30:00
58968.0,293777.0,294016.0,59016.0,-1.0,2.0,1500.0,1501.1430877751052,1490.0,4.316136045183527,0.22,1498.9950000000001,1493.381,3.0,1.0,1.0,1.0,0.0,0.0,47.257931052311505,9632.393216359991,9755.901216359993,1.1430877751052457,0.29,48.0,BREAK_SHORT,TIME,1499.192,2019-10-28 13:00:00,2019-10-28 13:05:00,2019-10-28 17:04:00
59810.0,297972.0,298067.0,59830.0,1.0,1.0,1510.0,1508.5907449478034,1520.0,1.3148350712036405,0.09,1513.5605,1508.5907449478034,1.0,1.0,1.0,1.0,0.0,0.0,44.727795469769944,9755.901216359993,9711.173420890223,1.4092550521966352,0.29,20.0,BREAK_LONG,STOP,1513.3745,2019-10-31 14:10:00,2019-10-31 14:15:00,2019-10-31 15:50:00
59988.0,298857.0,298864.0,59990.0,1.0,3.0,1510.0,1509.3332355134462,1520.0,10.686217686695395,0.55,1510.206,1509.3332355134462,1.0,1.0,-1.0,1.0,0.0,1.0,48.00204676045382,9711.173420890223,9663.17137412977,0.33652897310793445,0.29,2.0,REV_LONG,STOP,1510.101,2019-11-01 06:00:00,2019-11-01 06:05:00,2019-11-01 06:12:00
60044.0,299137.0,299186.0,60054.0,1.0,3.0,1510.0,1509.4635760965418,1520.0,8.230947303219809,0.44,1510.559,1509.4635760965418,1.0,1.0,-1.0,1.0,0.0,0.0,48.198651752158185,9663.17137412977,9614.972722377612,0.6028478069164226,0.29,10.0,REV_LONG,STOP,1510.46,2019-11-01 10:40:00,2019-11-01 10:45:00,2019-11-01 11:34:00
60084.0,299337.0,299387.0,60095.0,1.0,1.0,1510.0,1508.4410096597296,1520.0,2.1517439087291477,0.12,1512.152,1508.4410096597296,1.0,1.0,1.0,1.0,0.0,0.0,44.53188408324513,9614.972722377612,9570.440838294366,1.5589903402703689,0.29,11.0,BREAK_LONG,STOP,1511.9635,2019-11-01 14:00:00,2019-11-01 14:05:00,2019-11-01 14:55:00
60150.0,299667.0,299749.0,60167.0,1.0,1.0,1510.0,1509.1100742496915,1520.0,1.7386216753736339,0.12,1513.045,1513.8265000000001,4.0,1.0,1.0,1.0,0.0,0.0,47.219109003703124,9570.440838294366,9579.818838294366,0.8899257503085496,0.29,17.0,BREAK_LONG,SESSION,1512.9415,2019-11-01 19:30:00,2019-11-01 19:35:00,2019-11-01 20:57:00
60355.0,300687.0,300750.0,60368.0,1.0,3.0,1510.0,1508.1472733294797,1520.0,3.6550163061868823,0.09,1510.7355,1508.1472733294797,1.0,1.0,-1.0,-1.0,0.0,1.0,23.29404003468244,9579.818838294366,9556.524798259685,1.1244533410402267,0.29,13.0,REV_LONG,STOP,1510.5485,2019-11-04 14:35:00,2019-11-04 14:40:00,2019-11-04 15:43:00
60642.0,302117.0,302313.0,60682.0,-1.0,2.0,1490.0,1491.7677250013844,1480.0,1.2290629776715871,0.08,1486.4415,1480.0,2.0,1.0,1.0,1.0,0.0,0.0,42.609800011076004,9556.524798259685,9608.056798259684,1.7677250013844885,0.29,40.0,BREAK_SHORT,TARGET,1486.6335,2019-11-05 15:30:00,2019-11-05 15:35:00,2019-11-05 18:51:00
61395.0,305867.0,306045.0,61431.0,-1.0,2.0,1470.0,1470.9820621646686,1460.0,1.6041973620115788,0.11,1466.805,1460.0,2.0,1.0,1.0,1.0,0.0,0.0,45.947683811353954,9608.056798259684,9682.911798259685,0.9820621646685804,0.29,36.0,BREAK_SHORT,TARGET,1466.91,2019-11-08 09:15:00,2019-11-08 09:20:00,2019-11-08 12:18:00
61449.0,306137.0,306167.0,61456.0,-1.0,4.0,1460.0,1462.540349831404,1450.0,3.6336765801258255,0.17,1459.792,1462.540349831404,1.0,1.0,1.0,1.0,1.0,1.0,46.72194713386944,9682.911798259685,9636.189851125815,1.472699662808033,0.29,7.0,REV_SHORT,STOP,1459.979,2019-11-08 13:45:00,2019-11-08 13:50:00,2019-11-08 14:20:00
61753.0,307652.0,307891.0,61801.0,1.0,3.0,1450.0,1448.1648384326481,1460.0,2.0356986270523683,0.12,1452.1095,1456.6295,3.0,-1.0,-1.0,1.0,1.0,0.0,47.335938808222636,9636.189851125815,9690.429851125815,1.6163231347038596,0.29,48.0,REV_LONG,TIME,1451.9185,2019-11-11 16:05:00,2019-11-11 16:10:00,2019-11-11 20:09:00
63043.0,314077.0,314081.0,63044.0,1.0,3.0,1460.0,1459.2528795449384,1470.0,7.369246368360191,0.39,1460.4895,1459.2528795449384,1.0,-1.0,-1.0,1.0,1.0,0.0,48.22819774739787,9690.429851125815,9642.201653378417,0.8842409101232274,0.29,1.0,REV_LONG,STOP,1460.392,2019-11-18 08:35:00,2019-11-18 08:40:00,2019-11-18 08:44:00
63850.0,318097.0,318109.0,63853.0,1.0,3.0,1470.0,1469.41723687768,1480.0,12.641745550716346,0.65,1470.148,1469.41723687768,1.0,-1.0,-1.0,1.0,0.0,0.0,47.49960295080086,9642.201653378417,9594.702050427617,0.5625262446399577,0.29,3.0,REV_LONG,STOP,1470.048,2019-11-21 06:50:00,2019-11-21 06:55:00,2019-11-21 07:07:00
64159.0,319637.0,319838.0,64200.0,1.0,1.0,1470.0,1469.0012010539228,1480.0,4.957214550463656,0.25,1470.891,1469.0012010539228,1.0,1.0,1.0,1.0,0.0,0.0,47.24497365193088,9594.702050427617,9547.457076775687,0.9987989460771884,0.29,41.0,BREAK_LONG,STOP,1470.7025,2019-11-22 09:35:00,2019-11-22 09:40:00,2019-11-22 13:01:00
64500.0,321337.0,321576.0,64548.0,-1.0,4.0,1460.0,1461.4333073663802,1450.0,4.402479596305587,0.23,1459.3675,1456.6245,3.0,1.0,-1.0,1.0,0.0,0.0,47.513569426742606,9547.457076775687,9610.54607677569,1.211614732760367,0.29,48.0,REV_SHORT,TIME,1459.462,2019-11-25 15:00:00,2019-11-25 15:05:00,2019-11-25 19:04:00
65611.0,326872.0,327111.0,65659.0,1.0,1.0,1460.0,1458.915842052002,1470.0,2.8252126879420927,0.08,1461.769,1463.844,3.0,1.0,1.0,-1.0,0.0,0.0,22.825263583983542,9610.54607677569,9627.14607677569,1.084157947997872,0.29,48.0,BREAK_LONG,TIME,1461.6685,2019-11-29 15:35:00,2019-11-29 15:40:00,2019-11-29 19:39:00
65865.0,328137.0,328207.0,65880.0,-1.0,4.0,1460.0,1462.1812917641853,1450.0,4.072807871940514,0.09,1459.7395,1462.1812917641853,1.0,-1.0,-1.0,-1.0,0.0,1.0,21.976125877668437,9627.14607677569,9605.169950898022,0.8355835283705406,0.29,15.0,REV_SHORT,STOP,1459.925,2019-12-02 13:45:00,2019-12-02 13:50:00,2019-12-02 15:00:00
66169.0,329652.0,329891.0,66217.0,-1.0,4.0,1480.0,1481.8855282882819,1470.0,3.356820029812621,0.08,1479.21,1478.0705,3.0,-1.0,-1.0,-1.0,1.0,0.0,21.404226306254714,9605.169950898022,9614.285950898022,1.5640565765640537,0.29,48.0,REV_SHORT,TIME,1479.3025,2019-12-03 16:05:00,2019-12-03 16:10:00,2019-12-03 20:09:00
66322.0,330412.0,330603.0,66361.0,1.0,1.0,1480.0,1479.5592740802117,1490.0,8.917800752817973,0.43,1480.6615,1479.5592740802117,1.0,1.0,1.0,1.0,0.0,0.0,47.39571455089367,9614.285950898022,9566.890236347128,0.44072591978824194,0.29,39.0,BREAK_LONG,STOP,1480.467,2019-12-04 05:50:00,2019-12-04 05:55:00,2019-12-04 09:06:00
67822.0,337887.0,337899.0,67825.0,-1.0,4.0,1470.0,1471.605058695319,1460.0,5.195779515250106,0.13,1469.7735,1471.605058695319,1.0,-1.0,-1.0,-1.0,1.0,1.0,23.81026303914723,9566.890236347128,9543.07997330798,0.8371173906382151,0.29,3.0,REV_SHORT,STOP,1469.877,2019-12-11 15:50:00,2019-12-11 15:55:00,2019-12-11 16:07:00
68090.0,339222.0,339461.0,68138.0,-1.0,2.0,1470.0,1472.350042656084,1460.0,1.0716186008465838,0.03,1466.345,1469.0185,3.0,1.0,1.0,-1.0,0.0,0.0,18.015127968252045,9543.07997330798,9535.059473307982,2.3500426560840895,0.29,48.0,BREAK_SHORT,TIME,1466.5335,2019-12-12 15:10:00,2019-12-12 15:15:00,2019-12-12 19:14:00
69524.0,346367.0,346398.0,69531.0,1.0,3.0,1480.0,1479.360661973589,1490.0,12.310186272733665,0.28,1480.202,1479.323,1.0,1.0,1.0,-1.0,1.0,1.0,23.557464739507854,9535.059473307982,9510.447473307984,0.5126760528221403,0.29,7.0,REV_LONG,STOP,1480.015,2019-12-19 19:40:00,2019-12-19 19:45:00,2019-12-19 20:16:00
70188.0,349672.0,349721.0,70198.0,1.0,1.0,1490.0,1489.6545564886142,1500.0,6.321908786883908,0.17,1491.027,1489.6545564886142,1.0,1.0,1.0,-1.0,0.0,1.0,23.331539693559993,9510.447473307984,9487.115933614425,0.34544351138573015,0.29,10.0,BREAK_LONG,STOP,1490.9225,2019-12-24 06:00:00,2019-12-24 06:05:00,2019-12-24 06:54:00
70894.0,353192.0,353374.0,70931.0,1.0,1.0,1510.0,1509.2543535247817,1520.0,3.050915406786011,0.17,1511.948,1510.865,4.0,1.0,1.0,1.0,0.0,0.0,45.791990078713305,9487.115933614425,9468.704933614423,0.745646475218349,0.29,37.0,BREAK_LONG,SESSION,1511.762,2019-12-26 18:50:00,2019-12-26 18:55:00,2019-12-26 21:57:00
71719.0,357302.0,357395.0,71738.0,1.0,3.0,1520.0,1519.0434182649817,1530.0,6.6749242906766035,0.34,1520.4275,1519.0434182649817,1.0,1.0,-1.0,1.0,0.0,0.0,47.058778990622166,9468.704933614423,9421.6461546238,0.8151634700367165,0.29,19.0,REV_LONG,STOP,1520.326,2019-12-31 18:35:00,2019-12-31 18:40:00,2019-12-31 20:13:00
71943.0,358417.0,358656.0,71991.0,1.0,3.0,1520.0,1519.3580534665496,1530.0,8.25429680762509,0.42,1520.4605,1524.529,3.0,1.0,1.0,1.0,0.0,0.0,46.302754404914594,9421.6461546238,9592.523154623805,0.657893066900589,0.29,48.0,REV_LONG,TIME,1520.363,2020-01-02 09:15:00,2020-01-02 09:20:00,2020-01-02 13:19:00
72138.0,359387.0,359626.0,72186.0,-1.0,4.0,1540.0,1541.8477504954467,1530.0,2.1880925438053436,0.06,1538.179,1539.0,3.0,-1.0,-1.0,-1.0,1.0,0.0,22.012502972679613,9592.523154623805,9587.597154623805,1.4725009908932472,0.29,48.0,REV_SHORT,TIME,1538.2765,2020-01-03 02:30:00,2020-01-03 02:35:00,2020-01-03 06:34:00
72839.0,362882.0,363003.0,72864.0,-1.0,4.0,1570.0,1572.3973330618792,1560.0,2.5478395568887633,0.13,1568.8565,1572.3973330618792,1.0,-1.0,-1.0,1.0,1.0,1.0,46.030829804428095,9587.597154623805,9541.566324819378,1.3546661237583928,0.29,25.0,REV_SHORT,STOP,1569.048,2020-01-07 14:55:00,2020-01-07 15:00:00,2020-01-07 17:01:00
73045.0,363907.0,364048.0,73074.0,1.0,3.0,1580.0,1578.5472381370678,1590.0,3.625020493337687,0.09,1580.981,1578.5472381370678,1.0,1.0,-1.0,-1.0,1.0,0.0,21.903856766389936,9541.566324819378,9519.662468052988,1.7915237258645025,0.29,29.0,REV_LONG,STOP,1580.8785,2020-01-08 09:05:00,2020-01-08 09:10:00,2020-01-08 11:31:00
73188.0,364622.0,364674.0,73199.0,-1.0,4.0,1560.0,1562.6988371779867,1550.0,1.5999100216134121,0.09,1557.7735,1556.176,4.0,1.0,1.0,1.0,1.0,0.0,44.328034601879835,9519.662468052988,9534.039968052988,1.851674355973504,0.29,11.0,REV_SHORT,SESSION,1557.9595,2020-01-08 21:00:00,2020-01-08 21:05:00,2020-01-08 21:57:00
73942.0,368377.0,368616.0,73990.0,1.0,3.0,1550.0,1548.048464411934,1560.0,4.28469932161747,0.1,1550.3515,1549.251,3.0,-1.0,-1.0,-1.0,1.0,1.0,23.030355880659954,9534.039968052988,9523.034968052987,1.3620711761317559,0.29,48.0,REV_LONG,TIME,1550.165,2020-01-13 14:50:00,2020-01-13 14:55:00,2020-01-13 18:54:00
74348.0,370397.0,370636.0,74396.0,1.0,1.0,1550.0,1548.9569269595884,1560.0,2.747132456163744,0.15,1551.948,1550.789,3.0,1.0,1.0,1.0,0.0,0.0,44.866095606175804,9523.034968052987,9505.649968052985,1.0430730404116082,0.29,48.0,BREAK_LONG,TIME,1551.759,2020-01-15 02:40:00,2020-01-15 02:45:00,2020-01-15 06:44:00
74818.0,372742.0,372924.0,74855.0,1.0,3.0,1550.0,1549.178001116589,1560.0,8.41044294870296,0.21,1550.286,1552.332,4.0,-1.0,-1.0,-1.0,1.0,1.0,23.267976551631588,9505.649968052985,9548.615968052985,0.6039977668220816,0.29,37.0,REV_LONG,SESSION,1550.183,2020-01-16 18:50:00,2020-01-16 18:55:00,2020-01-16 21:57:00
75595.0,376612.0,376624.0,75598.0,-1.0,2.0,1550.0,1551.647310019336,1540.0,4.2071074068210494,0.1,1549.368,1551.647310019336,1.0,1.0,1.0,-1.0,0.0,0.0,22.793100193359805,9548.615968052985,9525.822867859626,1.6473100193358357,0.29,3.0,BREAK_SHORT,STOP,1549.5555,2020-01-21 14:35:00,2020-01-21 14:40:00,2020-01-21 14:52:00
76150.0,379377.0,379616.0,76198.0,1.0,1.0,1560.0,1558.3450155112107,1570.0,1.0646619157121786,0.08,1563.942,1564.169,3.0,1.0,1.0,1.0,0.0,1.0,44.775875910314426,9525.822867859626,9527.638867859627,1.6549844887892653,0.29,48.0,BREAK_LONG,TIME,1563.845,2020-01-23 14:50:00,2020-01-23 14:55:00,2020-01-23 18:54:00
76367.0,380457.0,380523.0,76381.0,1.0,1.0,1560.0,1559.3765296900176,1570.0,4.052851524010843,0.11,1561.522,1559.3765296900176,1.0,1.0,1.0,-1.0,0.0,0.0,23.60017340980562,9527.638867859627,9504.03869444982,0.6234703099822998,0.29,14.0,BREAK_LONG,STOP,1561.334,2020-01-24 09:55:00,2020-01-24 10:00:00,2020-01-24 11:06:00
76395.0,380597.0,380676.0,76411.0,-1.0,4.0,1560.0,1560.6909975451574,1550.0,6.450185250306573,0.32,1559.214,1560.6909975451574,1.0,1.0,1.0,1.0,0.0,0.0,47.26392144503916,9504.03869444982,9456.774773004781,0.589995090315113,0.29,16.0,REV_SHORT,STOP,1559.401,2020-01-24 12:15:00,2020-01-24 12:20:00,2020-01-24 13:39:00
76435.0,380797.0,381036.0,76483.0,1.0,1.0,1570.0,1568.1088597394441,1580.0,2.3809115871530726,0.06,1571.6705,1573.0720000000001,3.0,1.0,1.0,-1.0,0.0,0.0,21.36984156333483,9456.774773004781,9465.183773004783,1.8911402605558423,0.29,48.0,BREAK_LONG,TIME,1571.481,2020-01-24 15:35:00,2020-01-24 15:40:00,2020-01-24 19:39:00
76564.0,381437.0,381471.0,76571.0,1.0,3.0,1580.0,1579.3040157265698,1590.0,9.486420773389616,0.22,1580.376,1579.3040157265698,1.0,1.0,-1.0,-1.0,0.0,0.0,23.583654015464163,9465.183773004783,9441.600118989318,0.8479685468606051,0.29,7.0,REV_LONG,STOP,1580.179,2020-01-27 03:20:00,2020-01-27 03:25:00,2020-01-27 03:59:00
76633.0,381782.0,381784.0,76634.0,-1.0,4.0,1580.0,1581.4678538581384,1570.0,5.376861709524415,0.25,1579.6285,1581.4678538581384,1.0,-1.0,1.0,1.0,0.0,1.0,45.983846453458455,9441.600118989318,9395.616272535859,1.05470771627682,0.29,1.0,REV_SHORT,STOP,1579.8145,2020-01-27 09:05:00,2020-01-27 09:10:00,2020-01-27 09:12:00
76704.0,382137.0,382349.0,76747.0,1.0,3.0,1580.0,1577.3121672858988,1590.0,1.7737013258761072,0.05,1581.846,1577.3121672858988,1.0,1.0,1.0,-1.0,0.0,1.0,22.669163570506047,9395.616272535859,9372.947108965353,1.673665428202276,0.29,43.0,REV_LONG,STOP,1581.7415,2020-01-27 15:00:00,2020-01-27 15:05:00,2020-01-27 18:37:00
76849.0,382857.0,382865.0,76851.0,1.0,3.0,1580.0,1579.4271712515406,1590.0,13.388153390330512,0.33,1580.1215,1579.4271712515406,1.0,1.0,-1.0,-1.0,0.0,1.0,22.912848699159667,9372.947108965353,9350.034260266193,0.43565749691860844,0.29,2.0,REV_LONG,STOP,1580.017,2020-01-28 04:05:00,2020-01-28 04:10:00,2020-01-28 04:18:00
77246.0,384837.0,384851.0,77249.0,1.0,3.0,1570.0,1568.5929995099968,1580.0,5.6649121964214295,0.13,1570.263,1568.5929995099968,1.0,-1.0,1.0,-1.0,0.0,1.0,21.71000637003999,9350.034260266193,9328.324253896153,0.9820009800066586,0.29,3.0,REV_LONG,STOP,1570.1595,2020-01-29 14:10:00,2020-01-29 14:15:00,2020-01-29 14:29:00
77400.0,385602.0,385634.0,77407.0,1.0,1.0,1580.0,1579.3659883357666,1590.0,6.520455405860155,0.33,1580.738,1579.3659883357666,1.0,1.0,1.0,1.0,0.0,0.0,45.27638491970447,9328.324253896153,9283.04786897645,0.6340116642334167,0.29,7.0,BREAK_LONG,STOP,1580.635,2020-01-30 04:00:00,2020-01-30 04:05:00,2020-01-30 04:37:00
77466.0,385932.0,386161.0,77512.0,1.0,3.0,1580.0,1578.0503505652223,1590.0,4.637559324063587,0.11,1580.126,1578.0503505652223,1.0,1.0,1.0,-1.0,0.0,1.0,22.832143782554567,9283.04786897645,9260.215725193895,0.89729886955545,0.29,46.0,REV_LONG,STOP,1580.025,2020-01-30 09:30:00,2020-01-30 09:35:00,2020-01-30 13:24:00
77984.0,388512.0,388529.0,77988.0,1.0,3.0,1580.0,1578.7578783530907,1590.0,5.219289122882449,0.26,1580.525,1578.7578783530907,1.0,1.0,-1.0,1.0,0.0,1.0,45.945162819642974,9260.215725193895,9214.270562374251,0.7752432938187976,0.29,4.0,REV_LONG,STOP,1580.4205,2020-02-03 06:40:00,2020-02-03 06:45:00,2020-02-03 07:02:00
78350.0,390337.0,390370.0,78357.0,1.0,3.0,1560.0,1557.5554558878523,1570.0,3.226305885793234,0.07,1560.4575,1557.5554558878523,1.0,-1.0,-1.0,-1.0,1.0,1.0,20.314308785033745,9214.270562374251,9193.956253589218,1.591088224295507,0.29,7.0,REV_LONG,STOP,1560.355,2020-02-04 14:10:00,2020-02-04 14:15:00,2020-02-04 14:48:00
78526.0,391212.0,391289.0,78542.0,-1.0,4.0,1560.0,1561.2141948783008,1550.0,4.415667463042113,0.22,1559.184,1561.2141948783008,1.0,1.0,-1.0,1.0,1.0,1.0,44.66428732261738,9193.956253589218,9149.2919662666,0.7323897566014456,0.29,16.0,REV_SHORT,STOP,1559.2885,2020-02-05 05:50:00,2020-02-05 05:55:00,2020-02-05 07:12:00
78573.0,391447.0,391449.0,78574.0,1.0,3.0,1550.0,1548.7648378953124,1560.0,6.016879847328066,0.14,1550.324,1548.7648378953124,1.0,-1.0,-1.0,-1.0,1.0,0.0,21.82826946562682,9149.2919662666,9127.463696800975,1.4933242093751127,0.29,1.0,REV_LONG,STOP,1550.221,2020-02-05 09:45:00,2020-02-05 09:50:00,2020-02-05 09:52:00
79233.0,394737.0,394924.0,79271.0,1.0,1.0,1570.0,1569.0561170205021,1580.0,2.65053708044687,0.07,1572.0985,1570.2555,4.0,1.0,1.0,-1.0,0.0,1.0,21.296680856485413,9127.463696800975,9114.562696800975,0.9438829794978849,0.29,38.0,BREAK_LONG,SESSION,1571.909,2020-02-07 18:45:00,2020-02-07 18:50:00,2020-02-07 21:57:00
79588.0,396502.0,396741.0,79636.0,-1.0,2.0,1570.0,1570.6477177010731,1560.0,3.128274126159735,0.17,1568.115,1568.598,3.0,1.0,1.0,1.0,0.0,0.0,43.05620091824313,9114.562696800975,9106.351696800975,0.6477177010731148,0.29,48.0,BREAK_SHORT,TIME,1568.2135,2020-02-11 02:20:00,2020-02-11 02:25:00,2020-02-11 06:24:00
80553.0,401312.0,401358.0,80563.0,-1.0,4.0,1580.0,1580.983199364528,1570.0,6.205881081002507,0.28,1579.4105,1580.983199364528,1.0,-1.0,-1.0,1.0,1.0,0.0,44.035582206784966,9106.351696800975,9062.31611459419,0.831398729055623,0.29,10.0,REV_SHORT,STOP,1579.604,2020-02-14 13:45:00,2020-02-14 13:50:00,2020-02-14 14:36:00
81106.0,404067.0,404113.0,81116.0,1.0,1.0,1590.0,1589.1092714156823,1600.0,2.821672226699081,0.07,1592.0,1589.1092714156823,1.0,1.0,1.0,-1.0,0.0,0.0,20.2351000902238,9062.31611459419,9042.081014503967,0.8907285843177305,0.29,10.0,BREAK_LONG,STOP,1591.814,2020-02-18 13:50:00,2020-02-18 13:55:00,2020-02-18 14:41:00
81689.0,406972.0,407049.0,81705.0,1.0,1.0,1620.0,1618.3799414662128,1630.0,2.194466405380237,0.06,1622.0655,1618.3799414662128,1.0,1.0,1.0,-1.0,0.0,0.0,22.113351202722697,9042.081014503967,9019.967663301244,1.6200585337871767,0.29,16.0,BREAK_LONG,STOP,1621.8725,2020-02-20 16:25:00,2020-02-20 16:30:00,2020-02-20 17:47:00
81930.0,408172.0,408215.0,81939.0,1.0,1.0,1640.0,1638.7202474133958,1650.0,2.9734891444334615,0.07,1641.6009999999999,1638.7202474133958,1.0,1.0,1.0,-1.0,0.0,0.0,20.165268106228726,9019.967663301244,8999.802395195014,1.2797525866041553,0.29,9.0,BREAK_LONG,STOP,1641.414,2020-02-21 13:30:00,2020-02-21 13:35:00,2020-02-21 14:18:00
82051.0,408772.0,409011.0,82099.0,1.0,3.0,1660.0,1657.069325371257,1670.0,1.7455558288098108,0.09,1661.731,1660.862,3.0,1.0,-1.0,1.0,0.0,0.0,41.95507165868662,8999.802395195014,8991.981395195015,2.9753492574859557,0.29,48.0,REV_LONG,TIME,1661.634,2020-02-24 00:35:00,2020-02-24 00:40:00,2020-02-24 04:39:00
82216.0,409597.0,409605.0,82218.0,1.0,1.0,1680.0,1677.6548654967353,1690.0,1.6193045190442887,0.04,1682.4295,1677.6548654967353,1.0,1.0,1.0,-1.0,0.0,0.0,19.098538013058715,8991.981395195015,8972.882857181956,2.3451345032646946,0.29,2.0,BREAK_LONG,STOP,1682.223,2020-02-24 14:20:00,2020-02-24 14:25:00,2020-02-24 14:33:00
82391.0,410467.0,410491.0,82396.0,-1.0,2.0,1650.0,1651.5565945164412,1640.0,3.7478002346996733,0.09,1649.0805,1640.0,2.0,1.0,1.0,-1.0,0.0,1.0,22.28485064797087,8972.882857181956,9054.607357181956,1.5565945164411925,0.29,5.0,BREAK_SHORT,TARGET,1649.2675,2020-02-25 05:55:00,2020-02-25 06:00:00,2020-02-25 06:24:00
82400.0,410512.0,410563.0,82411.0,-1.0,2.0,1640.0,1642.5146856515903,1630.0,1.4330191421634133,0.04,1637.3305,1642.5146856515903,1.0,1.0,1.0,-1.0,0.0,0.0,20.736742606361076,9054.607357181956,9033.870614575595,2.5146856515903435,0.29,11.0,BREAK_SHORT,STOP,1637.516,2020-02-25 06:40:00,2020-02-25 06:45:00,2020-02-25 07:36:00
82520.0,411112.0,411284.0,82555.0,-1.0,2.0,1650.0,1652.7824590090058,1640.0,2.3335756045336398,0.05,1648.9075,1652.7824590090058,1.0,1.0,1.0,-1.0,0.0,1.0,19.374795045029032,9033.870614575595,9014.495819530566,2.782459009005728,0.29,35.0,BREAK_SHORT,STOP,1649.093,2020-02-25 16:40:00,2020-02-25 16:45:00,2020-02-25 19:37:00
82704.0,412027.0,412087.0,82717.0,1.0,1.0,1650.0,1648.1619795945119,1660.0,1.298635631205096,0.08,1653.354,1648.1619795945119,1.0,1.0,1.0,1.0,0.0,0.0,41.53616324390532,9014.495819530566,8972.95965628666,1.8380204054880847,0.29,13.0,BREAK_LONG,STOP,1653.167,2020-02-26 09:00:00,2020-02-26 09:05:00,2020-02-26 10:05:00
82813.0,412572.0,412740.0,82847.0,1.0,3.0,1640.0,1637.7988969120054,1650.0,1.5506094179543553,0.09,1642.541,1637.7988969120054,1.0,-1.0,-1.0,1.0,0.0,0.0,42.67892779195108,8972.95965628666,8930.28072849471,1.9662061759892873,0.29,34.0,REV_LONG,STOP,1642.4375,2020-02-26 18:05:00,2020-02-26 18:10:00,2020-02-26 20:58:00
83117.0,414087.0,414094.0,83119.0,1.0,3.0,1640.0,1637.9835367484357,1650.0,3.8630683778710506,0.18,1640.4075,1637.9835367484357,1.0,-1.0,-1.0,1.0,1.0,0.0,43.63133852815872,8930.28072849471,8886.649389966551,2.0409265031284645,0.29,2.0,REV_LONG,STOP,1640.3095,2020-02-27 20:25:00,2020-02-27 20:30:00,2020-02-27 20:37:00
83326.0,415127.0,415136.0,83328.0,-1.0,2.0,1620.0,1623.2485584113358,1610.0,2.585480102477238,0.05,1619.511,1610.0,2.0,1.0,1.0,-1.0,0.0,0.0,18.6877920566792,8886.649389966551,8934.204389966551,3.24855841133589,0.29,2.0,BREAK_SHORT,TARGET,1619.6985,2020-02-28 14:50:00,2020-02-28 14:55:00,2020-02-28 15:04:00
83577.0,416377.0,416398.0,83582.0,-1.0,2.0,1600.0,1602.386093780039,1590.0,1.955336823773892,0.05,1598.238,1602.386093780039,1.0,1.0,1.0,-1.0,0.0,0.0,20.740468900194177,8934.204389966551,8913.463921066357,2.3860937800388653,0.29,5.0,BREAK_SHORT,STOP,1598.34,2020-03-02 12:45:00,2020-03-02 12:50:00,2020-03-02 13:11:00
84267.0,419812.0,420051.0,84315.0,-1.0,4.0,1640.0,1641.2762505902524,1630.0,4.197026165547012,0.1,1639.0575000000001,1639.683,3.0,-1.0,-1.0,-1.0,0.0,0.0,22.187505902522844,8913.463921066357,8907.208921066358,1.346501180504757,0.29,48.0,REV_SHORT,TIME,1639.2515,2020-03-05 01:15:00,2020-03-05 01:20:00,2020-03-05 05:19:00
84337.0,420162.0,420193.0,84344.0,1.0,1.0,1640.0,1639.1294642665546,1650.0,2.9003933831902065,0.15,1641.9569999999999,1639.1294642665546,1.0,1.0,1.0,1.0,0.0,0.0,42.41303600167953,8907.208921066358,8864.79588506468,0.8705357334455146,0.29,7.0,BREAK_LONG,STOP,1641.7715,2020-03-05 07:05:00,2020-03-05 07:10:00,2020-03-05 07:41:00
84427.0,420612.0,420749.0,84455.0,-1.0,4.0,1660.0,1663.7943446054055,1650.0,1.1852965051357878,0.03,1657.5225,1663.7943446054055,1.0,-1.0,-1.0,-1.0,1.0,0.0,18.81553381621643,8864.79588506468,8845.980351248463,2.1666892108110436,0.29,28.0,REV_SHORT,STOP,1657.627,2020-03-05 14:35:00,2020-03-05 14:40:00,2020-03-05 16:57:00
84551.0,421227.0,421434.0,84593.0,1.0,3.0,1670.0,1666.7492721635897,1680.0,2.21289908366067,0.1,1670.923,1680.0,2.0,1.0,-1.0,1.0,0.0,1.0,41.737278364103084,8845.980351248463,8936.750351248464,1.7604556728207557,0.29,42.0,REV_LONG,TARGET,1670.7285,2020-03-06 01:55:00,2020-03-06 02:00:00,2020-03-06 05:27:00
84617.0,421557.0,421682.0,84643.0,1.0,3.0,1670.0,1666.7350358313379,1680.0,1.2594183489430026,0.07,1672.562,1680.0,2.0,1.0,-1.0,1.0,0.0,0.0,40.78874918063411,8936.750351248464,8988.816351248464,2.333928337324329,0.29,26.0,REV_LONG,TARGET,1672.461,2020-03-06 07:25:00,2020-03-06 07:30:00,2020-03-06 09:35:00
85115.0,424037.0,424224.0,85153.0,-1.0,4.0,1670.0,1672.337969197054,1660.0,3.156340651706458,0.07,1669.328,1660.0,2.0,1.0,-1.0,-1.0,0.0,1.0,21.069784379378238,8988.816351248464,9054.112351248465,2.3969383941082443,0.29,38.0,REV_SHORT,TARGET,1669.5145,2020-03-10 01:55:00,2020-03-10 02:00:00,2020-03-10 05:07:00
85303.0,424977.0,425068.0,85322.0,-1.0,4.0,1660.0,1663.3187743382791,1650.0,2.6155239477836436,0.12,1659.5885,1650.0,2.0,1.0,1.0,1.0,0.0,0.0,44.763292059348714,9054.112351248465,9169.174351248465,2.6925486765579314,0.29,19.0,REV_SHORT,TARGET,1659.78,2020-03-10 17:35:00,2020-03-10 17:40:00,2020-03-10 19:11:00
85332.0,425122.0,425174.0,85343.0,-1.0,2.0,1650.0,1653.048839094607,1640.0,1.4329692500196394,0.08,1647.6415,1649.3665,4.0,1.0,1.0,1.0,0.0,0.0,43.25871275685677,9169.174351248465,9155.374351248463,3.048839094607052,0.29,11.0,BREAK_SHORT,SESSION,1647.8305,2020-03-10 20:00:00,2020-03-10 20:05:00,2020-03-10 20:57:00
85447.0,425692.0,425829.0,85475.0,1.0,3.0,1660.0,1657.604625631704,1670.0,1.886757577216918,0.05,1661.948,1657.604625631704,1.0,-1.0,1.0,-1.0,0.0,0.0,21.71687184148027,9155.374351248463,9133.657479406984,1.5407487365920318,0.29,28.0,REV_LONG,STOP,1661.7535,2020-03-11 06:35:00,2020-03-11 06:40:00,2020-03-11 08:57:00
85592.0,426417.0,426434.0,85596.0,1.0,3.0,1640.0,1635.762823100812,1650.0,2.0915591758697913,0.05,1640.315,1635.762823100812,1.0,-1.0,-1.0,-1.0,1.0,1.0,22.760884495939994,9133.657479406984,9110.896594911044,2.462353798375502,0.29,4.0,REV_LONG,STOP,1640.223,2020-03-11 18:40:00,2020-03-11 18:45:00,2020-03-11 19:02:00
85626.0,426582.0,426642.0,85639.0,-1.0,4.0,1640.0,1643.0879490882598,1630.0,2.1832934829795416,0.1,1638.934,1643.0879490882598,1.0,1.0,0.0,1.0,0.0,1.0,41.539490882598784,9110.896594911044,9069.357104028446,2.0648981765198773,0.29,13.0,REV_SHORT,STOP,1639.1215,2020-03-11 22:30:00,2020-03-11 22:35:00,2020-03-11 23:35:00
85740.0,427152.0,427159.0,85742.0,-1.0,4.0,1640.0,1643.7582547519244,1630.0,2.402767224938238,0.11,1639.675,1643.7582547519244,1.0,1.0,-1.0,1.0,0.0,1.0,44.91580227116856,9069.357104028446,9024.441301757277,1.7815095038485673,0.29,2.0,REV_SHORT,STOP,1639.86,2020-03-12 08:00:00,2020-03-12 08:05:00,2020-03-12 08:12:00
85760.0,427252.0,427355.0,85781.0,-1.0,2.0,1640.0,1642.0337708651864,1630.0,1.0348726962060453,0.07,1636.162,1642.0337708651864,1.0,1.0,1.0,1.0,0.0,1.0,41.10239605630455,9024.441301757277,8983.338905700972,2.0337708651864306,0.29,21.0,BREAK_SHORT,STOP,1636.265,2020-03-12 09:40:00,2020-03-12 09:45:00,2020-03-12 11:28:00
85869.0,427797.0,427829.0,85876.0,1.0,3.0,1580.0,1572.3988427711529,1590.0,1.2174247037124533,0.02,1580.2935,1572.3988427711529,1.0,-1.0,-1.0,-1.0,1.0,1.0,15.789314457694218,8983.338905700972,8967.549591243278,5.647314457694211,0.29,7.0,REV_LONG,STOP,1580.1915,2020-03-12 18:45:00,2020-03-12 18:50:00,2020-03-12 19:22:00
87108.0,433967.0,433995.0,87114.0,-1.0,4.0,1490.0,1498.1402073584486,1480.0,1.1754219903243583,0.05,1489.7585,1480.0,2.0,1.0,-1.0,1.0,0.0,1.0,41.90853679224347,8967.549591243278,9016.342091243278,3.5074147168969643,0.29,6.0,REV_SHORT,TARGET,1489.9465,2020-03-19 07:00:00,2020-03-19 07:05:00,2020-03-19 07:33:00
87466.0,435752.0,435774.0,87471.0,1.0,3.0,1490.0,1483.8246214081596,1500.0,1.0814040135457794,0.02,1491.6455,1500.0,2.0,-1.0,1.0,-1.0,0.0,1.0,15.641757183680966,9016.342091243278,9033.051091243276,3.802757183681234,0.29,5.0,REV_LONG,TARGET,1491.451,2020-03-20 13:50:00,2020-03-20 13:55:00,2020-03-20 14:17:00
87653.0,436682.0,436693.0,87656.0,1.0,3.0,1490.0,1487.9970399567026,1500.0,1.744499760937017,0.05,1492.325,1487.9970399567026,1.0,1.0,-1.0,-1.0,0.0,0.0,21.639800216487405,9033.051091243276,9011.411291026789,1.8799200865945644,0.29,3.0,REV_LONG,STOP,1492.2255,2020-03-23 06:25:00,2020-03-23 06:30:00,2020-03-23 06:41:00
87732.0,437077.0,437108.0,87739.0,-1.0,4.0,1520.0,1524.4690009216206,1510.0,1.3688603042616831,0.03,1518.4135,1524.4690009216206,1.0,-1.0,-1.0,-1.0,1.0,0.0,18.166502764861434,9011.411291026789,8993.244788261927,4.419001843241392,0.29,7.0,REV_SHORT,STOP,1518.506,2020-03-23 13:00:00,2020-03-23 13:05:00,2020-03-23 13:36:00
87779.0,437312.0,437325.0,87782.0,-1.0,4.0,1550.0,1554.691378682681,1540.0,1.3790247428685503,0.07,1548.4355,1554.691378682681,1.0,-1.0,-1.0,1.0,1.0,1.0,43.791150778766905,8993.244788261927,8949.45363748316,3.944757365361896,0.29,3.0,REV_SHORT,STOP,1548.661,2020-03-23 16:55:00,2020-03-23 17:00:00,2020-03-23 17:13:00
88824.0,442517.0,442532.0,88828.0,1.0,3.0,1620.0,1616.18556700084,1630.0,1.2885092903511457,0.07,1622.3245,1616.18556700084,1.0,1.0,-1.0,1.0,0.0,1.0,42.97253099412024,8949.45363748316,8906.48110648904,3.388865998320183,0.29,4.0,REV_LONG,STOP,1622.077,2020-03-27 12:00:00,2020-03-27 12:05:00,2020-03-27 12:20:00
88910.0,442947.0,443046.0,88930.0,-1.0,4.0,1630.0,1632.977508857038,1620.0,2.12446880546511,0.05,1628.7395,1620.0,2.0,-1.0,-1.0,-1.0,0.0,0.0,21.190044285190197,8906.48110648904,8950.17860648904,2.6730177140755886,0.29,20.0,REV_SHORT,TARGET,1628.969,2020-03-27 19:10:00,2020-03-27 19:15:00,2020-03-27 20:54:00
88949.0,443137.0,443213.0,88965.0,-1.0,4.0,1630.0,1633.209403103631,1620.0,2.8173018310410676,0.06,1629.9235,1620.0,2.0,-1.0,-1.0,-1.0,0.0,1.0,19.71541862178583,8950.17860648904,9009.719606489041,2.626806207262308,0.29,16.0,REV_SHORT,TARGET,1629.894,2020-03-29 23:25:00,2020-03-29 23:30:00,2020-03-30 00:46:00
89027.0,443527.0,443669.0,89056.0,-1.0,4.0,1620.0,1621.9714480458167,1610.0,4.451608050847132,0.1,1619.861,1621.9714480458167,1.0,-1.0,1.0,-1.0,0.0,0.0,21.10448045816611,9009.719606489041,8988.615126030876,2.141896091633397,0.29,29.0,REV_SHORT,STOP,1619.9205,2020-03-30 05:55:00,2020-03-30 06:00:00,2020-03-30 08:22:00
89103.0,443907.0,443980.0,89118.0,-1.0,2.0,1620.0,1622.390860105139,1610.0,1.8420315804476706,0.05,1618.1135,1622.390860105139,1.0,1.0,1.0,-1.0,0.0,1.0,21.386800525694984,8988.615126030876,8967.22832550518,2.390860105138879,0.29,15.0,BREAK_SHORT,STOP,1618.176,2020-03-30 12:15:00,2020-03-30 12:20:00,2020-03-30 13:33:00
89198.0,444382.0,444424.0,89207.0,1.0,1.0,1620.0,1617.537900027615,1630.0,1.5357302816932215,0.09,1622.1655,1622.1905,4.0,1.0,1.0,1.0,0.0,0.0,41.64839975146538,8967.22832550518,8967.45332550518,2.4620999723849373,0.29,9.0,BREAK_LONG,SESSION,1622.3075,2020-03-30 20:10:00,2020-03-30 20:15:00,2020-03-30 20:57:00
89316.0,444967.0,445066.0,89336.0,-1.0,4.0,1620.0,1621.5354460174538,1610.0,1.4837076314600024,0.09,1616.8105,1610.0,2.0,1.0,-1.0,1.0,0.0,0.0,42.52451415708333,8967.45332550518,9028.74782550518,1.9068920349074365,0.29,20.0,REV_SHORT,TARGET,1617.036,2020-03-31 07:00:00,2020-03-31 07:05:00,2020-03-31 08:44:00
89340.0,445087.0,445110.0,89345.0,1.0,3.0,1610.0,1607.5246531887258,1620.0,2.062677299351236,0.05,1611.514,1607.5246531887258,1.0,-1.0,-1.0,-1.0,0.0,0.0,19.946734056370587,9028.74782550518,9008.801091448808,2.2826936225481336,0.29,5.0,REV_LONG,STOP,1611.453,2020-03-31 09:00:00,2020-03-31 09:05:00,2020-03-31 09:28:00
89411.0,445442.0,445457.0,89415.0,-1.0,2.0,1610.0,1612.7905403416696,1600.0,1.784765512645173,0.1,1608.327,1612.7905403416696,1.0,1.0,1.0,1.0,0.0,0.0,44.63540341669614,9008.801091448808,8964.165688032112,2.790540341669571,0.29,4.0,BREAK_SHORT,STOP,1608.3425,2020-03-31 14:55:00,2020-03-31 15:00:00,2020-03-31 15:15:00
89434.0,445557.0,445577.0,89439.0,-1.0,2.0,1600.0,1602.851018943276,1590.0,3.2321550378379973,0.07,1599.9705000000001,1590.0,2.0,1.0,1.0,-1.0,0.0,1.0,20.163632602930424,8964.165688032112,9033.959188032113,2.8510189432758155,0.29,5.0,BREAK_SHORT,TARGET,1599.9595,2020-03-31 16:50:00,2020-03-31 16:55:00,2020-03-31 17:15:00
89886.0,447807.0,447827.0,89891.0,1.0,3.0,1590.0,1588.2242331454656,1600.0,3.5470374423535422,0.09,1590.7295,1588.2242331454656,1.0,-1.0,1.0,-1.0,0.0,1.0,22.547401690808556,9033.959188032113,9011.411786341305,1.9695337090690783,0.29,5.0,REV_LONG,STOP,1590.669,2020-04-02 08:30:00,2020-04-02 08:35:00,2020-04-02 08:55:00
90015.0,448452.0,448549.0,90035.0,-1.0,4.0,1620.0,1622.4975761269782,1610.0,1.401728315683539,0.08,1617.203,1612.0755,4.0,-1.0,-1.0,1.0,1.0,0.0,42.3566090158256,9011.411786341305,9052.431786341305,2.776152253956406,0.29,20.0,REV_SHORT,SESSION,1617.439,2020-04-02 19:15:00,2020-04-02 19:20:00,2020-04-02 20:57:00
90136.0,449052.0,449065.0,90139.0,1.0,3.0,1610.0,1608.3871176070693,1620.0,4.020956719816352,0.1,1610.6195,1608.3871176070693,1.0,1.0,-1.0,-1.0,0.0,0.0,22.32382392930731,9052.431786341305,9030.107962411998,1.487764785861782,0.29,3.0,REV_LONG,STOP,1610.555,2020-04-03 06:20:00,2020-04-03 06:25:00,2020-04-03 06:38:00
90239.0,449567.0,449800.0,90286.0,-1.0,4.0,1620.0,1623.400858901146,1610.0,2.2878613382269637,0.1,1619.2275,1623.400858901146,1.0,-1.0,-1.0,1.0,0.0,0.0,41.733589011460026,9030.107962411998,8988.374373400537,3.188717802292143,0.29,47.0,REV_SHORT,STOP,1619.47,2020-04-03 14:55:00,2020-04-03 15:00:00,2020-04-03 18:53:00
90486.0,450797.0,450857.0,90499.0,1.0,3.0,1640.0,1637.0836384408462,1650.0,1.840095590235432,0.04,1641.7549999999999,1637.0836384408462,1.0,1.0,1.0,-1.0,1.0,1.0,18.685446236614553,8988.374373400537,8969.688927163923,2.91072311830771,0.29,13.0,REV_LONG,STOP,1641.4865,2020-04-06 12:30:00,2020-04-06 12:35:00,2020-04-06 13:35:00
90504.0,450887.0,451064.0,90540.0,-1.0,4.0,1650.0,1654.0085443301462,1640.0,1.2003372007973825,0.07,1647.7495000000001,1654.0085443301462,1.0,-1.0,-1.0,1.0,1.0,0.0,43.81331031102218,8969.688927163923,8925.8756168529,3.7660886602919934,0.29,36.0,REV_SHORT,STOP,1647.787,2020-04-06 14:00:00,2020-04-06 14:05:00,2020-04-06 17:02:00
91102.0,453867.0,453888.0,91107.0,-1.0,4.0,1650.0,1651.969115130055,1640.0,2.1352335744443054,0.05,1648.2450000000001,1651.969115130055,1.0,-1.0,1.0,-1.0,0.0,0.0,18.620575650273853,8925.8756168529,8907.255041202627,2.3032302601094212,0.29,5.0,REV_SHORT,STOP,1648.2965,2020-04-08 17:50:00,2020-04-08 17:55:00,2020-04-08 18:16:00
91721.0,456947.0,457186.0,91769.0,-1.0,4.0,1690.0,1693.2467247937504,1680.0,1.1813477876327956,0.03,1687.0185000000001,1683.8495,3.0,-1.0,-1.0,-1.0,0.0,1.0,18.684674381250943,8907.255041202627,8916.762041202626,2.968449587501005,0.29,48.0,REV_SHORT,TIME,1687.319,2020-04-13 00:25:00,2020-04-13 00:30:00,2020-04-13 04:29:00
91798.0,457332.0,457571.0,91846.0,1.0,1.0,1690.0,1687.944158544818,1700.0,4.383654836239225,0.19,1690.2649999999999,1688.5205,3.0,1.0,1.0,1.0,0.0,1.0,44.095987648454866,8916.762041202626,8883.616541202631,2.0558414551820015,0.29,48.0,BREAK_LONG,TIME,1690.0385,2020-04-13 06:50:00,2020-04-13 06:55:00,2020-04-13 10:54:00
92396.0,460312.0,460328.0,92400.0,-1.0,4.0,1720.0,1725.125932917475,1710.0,1.6900432815882052,0.08,1719.5905,1725.125932917475,1.0,-1.0,1.0,1.0,0.0,1.0,44.28346333979971,8883.616541202631,8839.333077862831,2.5558658349502283,0.29,4.0,REV_SHORT,STOP,1719.648,2020-04-15 10:40:00,2020-04-15 10:45:00,2020-04-15 11:01:00
93116.0,463897.0,463987.0,93135.0,-1.0,4.0,1680.0,1681.533620975472,1670.0,1.9809409032667948,0.11,1677.5795,1681.533620975472,1.0,1.0,-1.0,1.0,0.0,0.0,43.49533073019256,8839.333077862831,8795.837747132638,1.866241950944156,0.29,19.0,REV_SHORT,STOP,1677.8095,2020-04-20 01:40:00,2020-04-20 01:45:00,2020-04-20 03:15:00
93291.0,464772.0,464887.0,93315.0,-1.0,4.0,1700.0,1704.0850641662155,1690.0,1.1766225468372962,0.06,1697.5065,1690.0,2.0,-1.0,-1.0,1.0,1.0,1.0,39.47138499729317,8795.837747132638,8840.87674713264,3.16712833243065,0.29,24.0,REV_SHORT,TARGET,1697.759,2020-04-20 16:15:00,2020-04-20 16:20:00,2020-04-20 18:15:00
93539.0,466007.0,466029.0,93544.0,-1.0,4.0,1680.0,1687.4478744622963,1670.0,1.1623678176956747,0.05,1679.2675,1687.4478744622963,1.0,1.0,1.0,1.0,0.0,0.0,40.901872311482066,8840.87674713264,8799.974874821157,5.093748924592493,0.29,5.0,REV_SHORT,STOP,1679.524,2020-04-21 13:55:00,2020-04-21 14:00:00,2020-04-21 14:22:00
93737.0,466992.0,467009.0,93741.0,-1.0,4.0,1690.0,1693.645133752797,1680.0,1.6987287955443342,0.08,1688.7195,1693.645133752797,1.0,-1.0,-1.0,1.0,0.0,1.0,39.405070022376094,8799.974874821157,8760.56980479878,2.283267505593693,0.29,4.0,REV_SHORT,STOP,1688.734,2020-04-22 07:25:00,2020-04-22 07:30:00,2020-04-22 07:47:00
94060.0,468602.0,468731.0,94086.0,-1.0,4.0,1730.0,1732.9952157022542,1720.0,2.1794788063393313,0.1,1728.83,1732.9952157022542,1.0,-1.0,-1.0,1.0,1.0,1.0,41.652157022542724,8760.56980479878,8718.917647776238,2.19243140450882,0.29,26.0,REV_SHORT,STOP,1729.053,2020-04-23 11:20:00,2020-04-23 11:25:00,2020-04-23 13:34:00
94312.0,469857.0,469934.0,94328.0,-1.0,4.0,1730.0,1733.8335570943834,1720.0,1.9382730109383566,0.09,1729.018,1733.8335570943834,1.0,-1.0,-1.0,1.0,0.0,1.0,43.34001384945054,8718.917647776238,8675.577633926787,2.3751141887669323,0.29,16.0,REV_SHORT,STOP,1729.2705,2020-04-24 09:20:00,2020-04-24 09:25:00,2020-04-24 10:42:00
94748.0,472027.0,472244.0,94792.0,-1.0,2.0,1710.0,1711.61164854001,1700.0,3.8258236542460726,0.09,1709.3195,1700.0,2.0,1.0,1.0,-1.0,0.0,1.0,20.62933686008978,8675.577633926787,8759.453133926787,1.6116485400099925,0.29,44.0,BREAK_SHORT,TARGET,1709.3505,2020-04-27 23:40:00,2020-04-27 23:45:00,2020-04-28 03:22:00
94878.0,472677.0,472730.0,94889.0,-1.0,4.0,1710.0,1712.2321446427845,1700.0,2.773437865872189,0.06,1709.0715,1712.2321446427845,1.0,1.0,-1.0,-1.0,0.0,1.0,18.96386785670711,8759.453133926787,8740.489266070079,2.5842892855688517,0.29,11.0,REV_SHORT,STOP,1709.1355,2020-04-28 10:30:00,2020-04-28 10:35:00,2020-04-28 11:28:00
94922.0,472897.0,472917.0,94927.0,-1.0,2.0,1700.0,1703.621610771145,1690.0,2.25477902880412,0.05,1699.3335,1703.621610771145,1.0,1.0,1.0,-1.0,0.0,1.0,21.440553855725287,8740.489266070079,8719.048712214353,3.621610771145001,0.29,5.0,BREAK_SHORT,STOP,1699.5815,2020-04-28 14:10:00,2020-04-28 14:15:00,2020-04-28 14:35:00
95115.0,473857.0,474096.0,95163.0,-1.0,4.0,1710.0,1711.1766838412068,1700.0,6.664797486684822,0.14,1709.6375,1707.3505,3.0,1.0,-1.0,-1.0,0.0,0.0,21.548573776894504,8719.048712214353,8751.066712214353,1.2913676824138627,0.29,48.0,REV_SHORT,TIME,1709.8635,2020-04-29 07:15:00,2020-04-29 07:20:00,2020-04-29 11:19:00
95458.0,475567.0,475581.0,95461.0,-1.0,2.0,1710.0,1713.5417772457358,1700.0,1.1118514884460278,0.03,1706.919,1700.0,2.0,1.0,1.0,-1.0,0.0,0.0,19.8683317372072,8751.066712214353,8771.823712214353,3.541777245735923,0.29,3.0,BREAK_SHORT,TARGET,1707.2745,2020-04-30 12:50:00,2020-04-30 12:55:00,2020-04-30 13:09:00
96008.0,478307.0,478546.0,96056.0,1.0,3.0,1700.0,1694.8358776803118,1710.0,1.85220980687936,0.04,1699.9505,1705.8165,3.0,1.0,-1.0,-1.0,0.0,1.0,20.458489278752495,8771.823712214353,8795.287712214353,2.6062446393762695,0.29,48.0,REV_LONG,TIME,1700.0075,2020-05-04 12:40:00,2020-05-04 12:45:00,2020-05-04 16:44:00
96142.0,478972.0,479000.0,96148.0,-1.0,2.0,1700.0,1700.868588722914,1690.0,4.9049523598662494,0.22,1698.936,1700.868588722914,1.0,1.0,1.0,1.0,0.0,1.0,42.51695190410874,8795.287712214353,8752.770760310244,0.8685887229140324,0.29,6.0,BREAK_SHORT,STOP,1699.173,2020-05-05 00:50:00,2020-05-05 00:55:00,2020-05-05 01:23:00
96371.0,480117.0,480174.0,96383.0,-1.0,4.0,1710.0,1712.9432784849096,1700.0,3.0286868658093296,0.13,1709.633,1705.952,4.0,-1.0,-1.0,1.0,1.0,1.0,43.03362030382391,8752.770760310244,8800.623760310245,1.8535569698194299,0.29,12.0,REV_SHORT,SESSION,1709.8755,2020-05-05 19:55:00,2020-05-05 20:00:00,2020-05-05 20:57:00
96870.0,482602.0,482614.0,96873.0,1.0,1.0,1700.0,1697.9789668503527,1710.0,1.6853443832074007,0.04,1702.662,1710.0,2.0,1.0,1.0,-1.0,0.0,0.0,18.732132598589487,8800.623760310245,8829.975760310244,2.021033149647423,0.29,3.0,BREAK_LONG,TARGET,1702.3105,2020-05-07 15:30:00,2020-05-07 15:35:00,2020-05-07 15:47:00
96875.0,482627.0,482659.0,96882.0,-1.0,4.0,1710.0,1712.0475793709763,1700.0,2.722893659231096,0.14,1708.8955,1712.0475793709763,1.0,-1.0,-1.0,1.0,1.0,0.0,44.12911119366755,8829.975760310244,8785.846649116576,2.390158741952829,0.29,7.0,REV_SHORT,STOP,1708.9565,2020-05-07 15:55:00,2020-05-07 16:00:00,2020-05-07 16:32:00
97115.0,483822.0,483870.0,97125.0,1.0,3.0,1710.0,1704.6689494227896,1720.0,1.0053563311813154,0.05,1712.3595,1720.0,2.0,1.0,-1.0,1.0,1.0,1.0,38.45275288605195,8785.846649116576,8824.049149116576,3.3431011544209386,0.29,10.0,REV_LONG,TARGET,1712.169,2020-05-08 12:55:00,2020-05-08 13:00:00,2020-05-08 13:48:00
97134.0,483917.0,484011.0,97153.0,-1.0,4.0,1720.0,1723.2527690747788,1710.0,2.045725016546404,0.09,1718.754,1710.0,2.0,-1.0,-1.0,1.0,0.0,0.0,40.48892167301028,8824.049149116576,8902.835149116574,3.0075381495575373,0.29,19.0,REV_SHORT,TARGET,1719.0465,2020-05-08 14:30:00,2020-05-08 14:35:00,2020-05-08 16:09:00
97258.0,484532.0,484771.0,97306.0,-1.0,4.0,1710.0,1713.3178804771005,1700.0,2.4027305011027327,0.05,1709.489,1706.1135,3.0,-1.0,-1.0,-1.0,0.0,1.0,19.144402385502417,8902.835149116574,8919.712649116575,1.665760954201022,0.29,48.0,REV_SHORT,TIME,1709.549,2020-05-11 01:50:00,2020-05-11 01:55:00,2020-05-11 05:54:00
97663.0,486552.0,486690.0,97691.0,1.0,3.0,1700.0,1697.825993472871,1710.0,3.0013082695393716,0.13,1701.1035,1710.0,2.0,-1.0,-1.0,1.0,0.0,1.0,42.607584852676155,8919.712649116575,9035.367149116575,1.760013054257588,0.29,28.0,REV_LONG,TARGET,1700.7235,2020-05-12 12:35:00,2020-05-12 12:40:00,2020-05-12 14:58:00
97940.0,487932.0,487968.0,97948.0,1.0,1.0,1710.0,1708.205763562355,1720.0,1.293600572564603,0.08,1713.2735,1708.205763562355,1.0,1.0,1.0,1.0,0.0,0.0,40.541891501159625,9035.367149116575,8994.825257615415,1.7942364376450362,0.29,8.0,BREAK_LONG,STOP,1713.203,2020-05-13 12:40:00,2020-05-13 12:45:00,2020-05-13 13:21:00
98248.0,489467.0,489706.0,98296.0,1.0,3.0,1730.0,1727.3971549710716,1740.0,1.9036505035729858,0.05,1731.651,1732.6505,3.0,1.0,1.0,-1.0,1.0,0.0,21.269225144642405,8994.825257615415,8999.822757615415,2.6696900578569576,0.29,48.0,REV_LONG,TIME,1731.5925,2020-05-14 15:20:00,2020-05-14 15:25:00,2020-05-14 19:24:00
98668.0,491557.0,491796.0,98716.0,1.0,3.0,1760.0,1758.5645578349647,1770.0,3.030904227084665,0.08,1761.1605,1763.38,3.0,1.0,1.0,-1.0,0.0,0.0,20.767537320281917,8999.822757615415,9017.578757615416,1.6718843300704822,0.29,48.0,REV_LONG,TIME,1761.2565,2020-05-18 04:20:00,2020-05-18 04:25:00,2020-05-18 08:24:00
99067.0,493547.0,493786.0,99115.0,1.0,1.0,1740.0,1737.248726678103,1750.0,1.4809018848306914,0.08,1742.2915,1744.4025,3.0,1.0,1.0,1.0,0.0,0.0,40.34218657517704,9017.578757615416,9034.466757615415,2.7512733218970764,0.29,48.0,BREAK_LONG,TIME,1742.2435,2020-05-19 14:35:00,2020-05-19 14:40:00,2020-05-19 18:39:00
100441.0,500392.0,500437.0,100451.0,1.0,3.0,1720.0,1712.7463609223278,1730.0,1.0226679683141362,0.05,1721.181,1712.7463609223278,1.0,-1.0,-1.0,1.0,1.0,1.0,42.173195388361364,9034.466757615415,8992.293562227054,3.3832781553445685,0.29,10.0,REV_LONG,STOP,1721.1315,2020-05-26 14:05:00,2020-05-26 14:10:00,2020-05-26 14:55:00
100507.0,500722.0,500799.0,100523.0,1.0,3.0,1710.0,1708.1792090387346,1720.0,3.369508171400766,0.18,1710.661,1710.4985,4.0,-1.0,-1.0,1.0,1.0,1.0,44.672237302778285,8992.293562227054,8989.368562227051,1.7115819225308289,0.29,16.0,REV_LONG,SESSION,1710.7395,2020-05-26 19:35:00,2020-05-26 19:40:00,2020-05-26 20:57:00
100635.0,501357.0,501596.0,100683.0,-1.0,4.0,1710.0,1711.929702033022,1700.0,3.685292792285733,0.09,1709.605,1706.474,3.0,1.0,1.0,-1.0,0.0,0.0,20.922318297198444,8989.368562227051,9017.547562227051,1.6424040660439005,0.29,48.0,REV_SHORT,TIME,1709.5285,2020-05-27 07:15:00,2020-05-27 07:20:00,2020-05-27 11:19:00
100696.0,501662.0,501685.0,100701.0,1.0,3.0,1700.0,1697.9860667763533,1710.0,3.559482994039203,0.16,1700.694,1697.9860667763533,1.0,-1.0,-1.0,1.0,1.0,0.0,43.326931578347285,9017.547562227051,8974.220630648704,1.9008664472934598,0.29,5.0,REV_LONG,STOP,1700.476,2020-05-27 12:20:00,2020-05-27 12:25:00,2020-05-27 12:48:00
101330.0,504822.0,504924.0,101351.0,1.0,3.0,1730.0,1725.507899520102,1740.0,1.8631458641298797,0.08,1730.5265,1729.2835,4.0,1.0,1.0,1.0,1.0,1.0,40.14880383918353,8974.220630648704,8964.276630648705,2.3842009597961056,0.29,21.0,REV_LONG,SESSION,1730.4245,2020-05-29 19:10:00,2020-05-29 19:15:00,2020-05-29 20:57:00
101565.0,505992.0,506231.0,101613.0,-1.0,4.0,1740.0,1742.5046257637678,1730.0,3.4857620152236057,0.07,1739.5455,1740.4379999999999,3.0,-1.0,-1.0,-1.0,0.0,1.0,20.71388034637471,8964.276630648705,8958.029130648705,2.276251527535249,0.29,48.0,REV_SHORT,TIME,1739.862,2020-06-01 15:45:00,2020-06-01 15:50:00,2020-06-01 19:49:00
101764.0,506982.0,506993.0,101767.0,1.0,1.0,1740.0,1738.65507293544,1750.0,2.1967202645137713,0.12,1742.339,1738.65507293544,1.0,1.0,1.0,1.0,0.0,1.0,44.20712477471807,8958.029130648705,8913.822005873986,1.3449270645598523,0.29,3.0,BREAK_LONG,STOP,1742.059,2020-06-02 09:20:00,2020-06-02 09:25:00,2020-06-02 09:36:00
102205.0,509177.0,509254.0,102221.0,-1.0,4.0,1700.0,1701.6966256333121,1690.0,4.702539836345851,0.11,1699.7095,1701.6966256333121,1.0,1.0,-1.0,-1.0,0.0,1.0,21.85838196643408,8913.822005873986,8891.963623907552,0.9282512666241055,0.29,16.0,REV_SHORT,STOP,1699.7905,2020-06-04 00:05:00,2020-06-04 00:10:00,2020-06-04 01:27:00
102285.0,509577.0,509792.0,102329.0,1.0,3.0,1700.0,1697.7426423343807,1710.0,2.803847659866681,0.13,1701.024,1710.0,2.0,-1.0,-1.0,1.0,0.0,0.0,42.65764965304994,8891.963623907552,9008.651623907554,1.342715331238727,0.29,44.0,REV_LONG,TARGET,1700.82,2020-06-04 06:45:00,2020-06-04 06:50:00,2020-06-04 10:25:00
102330.0,509802.0,509819.0,102334.0,-1.0,4.0,1710.0,1711.6160544943584,1700.0,3.637972350181925,0.17,1709.0665,1711.6160544943584,1.0,1.0,-1.0,1.0,1.0,0.0,43.342426404094795,9008.651623907554,8965.309197503459,1.4021089887171403,0.29,4.0,REV_SHORT,STOP,1709.2565,2020-06-04 10:30:00,2020-06-04 10:35:00,2020-06-04 10:52:00
102416.0,510232.0,510424.0,102455.0,-1.0,4.0,1720.0,1724.036051385766,1710.0,2.169803184959544,0.05,1719.565,1714.0895,4.0,-1.0,-1.0,-1.0,1.0,1.0,22.35525692883016,8965.309197503459,8992.686697503459,2.236102771532273,0.29,39.0,REV_SHORT,SESSION,1719.753,2020-06-04 17:40:00,2020-06-04 17:45:00,2020-06-04 20:57:00
102590.0,511097.0,511277.0,102627.0,-1.0,4.0,1710.0,1713.0310709856803,1700.0,2.7677616101081317,0.06,1709.5315,1700.0,2.0,1.0,1.0,-1.0,0.0,1.0,20.99742591408176,8992.686697503459,9049.87569750346,2.1461419713604575,0.29,37.0,REV_SHORT,TARGET,1709.7175,2020-06-05 09:10:00,2020-06-05 09:15:00,2020-06-05 12:15:00
102915.0,512717.0,512732.0,102919.0,1.0,3.0,1690.0,1686.5682180188178,1700.0,1.8840388096433414,0.09,1691.176,1686.5682180188178,1.0,-1.0,1.0,1.0,0.0,1.0,41.470037830639285,9049.87569750346,9008.40565967282,2.1035639623642206,0.29,4.0,REV_LONG,STOP,1691.0805,2020-06-08 13:15:00,2020-06-08 13:20:00,2020-06-08 13:35:00
103046.0,513367.0,513398.0,103053.0,1.0,1.0,1700.0,1698.825736788755,1710.0,4.305254894823724,0.21,1700.8795,1698.825736788755,1.0,1.0,1.0,1.0,0.0,1.0,43.12902743614586,9008.40565967282,8965.276632236675,1.1742632112450013,0.29,7.0,BREAK_LONG,STOP,1700.787,2020-06-09 01:10:00,2020-06-09 01:15:00,2020-06-09 01:46:00
103667.0,516462.0,516701.0,103715.0,1.0,1.0,1730.0,1728.2222480205758,1740.0,1.0696301687384016,0.04,1733.825,1732.316,3.0,1.0,1.0,-1.0,0.0,0.0,22.411007917697134,8965.276632236675,8959.240632236675,1.7777519794241707,0.29,48.0,BREAK_LONG,TIME,1733.768,2020-06-11 06:55:00,2020-06-11 07:00:00,2020-06-11 10:59:00
103857.0,517407.0,517646.0,103905.0,-1.0,4.0,1730.0,1731.1488692818125,1720.0,4.871320047460377,0.22,1729.171,1725.834,3.0,-1.0,-1.0,1.0,0.0,1.0,43.5131241998738,8959.240632236675,9032.654632236674,1.1657385636249864,0.29,48.0,REV_SHORT,TIME,1729.395,2020-06-11 23:45:00,2020-06-11 23:50:00,2020-06-12 03:49:00
104172.0,518977.0,519165.0,104210.0,-1.0,2.0,1730.0,1731.4436652536817,1720.0,3.281742817555343,0.17,1728.8225,1720.0,2.0,1.0,1.0,1.0,0.0,0.0,44.55980931258956,9032.654632236674,9182.637132236674,1.4436652536817678,0.29,38.0,BREAK_SHORT,TARGET,1728.916,2020-06-15 03:00:00,2020-06-15 03:05:00,2020-06-15 06:13:00
104227.0,519252.0,519262.0,104230.0,-1.0,2.0,1720.0,1721.8134703144117,1710.0,4.838222696064639,0.23,1719.833,1721.8134703144117,1.0,1.0,1.0,1.0,0.0,1.0,45.55081723146691,9182.637132236674,9137.086315005206,1.8134703144117297,0.29,3.0,BREAK_SHORT,STOP,1719.935,2020-06-15 07:35:00,2020-06-15 07:40:00,2020-06-15 07:50:00
104439.0,520307.0,520403.0,104459.0,1.0,1.0,1730.0,1728.636813133949,1740.0,2.9255323259033266,0.15,1731.573,1728.636813133949,1.0,1.0,1.0,1.0,0.0,0.0,44.04280299076504,9137.086315005206,9093.043512014441,1.3631868660509123,0.29,20.0,BREAK_LONG,STOP,1731.3865,2020-06-16 02:15:00,2020-06-16 02:20:00,2020-06-16 03:56:00
105071.0,523457.0,523504.0,105081.0,1.0,1.0,1730.0,1728.6103126472613,1740.0,1.4503503168881582,0.04,1733.2055,1728.6103126472613,1.0,1.0,1.0,-1.0,0.0,1.0,18.380749410955104,9093.043512014441,9074.662762603486,1.3896873527387357,0.29,10.0,BREAK_LONG,STOP,1733.1135,2020-06-18 08:55:00,2020-06-18 09:00:00,2020-06-18 09:47:00
105133.0,523767.0,523783.0,105137.0,1.0,3.0,1720.0,1717.5886033246736,1730.0,1.0673957338745814,0.03,1723.532,1717.5886033246736,1.0,-1.0,-1.0,-1.0,0.0,0.0,17.830190025978936,9074.662762603486,9056.832572577507,2.4147933506530093,0.29,4.0,REV_LONG,STOP,1723.447,2020-06-18 14:05:00,2020-06-18 14:10:00,2020-06-18 14:26:00
105874.0,527457.0,527464.0,105876.0,1.0,3.0,1750.0,1748.1099170881107,1760.0,3.9872774359458814,0.18,1750.559,1748.1099170881107,1.0,1.0,-1.0,1.0,0.0,0.0,44.08349241400674,9056.832572577507,9012.7490801635,1.5921658237784333,0.29,2.0,REV_LONG,STOP,1750.349,2020-06-23 06:50:00,2020-06-23 06:55:00,2020-06-23 07:02:00
106805.0,532097.0,532202.0,106827.0,1.0,1.0,1760.0,1757.3902616508565,1770.0,1.1010143421102057,0.03,1763.392,1770.0,2.0,1.0,1.0,-1.0,0.0,1.0,18.005215047430738,9012.7490801635,9032.5730801635,2.609738349143578,0.29,22.0,BREAK_LONG,TARGET,1763.247,2020-06-26 15:25:00,2020-06-26 15:30:00,2020-06-26 17:15:00
106998.0,533057.0,533072.0,107002.0,-1.0,4.0,1770.0,1771.205887515557,1760.0,6.587502363936933,0.15,1769.729,1771.205887515557,1.0,-1.0,1.0,-1.0,0.0,1.0,22.153312733353232,9032.5730801635,9010.419767430147,1.1497750311137331,0.29,4.0,REV_SHORT,STOP,1769.874,2020-06-29 08:30:00,2020-06-29 08:35:00,2020-06-29 08:50:00
107352.0,534822.0,535061.0,107400.0,1.0,1.0,1780.0,1777.5368263219596,1790.0,1.740560242530605,0.09,1782.0845,1781.3525,3.0,1.0,1.0,1.0,0.0,1.0,40.92906310236344,9010.419767430147,9003.831767430147,2.46317367804035,0.29,48.0,BREAK_LONG,TIME,1781.9395,2020-06-30 15:00:00,2020-06-30 15:05:00,2020-06-30 19:04:00
107873.0,537417.0,537448.0,107880.0,-1.0,2.0,1770.0,1771.3478030335186,1760.0,1.3868489142392817,0.04,1766.5935,1760.0,2.0,1.0,1.0,-1.0,0.0,0.0,19.017212134074725,9003.831767430147,9030.205767430147,1.3478030335186761,0.29,7.0,BREAK_SHORT,TARGET,1766.7385,2020-07-02 12:25:00,2020-07-02 12:30:00,2020-07-02 13:01:00
107893.0,537517.0,537756.0,107941.0,1.0,1.0,1770.0,1767.3639502573571,1780.0,1.0701092349178116,0.07,1773.468,1776.604,3.0,1.0,1.0,1.0,0.0,0.0,42.728348198500505,9030.205767430147,9052.157767430146,2.6360497426427885,0.29,48.0,BREAK_LONG,TIME,1773.323,2020-07-02 14:05:00,2020-07-02 14:10:00,2020-07-02 18:09:00
108724.0,541657.0,541896.0,108772.0,1.0,1.0,1790.0,1787.8985596549157,1800.0,1.2788016734405243,0.08,1793.209,1796.412,3.0,1.0,1.0,1.0,0.0,0.0,42.48352276067453,9052.157767430146,9077.781767430146,2.1014403450843098,0.29,48.0,BREAK_LONG,TIME,1793.064,2020-07-07 14:20:00,2020-07-07 14:25:00,2020-07-07 18:24:00
109012.0,543092.0,543286.0,109051.0,1.0,3.0,1810.0,1807.7349768439246,1820.0,2.678194027151594,0.13,1811.0695,1807.7349768439246,1.0,1.0,1.0,1.0,1.0,0.0,43.34880102898046,9077.781767430146,9034.432966401166,2.4910463121502815,0.29,39.0,REV_LONG,STOP,1810.9245,2020-07-08 15:20:00,2020-07-08 15:25:00,2020-07-08 18:39:00
109593.0,545987.0,546174.0,109631.0,-1.0,4.0,1800.0,1801.2175270648797,1790.0,5.068359656724275,0.12,1799.369,1798.9759999999999,4.0,1.0,1.0,-1.0,0.0,0.0,22.182324778557813,9034.432966401166,9039.148966401166,1.4620541297594545,0.29,38.0,REV_SHORT,SESSION,1799.514,2020-07-10 17:45:00,2020-07-10 17:50:00,2020-07-10 20:57:00
109939.0,547707.0,547946.0,109987.0,-1.0,2.0,1800.0,1800.7410580689407,1790.0,4.7807978386082075,0.12,1798.883,1798.242,3.0,1.0,1.0,-1.0,0.0,0.0,22.296696827287633,9039.148966401166,9046.840966401167,0.7410580689407517,0.29,48.0,BREAK_SHORT,TIME,1799.028,2020-07-14 00:35:00,2020-07-14 00:40:00,2020-07-14 04:39:00
110043.0,548227.0,548239.0,110046.0,1.0,3.0,1800.0,1798.674049601852,1810.0,4.533084928875129,0.22,1800.721,1798.674049601852,1.0,-1.0,1.0,1.0,0.0,0.0,45.032908759257225,9046.840966401167,9001.808057641909,1.1339007962958876,0.29,3.0,REV_LONG,STOP,1800.576,2020-07-14 09:15:00,2020-07-14 09:20:00,2020-07-14 09:32:00
110305.0,549532.0,549616.0,110322.0,1.0,1.0,1810.0,1808.8299193068224,1820.0,2.0328091138130033,0.12,1812.513,1808.8299193068224,1.0,1.0,1.0,1.0,0.0,0.0,44.19696831813053,9001.808057641909,8957.611089323778,1.1700806931776973,0.29,17.0,BREAK_LONG,STOP,1812.368,2020-07-15 08:05:00,2020-07-15 08:10:00,2020-07-15 09:34:00
110385.0,549932.0,550041.0,110407.0,-1.0,4.0,1810.0,1813.6357496006383,1800.0,1.8139608366973836,0.04,1808.79,1813.6357496006383,1.0,-1.0,-1.0,-1.0,0.0,1.0,19.382998402553312,8957.611089323778,8938.228090921224,1.958499201276335,0.29,22.0,REV_SHORT,STOP,1808.935,2020-07-15 14:45:00,2020-07-15 14:50:00,2020-07-15 16:39:00
110692.0,551462.0,551674.0,110735.0,-1.0,2.0,1800.0,1801.5270386827594,1790.0,2.8798009428990166,0.07,1798.556,1797.0265,4.0,1.0,1.0,-1.0,0.0,0.0,20.797270779315795,8938.228090921224,8948.934590921224,1.5270386827593823,0.29,43.0,BREAK_SHORT,SESSION,1798.701,2020-07-16 17:20:00,2020-07-16 17:25:00,2020-07-16 20:57:00
110840.0,552197.0,552226.0,110846.0,-1.0,4.0,1800.0,1800.5774330720546,1790.0,6.225352903058932,0.3,1799.1135,1800.5774330720546,1.0,1.0,-1.0,1.0,0.0,0.0,43.91799216164145,8948.934590921224,8905.016598759583,0.669866144109241,0.29,6.0,REV_SHORT,STOP,1799.2585,2020-07-17 06:40:00,2020-07-17 06:45:00,2020-07-17 07:14:00
111660.0,556282.0,556408.0,111686.0,-1.0,4.0,1860.0,1861.553011814984,1850.0,1.4831773189217554,0.04,1856.9005,1850.0,2.0,-1.0,-1.0,-1.0,1.0,1.0,18.610047259936437,8905.016598759583,8932.618598759582,1.2060236299680795,0.29,26.0,REV_SHORT,TARGET,1857.0455,2020-07-22 06:00:00,2020-07-22 06:05:00,2020-07-22 08:11:00
111687.0,556417.0,556456.0,111695.0,1.0,3.0,1850.0,1847.1627103474925,1860.0,1.492295457310728,0.08,1852.3135,1847.1627103474925,1.0,1.0,-1.0,1.0,0.0,0.0,41.206317220059645,8932.618598759582,8891.412281539522,2.3205793050150088,0.29,8.0,REV_LONG,STOP,1852.1685,2020-07-22 08:15:00,2020-07-22 08:20:00,2020-07-22 08:59:00
111776.0,556862.0,556901.0,111784.0,1.0,1.0,1860.0,1857.5746392588749,1870.0,1.1047944189764667,0.07,1863.478,1870.0,2.0,1.0,1.0,1.0,0.0,1.0,41.323525187876385,8891.412281539522,8937.066281539523,2.4253607411252043,0.29,8.0,BREAK_LONG,TARGET,1863.333,2020-07-22 15:40:00,2020-07-22 15:45:00,2020-07-22 16:24:00
111827.0,557117.0,557158.0,111836.0,-1.0,4.0,1870.0,1871.4237444094617,1860.0,2.8668921138934453,0.07,1868.4695,1871.4237444094617,1.0,-1.0,-1.0,-1.0,1.0,0.0,20.679710866232657,8937.066281539523,8916.38657067329,1.509488818923237,0.29,9.0,REV_SHORT,STOP,1868.6145,2020-07-22 19:55:00,2020-07-22 20:00:00,2020-07-22 20:41:00
111930.0,557627.0,557630.0,111931.0,1.0,1.0,1870.0,1869.0321377779887,1880.0,7.643855914180057,0.35000000000000003,1870.301,1869.0321377779887,1.0,1.0,1.0,1.0,0.0,1.0,44.41017777039179,8916.38657067329,8871.976392902898,0.9678622220113222,0.29,1.0,BREAK_LONG,STOP,1870.156,2020-07-23 05:30:00,2020-07-23 05:35:00,2020-07-23 05:38:00
112032.0,558137.0,558162.0,112038.0,-1.0,4.0,1880.0,1884.940898292311,1870.0,1.490399464136168,0.03,1878.9415,1884.940898292311,1.0,-1.0,-1.0,-1.0,0.0,1.0,17.99819487693321,8871.976392902898,8853.978198025965,3.1937965846220617,0.29,6.0,REV_SHORT,STOP,1879.0865,2020-07-23 14:00:00,2020-07-23 14:05:00,2020-07-23 14:30:00
112411.0,560022.0,560153.0,112438.0,1.0,1.0,1910.0,1908.208370606157,1920.0,1.2686552850057113,0.08,1913.406,1920.0,2.0,1.0,1.0,1.0,0.0,0.0,41.581035150744356,8853.978198025965,8906.730198025965,1.7916293938431054,0.29,27.0,BREAK_LONG,TARGET,1913.261,2020-07-26 23:35:00,2020-07-26 23:40:00,2020-07-27 01:51:00
112451.0,560222.0,560229.0,112453.0,-1.0,4.0,1930.0,1931.6560640042508,1920.0,3.3532345018628296,0.08,1928.9785,1931.6560640042508,1.0,-1.0,-1.0,-1.0,1.0,0.0,21.420512034006606,8906.730198025965,8885.309685991959,2.011128008501692,0.29,2.0,REV_SHORT,STOP,1929.1235,2020-07-27 02:55:00,2020-07-27 03:00:00,2020-07-27 03:07:00
112583.0,560882.0,560928.0,112593.0,-1.0,4.0,1940.0,1945.5379576134662,1930.0,1.6959437642365842,0.03,1939.7745,1945.5379576134662,1.0,-1.0,-1.0,-1.0,1.0,1.0,17.29037284039873,8885.309685991959,8868.01931315156,2.8999152269327384,0.29,10.0,REV_SHORT,STOP,1939.9195,2020-07-27 13:55:00,2020-07-27 14:00:00,2020-07-27 14:46:00
112683.0,561377.0,561393.0,112687.0,1.0,1.0,1950.0,1947.896772625686,1960.0,1.2006958800977907,0.08,1953.3965,1960.0,2.0,1.0,1.0,1.0,0.0,0.0,43.99781899451227,8868.01931315156,8920.84731315156,2.103227374313867,0.29,4.0,BREAK_LONG,TARGET,1953.2515,2020-07-27 23:15:00,2020-07-27 23:20:00,2020-07-27 23:36:00
112708.0,561502.0,561512.0,112711.0,1.0,1.0,1970.0,1965.5113665684494,1980.0,1.2211156008971156,0.06,1972.0345,1965.5113665684494,1.0,1.0,1.0,1.0,0.0,1.0,39.13880058930362,8920.84731315156,8881.708512562256,4.488633431550625,0.29,3.0,BREAK_LONG,STOP,1971.8895,2020-07-28 01:20:00,2020-07-28 01:25:00,2020-07-28 01:35:00
113055.0,563232.0,563471.0,113103.0,-1.0,4.0,1960.0,1962.1635185337605,1950.0,2.74202405167914,0.06,1958.913,1956.033,3.0,-1.0,-1.0,-1.0,0.0,1.0,19.503111202562646,8881.708512562256,8898.988512562257,1.913037067520696,0.29,48.0,REV_SHORT,TIME,1959.058,2020-07-29 07:15:00,2020-07-29 07:20:00,2020-07-29 11:19:00
113125.0,563582.0,563614.0,113132.0,-1.0,4.0,1960.0,1962.912683925033,1950.0,2.29095925455425,0.05,1958.989,1950.0,2.0,-1.0,-1.0,-1.0,0.0,0.0,19.618419625164734,8898.988512562257,8943.933512562257,1.9063678500659211,0.29,7.0,REV_SHORT,TARGET,1959.134,2020-07-29 13:05:00,2020-07-29 13:10:00,2020-07-29 13:42:00
113917.0,567527.0,567532.0,113919.0,1.0,3.0,1970.0,1967.784664832922,1980.0,2.548045309832734,0.06,1971.2275,1967.784664832922,1.0,1.0,-1.0,-1.0,0.0,0.0,20.657011002467243,8943.933512562257,8923.276501559789,1.3346703341559025,0.29,2.0,REV_LONG,STOP,1971.0825,2020-08-03 10:05:00,2020-08-03 10:10:00,2020-08-03 10:15:00
114409.0,569977.0,570068.0,114428.0,1.0,1.0,2020.0,2018.4729827014426,2030.0,1.6008511524333062,0.1,2022.905,2030.0,2.0,1.0,1.0,1.0,0.0,0.0,44.32017298557412,8923.276501559789,8994.22650155979,1.5270172985574317,0.29,19.0,BREAK_LONG,TARGET,2022.76,2020-08-05 05:05:00,2020-08-05 05:10:00,2020-08-05 06:41:00
114471.0,570287.0,570411.0,114496.0,1.0,1.0,2040.0,2037.960679484784,2050.0,2.783189172068157,0.14,2041.143,2037.960679484784,1.0,1.0,1.0,1.0,0.0,1.0,44.55248721302588,8994.22650155979,8949.674014346763,2.039320515216027,0.29,25.0,BREAK_LONG,STOP,2040.998,2020-08-05 10:15:00,2020-08-05 10:20:00,2020-08-05 12:24:00
114636.0,571107.0,571174.0,114650.0,1.0,1.0,2040.0,2038.5702696967167,2050.0,2.940973339373798,0.15,2041.4705,2038.5702696967167,1.0,1.0,1.0,1.0,0.0,0.0,43.50345454924877,8949.674014346763,8906.170559797514,1.4297303032833089,0.29,14.0,BREAK_LONG,STOP,2041.3255,2020-08-06 01:00:00,2020-08-06 01:05:00,2020-08-06 02:12:00
114705.0,571452.0,571470.0,114709.0,1.0,1.0,2050.0,2047.6626463973932,2060.0,1.169451592168982,0.07,2053.3495,2047.6626463973932,1.0,1.0,1.0,1.0,0.0,0.0,39.807975218245936,8906.170559797514,8866.362584579269,2.3373536026066826,0.29,4.0,BREAK_LONG,STOP,2053.2045,2020-08-06 06:45:00,2020-08-06 06:50:00,2020-08-06 07:08:00
114850.0,572177.0,572184.0,114852.0,-1.0,4.0,2060.0,2061.925801486894,2050.0,3.912181474174207,0.09,2059.498,2061.925801486894,1.0,-1.0,-1.0,-1.0,1.0,0.0,21.850213382047514,8866.362584579269,8844.512371197221,2.0296029737879,0.29,2.0,REV_SHORT,STOP,2059.643,2020-08-06 18:50:00,2020-08-06 18:55:00,2020-08-06 19:02:00
114884.0,572342.0,572581.0,114932.0,-1.0,4.0,2070.0,2073.253673637104,2060.0,1.919521246809021,0.04,2068.714,2066.6625,3.0,-1.0,0.0,-1.0,0.0,0.0,18.15869454841595,8844.512371197221,8852.718371197221,2.4803472742074844,0.29,48.0,REV_SHORT,TIME,2068.859,2020-08-06 22:40:00,2020-08-06 22:45:00,2020-08-07 02:44:00
115111.0,573477.0,573497.0,115116.0,-1.0,2.0,2020.0,2024.1180865318927,2010.0,1.571325749969752,0.08,2018.6275,2024.1180865318927,1.0,1.0,1.0,1.0,0.0,1.0,43.92469225514105,8852.718371197221,8808.79367894208,4.118086531892765,0.29,5.0,BREAK_SHORT,STOP,2018.7725,2020-08-07 17:35:00,2020-08-07 17:40:00,2020-08-07 18:00:00
115327.0,574552.0,574617.0,115341.0,1.0,3.0,2030.0,2027.7506823265146,2040.0,1.875887316350783,0.05,2032.01,2040.0,2.0,-1.0,1.0,-1.0,0.0,0.0,21.29658836742692,8808.79367894208,8848.74367894208,1.861635346970613,0.29,14.0,REV_LONG,TARGET,2031.865,2020-08-10 12:35:00,2020-08-10 12:40:00,2020-08-10 13:45:00
115376.0,574797.0,574894.0,115396.0,1.0,3.0,2030.0,2027.1416220015853,2040.0,1.0949223822526393,0.03,2033.2794999999999,2027.1416220015853,1.0,-1.0,1.0,-1.0,0.0,1.0,18.413633995243572,8848.74367894208,8830.330044946837,2.603755996829553,0.29,20.0,REV_LONG,STOP,2033.1345,2020-08-10 16:40:00,2020-08-10 16:45:00,2020-08-10 18:22:00
115532.0,575572.0,575591.0,115536.0,-1.0,2.0,2000.0,2003.5794239724096,1990.0,2.037954125445538,0.09,1999.1095,2003.5794239724096,1.0,1.0,1.0,1.0,0.0,1.0,40.229315751686045,8830.330044946837,8790.10072919515,3.579423972409552,0.29,4.0,BREAK_SHORT,STOP,1999.2545,2020-08-11 06:40:00,2020-08-11 06:45:00,2020-08-11 07:04:00
115555.0,575687.0,575710.0,115560.0,-1.0,2.0,1990.0,1994.1480776107946,1980.0,1.138115712548739,0.06,1987.531,1994.1480776107946,1.0,1.0,1.0,1.0,0.0,0.0,39.70246566476817,8790.10072919515,8750.398263530382,4.148077610794629,0.29,5.0,BREAK_SHORT,STOP,1987.676,2020-08-11 08:35:00,2020-08-11 08:40:00,2020-08-11 09:03:00
115708.0,576447.0,576455.0,115710.0,-1.0,4.0,1920.0,1924.6322346765219,1910.0,1.6398944799760513,0.07,1919.0895,1924.6322346765219,1.0,1.0,0.0,1.0,0.0,0.0,38.79914273565282,8750.398263530382,8711.59912079473,4.538469353043665,0.29,2.0,REV_SHORT,STOP,1919.2345,2020-08-11 22:20:00,2020-08-11 22:25:00,2020-08-11 22:33:00
116091.0,578357.0,578367.0,116094.0,1.0,3.0,1930.0,1926.6003935897666,1940.0,2.0834836718481906,0.1,1930.946,1926.6003935897666,1.0,-1.0,1.0,1.0,0.0,0.0,43.456064102333585,8711.59912079473,8668.143056692395,2.566212820466615,0.29,3.0,REV_LONG,STOP,1930.801,2020-08-13 07:15:00,2020-08-13 07:20:00,2020-08-13 07:30:00
116267.0,579232.0,579447.0,116311.0,-1.0,4.0,1960.0,1962.9101204960737,1950.0,2.3462201372952682,0.05,1959.052,1950.0,2.0,-1.0,-1.0,-1.0,0.0,0.0,19.29060248036876,8668.143056692395,8713.403056692396,2.7052409921473246,0.29,44.0,REV_SHORT,TARGET,1959.197,2020-08-13 22:55:00,2020-08-13 23:00:00,2020-08-14 02:35:00
116363.0,579712.0,579784.0,116378.0,1.0,3.0,1940.0,1937.4043753713013,1950.0,1.2747590985068724,0.07,1942.9415,1950.0,2.0,-1.0,-1.0,1.0,1.0,0.0,38.75987240089035,8713.403056692396,8762.812556692397,2.861249257397427,0.29,15.0,REV_LONG,TARGET,1942.7965,2020-08-14 06:55:00,2020-08-14 07:00:00,2020-08-14 08:12:00
116541.0,580597.0,580656.0,116553.0,-1.0,4.0,1950.0,1952.3009131985905,1940.0,2.294816979603247,0.05,1948.5675,1940.0,2.0,-1.0,0.0,-1.0,0.0,1.0,18.667065992951848,8762.812556692397,8805.650056692399,1.7228263971808604,0.29,12.0,REV_SHORT,TARGET,1948.7125,2020-08-16 22:45:00,2020-08-16 22:50:00,2020-08-16 23:49:00
116723.0,581507.0,581531.0,116728.0,1.0,1.0,1970.0,1967.1523005173372,1980.0,1.1740021671751733,0.07,1973.062,1980.0,2.0,1.0,1.0,1.0,0.0,0.0,41.367896378639216,8805.650056692399,8854.2160566924,2.8476994826629554,0.29,5.0,BREAK_LONG,TARGET,1972.917,2020-08-17 13:55:00,2020-08-17 14:00:00,2020-08-17 14:24:00
117593.0,585842.0,585930.0,117611.0,1.0,3.0,1940.0,1936.155709140362,1950.0,2.3975463616476658,0.05,1940.2305,1950.0,2.0,-1.0,1.0,-1.0,0.0,1.0,20.373954298189574,8854.2160566924,8903.0635566924,2.7785817192763735,0.29,18.0,REV_LONG,TARGET,1940.0855,2020-08-20 17:25:00,2020-08-20 17:30:00,2020-08-20 18:58:00
117615.0,585952.0,585968.0,117619.0,-1.0,4.0,1950.0,1954.5398756098475,1940.0,1.6513868373925196,0.04,1949.056,1954.5398756098475,1.0,1.0,-1.0,-1.0,0.0,1.0,21.935502439389893,8903.0635566924,8881.12805425301,2.883751219695283,0.29,4.0,REV_SHORT,STOP,1949.201,2020-08-20 19:15:00,2020-08-20 19:20:00,2020-08-20 19:36:00
117763.0,586687.0,586864.0,117799.0,1.0,3.0,1930.0,1926.9937942115655,1940.0,1.6412799032449985,0.04,1931.918,1926.9937942115655,1.0,-1.0,-1.0,-1.0,1.0,0.0,19.69682315373757,8881.12805425301,8861.431231099272,2.9244115768689247,0.29,36.0,REV_LONG,STOP,1931.773,2020-08-21 08:35:00,2020-08-21 08:40:00,2020-08-21 11:37:00
117842.0,587082.0,587321.0,117890.0,-1.0,4.0,1940.0,1948.803359139518,1930.0,1.0922007063051875,0.04,1939.816,1940.2435,3.0,1.0,1.0,1.0,0.0,1.0,35.94943655807219,8861.431231099272,8859.721231099273,4.563718279036003,0.29,48.0,REV_SHORT,TIME,1939.961,2020-08-21 15:10:00,2020-08-21 15:15:00,2020-08-21 19:14:00
118154.0,588637.0,588643.0,118156.0,1.0,3.0,1930.0,1926.8444306739214,1940.0,2.152870161762402,0.05,1931.017,1926.8444306739214,1.0,-1.0,-1.0,-1.0,0.0,1.0,20.862846630393506,8859.721231099273,8838.85838446888,2.335138652157345,0.29,2.0,REV_LONG,STOP,1930.872,2020-08-24 18:10:00,2020-08-24 18:15:00,2020-08-24 18:21:00
118190.0,588812.0,588974.0,118223.0,-1.0,4.0,1930.0,1932.0530289475375,1920.0,3.00961838954049,0.14,1929.047,1932.0530289475375,1.0,1.0,0.0,1.0,0.0,0.0,42.08440526552523,8838.85838446888,8796.773979203355,1.648057895075071,0.29,33.0,REV_SHORT,STOP,1929.192,2020-08-24 22:10:00,2020-08-24 22:15:00,2020-08-25 00:57:00
118314.0,589432.0,589609.0,118350.0,-1.0,2.0,1930.0,1931.9671419452895,1920.0,1.793357946145428,0.05,1927.683,1931.9671419452895,1.0,1.0,1.0,-1.0,0.0,0.0,21.42070972644774,8796.773979203355,8775.353269476907,1.9671419452894436,0.29,36.0,BREAK_SHORT,STOP,1927.828,2020-08-25 08:30:00,2020-08-25 08:35:00,2020-08-25 11:32:00
118406.0,589892.0,590007.0,118430.0,-1.0,4.0,1920.0,1923.3469536193838,1910.0,1.4933811440196834,0.08,1917.994,1923.3469536193838,1.0,1.0,1.0,1.0,1.0,1.0,42.8236289550714,8775.353269476907,8732.529640521836,2.8999072387677303,0.29,24.0,REV_SHORT,STOP,1918.139,2020-08-25 16:10:00,2020-08-25 16:15:00,2020-08-25 18:10:00
118664.0,591177.0,591224.0,118674.0,-1.0,4.0,1940.0,1945.8062020219616,1930.0,1.0018741814213814,0.02,1937.9105,1945.8062020219616,1.0,-1.0,-1.0,-1.0,1.0,1.0,15.791404043923194,8732.529640521836,8716.738236477913,3.91540404392301,0.29,10.0,REV_SHORT,STOP,1938.0555,2020-08-26 14:40:00,2020-08-26 14:45:00,2020-08-26 15:32:00
118722.0,591467.0,591549.0,118739.0,1.0,1.0,1950.0,1948.016507041715,1960.0,4.059543418259428,0.18,1950.385,1953.796,4.0,1.0,1.0,1.0,0.0,0.0,42.63287324913108,8716.738236477913,8778.136236477914,1.983492958284983,0.29,17.0,BREAK_LONG,SESSION,1950.24,2020-08-26 19:30:00,2020-08-26 19:35:00,2020-08-26 20:57:00
118776.0,591732.0,591735.0,118777.0,1.0,3.0,1950.0,1947.2418012276055,1960.0,3.1588825106304883,0.14,1950.3095,1947.2418012276055,1.0,1.0,-1.0,1.0,0.0,0.0,42.94778281352411,8778.136236477914,8735.18845366439,1.5173975447892523,0.29,1.0,REV_LONG,STOP,1950.1645,2020-08-27 01:00:00,2020-08-27 01:05:00,2020-08-27 01:08:00
119057.0,593132.0,593146.0,119060.0,-1.0,4.0,1930.0,1932.357018252072,1920.0,3.787652408948278,0.16,1929.776,1932.357018252072,1.0,1.0,-1.0,1.0,0.0,1.0,41.296292033151985,8735.18845366439,8693.892161631238,1.5830365041441437,0.29,3.0,REV_SHORT,STOP,1929.921,2020-08-28 01:25:00,2020-08-28 01:30:00,2020-08-28 01:44:00
119089.0,593292.0,593306.0,119092.0,-1.0,4.0,1940.0,1941.8652516111185,1930.0,4.766124320840399,0.1,1939.8075000000001,1941.8652516111185,1.0,-1.0,-1.0,-1.0,0.0,0.0,20.577516111184195,8693.892161631238,8673.314645520055,1.5125032222373613,0.29,3.0,REV_SHORT,STOP,1939.9525,2020-08-28 04:05:00,2020-08-28 04:10:00,2020-08-28 04:24:00
119129.0,593492.0,593550.0,119141.0,-1.0,4.0,1950.0,1953.4746694212504,1940.0,2.4700184203941986,0.05,1949.5915,1953.4746694212504,1.0,-1.0,-1.0,-1.0,1.0,1.0,19.41584710625193,8673.314645520055,8653.898798413804,2.5873388425006656,0.29,12.0,REV_SHORT,STOP,1949.7365,2020-08-28 07:25:00,2020-08-28 07:30:00,2020-08-28 08:28:00
119180.0,593747.0,593776.0,119186.0,1.0,1.0,1960.0,1957.6104394103818,1970.0,2.1617631796846317,0.11,1961.529,1957.6104394103818,1.0,1.0,1.0,1.0,0.0,0.0,43.104166485800306,8653.898798413804,8610.794631928004,2.3895605896182746,0.29,6.0,BREAK_LONG,STOP,1961.384,2020-08-28 11:40:00,2020-08-28 11:45:00,2020-08-28 12:14:00
119507.0,595377.0,595379.0,119508.0,-1.0,4.0,1970.0,1972.2422117830663,1960.0,2.758494257791875,0.06,1968.9850000000001,1972.2422117830663,1.0,-1.0,-1.0,-1.0,0.0,0.0,19.54327069839701,8610.794631928004,8591.251361229606,2.661423566132809,0.29,1.0,REV_SHORT,STOP,1969.13,2020-08-31 15:55:00,2020-08-31 16:00:00,2020-08-31 16:02:00
119553.0,595607.0,595674.0,119567.0,-1.0,4.0,1970.0,1971.4520202922592,1960.0,5.4828127604541415,0.12,1969.6855,1967.3875,4.0,-1.0,-1.0,-1.0,0.0,0.0,21.19824350711042,8591.251361229606,8618.827361229607,1.7520405845184486,0.29,14.0,REV_SHORT,SESSION,1969.8305,2020-08-31 19:45:00,2020-08-31 19:50:00,2020-08-31 20:57:00
119688.0,596277.0,596516.0,119736.0,-1.0,4.0,1990.0,1993.6661448321427,1980.0,1.632334312919958,0.04,1988.4745,1990.6995,3.0,-1.0,-1.0,-1.0,1.0,1.0,20.766579328570515,8618.827361229607,8609.927361229607,2.162289664285429,0.29,48.0,REV_SHORT,TIME,1988.6195,2020-09-01 08:00:00,2020-09-01 08:05:00,2020-09-01 12:04:00
119829.0,596982.0,597049.0,119843.0,-1.0,4.0,1970.0,1971.8218593074025,1960.0,3.5418741127426125,0.16,1969.219,1970.6505,4.0,1.0,1.0,1.0,1.0,0.0,41.645748918439494,8609.927361229607,8587.023361229609,1.9307186148049833,0.29,14.0,REV_SHORT,SESSION,1969.364,2020-09-01 19:45:00,2020-09-01 19:50:00,2020-09-01 20:57:00
119981.0,597737.0,597795.0,119993.0,1.0,1.0,1970.0,1967.877751842051,1980.0,2.9534465358009165,0.07,1970.944,1967.877751842051,1.0,1.0,1.0,-1.0,0.0,1.0,21.463737105641943,8587.023361229609,8565.559624123967,2.1222481579487815,0.29,12.0,BREAK_LONG,STOP,1970.799,2020-09-02 09:25:00,2020-09-02 09:30:00,2020-09-02 10:28:00
120008.0,597872.0,597902.0,120015.0,-1.0,2.0,1960.0,1962.378957634382,1950.0,2.304617628550492,0.11,1958.633,1962.378957634382,1.0,1.0,1.0,1.0,0.0,0.0,41.20553397820163,8565.559624123967,8524.354090145765,2.378957634382092,0.29,7.0,BREAK_SHORT,STOP,1958.778,2020-09-02 11:40:00,2020-09-02 11:45:00,2020-09-02 12:15:00
120044.0,598052.0,598150.0,120064.0,1.0,3.0,1940.0,1935.6372170228212,1950.0,1.1326274396439744,0.03,1942.372,1935.6372170228212,1.0,-1.0,-1.0,-1.0,1.0,0.0,20.204348931536515,8524.354090145765,8504.149741214229,4.161565954357807,0.29,20.0,REV_LONG,STOP,1942.227,2020-09-02 14:40:00,2020-09-02 14:45:00,2020-09-02 16:23:00
120083.0,598247.0,598329.0,120100.0,-1.0,4.0,1940.0,1943.725050001651,1930.0,1.5932773421828432,0.08,1938.4325000000001,1943.725050001651,1.0,1.0,1.0,1.0,1.0,1.0,42.34040001320682,8504.149741214229,8461.809341201022,2.4241000033021205,0.29,17.0,REV_SHORT,STOP,1938.5775,2020-09-02 17:55:00,2020-09-02 18:00:00,2020-09-02 19:22:00
120306.0,599357.0,599370.0,120309.0,-1.0,4.0,1940.0,1942.6214557943513,1930.0,2.281320901409237,0.1,1938.775,1942.6214557943513,1.0,1.0,-1.0,1.0,0.0,1.0,38.46455794351187,8461.809341201022,8423.34478325751,2.6069115887024124,0.29,3.0,REV_SHORT,STOP,1938.92,2020-09-03 13:30:00,2020-09-03 13:35:00,2020-09-03 13:48:00
120420.0,599922.0,600019.0,120440.0,1.0,3.0,1930.0,1924.9795083043527,1940.0,1.2196704785834078,0.03,1931.7465,1940.0,2.0,-1.0,1.0,-1.0,0.0,1.0,20.300975086941662,8423.34478325751,8448.10528325751,1.6309833912944232,0.29,20.0,REV_LONG,TARGET,1931.6015,2020-09-04 00:00:00,2020-09-04 00:05:00,2020-09-04 01:42:00
121075.0,603187.0,603248.0,121088.0,-1.0,2.0,1930.0,1931.416845044593,1920.0,3.5816833873222023,0.16,1928.925,1920.0,2.0,1.0,1.0,1.0,0.0,0.0,39.86952071348787,8448.10528325751,8590.905283257509,1.4168450445928624,0.29,13.0,BREAK_SHORT,TARGET,1929.07,2020-09-08 08:35:00,2020-09-08 08:40:00,2020-09-08 09:41:00
121365.0,604632.0,604792.0,121398.0,-1.0,2.0,1930.0,1931.4826132145486,1920.0,3.01193536166933,0.15,1928.6205,1931.4826132145486,1.0,1.0,1.0,1.0,0.0,0.0,42.931698218228576,8590.905283257509,8547.97358503928,1.4826132145486202,0.29,33.0,BREAK_SHORT,STOP,1928.7655,2020-09-09 09:45:00,2020-09-09 09:50:00,2020-09-09 12:30:00
122054.0,608062.0,608301.0,122102.0,1.0,3.0,1940.0,1936.54961423423,1950.0,2.4169379136394493,0.05,1940.4859999999999,1949.3925,3.0,-1.0,0.0,-1.0,0.0,1.0,19.681928828849777,8547.97358503928,8592.50608503928,1.16177153154015,0.29,48.0,REV_LONG,TIME,1940.341,2020-09-13 22:10:00,2020-09-13 22:15:00,2020-09-14 02:14:00
122486.0,610217.0,610371.0,122517.0,-1.0,4.0,1970.0,1972.9326605779702,1960.0,1.8131844338750798,0.04,1968.3355,1960.0,2.0,-1.0,-1.0,-1.0,1.0,1.0,18.388642311881085,8592.50608503928,8625.84808503928,1.3923211559402833,0.29,31.0,REV_SHORT,TARGET,1968.4805,2020-09-15 11:10:00,2020-09-15 11:15:00,2020-09-15 13:49:00
122930.0,612427.0,612489.0,122943.0,-1.0,2.0,1950.0,1952.4120588651458,1940.0,1.072974837441315,0.07,1946.4245,1940.0,2.0,1.0,1.0,1.0,0.0,0.0,41.912912056020105,8625.84808503928,8670.81958503928,2.4120588651458426,0.29,13.0,BREAK_SHORT,TARGET,1946.5695,2020-09-17 02:10:00,2020-09-17 02:15:00,2020-09-17 03:17:00
122945.0,612502.0,612741.0,122993.0,1.0,3.0,1940.0,1936.6766136045567,1950.0,2.8155268776296394,0.06,1940.1685,1943.7275,3.0,-1.0,-1.0,-1.0,1.0,0.0,20.951318372659898,8670.81958503928,8692.17358503928,2.2527727908869233,0.29,48.0,REV_LONG,TIME,1940.0235,2020-09-17 03:25:00,2020-09-17 03:30:00,2020-09-17 07:29:00
123020.0,612877.0,612883.0,123022.0,-1.0,2.0,1940.0,1941.506322173514,1930.0,5.801141605570836,0.25,1939.8145,1941.506322173514,1.0,1.0,1.0,1.0,0.0,1.0,42.29555433785208,8692.17358503928,8649.878030701428,1.5063221735141137,0.29,2.0,BREAK_SHORT,STOP,1939.9595,2020-09-17 09:40:00,2020-09-17 09:45:00,2020-09-17 09:51:00
123064.0,613097.0,613137.0,123073.0,-1.0,2.0,1940.0,1942.5371020151638,1930.0,1.4151137809546968,0.08,1937.346,1942.5371020151638,1.0,1.0,1.0,1.0,0.0,0.0,41.52881612131023,8649.878030701428,8608.349214580117,2.5371020151636694,0.29,9.0,BREAK_SHORT,STOP,1937.491,2020-09-17 13:20:00,2020-09-17 13:25:00,2020-09-17 14:05:00
124043.0,617972.0,617975.0,124044.0,1.0,3.0,1900.0,1898.4151744095118,1910.0,5.040604342722594,0.11,1900.333,1898.4151744095118,1.0,-1.0,-1.0,-1.0,1.0,0.0,21.09608149537121,8608.349214580117,8587.253133084747,1.9116511809767005,0.29,1.0,REV_LONG,STOP,1900.188,2020-09-23 02:55:00,2020-09-23 03:00:00,2020-09-23 03:03:00
124061.0,618062.0,618162.0,124082.0,-1.0,2.0,1890.0,1892.207082499526,1880.0,2.6872914362574996,0.12,1888.8965,1880.0,2.0,1.0,1.0,1.0,0.0,1.0,39.726989994311225,8587.253133084747,8694.011133084747,2.2070824995259373,0.29,21.0,BREAK_SHORT,TARGET,1889.0415,2020-09-23 04:25:00,2020-09-23 04:30:00,2020-09-23 06:10:00
124907.0,622277.0,622338.0,124920.0,-1.0,2.0,1860.0,1861.2241445803131,1850.0,1.736165037717055,0.1,1857.122,1861.2241445803131,1.0,1.0,1.0,1.0,0.0,1.0,41.02144580313052,8694.011133084747,8652.989687281617,1.2241445803130735,0.29,13.0,BREAK_SHORT,STOP,1857.267,2020-09-28 05:55:00,2020-09-28 06:00:00,2020-09-28 07:01:00
124962.0,622552.0,622620.0,124976.0,-1.0,4.0,1860.0,1862.5278195858743,1850.0,1.8814028131655205,0.04,1858.18,1862.5278195858743,1.0,1.0,1.0,-1.0,0.0,1.0,17.391278343497106,8652.989687281617,8635.59840893812,2.161639171749124,0.29,14.0,REV_SHORT,STOP,1858.325,2020-09-28 10:30:00,2020-09-28 10:35:00,2020-09-28 11:43:00
125091.0,623192.0,623431.0,125139.0,1.0,3.0,1880.0,1878.5959578157724,1890.0,4.347627947795259,0.2,1880.7285,1885.8345,3.0,1.0,0.0,1.0,0.0,0.0,42.65084368455064,8635.59840893812,8737.71840893812,1.183084368455288,0.29,48.0,REV_LONG,TIME,1880.5835,2020-09-28 22:15:00,2020-09-28 22:20:00,2020-09-29 02:19:00
125287.0,624172.0,624287.0,125311.0,-1.0,4.0,1890.0,1893.3711166458497,1880.0,1.3369473128802911,0.03,1887.6495,1893.3711166458497,1.0,-1.0,-1.0,-1.0,0.0,1.0,17.164849937549207,8737.71840893812,8720.553559000571,2.4462332916996936,0.29,24.0,REV_SHORT,STOP,1887.7945,2020-09-29 14:35:00,2020-09-29 14:40:00,2020-09-29 16:35:00
125597.0,625717.0,625827.0,125620.0,1.0,3.0,1890.0,1886.1187253198646,1900.0,2.0286805066034512,0.09,1890.702,1886.1187253198646,1.0,1.0,-1.0,1.0,0.0,1.0,41.249472121219014,8720.553559000571,8679.304086879352,2.9635493602710072,0.29,23.0,REV_LONG,STOP,1890.557,2020-09-30 17:25:00,2020-09-30 17:30:00,2020-09-30 19:20:00
126106.0,628252.0,628337.0,126124.0,1.0,3.0,1900.0,1896.0832005169052,1910.0,1.2308642797300682,0.03,1902.3215,1910.0,2.0,1.0,-1.0,-1.0,0.0,0.0,18.714898449284416,8679.304086879352,8702.339586879352,3.669598966189509,0.29,18.0,REV_LONG,TARGET,1902.1765,2020-10-02 13:50:00,2020-10-02 13:55:00,2020-10-02 15:20:00
126305.0,629242.0,629259.0,126309.0,-1.0,2.0,1890.0,1891.5140205199866,1880.0,2.724989997813541,0.07,1888.423,1891.5140205199866,1.0,1.0,1.0,-1.0,0.0,0.0,21.637143639906302,8702.339586879352,8680.702443239446,1.514020519986662,0.29,4.0,BREAK_SHORT,STOP,1888.568,2020-10-05 07:25:00,2020-10-05 07:30:00,2020-10-05 07:47:00
126359.0,629512.0,629604.0,126378.0,1.0,1.0,1900.0,1898.8999709382942,1910.0,2.396551515338231,0.13,1902.168,1910.0,2.0,1.0,1.0,1.0,0.0,0.0,42.48437780217341,8680.702443239446,8782.518443239447,1.1000290617056705,0.29,19.0,BREAK_LONG,TARGET,1902.023,2020-10-05 11:55:00,2020-10-05 12:00:00,2020-10-05 13:32:00
126604.0,630732.0,630971.0,126652.0,1.0,1.0,1910.0,1908.6712230807843,1920.0,1.5666854321284227,0.09,1913.085,1917.801,3.0,1.0,1.0,1.0,0.0,0.0,39.72399227294135,8782.518443239447,8824.962443239447,1.3287769192157253,0.29,48.0,BREAK_LONG,TIME,1912.94,2020-10-06 09:20:00,2020-10-06 09:25:00,2020-10-06 13:24:00
126923.0,632322.0,632397.0,126939.0,-1.0,4.0,1890.0,1892.8300263417889,1880.0,3.155438665619769,0.07,1889.7425,1880.0,2.0,1.0,-1.0,-1.0,0.0,1.0,21.612684392521718,8824.962443239447,8893.159943239447,1.804052683577758,0.29,16.0,REV_SHORT,TARGET,1889.8875,2020-10-07 12:55:00,2020-10-07 13:00:00,2020-10-07 14:15:00
127125.0,633327.0,633566.0,127173.0,1.0,1.0,1890.0,1888.8094791423625,1900.0,1.1820172264626005,0.08,1893.9379999999999,1893.6395,3.0,1.0,1.0,1.0,0.0,0.0,41.028166861098725,8893.159943239447,8890.771943239448,1.1905208576375463,0.29,48.0,BREAK_LONG,TIME,1893.793,2020-10-08 06:45:00,2020-10-08 06:50:00,2020-10-08 10:49:00
127335.0,634372.0,634472.0,127356.0,1.0,1.0,1900.0,1898.8985306863106,1910.0,1.742817413375311,0.1,1902.946,1910.0,2.0,1.0,1.0,1.0,0.0,0.0,40.47469313689363,8890.771943239448,8961.311943239449,1.1014693136894118,0.29,21.0,BREAK_LONG,TARGET,1902.801,2020-10-09 01:15:00,2020-10-09 01:20:00,2020-10-09 03:00:00
127375.0,634572.0,634591.0,127379.0,1.0,3.0,1910.0,1909.0473285371347,1920.0,8.114530719360843,0.37,1910.249,1909.0473285371347,1.0,1.0,1.0,1.0,1.0,1.0,44.46184412601633,8961.311943239449,8916.850099113431,0.7923429257308914,0.29,4.0,REV_LONG,STOP,1910.104,2020-10-09 04:35:00,2020-10-09 04:40:00,2020-10-09 04:59:00
128317.0,639267.0,639282.0,128321.0,1.0,1.0,1910.0,1908.055430951838,1920.0,2.4742085981511135,0.12,1911.4935,1908.055430951838,1.0,1.0,1.0,1.0,0.0,1.0,41.25682857794527,8916.850099113431,8875.593270535486,1.9445690481620195,0.29,4.0,BREAK_LONG,STOP,1911.3485,2020-10-14 14:05:00,2020-10-14 14:10:00,2020-10-14 14:25:00
129431.0,644817.0,644989.0,129466.0,-1.0,4.0,1910.0,1913.6085691055941,1900.0,1.8116476869856473,0.04,1908.7685000000001,1913.6085691055941,1.0,-1.0,-1.0,-1.0,1.0,1.0,19.360276422376046,8875.593270535486,8856.23299411311,2.504138211187997,0.29,35.0,REV_SHORT,STOP,1908.9135,2020-10-20 14:55:00,2020-10-20 15:00:00,2020-10-20 17:52:00
129518.0,645247.0,645433.0,129556.0,1.0,1.0,1910.0,1909.067453942436,1920.0,3.339954811360872,0.17,1911.5865,1920.0,2.0,1.0,1.0,1.0,0.0,0.0,42.82378297858555,8856.23299411311,8999.262494113113,0.9325460575639437,0.29,38.0,BREAK_LONG,TARGET,1911.4415,2020-10-20 23:10:00,2020-10-20 23:15:00,2020-10-21 02:21:00
130184.0,648567.0,648650.0,130201.0,1.0,1.0,1910.0,1908.9044263564713,1920.0,2.6271024945739363,0.14,1911.9635,1908.9044263564713,1.0,1.0,1.0,1.0,0.0,0.0,42.82703100940308,8999.262494113113,8956.43546310371,1.0955736435287764,0.29,17.0,BREAK_LONG,STOP,1911.8185,2020-10-23 08:40:00,2020-10-23 08:45:00,2020-10-23 10:08:00
130235.0,648822.0,648837.0,130239.0,1.0,3.0,1910.0,1908.5934415971333,1920.0,5.076826584322916,0.23,1910.4705,1908.5934415971333,1.0,1.0,1.0,1.0,0.0,0.0,43.17234326593235,8956.43546310371,8913.263119837777,1.3601168057334991,0.29,4.0,REV_LONG,STOP,1910.3255,2020-10-23 12:55:00,2020-10-23 13:00:00,2020-10-23 13:15:00
131062.0,652942.0,653001.0,131074.0,1.0,3.0,1880.0,1875.3770867741043,1890.0,1.16766992640259,0.03,1882.123,1875.3770867741043,1.0,-1.0,-1.0,-1.0,1.0,1.0,20.23773967768716,8913.263119837777,8893.02538016009,2.61782645179107,0.29,12.0,REV_LONG,STOP,1881.978,2020-10-28 12:50:00,2020-10-28 12:55:00,2020-10-28 13:54:00
131284.0,654047.0,654092.0,131294.0,-1.0,2.0,1880.0,1881.4173555648783,1870.0,4.02445820598919,0.19,1879.145,1881.4173555648783,1.0,1.0,1.0,1.0,0.0,0.0,43.17475573268871,8893.02538016009,8849.850624427401,1.417355564878394,0.29,10.0,BREAK_SHORT,STOP,1879.29,2020-10-29 08:20:00,2020-10-29 08:25:00,2020-10-29 09:10:00
131885.0,657042.0,657070.0,131891.0,1.0,1.0,1890.0,1888.440570154078,1900.0,3.7945940299648577,0.09,1890.8515,1888.440570154078,1.0,1.0,1.0,-1.0,0.0,1.0,21.698368613298495,8849.850624427401,8828.152255814102,1.5594298459219955,0.29,6.0,BREAK_LONG,STOP,1890.7065,2020-11-02 13:25:00,2020-11-02 13:30:00,2020-11-02 13:58:00
132421.0,659712.0,659734.0,132426.0,1.0,1.0,1900.0,1897.637969874333,1910.0,2.383585108227376,0.12,1901.2915,1910.0,2.0,1.0,1.0,1.0,0.0,0.0,43.842361508003705,8828.152255814102,8932.6542558141,2.362030125666855,0.29,5.0,BREAK_LONG,TARGET,1901.1465,2020-11-04 12:05:00,2020-11-04 12:10:00,2020-11-04 12:32:00
132737.0,661287.0,661332.0,132747.0,1.0,1.0,1940.0,1936.9967268235287,1950.0,1.0824318233654742,0.07,1943.241,1950.0,2.0,1.0,1.0,1.0,0.0,0.0,43.70991223529928,8932.6542558141,8979.967255814101,3.0032731764713163,0.29,10.0,BREAK_LONG,TARGET,1943.096,2020-11-05 15:25:00,2020-11-05 15:30:00,2020-11-05 16:15:00
133154.0,663362.0,663501.0,133182.0,1.0,1.0,1960.0,1958.813247831326,1970.0,2.8785624537873895,0.15,1961.6975,1958.813247831326,1.0,1.0,1.0,1.0,0.0,0.0,43.263782530110575,8979.967255814101,8936.703473283991,1.1867521686739775,0.29,28.0,BREAK_LONG,STOP,1961.5525,2020-11-09 04:10:00,2020-11-09 04:15:00,2020-11-09 06:34:00
133206.0,663622.0,663814.0,133245.0,-1.0,4.0,1960.0,1964.1428706286251,1950.0,2.088724660664175,0.04,1959.564,1950.0,2.0,-1.0,-1.0,-1.0,0.0,1.0,18.315482514500218,8936.703473283991,8974.95947328399,1.6937412572501418,0.29,39.0,REV_SHORT,TARGET,1959.709,2020-11-09 08:30:00,2020-11-09 08:35:00,2020-11-09 11:47:00
133512.0,665147.0,665182.0,133520.0,1.0,3.0,1870.0,1866.132952621108,1880.0,1.1793091506583098,0.03,1872.496,1880.0,2.0,-1.0,-1.0,-1.0,0.0,1.0,19.0891421366764,8974.95947328399,8997.47147328399,2.6220947577840334,0.29,8.0,REV_LONG,TARGET,1872.351,2020-11-10 11:00:00,2020-11-10 11:05:00,2020-11-10 11:40:00
133522.0,665197.0,665262.0,133536.0,-1.0,4.0,1880.0,1882.1337098371432,1870.0,3.903083850489195,0.18,1879.659,1882.1337098371432,1.0,1.0,-1.0,1.0,0.0,1.0,44.54477706857596,8997.47147328399,8952.926696215414,2.2934196742863797,0.29,14.0,REV_SHORT,STOP,1879.804,2020-11-10 11:50:00,2020-11-10 11:55:00,2020-11-10 13:00:00
134139.0,668272.0,668301.0,134145.0,1.0,1.0,1880.0,1878.3414605812652,1890.0,2.3115775828819736,0.12,1881.862,1878.3414605812652,1.0,1.0,1.0,1.0,0.0,0.0,42.24647302481844,8952.926696215414,8910.680223190597,1.6585394187347349,0.29,6.0,BREAK_LONG,STOP,1881.717,2020-11-12 17:15:00,2020-11-12 17:20:00,2020-11-12 17:49:00
134756.0,671342.0,671365.0,134761.0,-1.0,4.0,1890.0,1891.0433114143582,1880.0,5.017132203267237,0.12,1889.208,1891.0433114143582,1.0,-1.0,0.0,-1.0,0.0,0.0,22.02373697229723,8910.680223190597,8888.6564862183,0.8616228287164046,0.29,5.0,REV_SHORT,STOP,1889.353,2020-11-16 23:40:00,2020-11-16 23:45:00,2020-11-17 00:08:00
134781.0,671467.0,671519.0,134792.0,-1.0,4.0,1890.0,1891.0890727693968,1880.0,5.418874484383293,0.12,1889.3615,1891.0890727693968,1.0,-1.0,1.0,-1.0,0.0,0.0,20.73087323276195,8888.6564862183,8867.925612985538,1.0521455387934662,0.29,11.0,REV_SHORT,STOP,1889.5065,2020-11-17 01:45:00,2020-11-17 01:50:00,2020-11-17 02:42:00
134866.0,671892.0,671949.0,134878.0,1.0,1.0,1890.0,1888.4187948314825,1900.0,5.237503597711588,0.23,1890.2755,1888.4187948314825,1.0,1.0,1.0,1.0,0.0,1.0,42.70421887590169,8867.925612985538,8825.221394109636,1.5812051685175008,0.29,12.0,BREAK_LONG,STOP,1890.1305,2020-11-17 08:50:00,2020-11-17 08:55:00,2020-11-17 09:52:00
135382.0,674462.0,674624.0,135415.0,1.0,3.0,1860.0,1857.4503094169002,1870.0,1.3894202589452254,0.04,1862.7024999999999,1857.4503094169002,1.0,-1.0,-1.0,-1.0,1.0,0.0,21.008762332398874,8825.221394109636,8804.212631777238,1.404381166199443,0.29,33.0,REV_LONG,STOP,1862.5575,2020-11-19 05:50:00,2020-11-19 05:55:00,2020-11-19 08:37:00
136557.0,680317.0,680320.0,136558.0,-1.0,4.0,1810.0,1812.3689569345952,1800.0,3.89093221216699,0.08,1809.84,1812.3689569345952,1.0,1.0,-1.0,-1.0,0.0,1.0,20.23165547676217,8804.212631777238,8783.980976300476,1.3159138691902519,0.29,1.0,REV_SHORT,STOP,1809.985,2020-11-25 11:45:00,2020-11-25 11:50:00,2020-11-25 11:53:00
136994.0,682492.0,682500.0,136996.0,1.0,3.0,1810.0,1809.1666604218694,1820.0,8.475172368163927,0.38,1810.31,1809.1666604218694,1.0,-1.0,-1.0,1.0,0.0,0.0,43.446903968959305,8783.980976300476,8740.534072331517,0.8496791562611943,0.29,2.0,REV_LONG,STOP,1810.165,2020-11-27 02:10:00,2020-11-27 02:15:00,2020-11-27 02:23:00
137377.0,684402.0,684418.0,137381.0,-1.0,2.0,1770.0,1772.0306123687822,1760.0,3.4317975218610837,0.08,1769.316,1772.0306123687822,1.0,1.0,1.0,-1.0,0.0,1.0,21.71689895025702,8740.534072331517,8718.81717338126,2.0306123687820694,0.29,4.0,BREAK_SHORT,STOP,1769.461,2020-11-30 11:05:00,2020-11-30 11:10:00,2020-11-30 11:26:00
137684.0,685932.0,685942.0,137687.0,-1.0,4.0,1810.0,1811.7801411684138,1800.0,1.70985935630705,0.05,1807.433,1811.7801411684138,1.0,-1.0,-1.0,-1.0,1.0,0.0,21.735705842069137,8718.81717338126,8697.08146753919,2.0532823368274107,0.29,3.0,REV_SHORT,STOP,1807.578,2020-12-01 13:40:00,2020-12-01 13:45:00,2020-12-01 13:55:00
137951.0,687262.0,687309.0,137961.0,1.0,3.0,1820.0,1815.5562964133221,1830.0,1.8209236883194282,0.08,1820.6765,1815.5562964133221,1.0,1.0,1.0,1.0,0.0,1.0,40.961628693423336,8697.08146753919,8656.119838845767,1.8294071733559847,0.29,10.0,REV_LONG,STOP,1820.5315,2020-12-02 12:55:00,2020-12-02 13:00:00,2020-12-02 13:47:00
137979.0,687402.0,687641.0,138027.0,1.0,1.0,1820.0,1817.6119832238833,1830.0,1.0511602559173656,0.07,1823.6515,1828.222,3.0,1.0,1.0,1.0,0.0,0.0,42.2766174328167,8656.119838845767,8688.113338845767,2.3880167761167783,0.29,48.0,BREAK_LONG,TIME,1823.5065,2020-12-02 15:15:00,2020-12-02 15:20:00,2020-12-02 19:19:00
138420.0,689597.0,689836.0,138468.0,1.0,3.0,1840.0,1837.46436267152,1850.0,2.8593310752490435,0.13,1840.7125,1844.127,3.0,1.0,-1.0,1.0,0.0,1.0,42.225785270242575,8688.113338845767,8732.501838845765,1.06727465696046,0.29,48.0,REV_LONG,TIME,1840.5675,2020-12-04 06:00:00,2020-12-04 06:05:00,2020-12-04 10:04:00
138691.0,690947.0,691023.0,138707.0,1.0,1.0,1840.0,1839.1457453300231,1850.0,4.450962568290289,0.21,1841.137,1839.1457453300231,1.0,1.0,1.0,1.0,0.0,0.0,41.816348069512735,8732.501838845765,8690.685490776252,0.8542546699768888,0.29,16.0,BREAK_LONG,STOP,1840.992,2020-12-07 05:35:00,2020-12-07 05:40:00,2020-12-07 06:56:00
138717.0,691077.0,691085.0,138719.0,1.0,3.0,1840.0,1837.8463088873802,1850.0,3.7241159473063465,0.16,1840.4189999999999,1837.8463088873802,1.0,1.0,1.0,1.0,0.0,1.0,41.163057801913965,8690.685490776252,8649.522432974338,1.1553822252392885,0.29,2.0,REV_LONG,STOP,1840.274,2020-12-07 07:45:00,2020-12-07 07:50:00,2020-12-07 07:58:00
138760.0,691292.0,691440.0,138790.0,1.0,3.0,1830.0,1827.5635332263746,1840.0,3.796230672958768,0.08,1830.1565,1840.0,2.0,-1.0,-1.0,-1.0,1.0,1.0,20.74373418900359,8649.522432974338,8728.270432974337,1.6799335472506378,0.29,30.0,REV_LONG,TARGET,1830.0115,2020-12-07 11:20:00,2020-12-07 11:25:00,2020-12-07 13:53:00
138872.0,691852.0,691924.0,138887.0,1.0,1.0,1860.0,1858.9679330670835,1870.0,1.6910322757112441,0.1,1863.0674999999999,1861.857,4.0,1.0,1.0,1.0,0.0,0.0,40.99566932916332,8728.270432974337,8716.165432974338,1.0320669329164902,0.29,15.0,BREAK_LONG,SESSION,1862.9225,2020-12-07 20:40:00,2020-12-07 20:45:00,2020-12-07 21:57:00
138951.0,692242.0,692481.0,138999.0,-1.0,4.0,1870.0,1872.4655143553582,1860.0,3.2486207787611363,0.14,1869.5315,1863.3475,3.0,-1.0,-1.0,1.0,0.0,1.0,41.076200975014224,8716.165432974338,8802.741432974337,1.1610287107165875,0.29,48.0,REV_SHORT,TIME,1869.6765,2020-12-08 04:15:00,2020-12-08 04:20:00,2020-12-08 08:19:00
139147.0,693222.0,693292.0,139162.0,1.0,3.0,1870.0,1868.7838484206018,1880.0,4.9277236039227175,0.11,1870.676,1868.7838484206018,1.0,1.0,1.0,-1.0,0.0,1.0,20.813667373379758,8802.741432974337,8781.927765600958,0.7413031587965768,0.29,15.0,REV_LONG,STOP,1870.531,2020-12-08 20:35:00,2020-12-08 20:40:00,2020-12-08 21:50:00
139639.0,695672.0,695679.0,139641.0,1.0,3.0,1840.0,1837.4773642503883,1850.0,2.573673123536877,0.12,1840.9814999999999,1837.4773642503883,1.0,-1.0,1.0,1.0,0.0,0.0,42.049628995338935,8781.927765600958,8739.87813660562,2.5512714992231897,0.29,2.0,REV_LONG,STOP,1840.8365,2020-12-10 15:35:00,2020-12-10 15:40:00,2020-12-10 15:47:00
139951.0,697227.0,697312.0,139969.0,1.0,3.0,1840.0,1838.2090834311177,1850.0,4.051987173015997,0.09,1840.543,1838.2090834311177,1.0,-1.0,1.0,-1.0,0.0,1.0,21.005249119939435,8739.87813660562,8718.872887485679,1.1258331377645736,0.29,18.0,REV_LONG,STOP,1840.398,2020-12-11 18:35:00,2020-12-11 18:40:00,2020-12-11 20:05:00
140109.0,698012.0,698111.0,140129.0,-1.0,2.0,1830.0,1831.4567521057975,1820.0,2.368887748761958,0.06,1828.056,1820.0,2.0,1.0,1.0,-1.0,0.0,0.0,20.404512634784624,8718.872887485679,8767.208887485678,1.4567521057975408,0.29,20.0,BREAK_SHORT,TARGET,1828.201,2020-12-14 08:45:00,2020-12-14 08:50:00,2020-12-14 10:29:00
140189.0,698412.0,698651.0,140237.0,-1.0,2.0,1830.0,1832.5603941586553,1820.0,1.1226225297639485,0.03,1826.643,1828.3095,3.0,1.0,1.0,-1.0,0.0,0.0,17.75218247596581,8767.208887485678,8762.209387485678,2.5603941586552037,0.29,48.0,BREAK_SHORT,TIME,1826.788,2020-12-14 15:25:00,2020-12-14 15:30:00,2020-12-14 19:29:00
140938.0,702142.0,702150.0,140940.0,1.0,1.0,1880.0,1878.426310696822,1890.0,5.702820989205049,0.25,1880.153,1878.426310696822,1.0,1.0,1.0,1.0,0.0,1.0,43.167232579452275,8762.209387485678,8719.042154906227,1.5736893031779948,0.29,2.0,BREAK_LONG,STOP,1880.008,2020-12-17 08:50:00,2020-12-17 08:55:00,2020-12-17 09:03:00
141182.0,703357.0,703474.0,141206.0,1.0,3.0,1880.0,1878.9205405032267,1890.0,2.962668096429691,0.15,1881.7165,1878.9205405032267,1.0,1.0,-1.0,1.0,0.0,0.0,41.939392451599815,8719.042154906227,8677.102762454626,1.2589189935463807,0.29,24.0,REV_LONG,STOP,1881.5715,2020-12-18 06:10:00,2020-12-18 06:15:00,2020-12-18 08:12:00
141289.0,703892.0,704131.0,141337.0,1.0,3.0,1880.0,1876.279955457468,1890.0,1.0887495629653159,0.03,1882.8485,1881.9365,3.0,1.0,1.0,-1.0,0.0,0.0,19.705633627595944,8677.102762454626,8674.366762454625,2.87008908506348,0.29,48.0,REV_LONG,TIME,1882.7035,2020-12-18 15:05:00,2020-12-18 15:10:00,2020-12-18 19:09:00
141601.0,705447.0,705674.0,141647.0,-1.0,2.0,1880.0,1881.9454355393193,1870.0,1.8357550941300311,0.05,1877.733,1876.9365,4.0,1.0,1.0,-1.0,0.0,1.0,21.06217769659679,8674.366762454625,8678.349262454625,1.9454355393193457,0.29,46.0,BREAK_SHORT,SESSION,1877.878,2020-12-21 18:05:00,2020-12-21 18:10:00,2020-12-21 21:57:00
142313.0,708992.0,709231.0,142361.0,-1.0,4.0,1880.0,1881.2359766787395,1870.0,5.553589686038066,0.12,1879.5215,1874.4355,3.0,-1.0,-1.0,-1.0,1.0,0.0,20.573720144872823,8678.349262454625,8739.381262454626,1.0089533574787077,0.29,48.0,REV_SHORT,TIME,1879.6665,2020-12-24 08:25:00,2020-12-24 08:30:00,2020-12-24 12:29:00
143209.0,713457.0,713590.0,143236.0,-1.0,4.0,1880.0,1881.4935087056313,1870.0,4.197134732666607,0.09,1879.282,1881.4935087056313,1.0,1.0,-1.0,-1.0,0.0,0.0,19.903578350681983,8739.381262454626,8719.477684103944,1.7370174112623102,0.29,27.0,REV_SHORT,STOP,1879.427,2020-12-29 14:05:00,2020-12-29 14:10:00,2020-12-29 16:23:00
143472.0,714767.0,714782.0,143476.0,-1.0,4.0,1880.0,1881.0096242482855,1870.0,8.173737022657807,0.18,1879.8095,1881.0096242482855,1.0,1.0,1.0,-1.0,0.0,1.0,21.60223646913755,8719.477684103944,8697.875447634806,0.8972484965712633,0.29,4.0,REV_SHORT,STOP,1879.9545,2020-12-30 13:00:00,2020-12-30 13:05:00,2020-12-30 13:20:00
143535.0,715082.0,715137.0,143547.0,-1.0,4.0,1890.0,1891.454705689566,1880.0,5.51499750998607,0.12,1889.6965,1891.454705689566,1.0,-1.0,-1.0,-1.0,1.0,0.0,21.09846827479214,8697.875447634806,8676.776979360013,1.0494113791319333,0.29,12.0,REV_SHORT,STOP,1889.8415,2020-12-30 18:15:00,2020-12-30 18:20:00,2020-12-30 19:15:00
144171.0,718249.0,718406.0,144203.0,1.0,3.0,1940.0,1938.4577141281336,1950.0,2.826020924953921,0.07,1941.4745,1942.7235,4.0,1.0,1.0,-1.0,1.0,0.0,21.117501103065024,8676.776979360013,8685.519979360013,1.8565717437325275,0.29,32.0,REV_LONG,SESSION,1941.3295,2021-01-04 19:15:00,2021-01-04 19:20:00,2021-01-04 21:57:00
144510.0,719934.0,719939.0,144512.0,1.0,3.0,1950.0,1947.5415481110738,1960.0,2.094151434713567,0.1,1951.568,1947.5415481110738,1.0,1.0,1.0,1.0,0.0,0.0,40.264518889262035,8685.519979360013,8645.255460470751,2.1719037778525,0.29,2.0,REV_LONG,STOP,1951.423,2021-01-06 01:30:00,2021-01-06 01:35:00,2021-01-06 01:40:00
144782.0,721289.0,721313.0,144787.0,-1.0,2.0,1920.0,1921.8077050669615,1910.0,3.564766666975109,0.08,1919.221,1921.8077050669615,1.0,1.0,1.0,-1.0,0.0,0.0,20.693640535691884,8645.255460470751,8624.56181993506,1.8077050669615795,0.29,5.0,BREAK_SHORT,STOP,1919.366,2021-01-07 01:10:00,2021-01-07 01:15:00,2021-01-07 01:39:00
144978.0,722269.0,722508.0,145026.0,1.0,3.0,1910.0,1908.2325022643513,1920.0,2.732753747157639,0.06,1911.385,1914.596,3.0,-1.0,-1.0,-1.0,0.0,0.0,18.914986413892166,8624.56181993506,8643.827819935059,1.9629954712970887,0.29,48.0,REV_LONG,TIME,1911.24,2021-01-07 17:30:00,2021-01-07 17:35:00,2021-01-07 21:34:00
145134.0,723044.0,723069.0,145140.0,-1.0,4.0,1910.0,1912.4805239629306,1900.0,2.409025477380417,0.11,1908.8195,1900.0,2.0,1.0,1.0,1.0,0.0,1.0,40.27126359223644,8643.827819935059,8740.84231993506,1.3960479258613652,0.29,6.0,REV_SHORT,TARGET,1908.9645,2021-01-08 07:30:00,2021-01-08 07:35:00,2021-01-08 08:00:00
145197.0,723359.0,723406.0,145207.0,-1.0,2.0,1890.0,1891.8000879467302,1880.0,2.3574598574801007,0.12,1888.2855,1880.0,2.0,1.0,1.0,1.0,0.0,1.0,42.1750553607626,8740.84231993506,8840.26831993506,1.8000879467301307,0.29,10.0,BREAK_SHORT,TARGET,1888.4305,2021-01-08 12:45:00,2021-01-08 12:50:00,2021-01-08 13:37:00
145310.0,723919.0,724024.0,145332.0,-1.0,4.0,1850.0,1858.1076715209038,1840.0,1.0619846093993095,0.05,1849.326,1840.0,2.0,1.0,0.0,1.0,0.0,0.0,43.90835760451864,8840.26831993506,8886.898319935059,2.5103430418074852,0.29,22.0,REV_SHORT,TARGET,1849.471,2021-01-10 23:10:00,2021-01-10 23:15:00,2021-01-11 01:00:00
145893.0,726824.0,726881.0,145905.0,1.0,1.0,1860.0,1858.4742630610165,1870.0,1.6908940838838746,0.1,1862.7575,1858.4742630610165,1.0,1.0,1.0,1.0,0.0,0.0,42.83236938983464,8886.898319935059,8844.065950545224,1.5257369389835422,0.29,12.0,BREAK_LONG,STOP,1862.6125,2021-01-13 01:45:00,2021-01-13 01:50:00,2021-01-13 02:47:00
146127.0,727994.0,728031.0,146135.0,-1.0,2.0,1850.0,1851.4747956939548,1840.0,2.5071858903526127,0.13,1848.203,1845.2755,4.0,1.0,1.0,1.0,0.0,0.0,42.533344021412404,8844.065950545224,8882.123450545225,1.4747956939547222,0.29,8.0,BREAK_SHORT,SESSION,1848.348,2021-01-13 21:15:00,2021-01-13 21:20:00,2021-01-13 21:57:00
146300.0,728854.0,728911.0,146312.0,1.0,3.0,1840.0,1838.6515802945978,1850.0,2.006666081453463,0.05,1842.426,1838.6515802945978,1.0,-1.0,-1.0,-1.0,0.0,0.0,18.87209852701062,8882.123450545225,8863.251352018215,1.6168394108044137,0.29,12.0,REV_LONG,STOP,1842.281,2021-01-14 12:40:00,2021-01-14 12:45:00,2021-01-14 13:42:00
146323.0,728969.0,729162.0,146362.0,-1.0,4.0,1850.0,1853.374722309429,1840.0,2.172581429169334,0.1,1849.159,1853.374722309429,1.0,1.0,-1.0,1.0,1.0,0.0,42.157223094288845,8863.251352018215,8821.094128923925,2.5114446188579715,0.29,39.0,REV_SHORT,STOP,1849.304,2021-01-14 14:35:00,2021-01-14 14:40:00,2021-01-14 17:53:00
146617.0,730434.0,730467.0,146624.0,-1.0,2.0,1830.0,1833.2805575289624,1820.0,1.8416377559624837,0.09,1828.607,1833.2805575289624,1.0,1.0,1.0,1.0,0.0,0.0,42.062017760661774,8821.094128923925,8779.032111163264,3.2805575289623135,0.29,7.0,BREAK_SHORT,STOP,1828.752,2021-01-15 16:05:00,2021-01-15 16:10:00,2021-01-15 16:43:00
147565.0,735154.0,735393.0,147613.0,1.0,1.0,1870.0,1868.7983488946543,1880.0,1.9739019601385064,0.11,1872.565,1873.58,3.0,1.0,1.0,1.0,0.0,0.0,41.4331621588035,8779.032111163264,8790.197111163263,1.201651105345676,0.29,48.0,BREAK_LONG,TIME,1872.42,2021-01-21 03:05:00,2021-01-21 03:10:00,2021-01-21 07:09:00
147779.0,736224.0,736281.0,147791.0,-1.0,4.0,1870.0,1872.0581791513157,1860.0,2.7880931540820257,0.06,1868.875,1870.33,4.0,-1.0,1.0,-1.0,0.0,1.0,19.09907490789419,8790.197111163263,8781.467111163263,1.0553583026314197,0.29,12.0,REV_SHORT,SESSION,1869.02,2021-01-21 20:55:00,2021-01-21 21:00:00,2021-01-21 21:57:00
147882.0,736734.0,736736.0,147883.0,-1.0,2.0,1860.0,1861.1297062619224,1850.0,6.372100482481429,0.14,1859.6200000000001,1861.1297062619224,1.0,1.0,1.0,-1.0,0.0,0.0,21.13588766691146,8781.467111163263,8760.331223496352,1.129706261922346,0.29,1.0,BREAK_SHORT,STOP,1859.765,2021-01-22 06:30:00,2021-01-22 06:35:00,2021-01-22 06:37:00
147906.0,736854.0,736924.0,147921.0,1.0,3.0,1860.0,1858.3627096896262,1870.0,2.068670739299677,0.11,1862.155,1858.3627096896262,1.0,1.0,-1.0,1.0,0.0,0.0,41.71519341411181,8760.331223496352,8718.616030082241,1.2945806207477155,0.29,15.0,REV_LONG,STOP,1862.01,2021-01-22 08:30:00,2021-01-22 08:35:00,2021-01-22 09:45:00
148212.0,738379.0,738601.0,148257.0,1.0,1.0,1860.0,1858.5823466067145,1870.0,1.0920444320140559,0.03,1864.04,1858.5823466067145,1.0,1.0,1.0,-1.0,0.0,0.0,16.372960179856364,8718.616030082241,8702.243069902384,1.4176533932854802,0.29,45.0,BREAK_LONG,STOP,1863.895,2021-01-25 11:00:00,2021-01-25 11:05:00,2021-01-25 14:47:00
148393.0,739279.0,739362.0,148410.0,1.0,1.0,1860.0,1859.1306690745798,1870.0,6.397469649195942,0.14,1860.6,1859.1306690745798,1.0,1.0,1.0,-1.0,0.0,0.0,20.57063295588114,8702.243069902384,8681.672436946503,0.8693309254200595,0.29,17.0,BREAK_LONG,STOP,1860.455,2021-01-26 03:05:00,2021-01-26 03:10:00,2021-01-26 04:33:00
148704.0,740829.0,740946.0,148728.0,-1.0,4.0,1850.0,1851.7350043206459,1840.0,4.5748124626393665,0.1,1849.63,1851.7350043206459,1.0,1.0,-1.0,-1.0,0.0,1.0,21.050043206457758,8681.672436946503,8660.622393740045,0.9430086412916029,0.29,24.0,REV_SHORT,STOP,1849.775,2021-01-27 06:00:00,2021-01-27 06:05:00,2021-01-27 08:02:00
148774.0,741179.0,741339.0,148807.0,1.0,3.0,1840.0,1837.4103948532431,1850.0,1.3489799718501507,0.04,1842.77,1837.4103948532431,1.0,-1.0,-1.0,-1.0,1.0,1.0,21.438420587027395,8660.622393740045,8639.183973153016,1.7362102935137438,0.29,33.0,REV_LONG,STOP,1842.625,2021-01-27 11:50:00,2021-01-27 11:55:00,2021-01-27 14:35:00
148906.0,741834.0,741846.0,148909.0,1.0,3.0,1840.0,1838.4571937685107,1850.0,5.585329298881739,0.12,1840.21,1838.4571937685107,1.0,-1.0,0.0,-1.0,0.0,0.0,21.033674777871962,8639.183973153016,8618.150298375145,1.3266124629784357,0.29,3.0,REV_LONG,STOP,1840.065,2021-01-27 23:50:00,2021-01-27 23:55:00,2021-01-28 00:07:00
149325.0,743924.0,744031.0,149347.0,1.0,1.0,1860.0,1857.879258010544,1870.0,1.2012730302565529,0.07,1863.3855,1870.0,2.0,1.0,1.0,1.0,0.0,0.0,38.54369392619311,8618.150298375145,8664.451798375145,2.120741989455965,0.29,22.0,BREAK_LONG,TARGET,1863.2405,2021-01-29 11:45:00,2021-01-29 11:50:00,2021-01-29 13:37:00
149493.0,744759.0,744767.0,149495.0,-1.0,4.0,1860.0,1862.2718692110627,1850.0,2.597344189912439,0.06,1858.8605,1862.2718692110627,1.0,-1.0,-1.0,-1.0,0.0,0.0,20.46821526637632,8664.451798375145,8643.98358310877,2.2137384221256826,0.29,2.0,REV_SHORT,STOP,1859.0055,2021-02-01 02:45:00,2021-02-01 02:50:00,2021-02-01 02:58:00
149652.0,745554.0,745793.0,149700.0,1.0,3.0,1860.0,1856.363321572107,1870.0,1.9127755436269784,0.04,1861.045,1859.885,3.0,1.0,1.0,-1.0,0.0,0.0,18.7267137115723,8643.98358310877,8639.34358310877,2.9943568557858784,0.29,48.0,REV_LONG,TIME,1860.9,2021-02-01 16:00:00,2021-02-01 16:05:00,2021-02-01 20:04:00
150667.0,750609.0,750848.0,150715.0,-1.0,4.0,1810.0,1812.191966362072,1800.0,3.109236463859764,0.14,1809.225,1802.43,3.0,1.0,-1.0,1.0,1.0,0.0,41.537529069009,8639.34358310877,8734.473583108767,1.7429327241438155,0.29,48.0,REV_SHORT,TIME,1809.37,2021-02-05 08:35:00,2021-02-05 08:40:00,2021-02-05 12:39:00
150944.0,751989.0,751994.0,150946.0,1.0,3.0,1810.0,1808.7979704591814,1820.0,5.760307686056838,0.26,1810.455,1808.7979704591814,1.0,-1.0,-1.0,1.0,0.0,0.0,43.08276806128061,8734.473583108767,8691.390815047487,1.396059081637347,0.29,2.0,REV_LONG,STOP,1810.31,2021-02-08 08:40:00,2021-02-08 08:45:00,2021-02-08 08:50:00
151148.0,753004.0,753173.0,151182.0,1.0,1.0,1840.0,1838.7952148461486,1850.0,5.810239020040305,0.26,1840.4405,1838.7952148461486,1.0,1.0,1.0,1.0,0.0,1.0,42.77741400013429,8691.390815047487,8648.613401047352,1.2047851538513028,0.29,34.0,BREAK_LONG,STOP,1840.2955,2021-02-09 02:40:00,2021-02-09 02:45:00,2021-02-09 05:34:00
151276.0,753644.0,753717.0,151291.0,1.0,3.0,1840.0,1838.176561370832,1850.0,1.307715478791235,0.08,1843.3,1838.176561370832,1.0,1.0,1.0,1.0,0.0,0.0,40.987509033344395,8648.613401047352,8607.625892014008,1.7378772583362974,0.29,15.0,REV_LONG,STOP,1843.155,2021-02-09 13:20:00,2021-02-09 13:25:00,2021-02-09 14:38:00
151528.0,754899.0,754983.0,151545.0,1.0,3.0,1840.0,1838.570725537809,1850.0,4.5636550385780055,0.2,1840.625,1838.570725537809,1.0,1.0,-1.0,1.0,0.0,0.0,41.08548924381921,8607.625892014008,8566.540402770188,1.1185489243822477,0.29,17.0,REV_LONG,STOP,1840.48,2021-02-10 11:20:00,2021-02-10 11:25:00,2021-02-10 12:49:00
151680.0,755654.0,755689.0,151688.0,1.0,3.0,1840.0,1839.0174229410422,1850.0,4.624657428280835,0.21,1840.97,1839.0174229410422,1.0,1.0,-1.0,1.0,0.0,0.0,41.0041182381135,8566.540402770188,8525.536284532074,0.7151541179154021,0.29,8.0,REV_LONG,STOP,1840.825,2021-02-11 01:00:00,2021-02-11 01:05:00,2021-02-11 01:40:00
151753.0,756019.0,756258.0,151801.0,1.0,1.0,1840.0,1838.8421419347203,1850.0,1.439484983143543,0.09,1843.416,1840.7865,3.0,1.0,1.0,1.0,0.0,0.0,41.164722587516735,8525.536284532074,8501.870784532075,1.1578580652796062,0.29,48.0,BREAK_LONG,TIME,1843.271,2021-02-11 07:05:00,2021-02-11 07:10:00,2021-02-11 11:09:00
151875.0,756629.0,756868.0,151923.0,-1.0,2.0,1830.0,1832.0118774795033,1820.0,1.170019573910095,0.03,1826.4765,1826.195,3.0,1.0,1.0,-1.0,0.0,0.0,16.606132438509803,8501.870784532075,8502.715284532074,2.0118774795031715,0.29,48.0,BREAK_SHORT,TIME,1826.6215,2021-02-11 17:15:00,2021-02-11 17:20:00,2021-02-11 21:19:00
152160.0,758049.0,758170.0,152185.0,1.0,3.0,1820.0,1818.2669157441217,1830.0,4.964708537936851,0.21,1820.234,1818.2669157441217,1.0,-1.0,-1.0,1.0,0.0,1.0,41.30876937344351,8502.715284532074,8461.406515158631,1.6441685117564373,0.29,25.0,REV_LONG,STOP,1820.089,2021-02-12 18:00:00,2021-02-12 18:05:00,2021-02-12 20:06:00
152589.0,760184.0,760423.0,152637.0,1.0,3.0,1820.0,1818.4896516428673,1830.0,5.0617522794255505,0.22,1820.3885,1818.4896516428673,1.0,-1.0,-1.0,1.0,1.0,1.0,41.77466385691923,8461.406515158631,8419.631851301712,0.9506967142653355,0.29,48.0,REV_LONG,STOP,1820.2435,2021-02-16 07:45:00,2021-02-16 07:50:00,2021-02-16 11:49:00
152661.0,760544.0,760553.0,152663.0,1.0,3.0,1800.0,1796.272275760651,1810.0,1.288440623641459,0.07,1802.271,1796.272275760651,1.0,-1.0,-1.0,1.0,1.0,0.0,41.991069675443214,8419.631851301712,8377.640781626269,3.115448478697789,0.29,2.0,REV_LONG,STOP,1802.126,2021-02-16 13:45:00,2021-02-16 13:50:00,2021-02-16 13:59:00
153072.0,762589.0,762605.0,153076.0,-1.0,4.0,1780.0,1781.5041146140761,1770.0,3.7762371559342784,0.17,1779.0955000000001,1781.5041146140761,1.0,1.0,-1.0,1.0,0.0,1.0,40.94644843929177,8377.640781626269,8336.694333186977,1.246229228152097,0.29,4.0,REV_SHORT,STOP,1779.2405,2021-02-18 02:00:00,2021-02-18 02:05:00,2021-02-18 02:21:00
153469.0,764569.0,764678.0,153491.0,1.0,3.0,1770.0,1767.3393451479294,1780.0,2.842786398130178,0.12,1770.634,1780.0,2.0,-1.0,-1.0,1.0,0.0,1.0,39.53585822484729,8336.694333186977,8449.086333186977,1.3073097041408555,0.29,22.0,REV_LONG,TARGET,1770.489,2021-02-19 12:05:00,2021-02-19 12:10:00,2021-02-19 13:59:00
153689.0,765664.0,765903.0,153737.0,1.0,3.0,1790.0,1788.4862499525304,1800.0,2.1905091502645946,0.11,1792.095,1797.505,3.0,1.0,1.0,1.0,0.0,0.0,39.69625052216543,8449.086333186977,8508.596333186977,1.6255000949388534,0.29,48.0,REV_LONG,TIME,1791.95,2021-02-22 07:25:00,2021-02-22 07:30:00,2021-02-22 11:29:00
153759.0,766014.0,766019.0,153761.0,-1.0,4.0,1800.0,1802.1477615911765,1790.0,3.100148195303276,0.07,1799.185,1802.1477615911765,1.0,-1.0,-1.0,-1.0,1.0,0.0,20.739331138235915,8508.596333186977,8487.85700204874,1.495523182352838,0.29,2.0,REV_SHORT,STOP,1799.33,2021-02-22 13:15:00,2021-02-22 13:20:00,2021-02-22 13:25:00
154023.0,767329.0,767366.0,154031.0,1.0,1.0,1810.0,1808.706295666269,1820.0,2.52135478708119,0.13,1811.9134999999999,1808.706295666269,1.0,1.0,1.0,1.0,0.0,0.0,41.69365633850225,8487.85700204874,8446.163345710238,1.2937043337310437,0.29,8.0,BREAK_LONG,STOP,1811.7685,2021-02-23 12:15:00,2021-02-23 12:20:00,2021-02-23 12:57:00
154064.0,767534.0,767773.0,154112.0,-1.0,4.0,1810.0,1812.533813549104,1800.0,2.5695512160405953,0.06,1809.0225,1804.845,3.0,-1.0,1.0,-1.0,0.0,0.0,21.06788129462393,8446.163345710238,8471.228345710239,3.1486270982080917,0.29,48.0,REV_SHORT,TIME,1809.1675,2021-02-23 15:40:00,2021-02-23 15:45:00,2021-02-23 19:44:00
154567.0,770039.0,770149.0,154590.0,-1.0,2.0,1790.0,1791.8463241994118,1780.0,1.1263031508133443,0.03,1786.275,1780.0,2.0,1.0,1.0,-1.0,0.0,0.0,16.71397259823516,8471.228345710239,8490.05334571024,1.8463241994117403,0.29,23.0,BREAK_SHORT,TARGET,1786.42,2021-02-25 11:35:00,2021-02-25 11:40:00,2021-02-25 13:30:00
154761.0,771004.0,771045.0,154770.0,-1.0,2.0,1770.0,1771.2808269003551,1760.0,1.7779630053594824,0.1,1767.22,1760.0,2.0,1.0,1.0,1.0,0.0,0.0,40.60826900355096,8490.05334571024,8562.25334571024,1.2808269003551256,0.29,9.0,BREAK_SHORT,TARGET,1767.365,2021-02-26 04:45:00,2021-02-26 04:50:00,2021-02-26 05:31:00
154843.0,771414.0,771457.0,154852.0,-1.0,2.0,1760.0,1761.868767574887,1750.0,2.777735714684173,0.13,1758.727,1761.868767574887,1.0,1.0,1.0,1.0,0.0,1.0,40.84297847352968,8562.25334571024,8521.410367236711,1.8687675748868928,0.29,9.0,BREAK_SHORT,STOP,1758.872,2021-02-26 11:35:00,2021-02-26 11:40:00,2021-02-26 12:23:00
155085.0,772619.0,772628.0,155087.0,1.0,3.0,1750.0,1748.6309103936178,1760.0,5.974518187141069,0.13,1750.261,1748.6309103936178,1.0,-1.0,1.0,-1.0,0.0,0.0,21.191164882968224,8521.410367236711,8500.219202353743,1.5381792127645042,0.29,2.0,REV_LONG,STOP,1750.116,2021-03-01 08:45:00,2021-03-01 08:50:00,2021-03-01 08:59:00
155134.0,772864.0,772949.0,155152.0,-1.0,2.0,1740.0,1742.0157015152213,1730.0,2.268954637764595,0.11,1738.34,1742.0157015152213,1.0,1.0,1.0,1.0,0.0,0.0,40.43271666743499,8500.219202353743,8459.786485686307,2.0157015152213393,0.29,18.0,BREAK_SHORT,STOP,1738.485,2021-03-01 12:50:00,2021-03-01 12:55:00,2021-03-01 14:20:00
155170.0,773044.0,773055.0,155173.0,-1.0,4.0,1740.0,1742.3023433401147,1730.0,2.555751555995794,0.12,1738.8425,1742.3023433401147,1.0,1.0,1.0,1.0,0.0,0.0,41.518120081376765,8459.786485686307,8418.26836560493,2.6646866802295737,0.29,3.0,REV_SHORT,STOP,1738.9875,2021-03-01 15:50:00,2021-03-01 15:55:00,2021-03-01 16:06:00
156100.0,777674.0,777913.0,156148.0,1.0,3.0,1690.0,1686.2490507806233,1700.0,2.160448105930049,0.04,1690.6,1692.905,3.0,-1.0,-1.0,-1.0,0.0,0.0,17.403796877506466,8418.26836560493,8427.488365604931,2.0808984387535183,0.29,48.0,REV_LONG,TIME,1690.455,2021-03-05 01:20:00,2021-03-05 01:25:00,2021-03-05 05:24:00
156294.0,778644.0,778687.0,156303.0,-1.0,4.0,1700.0,1703.9837457881815,1690.0,2.25715006270449,0.09,1699.6905,1703.9837457881815,1.0,1.0,-1.0,1.0,0.0,1.0,38.63921209363434,8427.488365604931,8388.849153511297,2.2374915763632064,0.29,9.0,REV_SHORT,STOP,1699.8355,2021-03-05 17:30:00,2021-03-05 17:35:00,2021-03-05 18:18:00
156499.0,779664.0,779674.0,156502.0,1.0,3.0,1690.0,1687.9710574165927,1700.0,2.701848016897155,0.06,1691.2205,1687.9710574165927,1.0,-1.0,-1.0,-1.0,1.0,1.0,19.496655500443467,8388.849153511297,8369.352498010854,1.612885166814522,0.29,3.0,REV_LONG,STOP,1691.0755,2021-03-08 11:35:00,2021-03-08 11:40:00,2021-03-08 11:50:00
156560.0,779969.0,780000.0,156567.0,1.0,3.0,1680.0,1677.3785474565516,1690.0,3.4678458661967513,0.07,1680.2035,1677.3785474565516,1.0,-1.0,-1.0,-1.0,1.0,0.0,19.77466780413943,8369.352498010854,8349.577830206714,2.1329050868968076,0.29,7.0,REV_LONG,STOP,1680.0585,2021-03-08 16:40:00,2021-03-08 16:45:00,2021-03-08 17:16:00
156703.0,780679.0,780716.0,156711.0,-1.0,4.0,1690.0,1691.293148648563,1680.0,2.379514077106793,0.12,1687.9515000000001,1691.293148648563,1.0,1.0,-1.0,1.0,0.0,0.0,40.09978378275355,8349.577830206714,8309.47804642396,1.1362972971261853,0.29,8.0,REV_SHORT,STOP,1688.0965,2021-03-09 05:35:00,2021-03-09 05:40:00,2021-03-09 06:17:00
157127.0,782794.0,782803.0,157129.0,-1.0,4.0,1720.0,1721.2859330866543,1710.0,4.552917417435333,0.1,1719.2535,1721.2859330866543,1.0,-1.0,-1.0,-1.0,0.0,0.0,20.32433086654237,8309.47804642396,8289.153715557417,1.453866173308646,0.29,2.0,REV_SHORT,STOP,1719.3985,2021-03-10 17:55:00,2021-03-10 18:00:00,2021-03-10 18:09:00
157219.0,783249.0,783488.0,157267.0,1.0,1.0,1730.0,1728.8512182985244,1740.0,3.2003008555111316,0.15,1731.5055,1732.6705,3.0,1.0,1.0,1.0,0.0,0.0,39.814225522134166,8289.153715557417,8306.628715557417,1.1487817014756365,0.29,48.0,BREAK_LONG,TIME,1731.3605,2021-03-11 02:35:00,2021-03-11 02:40:00,2021-03-11 06:39:00
157353.0,783919.0,783951.0,157360.0,1.0,3.0,1730.0,1726.427538888228,1740.0,2.4646064694774505,0.1,1730.345,1726.427538888228,1.0,1.0,-1.0,1.0,0.0,1.0,39.17461111772127,8306.628715557417,8267.454104439696,1.9699222235438665,0.29,7.0,REV_LONG,STOP,1730.2,2021-03-11 13:45:00,2021-03-11 13:50:00,2021-03-11 14:22:00
157502.0,784659.0,784877.0,157546.0,-1.0,2.0,1720.0,1721.2909286117244,1710.0,2.4309248069066913,0.06,1718.0,1710.0,2.0,1.0,1.0,-1.0,0.0,0.0,19.745571670346635,8267.454104439696,8315.454104439696,1.2909286117245506,0.29,44.0,BREAK_SHORT,TARGET,1718.145,2021-03-12 03:10:00,2021-03-12 03:15:00,2021-03-12 06:53:00
157768.0,785984.0,786027.0,157777.0,1.0,1.0,1730.0,1728.6168473299138,1740.0,1.8624960775967039,0.1,1732.5935,1728.6168473299138,1.0,1.0,1.0,1.0,0.0,0.0,39.76652670086196,8315.454104439696,8275.687577738834,1.383152670086319,0.29,9.0,BREAK_LONG,STOP,1732.4485,2021-03-15 01:20:00,2021-03-15 01:25:00,2021-03-15 02:08:00
158217.0,788224.0,788298.0,158232.0,-1.0,2.0,1730.0,1732.0728318042736,1720.0,1.9497502906587834,0.1,1727.98,1732.0728318042736,1.0,1.0,1.0,1.0,0.0,1.0,40.92831804273601,8275.687577738834,8234.759259696099,2.0728318042736773,0.29,15.0,BREAK_SHORT,STOP,1728.125,2021-03-16 15:45:00,2021-03-16 15:50:00,2021-03-16 17:04:00
158442.0,789344.0,789386.0,158451.0,-1.0,2.0,1730.0,1731.23876009849,1720.0,3.695023576330541,0.17,1728.845,1731.23876009849,1.0,1.0,1.0,1.0,0.0,0.0,40.69392167433034,8234.759259696099,8194.065338021768,1.2387600984899918,0.29,9.0,BREAK_SHORT,STOP,1728.99,2021-03-17 11:30:00,2021-03-17 11:35:00,2021-03-17 12:17:00
158585.0,790054.0,790088.0,158592.0,1.0,1.0,1750.0,1748.9628911020877,1760.0,4.4447538113414975,0.2,1750.99,1748.9628911020877,1.0,1.0,1.0,1.0,0.0,0.0,40.54217795824571,8194.065338021768,8153.5231600635225,1.0371088979122733,0.29,7.0,BREAK_LONG,STOP,1750.845,2021-03-18 00:25:00,2021-03-18 00:30:00,2021-03-18 01:04:00
158730.0,790779.0,790813.0,158737.0,1.0,3.0,1730.0,1725.2251979613125,1740.0,1.393920275808065,0.06,1731.397,1725.2251979613125,1.0,-1.0,-1.0,1.0,1.0,1.0,37.030812232124845,8153.5231600635225,8116.492347831398,2.2476040773748656,0.29,7.0,REV_LONG,STOP,1731.252,2021-03-18 12:30:00,2021-03-18 12:35:00,2021-03-18 13:09:00
158934.0,791794.0,791850.0,158946.0,-1.0,4.0,1740.0,1744.3869759394238,1730.0,2.157132302358101,0.08,1739.83,1744.3869759394238,1.0,-1.0,-1.0,1.0,1.0,1.0,36.455807515390916,8116.492347831398,8080.036540316007,1.5379518788475992,0.29,12.0,REV_SHORT,STOP,1739.975,2021-03-19 06:30:00,2021-03-19 06:35:00,2021-03-19 07:31:00
158998.0,792114.0,792166.0,159009.0,1.0,1.0,1740.0,1738.5362971181219,1750.0,3.4802790363308476,0.07,1741.095,1738.5362971181219,1.0,1.0,1.0,-1.0,0.0,0.0,17.910920173147137,8080.036540316007,8062.12562014286,1.463702881878029,0.29,11.0,BREAK_LONG,STOP,1740.95,2021-03-19 11:50:00,2021-03-19 11:55:00,2021-03-19 12:47:00
159049.0,792369.0,792418.0,159059.0,-1.0,4.0,1740.0,1741.81927598998,1730.0,3.3353189601566386,0.14,1739.093,1741.81927598998,1.0,-1.0,-1.0,1.0,0.0,1.0,38.167863859719546,8062.12562014286,8023.95775628314,1.5645519799598873,0.29,10.0,REV_SHORT,STOP,1739.238,2021-03-19 16:05:00,2021-03-19 16:10:00,2021-03-19 16:59:00
159579.0,795009.0,795248.0,159627.0,-1.0,2.0,1730.0,1732.1499545629492,1720.0,1.1559848326752702,0.07,1726.5145,1728.378,3.0,1.0,1.0,1.0,0.0,1.0,39.44818194064465,8023.95775628314,8010.91325628314,2.1499545629493313,0.29,48.0,BREAK_SHORT,TIME,1726.6595,2021-03-23 14:15:00,2021-03-23 14:20:00,2021-03-23 18:19:00
159762.0,795919.0,795961.0,159771.0,1.0,3.0,1730.0,1729.1804162623844,1740.0,5.6599113896675926,0.12,1730.805,1729.1804162623844,1.0,-1.0,1.0,-1.0,0.0,0.0,19.495004851388327,8010.91325628314,7991.418251431752,0.9291674752311052,0.29,9.0,REV_LONG,STOP,1730.66,2021-03-24 06:30:00,2021-03-24 06:35:00,2021-03-24 07:17:00
159852.0,796369.0,796380.0,159855.0,1.0,3.0,1730.0,1728.3093692039156,1740.0,2.7998159580808326,0.06,1731.386,1728.3093692039156,1.0,-1.0,1.0,-1.0,0.0,0.0,18.45978477650624,7991.418251431752,7972.9584666552455,1.5292615921689225,0.29,3.0,REV_LONG,STOP,1731.241,2021-03-24 14:00:00,2021-03-24 14:05:00,2021-03-24 14:16:00
160105.0,797629.0,797679.0,160116.0,-1.0,2.0,1730.0,1731.1678724037386,1720.0,2.565308004376884,0.12,1728.0355,1731.1678724037386,1.0,1.0,1.0,1.0,0.0,0.0,37.5884688448632,7972.9584666552455,7935.369997810382,1.1678724037386399,0.29,11.0,BREAK_SHORT,STOP,1728.1805,2021-03-25 12:05:00,2021-03-25 12:10:00,2021-03-25 13:00:00
160406.0,799129.0,799169.0,160415.0,-1.0,4.0,1730.0,1731.6138247057518,1720.0,4.5653091866037165,0.19,1729.527,1731.6138247057518,1.0,1.0,-1.0,1.0,0.0,1.0,39.64966940928275,7935.369997810382,7895.720328401099,1.4766494115033133,0.29,9.0,REV_SHORT,STOP,1729.672,2021-03-26 14:10:00,2021-03-26 14:15:00,2021-03-26 14:55:00
160807.0,801124.0,801174.0,160818.0,1.0,3.0,1710.0,1708.2785563539758,1720.0,4.90071793352144,0.09,1710.2649999999999,1708.2785563539758,1.0,-1.0,-1.0,-1.0,0.0,1.0,17.877992814216896,7895.720328401099,7877.842335586883,1.0628872920484604,0.29,11.0,REV_LONG,STOP,1710.12,2021-03-30 01:35:00,2021-03-30 01:40:00,2021-03-30 02:30:00
160941.0,801794.0,802033.0,160989.0,1.0,3.0,1680.0,1677.5814496573223,1690.0,1.5398143944411868,0.04,1682.471,1685.26,3.0,-1.0,-1.0,-1.0,1.0,1.0,19.558201370710776,7877.842335586883,7888.998335586883,2.394100685354949,0.29,48.0,REV_LONG,TIME,1682.326,2021-03-30 12:45:00,2021-03-30 12:50:00,2021-03-30 16:49:00
161281.0,803489.0,803496.0,161283.0,1.0,3.0,1710.0,1708.6460045194442,1720.0,6.167946891219426,0.12,1710.23,1708.6460045194442,1.0,1.0,1.0,-1.0,1.0,0.0,19.007945766669764,7888.998335586883,7869.990389820213,1.4379909611114305,0.29,2.0,REV_LONG,STOP,1710.085,2021-03-31 18:05:00,2021-03-31 18:10:00,2021-03-31 18:17:00
161366.0,803909.0,804148.0,161414.0,1.0,1.0,1710.0,1708.8399536499924,1720.0,5.743041577026998,0.11,1710.495,1711.9545,3.0,1.0,1.0,-1.0,0.0,1.0,18.205509850082763,7869.990389820213,7886.044889820215,1.1600463500076263,0.29,48.0,BREAK_LONG,TIME,1710.35,2021-04-01 02:10:00,2021-04-01 02:15:00,2021-04-01 06:14:00
162525.0,809684.0,809759.0,162541.0,1.0,1.0,1740.0,1739.029216001436,1750.0,2.2834036266533846,0.11,1742.3705,1739.029216001436,1.0,1.0,1.0,1.0,0.0,0.0,36.75412398420394,7886.044889820215,7849.290765836011,0.9707839985639207,0.29,16.0,BREAK_LONG,STOP,1742.2255,2021-04-07 06:45:00,2021-04-07 06:50:00,2021-04-07 08:05:00
162862.0,811364.0,811434.0,162877.0,-1.0,4.0,1750.0,1751.8025736668858,1740.0,4.015811375980293,0.16,1749.4495,1751.8025736668858,1.0,-1.0,-1.0,1.0,1.0,1.0,37.64917867017357,7849.290765836011,7811.641587165837,1.1161473337715289,0.29,15.0,REV_SHORT,STOP,1749.5945,2021-04-08 11:50:00,2021-04-08 11:55:00,2021-04-08 13:05:00
163363.0,813859.0,813888.0,163369.0,1.0,3.0,1740.0,1737.7948690818682,1750.0,3.4836678635970855,0.07,1740.517,1737.7948690818682,1.0,-1.0,1.0,-1.0,0.0,1.0,19.054916426922773,7811.641587165837,7792.586670738914,1.1412618362638078,0.29,6.0,REV_LONG,STOP,1740.372,2021-04-12 07:35:00,2021-04-12 07:40:00,2021-04-12 08:09:00
163432.0,814204.0,814443.0,163480.0,-1.0,2.0,1740.0,1741.3702079021991,1730.0,1.9923899928251174,0.05,1737.5705,1733.025,3.0,1.0,1.0,-1.0,0.0,0.0,18.998539510995442,7792.586670738914,7815.314170738914,1.370207902199036,0.29,48.0,BREAK_SHORT,TIME,1737.7155,2021-04-12 13:20:00,2021-04-12 13:25:00,2021-04-12 17:24:00
163605.0,815064.0,815065.0,163606.0,-1.0,2.0,1730.0,1730.7313823567988,1720.0,5.762556978985939,0.24,1729.1445,1730.7313823567988,1.0,1.0,1.0,1.0,0.0,0.0,38.085176563168716,7815.314170738914,7777.228994175745,0.731382356798848,0.29,1.0,BREAK_SHORT,STOP,1729.2895,2021-04-13 04:45:00,2021-04-13 04:50:00,2021-04-13 04:51:00
163702.0,815549.0,815585.0,163710.0,-1.0,4.0,1740.0,1743.3452080827021,1730.0,1.2846657564248953,0.06,1737.504,1743.3452080827021,1.0,-1.0,-1.0,1.0,1.0,0.0,35.04724849621334,7777.228994175745,7742.1817456795325,2.2004161654042864,0.29,8.0,REV_SHORT,STOP,1737.649,2021-04-13 12:50:00,2021-04-13 12:55:00,2021-04-13 13:31:00
163986.0,816964.0,817203.0,164034.0,-1.0,2.0,1740.0,1742.0217953183794,1730.0,1.3633338017243484,0.03,1736.935,1735.4855,3.0,1.0,1.0,-1.0,0.0,0.0,15.260385955138418,7742.1817456795325,7746.5302456795325,2.0217953183793465,0.29,48.0,BREAK_SHORT,TIME,1737.08,2021-04-14 13:30:00,2021-04-14 13:35:00,2021-04-14 17:34:00
164156.0,817809.0,817824.0,164160.0,-1.0,4.0,1740.0,1740.560294761991,1730.0,9.50467500803193,0.19,1739.555,1740.560294761991,1.0,-1.0,-1.0,-1.0,0.0,0.0,19.10060047782622,7746.5302456795325,7727.429645201706,0.6605895239816449,0.29,4.0,REV_SHORT,STOP,1739.7,2021-04-15 04:40:00,2021-04-15 04:45:00,2021-04-15 05:00:00
164249.0,818274.0,818336.0,164262.0,-1.0,4.0,1750.0,1753.0380311385468,1740.0,1.7316040394650805,0.04,1748.265,1753.0380311385468,1.0,-1.0,-1.0,-1.0,1.0,1.0,19.09212455418674,7727.429645201706,7708.337520647519,1.5160622770934793,0.29,13.0,REV_SHORT,STOP,1748.41,2021-04-15 12:25:00,2021-04-15 12:30:00,2021-04-15 13:32:00
164549.0,819769.0,820008.0,164597.0,-1.0,4.0,1780.0,1781.8627703405432,1770.0,3.9268695360150105,0.08,1779.455,1778.3335,3.0,-1.0,-1.0,-1.0,1.0,0.0,19.262162724346126,7708.337520647519,7717.309520647519,2.127540681086394,0.29,48.0,REV_SHORT,TIME,1779.6,2021-04-16 14:25:00,2021-04-16 14:30:00,2021-04-16 18:29:00
164731.0,820674.0,820726.0,164742.0,-1.0,4.0,1780.0,1781.943977370196,1770.0,3.2287389151101253,0.06,1779.1195,1781.943977370196,1.0,-1.0,-1.0,-1.0,0.0,0.0,16.946864221176384,7717.309520647519,7700.362656426343,1.1269547403921207,0.29,11.0,REV_SHORT,STOP,1779.2645,2021-04-19 06:35:00,2021-04-19 06:40:00,2021-04-19 07:32:00
164941.0,821719.0,821740.0,164946.0,-1.0,2.0,1770.0,1770.7940023051099,1760.0,7.258594696359778,0.14,1769.487,1770.7940023051099,1.0,1.0,1.0,-1.0,0.0,0.0,18.298032271537068,7700.362656426343,7682.064624154806,0.794002305109819,0.29,5.0,BREAK_SHORT,STOP,1769.632,2021-04-20 01:05:00,2021-04-20 01:10:00,2021-04-20 01:31:00
166048.0,827234.0,827303.0,166062.0,-1.0,4.0,1780.0,1781.5065374344092,1770.0,5.422716719956813,0.1,1779.715,1781.5065374344092,1.0,1.0,-1.0,-1.0,0.0,1.0,17.91537434409293,7682.064624154806,7664.149249810713,0.9140748688183362,0.29,14.0,REV_SHORT,STOP,1779.86,2021-04-26 01:20:00,2021-04-26 01:25:00,2021-04-26 02:34:00
166131.0,827649.0,827650.0,166132.0,-1.0,4.0,1780.0,1781.1957622704692,1770.0,6.268737594318221,0.12,1779.6555,1781.1957622704692,1.0,1.0,-1.0,-1.0,0.0,0.0,18.48314724562988,7664.149249810713,7645.666102565083,1.2115245409385453,0.29,1.0,REV_SHORT,STOP,1779.8005,2021-04-26 08:15:00,2021-04-26 08:20:00,2021-04-26 08:21:00
166157.0,827779.0,827789.0,166160.0,1.0,3.0,1780.0,1778.8441058034023,1790.0,4.980448645624138,0.2,1780.7095,1778.8441058034023,1.0,-1.0,1.0,1.0,0.0,1.0,37.307883931953256,7645.666102565083,7608.35821863313,1.14078839319559,0.29,3.0,REV_LONG,STOP,1780.5645,2021-04-26 10:25:00,2021-04-26 10:30:00,2021-04-26 10:40:00
166181.0,827899.0,827955.0,166193.0,1.0,3.0,1770.0,1768.05526362008,1780.0,2.653119087298446,0.11,1771.325,1780.0,2.0,-1.0,-1.0,1.0,1.0,0.0,35.96710017912005,7608.35821863313,7703.783218633129,1.5564727598398012,0.29,12.0,REV_LONG,TARGET,1771.18,2021-04-26 12:25:00,2021-04-26 12:30:00,2021-04-26 13:26:00
166241.0,828199.0,828320.0,166266.0,-1.0,4.0,1780.0,1781.3760725198538,1770.0,6.105282477081826,0.12,1779.775,1781.3760725198538,1.0,1.0,-1.0,-1.0,0.0,0.0,19.212870238244246,7703.783218633129,7684.570348394885,0.9131450397077828,0.29,25.0,REV_SHORT,STOP,1779.92,2021-04-26 17:25:00,2021-04-26 17:30:00,2021-04-26 19:31:00
166680.0,830384.0,830623.0,166728.0,-1.0,4.0,1770.0,1771.1132699909526,1760.0,4.748431436354505,0.19,1769.18,1766.1,3.0,1.0,1.0,1.0,0.0,0.0,36.73212982809878,7684.570348394885,7743.090348394888,1.028539981905334,0.29,48.0,REV_SHORT,TIME,1769.325,2021-04-28 08:00:00,2021-04-28 08:05:00,2021-04-28 12:04:00
167242.0,833184.0,833209.0,167248.0,1.0,3.0,1770.0,1768.2522447805184,1780.0,4.133935725116566,0.08,1770.5405,1768.2522447805184,1.0,-1.0,1.0,-1.0,0.0,1.0,18.306041755853585,7743.090348394888,7724.784306639034,1.1245104389630227,0.29,6.0,REV_LONG,STOP,1770.3955,2021-04-30 08:50:00,2021-04-30 08:55:00,2021-04-30 09:20:00
167350.0,833724.0,833906.0,167387.0,-1.0,4.0,1770.0,1771.0895934527305,1760.0,7.46796647433489,0.29,1769.78,1769.725,4.0,1.0,-1.0,1.0,0.0,1.0,37.97821012918439,7724.784306639034,7726.379306639036,1.052186905460859,0.29,37.0,REV_SHORT,SESSION,1769.925,2021-04-30 17:50:00,2021-04-30 17:55:00,2021-04-30 20:57:00
167574.0,834839.0,834855.0,167578.0,-1.0,4.0,1790.0,1791.6013635039355,1780.0,2.198731766813624,0.1,1787.9745,1791.6013635039355,1.0,-1.0,-1.0,1.0,1.0,0.0,36.268635039355104,7726.379306639036,7690.110671599681,1.652727007870948,0.29,4.0,REV_SHORT,STOP,1788.1195,2021-05-03 13:30:00,2021-05-03 13:35:00,2021-05-03 13:51:00
168935.0,841619.0,841640.0,168940.0,1.0,1.0,1840.0,1838.7920823858644,1850.0,3.3350511549301918,0.14,1841.3775,1838.7920823858644,1.0,1.0,1.0,1.0,0.0,1.0,36.195846597898715,7690.110671599681,7653.914825001782,1.2079176141356769,0.29,5.0,BREAK_LONG,STOP,1841.2325,2021-05-10 11:55:00,2021-05-10 12:00:00,2021-05-10 12:21:00
169212.0,842999.0,843023.0,169217.0,1.0,3.0,1840.0,1838.618510551849,1850.0,4.815815439835583,0.19,1840.5755,1838.618510551849,1.0,1.0,1.0,1.0,1.0,1.0,37.18279951486534,7653.914825001782,7616.732025486917,1.0689788963016666,0.29,5.0,REV_LONG,STOP,1840.4305,2021-05-11 12:00:00,2021-05-11 12:05:00,2021-05-11 12:29:00
169230.0,843089.0,843113.0,169235.0,1.0,3.0,1820.0,1816.6541579898521,1830.0,2.4182051611923345,0.09,1820.5585,1830.0,2.0,-1.0,-1.0,1.0,1.0,0.0,35.13907809133161,7616.732025486917,7701.7055254869165,2.73568402029545,0.29,5.0,REV_LONG,TARGET,1820.4135,2021-05-11 13:30:00,2021-05-11 13:35:00,2021-05-11 13:59:00
169372.0,843794.0,843965.0,169407.0,-1.0,2.0,1830.0,1831.1356598006855,1820.0,4.922719864888713,0.2,1829.2555,1831.1356598006855,1.0,1.0,1.0,1.0,0.0,0.0,37.60319601371066,7701.7055254869165,7664.102329473206,1.1356598006854823,0.29,35.0,BREAK_SHORT,STOP,1829.4005,2021-05-12 02:20:00,2021-05-12 02:25:00,2021-05-12 05:16:00
169656.0,845209.0,845223.0,169659.0,1.0,3.0,1820.0,1818.0510257380465,1830.0,4.186244681319514,0.08,1820.355,1818.0510257380465,1.0,-1.0,1.0,-1.0,0.0,1.0,18.431794095627993,7664.102329473206,7645.670535377578,1.1379485239068454,0.29,3.0,REV_LONG,STOP,1820.21,2021-05-13 03:00:00,2021-05-13 03:05:00,2021-05-13 03:19:00
169697.0,845414.0,845430.0,169701.0,-1.0,4.0,1820.0,1821.2892974204592,1810.0,5.950264944253387,0.23,1819.665,1821.2892974204592,1.0,1.0,-1.0,1.0,0.0,1.0,37.358840670562586,7645.670535377578,7608.311694707016,0.9235948409180605,0.29,4.0,REV_SHORT,STOP,1819.81,2021-05-13 06:25:00,2021-05-13 06:30:00,2021-05-13 06:46:00
170524.0,849534.0,849555.0,170529.0,1.0,3.0,1870.0,1867.726943247202,1880.0,3.5742814571471153,0.14,1870.41,1867.726943247202,1.0,1.0,1.0,1.0,0.0,0.0,37.56279453917432,7608.311694707016,7570.748900167841,1.0661135055959816,0.29,5.0,REV_LONG,STOP,1870.265,2021-05-18 06:20:00,2021-05-18 06:25:00,2021-05-18 06:46:00
170722.0,850519.0,850525.0,170724.0,1.0,1.0,1870.0,1869.5473523203636,1880.0,6.673652303564356,0.27,1870.9095,1869.5473523203636,1.0,1.0,1.0,1.0,0.0,0.0,36.77798735018109,7570.748900167841,7533.97091281766,0.452647679636277,0.29,2.0,BREAK_LONG,STOP,1870.7645,2021-05-18 23:50:00,2021-05-18 23:55:00,2021-05-19 00:01:00
170797.0,850894.0,850995.0,170818.0,1.0,1.0,1870.0,1868.981016503353,1880.0,1.3350332766529458,0.07,1873.7,1868.981016503353,1.0,1.0,1.0,1.0,0.0,0.0,33.03288447652949,7533.97091281766,7500.93802834113,1.0189834966469298,0.29,21.0,BREAK_LONG,STOP,1873.555,2021-05-19 06:05:00,2021-05-19 06:10:00,2021-05-19 07:51:00
170839.0,851104.0,851112.0,170841.0,1.0,3.0,1860.0,1858.6586331974559,1870.0,2.686610710128967,0.12,1861.735,1858.6586331974559,1.0,-1.0,-1.0,1.0,1.0,0.0,36.916401630528526,7500.93802834113,7464.021626710602,1.6527336050880779,0.29,2.0,REV_LONG,STOP,1861.59,2021-05-19 09:35:00,2021-05-19 09:40:00,2021-05-19 09:48:00
171013.0,851969.0,852022.0,171024.0,-1.0,4.0,1870.0,1873.25892023066,1860.0,2.021342427059691,0.08,1868.8705,1873.25892023066,1.0,-1.0,-1.0,1.0,0.0,1.0,35.10736184527923,7464.021626710602,7428.914264865322,1.4478404613194984,0.29,11.0,REV_SHORT,STOP,1869.0155,2021-05-20 01:05:00,2021-05-20 01:10:00,2021-05-20 02:03:00
171115.0,852479.0,852569.0,171134.0,-1.0,2.0,1870.0,1871.3635924240255,1860.0,1.6936928913322273,0.08,1867.145,1871.3635924240255,1.0,1.0,1.0,1.0,0.0,1.0,33.74873939220379,7428.914264865322,7395.165525473119,1.363592424025423,0.29,19.0,BREAK_SHORT,STOP,1867.29,2021-05-20 09:35:00,2021-05-20 09:40:00,2021-05-20 11:10:00
171507.0,854434.0,854456.0,171512.0,1.0,1.0,1880.0,1879.073013234669,1890.0,4.670504313740588,0.09,1881.0,1879.073013234669,1.0,1.0,1.0,-1.0,0.0,0.0,17.342880887979845,7395.165525473119,7377.822644585139,0.9269867653311221,0.29,5.0,BREAK_LONG,STOP,1880.855,2021-05-21 19:15:00,2021-05-21 19:20:00,2021-05-21 19:42:00
171721.0,855499.0,855738.0,171769.0,1.0,3.0,1880.0,1876.8571987453124,1890.0,2.973274160913568,0.11,1880.165,1883.47,3.0,1.0,-1.0,1.0,0.0,1.0,36.38581380156302,7377.822644585139,7414.177644585139,2.145602509375121,0.29,48.0,REV_LONG,TIME,1880.02,2021-05-24 14:05:00,2021-05-24 14:10:00,2021-05-24 18:09:00
171820.0,855989.0,856228.0,171868.0,-1.0,2.0,1880.0,1880.6314677492817,1870.0,6.695777013114894,0.13,1879.25,1880.035,3.0,1.0,1.0,-1.0,0.0,0.0,17.959080740661875,7414.177644585139,7403.972644585138,0.6314677492816922,0.29,48.0,BREAK_SHORT,TIME,1879.395,2021-05-24 23:20:00,2021-05-24 23:25:00,2021-05-25 03:24:00
172109.0,857429.0,857459.0,172116.0,-1.0,4.0,1900.0,1900.640427127365,1890.0,6.57365056173514,0.13,1899.2355,1900.640427127365,1.0,-1.0,-1.0,-1.0,0.0,0.0,18.26405265574499,7403.972644585138,7385.708591929393,0.6768542547303323,0.29,7.0,REV_SHORT,STOP,1899.3805,2021-05-26 00:25:00,2021-05-26 00:30:00,2021-05-26 01:00:00
172257.0,858169.0,858238.0,172271.0,-1.0,4.0,1910.0,1913.6079490297107,1900.0,1.7064612129716665,0.07,1908.58,1900.0,2.0,-1.0,-1.0,1.0,1.0,1.0,35.19564320797509,7385.708591929393,7445.768591929393,1.6248980594215918,0.29,14.0,REV_SHORT,TARGET,1908.725,2021-05-26 12:45:00,2021-05-26 12:50:00,2021-05-26 13:59:00
172968.0,861709.0,861948.0,173016.0,-1.0,4.0,1910.0,1911.222034853599,1900.0,4.300826689046193,0.08,1909.105,1905.5305,3.0,-1.0,-1.0,-1.0,0.0,0.0,16.936278828792638,7445.768591929393,7474.364591929392,1.0780697071981504,0.29,48.0,REV_SHORT,TIME,1909.25,2021-05-31 03:00:00,2021-05-31 03:05:00,2021-05-31 07:04:00
174139.0,867544.0,867776.0,174186.0,1.0,3.0,1870.0,1867.6493033986535,1880.0,2.3150033196162,0.05,1871.375,1880.0,2.0,-1.0,1.0,-1.0,0.0,1.0,18.628483006732495,7474.364591929392,7517.489591929392,1.4313932026929346,0.29,47.0,REV_LONG,TARGET,1871.23,2021-06-04 08:35:00,2021-06-04 08:40:00,2021-06-04 12:32:00
174488.0,869284.0,869523.0,174536.0,1.0,1.0,1890.0,1888.2196895182515,1900.0,1.7298871150923467,0.08,1892.535,1899.0545,3.0,1.0,1.0,1.0,0.0,0.0,34.52248385398889,7517.489591929392,7569.645591929391,1.780310481748642,0.29,48.0,BREAK_LONG,TIME,1892.39,2021-06-07 14:40:00,2021-06-07 14:45:00,2021-06-07 18:44:00
175231.0,872984.0,873003.0,175235.0,1.0,3.0,1880.0,1875.7768857502977,1890.0,2.037105970798424,0.04,1880.46,1875.7768857502977,1.0,-1.0,-1.0,-1.0,1.0,1.0,18.73245699880954,7569.645591929391,7550.913134930582,1.8622284994049498,0.29,4.0,REV_LONG,STOP,1880.315,2021-06-10 07:35:00,2021-06-10 07:40:00,2021-06-10 07:59:00
175553.0,874589.0,874622.0,175560.0,-1.0,2.0,1890.0,1891.3597119314777,1880.0,5.108318035283725,0.2,1889.5,1891.3597119314777,1.0,1.0,1.0,1.0,0.0,0.0,37.19423862955409,7550.913134930582,7513.718896301028,1.3597119314777661,0.29,7.0,BREAK_SHORT,STOP,1889.645,2021-06-11 11:25:00,2021-06-11 11:30:00,2021-06-11 12:03:00
175840.0,876019.0,876040.0,175845.0,1.0,3.0,1850.0,1846.5088092386757,1860.0,1.5211567598808027,0.03,1851.86,1846.5088092386757,1.0,-1.0,-1.0,-1.0,1.0,0.0,16.0535722839727,7513.718896301028,7497.665324017054,1.8043815226487947,0.29,5.0,REV_LONG,STOP,1851.715,2021-06-14 12:20:00,2021-06-14 12:25:00,2021-06-14 12:46:00
176142.0,877524.0,877608.0,176159.0,1.0,3.0,1860.0,1856.6441383631484,1870.0,1.9839755382265554,0.04,1861.12,1856.6441383631484,1.0,-1.0,-1.0,-1.0,0.0,1.0,17.90344654740602,7497.665324017054,7479.761877469648,2.101723273702979,0.29,17.0,REV_LONG,STOP,1860.975,2021-06-15 14:30:00,2021-06-15 14:35:00,2021-06-15 15:59:00
176302.0,878319.0,878354.0,176310.0,-1.0,4.0,1860.0,1860.8830423547276,1850.0,8.690678458308588,0.33,1859.76,1860.8830423547276,1.0,1.0,-1.0,1.0,0.0,1.0,37.060397706012736,7479.761877469648,7442.701479763636,0.7080847094553873,0.29,8.0,REV_SHORT,STOP,1859.905,2021-06-16 04:50:00,2021-06-16 04:55:00,2021-06-16 05:30:00
176364.0,878629.0,878864.0,176412.0,-1.0,4.0,1860.0,1861.0157521783829,1850.0,6.5931315785872755,0.25,1859.565,1861.0157521783829,1.0,1.0,-1.0,1.0,0.0,1.0,36.26880445956999,7442.701479763636,7406.432675304066,0.811504356766012,0.29,48.0,REV_SHORT,STOP,1859.71,2021-06-16 10:00:00,2021-06-16 10:05:00,2021-06-16 14:00:00
176584.0,879724.0,879727.0,176585.0,1.0,3.0,1820.0,1818.9381674013246,1830.0,5.8416684619898795,0.11,1820.555,1818.9381674013246,1.0,-1.0,1.0,-1.0,0.0,1.0,17.78515858543051,7406.432675304066,7388.647516718635,0.7236651973509648,0.29,1.0,REV_LONG,STOP,1820.41,2021-06-17 05:20:00,2021-06-17 05:25:00,2021-06-17 05:28:00
176610.0,879854.0,879883.0,176616.0,-1.0,2.0,1810.0,1811.566039810463,1800.0,3.3628314312045706,0.13,1808.915,1811.566039810463,1.0,1.0,1.0,1.0,0.0,1.0,34.46351753602016,7388.647516718635,7354.1839991826155,1.5660398104630422,0.29,6.0,BREAK_SHORT,STOP,1809.06,2021-06-17 07:30:00,2021-06-17 07:35:00,2021-06-17 08:04:00
177007.0,881834.0,881973.0,177035.0,1.0,3.0,1770.0,1767.5111327932054,1780.0,1.4395333841688465,0.03,1772.6305,1767.5111327932054,1.0,-1.0,-1.0,-1.0,1.0,1.0,15.35810162038365,7354.1839991826155,7338.825897562232,2.02173441358883,0.29,28.0,REV_LONG,STOP,1772.4855,2021-06-18 17:35:00,2021-06-18 17:40:00,2021-06-18 19:59:00
177435.0,883964.0,884012.0,177445.0,1.0,3.0,1780.0,1776.7813460898976,1790.0,1.834398556348349,0.03,1781.445,1776.7813460898976,1.0,-1.0,-1.0,-1.0,0.0,0.0,13.990961730306935,7338.825897562232,7324.834935831925,1.5873078202050626,0.29,10.0,REV_LONG,STOP,1781.3,2021-06-22 07:15:00,2021-06-22 07:20:00,2021-06-22 08:08:00
177652.0,885044.0,885051.0,177654.0,-1.0,4.0,1780.0,1781.7324407926267,1770.0,5.201272702798461,0.09,1779.8405,1781.7324407926267,1.0,1.0,-1.0,-1.0,0.0,1.0,17.027467133639902,7324.834935831925,7307.8074686982845,0.9048815852534264,0.29,2.0,REV_SHORT,STOP,1779.9855,2021-06-23 02:20:00,2021-06-23 02:25:00,2021-06-23 02:32:00
177792.0,885744.0,885808.0,177805.0,1.0,1.0,1790.0,1787.6807138491147,1800.0,2.0993582253830465,0.09,1791.6555,1787.6807138491147,1.0,1.0,1.0,1.0,0.0,0.0,35.77307535796854,7307.8074686982845,7272.0343933403165,2.319286150885356,0.29,13.0,BREAK_LONG,STOP,1791.5105,2021-06-23 14:00:00,2021-06-23 14:05:00,2021-06-23 15:09:00
178004.0,886799.0,887038.0,178052.0,1.0,1.0,1780.0,1778.8229025873966,1790.0,2.2326196716428193,0.1,1782.2805,1784.175,3.0,1.0,1.0,1.0,0.0,0.0,34.57597412603491,7272.0343933403165,7290.979393340315,1.1770974126034763,0.29,48.0,BREAK_LONG,TIME,1782.1355,2021-06-24 08:40:00,2021-06-24 08:45:00,2021-06-24 12:44:00
178368.0,888614.0,888853.0,178416.0,-1.0,2.0,1780.0,1781.521037679904,1770.0,1.7855253195302458,0.08,1777.385,1779.6299999999999,3.0,1.0,1.0,1.0,0.0,0.0,33.088301439232964,7290.979393340315,7273.019393340316,1.5210376799040188,0.29,48.0,BREAK_SHORT,TIME,1777.53,2021-06-25 16:00:00,2021-06-25 16:05:00,2021-06-25 20:04:00
178553.0,889534.0,889773.0,178601.0,-1.0,2.0,1780.0,1781.4048567852174,1770.0,1.0311928196002507,0.03,1775.79,1776.0049999999999,3.0,1.0,1.0,-1.0,0.0,0.0,16.844570355652195,7273.019393340316,7272.374393340317,1.4048567852172793,0.29,48.0,BREAK_SHORT,TIME,1775.935,2021-06-28 08:25:00,2021-06-28 08:30:00,2021-06-28 12:29:00
179063.0,892074.0,892190.0,179087.0,-1.0,2.0,1760.0,1760.8355988138592,1750.0,4.6111053127340345,0.18,1758.9045,1760.8355988138592,1.0,1.0,1.0,1.0,0.0,0.0,34.75977864946344,7272.374393340317,7237.614614690853,0.8355988138591652,0.29,24.0,BREAK_SHORT,STOP,1759.0495,2021-06-30 04:55:00,2021-06-30 05:00:00,2021-06-30 06:56:00
179141.0,892464.0,892479.0,179145.0,-1.0,4.0,1760.0,1761.9233491085452,1750.0,4.2796749020907505,0.16,1759.665,1761.9233491085452,1.0,1.0,1.0,1.0,0.0,1.0,36.133585736723035,7237.614614690853,7201.48102895413,1.1866982170904188,0.29,4.0,REV_SHORT,STOP,1759.81,2021-06-30 11:25:00,2021-06-30 11:30:00,2021-06-30 11:45:00
179207.0,892794.0,892867.0,179222.0,1.0,1.0,1770.0,1768.2607237717723,1780.0,1.7922228680907866,0.04,1772.465,1768.2607237717723,1.0,1.0,1.0,-1.0,0.0,0.0,16.81710491291051,7201.48102895413,7184.66392404122,1.7392762282276673,0.29,15.0,BREAK_LONG,STOP,1772.32,2021-06-30 16:55:00,2021-06-30 17:00:00,2021-06-30 18:13:00
179272.0,893114.0,893228.0,179295.0,-1.0,4.0,1770.0,1770.4746895149615,1760.0,9.277469853442765,0.35000000000000003,1769.4555,1770.4746895149615,1.0,-1.0,-1.0,1.0,0.0,0.0,35.67163302365089,7184.66392404122,7148.992291017568,0.41937902992290066,0.29,23.0,REV_SHORT,STOP,1769.6005,2021-06-30 23:20:00,2021-06-30 23:25:00,2021-07-01 01:19:00
179711.0,895304.0,895309.0,179713.0,-1.0,4.0,1790.0,1794.7749599032527,1780.0,1.7775300823713835,0.06,1789.4555,1794.7749599032527,1.0,-1.0,-1.0,1.0,1.0,0.0,31.916759419515984,7148.992291017568,7117.075531598052,3.28291980650547,0.29,2.0,REV_SHORT,STOP,1789.6005,2021-07-02 12:55:00,2021-07-02 13:00:00,2021-07-02 13:05:00
179974.0,896614.0,896853.0,180022.0,1.0,3.0,1790.0,1788.8659609753784,1800.0,6.073547002621142,0.22,1790.44,1790.09,3.0,1.0,1.0,1.0,0.0,1.0,34.628858541677346,7117.075531598052,7109.375531598049,0.8280780492430168,0.29,48.0,REV_LONG,TIME,1790.295,2021-07-05 11:50:00,2021-07-05 11:55:00,2021-07-05 15:54:00
180170.0,897589.0,897828.0,180218.0,1.0,1.0,1800.0,1799.0825301470868,1810.0,2.4353597920083883,0.11,1802.2605,1806.9905,3.0,1.0,1.0,1.0,0.0,0.0,34.95766838204622,7109.375531598049,7161.4055315980495,0.9174698529131579,0.29,48.0,BREAK_LONG,TIME,1802.1155,2021-07-06 05:10:00,2021-07-06 05:15:00,2021-07-06 09:14:00
180419.0,898829.0,898835.0,180421.0,1.0,3.0,1800.0,1798.9687306844608,1810.0,7.816063159660239,0.14,1800.22,1798.9687306844608,1.0,1.0,1.0,-1.0,0.0,1.0,17.51777041754986,7161.4055315980495,7143.887761180499,0.9715386310783994,0.29,2.0,REV_LONG,STOP,1800.075,2021-07-07 02:55:00,2021-07-07 03:00:00,2021-07-07 03:06:00
180764.0,900549.0,900645.0,180784.0,1.0,1.0,1810.0,1807.7794314105124,1820.0,2.047091283146218,0.08,1811.79,1807.7794314105124,1.0,1.0,1.0,1.0,0.0,0.0,32.08454871590038,7143.887761180499,7111.803212464599,2.220568589487672,0.29,20.0,BREAK_LONG,STOP,1811.645,2021-07-08 08:40:00,2021-07-08 08:45:00,2021-07-08 10:21:00
181795.0,905684.0,905923.0,181843.0,1.0,1.0,1810.0,1809.177606235734,1820.0,3.64003717128422,0.07,1811.51,1813.865,3.0,1.0,1.0,-1.0,0.0,0.0,16.326756349862308,7111.803212464599,7128.288212464599,0.8223937642660766,0.29,48.0,BREAK_LONG,TIME,1811.365,2021-07-14 02:35:00,2021-07-14 02:40:00,2021-07-14 06:39:00
183022.0,911799.0,911896.0,183042.0,1.0,1.0,1820.0,1818.3382060952524,1830.0,1.045285062835656,0.03,1824.04,1818.3382060952524,1.0,1.0,1.0,-1.0,0.0,0.0,17.10538171424264,7128.288212464599,7111.1828307503565,1.661793904747668,0.29,20.0,BREAK_LONG,STOP,1823.895,2021-07-20 12:50:00,2021-07-20 12:55:00,2021-07-20 14:32:00
183064.0,912009.0,912248.0,183112.0,-1.0,4.0,1810.0,1812.2056820136133,1800.0,2.497147703473768,0.1,1808.7155,1810.7,3.0,1.0,1.0,1.0,1.0,0.0,34.90182013613321,7111.1828307503565,7091.337830750356,2.0643640272265684,0.29,48.0,REV_SHORT,TIME,1808.8605,2021-07-20 16:20:00,2021-07-20 16:25:00,2021-07-20 20:24:00
183820.0,915774.0,915841.0,183834.0,-1.0,2.0,1800.0,1801.3267445236108,1790.0,2.1231161858442262,0.09,1797.7,1790.0,2.0,1.0,1.0,1.0,0.0,0.0,32.640700712497164,7091.337830750356,7160.637830750356,1.326744523610786,0.29,14.0,BREAK_SHORT,TARGET,1797.845,2021-07-23 10:20:00,2021-07-23 10:25:00,2021-07-23 11:32:00
184064.0,916989.0,916995.0,184066.0,1.0,1.0,1810.0,1808.8454486942696,1820.0,3.5808280423004324,0.07,1811.2805,1808.8454486942696,1.0,1.0,1.0,-1.0,0.0,0.0,17.045359140113078,7160.637830750356,7143.592471610244,1.154551305730462,0.29,2.0,BREAK_LONG,STOP,1811.1355,2021-07-26 07:40:00,2021-07-26 07:45:00,2021-07-26 07:51:00
184479.0,919059.0,919148.0,184497.0,1.0,3.0,1800.0,1798.9792996264441,1810.0,8.216941482406474,0.29,1800.175,1798.9792996264441,1.0,-1.0,1.0,1.0,0.0,1.0,34.67531083311928,7143.592471610244,7108.917160777124,0.6014007471118091,0.29,18.0,REV_LONG,STOP,1800.03,2021-07-27 19:15:00,2021-07-27 19:20:00,2021-07-27 20:49:00
184738.0,920349.0,920365.0,184742.0,-1.0,2.0,1800.0,1800.7439099896937,1790.0,7.208287868753265,0.13,1799.435,1800.7439099896937,1.0,1.0,1.0,-1.0,0.0,0.0,17.01582986601943,7108.917160777124,7091.901330911105,0.7439099896938336,0.29,4.0,BREAK_SHORT,STOP,1799.58,2021-07-28 17:50:00,2021-07-28 17:55:00,2021-07-28 18:11:00
185373.0,923509.0,923748.0,185421.0,1.0,3.0,1810.0,1807.9408703642366,1820.0,3.459523491875439,0.13,1810.645,1812.09,3.0,-1.0,-1.0,1.0,0.0,0.0,35.15368526492375,7091.901330911105,7110.686330911104,1.3262592715266928,0.29,48.0,REV_LONG,TIME,1810.5,2021-08-02 01:45:00,2021-08-02 01:50:00,2021-08-02 05:49:00
185667.0,924974.0,925157.0,185704.0,1.0,3.0,1810.0,1809.3691004793864,1820.0,6.670757773195081,0.12,1810.7549999999999,1809.3691004793864,1.0,-1.0,-1.0,-1.0,0.0,0.0,16.630794247362246,7110.686330911104,7094.055536663742,0.6917990412269477,0.29,37.0,REV_LONG,STOP,1810.61,2021-08-03 03:15:00,2021-08-03 03:20:00,2021-08-03 06:23:00
185764.0,925459.0,925508.0,185774.0,1.0,3.0,1810.0,1808.7971906422997,1820.0,6.191386611156411,0.22,1810.355,1808.7971906422997,1.0,-1.0,-1.0,1.0,0.0,1.0,34.27180586940676,7094.055536663742,7059.7837307943355,0.7366187154008614,0.29,10.0,REV_LONG,STOP,1810.21,2021-08-03 11:20:00,2021-08-03 11:25:00,2021-08-03 12:14:00
186250.0,927879.0,927898.0,186254.0,-1.0,2.0,1810.0,1810.543134638097,1800.0,5.8102181674959805,0.22,1808.9950000000001,1810.543134638097,1.0,1.0,1.0,1.0,0.0,0.0,34.058962038130176,7059.7837307943355,7025.724768756205,0.5431346380969436,0.29,4.0,BREAK_SHORT,STOP,1809.14,2021-08-05 05:50:00,2021-08-05 05:55:00,2021-08-05 06:14:00
186497.0,929109.0,929170.0,186510.0,1.0,3.0,1800.0,1799.1148174004727,1810.0,7.15257973207599,0.13,1800.45,1799.1148174004727,1.0,-1.0,-1.0,-1.0,0.0,1.0,17.35737379385546,7025.724768756205,7008.36739496235,0.5903651990549426,0.29,13.0,REV_LONG,STOP,1800.305,2021-08-06 03:25:00,2021-08-06 03:30:00,2021-08-06 04:31:00
186522.0,929234.0,929334.0,186543.0,1.0,3.0,1800.0,1798.7284794388975,1810.0,6.846403919517692,0.12,1800.165,1798.7284794388975,1.0,-1.0,-1.0,-1.0,0.0,1.0,17.23824673322997,7008.36739496235,6991.12914822912,0.543041122205216,0.29,21.0,REV_LONG,STOP,1800.02,2021-08-06 05:30:00,2021-08-06 05:35:00,2021-08-06 07:15:00
186660.0,929924.0,930156.0,186707.0,1.0,3.0,1760.0,1758.2122836239469,1770.0,3.2513242529453623,0.06,1760.985,1763.3600000000001,4.0,-1.0,-1.0,-1.0,1.0,1.0,16.63629825631824,6991.12914822912,7005.379148229122,1.5154327521063615,0.29,47.0,REV_LONG,SESSION,1760.84,2021-08-06 17:00:00,2021-08-06 17:05:00,2021-08-06 20:57:00
186948.0,931359.0,931375.0,186952.0,-1.0,4.0,1730.0,1731.241234306636,1720.0,5.530914625217891,0.2,1729.52,1731.241234306636,1.0,1.0,1.0,1.0,0.0,0.0,34.424686132720126,7005.379148229122,6970.954462096402,1.4624686132719924,0.29,4.0,REV_SHORT,STOP,1729.665,2021-08-09 18:00:00,2021-08-09 18:05:00,2021-08-09 18:21:00
188008.0,936639.0,936878.0,188056.0,1.0,1.0,1770.0,1767.9643625411818,1780.0,1.0057264817976015,0.05,1773.965,1777.81,3.0,1.0,1.0,1.0,0.0,0.0,30.003187294090594,6970.954462096402,6990.179462096402,2.0356374588182606,0.29,48.0,BREAK_LONG,TIME,1773.82,2021-08-13 14:20:00,2021-08-13 14:25:00,2021-08-13 18:24:00
188125.0,937219.0,937263.0,188134.0,1.0,1.0,1780.0,1779.0926619248214,1790.0,1.977837909104617,0.09,1782.7555,1779.0926619248214,1.0,1.0,1.0,1.0,0.0,1.0,32.96554267660713,6990.179462096402,6957.213919419795,0.9073380751786676,0.29,9.0,BREAK_LONG,STOP,1782.6105,2021-08-16 01:05:00,2021-08-16 01:10:00,2021-08-16 01:54:00
188266.0,937924.0,937942.0,188270.0,-1.0,4.0,1780.0,1782.1503177222419,1770.0,2.5628110668393833,0.05,1778.74,1782.1503177222419,1.0,-1.0,-1.0,-1.0,0.0,1.0,17.051588611209358,6957.213919419795,6940.1623308085855,1.6656354444835646,0.29,4.0,REV_SHORT,STOP,1778.885,2021-08-16 12:50:00,2021-08-16 12:55:00,2021-08-16 13:13:00
188737.0,940269.0,940382.0,188760.0,1.0,1.0,1790.0,1789.2290882001512,1800.0,3.7429899305493883,0.07,1791.5,1789.2290882001512,1.0,1.0,1.0,-1.0,0.0,0.0,15.896382598941731,6940.1623308085855,6924.265948209643,0.7709117998488684,0.29,23.0,BREAK_LONG,STOP,1791.355,2021-08-18 06:05:00,2021-08-18 06:10:00,2021-08-18 08:03:00
188980.0,941479.0,941684.0,189022.0,-1.0,2.0,1780.0,1781.3334483146878,1770.0,1.2790199289250663,0.06,1776.3605,1781.3334483146878,1.0,1.0,1.0,1.0,0.0,0.0,29.837689888126533,6924.265948209643,6894.428258321517,1.3334483146876714,0.29,42.0,BREAK_SHORT,STOP,1776.5055,2021-08-19 03:20:00,2021-08-19 03:25:00,2021-08-19 06:50:00
189042.0,941789.0,941790.0,189043.0,-1.0,2.0,1780.0,1781.246652722093,1770.0,4.810263687141163,0.17,1779.311,1781.246652722093,1.0,1.0,1.0,1.0,0.0,0.0,32.9060962755807,6894.428258321517,6861.522162045936,1.2466527220929144,0.29,1.0,BREAK_SHORT,STOP,1779.456,2021-08-19 08:30:00,2021-08-19 08:35:00,2021-08-19 08:36:00
189373.0,943439.0,943520.0,189390.0,1.0,3.0,1780.0,1778.585926650718,1790.0,1.965408116062845,0.04,1782.435,1778.585926650718,1.0,-1.0,-1.0,-1.0,0.0,0.0,15.39629339712792,6861.522162045936,6846.125868648808,1.4551466985642378,0.29,17.0,REV_LONG,STOP,1782.29,2021-08-20 13:05:00,2021-08-20 13:10:00,2021-08-20 14:31:00
189626.0,944699.0,944804.0,189648.0,1.0,1.0,1790.0,1789.2340126775182,1800.0,8.281124986303848,0.29,1790.394,1800.0,2.0,1.0,1.0,1.0,0.0,0.0,33.63963235197252,6846.125868648808,7124.699868648808,0.7659873224818508,0.29,22.0,BREAK_LONG,TARGET,1790.249,2021-08-23 11:10:00,2021-08-23 11:15:00,2021-08-23 13:00:00
190495.0,949029.0,949055.0,190501.0,-1.0,4.0,1790.0,1796.3893574812962,1780.0,1.4967192185974643,0.05,1789.825,1796.3893574812962,1.0,1.0,-1.0,1.0,0.0,1.0,32.82178740648079,7124.699868648808,7091.8780812423265,2.4777149625925703,0.29,6.0,REV_SHORT,STOP,1789.97,2021-08-26 14:35:00,2021-08-26 14:40:00,2021-08-26 15:06:00
190761.0,950354.0,950364.0,190764.0,1.0,3.0,1790.0,1786.5858948523626,1800.0,1.2084084522071092,0.02,1792.66,1786.5858948523626,1.0,-1.0,-1.0,-1.0,1.0,1.0,12.148210295275021,7091.8780812423265,7079.7298709470515,2.3672102952749094,0.29,3.0,REV_LONG,STOP,1792.515,2021-08-27 13:45:00,2021-08-27 13:50:00,2021-08-27 14:00:00
191523.0,954149.0,954388.0,191571.0,1.0,3.0,1810.0,1808.8540859014654,1820.0,3.1887538213553173,0.06,1811.5149999999999,1815.8895,3.0,-1.0,-1.0,-1.0,0.0,0.0,15.965484591206858,7079.7298709470515,7105.976870947052,1.1718281970693922,0.29,48.0,REV_LONG,TIME,1811.37,2021-09-01 08:15:00,2021-09-01 08:20:00,2021-09-01 12:19:00
191605.0,954559.0,954798.0,191653.0,1.0,3.0,1810.0,1807.7481656963207,1820.0,3.4930615282154642,0.13,1810.475,1813.34,3.0,-1.0,-1.0,1.0,0.0,1.0,35.44884594782957,7105.976870947052,7143.221870947052,1.9736686073582514,0.29,48.0,REV_LONG,TIME,1810.33,2021-09-01 15:05:00,2021-09-01 15:10:00,2021-09-01 19:09:00
191893.0,955994.0,956233.0,191941.0,-1.0,2.0,1810.0,1811.419299593974,1800.0,3.079341710532268,0.06,1808.6200000000001,1810.17,3.0,1.0,1.0,-1.0,0.0,0.0,16.795797563843735,7143.221870947052,7133.9218709470515,1.4192995939740398,0.29,48.0,BREAK_SHORT,TIME,1808.765,2021-09-02 16:05:00,2021-09-02 16:10:00,2021-09-02 20:09:00
192153.0,957289.0,957309.0,192158.0,-1.0,4.0,1830.0,1832.4932344490712,1820.0,2.540930918680759,0.05,1828.965,1832.4932344490712,1.0,-1.0,-1.0,-1.0,1.0,0.0,17.64117224535653,7133.9218709470515,7116.280698701695,2.5074688981424216,0.29,5.0,REV_SHORT,STOP,1829.11,2021-09-03 14:45:00,2021-09-03 14:50:00,2021-09-03 15:10:00
192619.0,959609.0,959750.0,192648.0,-1.0,4.0,1820.0,1821.1921060293246,1810.0,4.324234778452233,0.16,1819.09,1810.0,2.0,1.0,1.0,1.0,1.0,1.0,33.63369646919455,7116.280698701695,7261.720698701693,1.1312120586491599,0.29,29.0,REV_SHORT,TARGET,1819.235,2021-09-07 07:35:00,2021-09-07 07:40:00,2021-09-07 10:01:00
193118.0,962094.0,962333.0,193166.0,-1.0,4.0,1790.0,1790.9713923497218,1780.0,4.878395478505501,0.19,1789.105,1789.955,3.0,1.0,1.0,1.0,0.0,1.0,35.46145464471351,7261.720698701693,7245.570698701695,0.7427846994436061,0.29,48.0,REV_SHORT,TIME,1789.25,2021-09-09 03:10:00,2021-09-09 03:15:00,2021-09-09 07:14:00
193426.0,963629.0,963858.0,193472.0,1.0,1.0,1800.0,1799.0433322542694,1810.0,2.1651413568631095,0.1,1802.5049999999999,1799.0433322542694,1.0,1.0,1.0,1.0,0.0,0.0,34.61667745730438,7245.570698701695,7210.95402124439,0.9566677457304853,0.29,46.0,BREAK_LONG,STOP,1802.36,2021-09-10 05:50:00,2021-09-10 05:55:00,2021-09-10 09:44:00
193572.0,964359.0,964396.0,193580.0,-1.0,2.0,1790.0,1790.9442780680968,1780.0,6.1331776785894725,0.23,1789.41,1790.9442780680968,1.0,1.0,1.0,1.0,0.0,0.0,35.2883955662237,7210.95402124439,7175.665625678166,0.9442780680966565,0.29,8.0,BREAK_SHORT,STOP,1789.555,2021-09-10 18:00:00,2021-09-10 18:05:00,2021-09-10 18:42:00
193710.0,965044.0,965062.0,193714.0,1.0,3.0,1790.0,1788.6153866587242,1800.0,6.029216820545956,0.11,1790.235,1788.6153866587242,1.0,-1.0,1.0,-1.0,0.0,1.0,17.81574675403249,7175.665625678166,7157.849878924134,0.8192266825517647,0.29,4.0,REV_LONG,STOP,1790.09,2021-09-13 06:30:00,2021-09-13 06:35:00,2021-09-13 06:53:00
193729.0,965139.0,965184.0,193739.0,-1.0,4.0,1790.0,1791.0611546358937,1780.0,6.442801959328042,0.24,1789.575,1791.0611546358937,1.0,1.0,-1.0,1.0,0.0,1.0,35.66771126144704,7157.849878924134,7122.182167662687,0.9503092717875227,0.29,10.0,REV_SHORT,STOP,1789.72,2021-09-13 08:05:00,2021-09-13 08:10:00,2021-09-13 08:55:00
194288.0,967924.0,968163.0,194336.0,1.0,3.0,1800.0,1798.4548490386376,1810.0,4.786605216819407,0.17,1800.45,1801.84,3.0,1.0,-1.0,1.0,0.0,1.0,33.91756634316198,7122.182167662687,7145.812167662685,1.0603019227248685,0.29,48.0,REV_LONG,TIME,1800.305,2021-09-15 08:40:00,2021-09-15 08:45:00,2021-09-15 12:44:00
194509.0,969024.0,969113.0,194527.0,1.0,3.0,1790.0,1789.3034584218312,1800.0,6.193169132056524,0.24,1790.7905,1789.3034584218312,1.0,-1.0,-1.0,1.0,1.0,0.0,35.68899787605187,7145.812167662685,7110.123169786633,0.7430831563372168,0.29,18.0,REV_LONG,STOP,1790.6455,2021-09-16 04:05:00,2021-09-16 04:10:00,2021-09-16 05:39:00
195643.0,974674.0,974913.0,195691.0,-1.0,4.0,1780.0,1780.7974214758085,1770.0,7.725742753699228,0.28,1779.56,1775.465,3.0,-1.0,-1.0,1.0,1.0,0.0,34.64780132263968,7110.123169786633,7224.783169786634,0.8448429516170692,0.29,48.0,REV_SHORT,TIME,1779.705,2021-09-22 06:35:00,2021-09-22 06:40:00,2021-09-22 10:39:00
195790.0,975409.0,975414.0,195792.0,1.0,3.0,1770.0,1765.6865504133814,1780.0,1.9798271697266785,0.03,1770.49,1765.6865504133814,1.0,-1.0,-1.0,-1.0,1.0,1.0,14.410348759855879,7224.783169786634,7210.372821026778,3.445899173237125,0.29,2.0,REV_LONG,STOP,1770.345,2021-09-22 18:50:00,2021-09-22 18:55:00,2021-09-22 19:00:00
196019.0,976549.0,976565.0,196023.0,1.0,3.0,1750.0,1747.655409531238,1760.0,1.6379638455900625,0.07,1752.335,1747.655409531238,1.0,-1.0,-1.0,1.0,1.0,0.0,32.75713328133361,7210.372821026778,7177.615687745445,2.4411809375235483,0.29,4.0,REV_LONG,STOP,1752.19,2021-09-23 14:55:00,2021-09-23 15:00:00,2021-09-23 15:16:00
196050.0,976704.0,976822.0,196074.0,1.0,3.0,1750.0,1748.9821570765946,1760.0,4.190135738225388,0.16,1751.105,1748.9821570765946,1.0,-1.0,-1.0,1.0,1.0,0.0,33.965486774486635,7177.615687745445,7143.650200970958,1.1856858468109657,0.29,24.0,REV_LONG,STOP,1750.96,2021-09-23 17:30:00,2021-09-23 17:35:00,2021-09-23 19:33:00
196137.0,977134.0,977187.0,196148.0,-1.0,4.0,1750.0,1751.2613519851802,1740.0,4.81575667614596,0.09,1749.325,1751.2613519851802,1.0,1.0,-1.0,-1.0,0.0,1.0,17.42716786662163,7143.650200970958,7126.2230331043365,0.8627039703604625,0.29,11.0,REV_SHORT,STOP,1749.47,2021-09-24 01:45:00,2021-09-24 01:50:00,2021-09-24 02:43:00
196334.0,978119.0,978281.0,196367.0,-1.0,2.0,1750.0,1750.8816198602765,1740.0,2.012947176407247,0.09,1747.27,1750.68,4.0,1.0,1.0,1.0,0.0,0.0,32.50457874248855,7126.2230331043365,7095.533033104336,0.8816198602764193,0.29,33.0,BREAK_SHORT,SESSION,1747.415,2021-09-24 18:10:00,2021-09-24 18:15:00,2021-09-24 20:57:00
196427.0,978579.0,978818.0,196475.0,-1.0,4.0,1760.0,1761.3291617785662,1750.0,5.996930095890937,0.1,1759.71,1757.7755,3.0,-1.0,-1.0,-1.0,1.0,1.0,16.19161778566195,7095.533033104336,7114.878033104337,0.8383235571321859,0.29,48.0,REV_SHORT,TIME,1759.855,2021-09-27 02:55:00,2021-09-27 03:00:00,2021-09-27 06:59:00
196513.0,979009.0,979140.0,196540.0,-1.0,2.0,1750.0,1751.3061009190774,1740.0,1.2341419724396263,0.07,1746.2455,1751.3061009190774,1.0,1.0,1.0,1.0,0.0,0.0,35.42420643354171,7114.878033104337,7079.453826670795,1.3061009190773034,0.29,27.0,BREAK_SHORT,STOP,1746.3905,2021-09-27 10:05:00,2021-09-27 10:10:00,2021-09-27 12:21:00
196572.0,979304.0,979543.0,196620.0,1.0,3.0,1750.0,1748.1750464565214,1760.0,2.5037381673972785,0.05,1751.55,1750.55,3.0,-1.0,-1.0,-1.0,0.0,1.0,16.874767717392842,7079.453826670795,7074.453826670795,1.8599070869574348,0.29,48.0,REV_LONG,TIME,1751.405,2021-09-27 15:00:00,2021-09-27 15:05:00,2021-09-27 19:04:00
196714.0,980009.0,980112.0,196735.0,1.0,3.0,1750.0,1749.258437759331,1760.0,9.514838756798754,0.17,1750.28,1749.258437759331,1.0,-1.0,-1.0,-1.0,0.0,1.0,17.366558091373463,7074.453826670795,7057.087268579422,0.6731244813380087,0.29,21.0,REV_LONG,STOP,1750.135,2021-09-28 03:50:00,2021-09-28 03:55:00,2021-09-28 05:38:00
196754.0,980209.0,980423.0,196797.0,1.0,3.0,1740.0,1735.0885952649896,1750.0,1.5310440218777535,0.02,1740.98,1735.0885952649896,1.0,-1.0,-1.0,-1.0,1.0,1.0,11.782809470020766,7057.087268579422,7045.304459109401,1.822809470020822,0.29,43.0,REV_LONG,STOP,1740.835,2021-09-28 07:10:00,2021-09-28 07:15:00,2021-09-28 10:49:00
196823.0,980554.0,980582.0,196829.0,1.0,3.0,1730.0,1727.0767893496643,1740.0,2.6784616513390858,0.05,1730.59,1740.0,2.0,-1.0,-1.0,-1.0,1.0,1.0,17.566053251678117,7045.304459109401,7092.354459109401,2.195421300671783,0.29,6.0,REV_LONG,TARGET,1730.445,2021-09-28 12:55:00,2021-09-28 13:00:00,2021-09-28 13:28:00
197095.0,981909.0,982003.0,197114.0,-1.0,2.0,1740.0,1741.326678028366,1730.0,2.57683285983167,0.11,1738.16,1730.0,2.0,1.0,1.0,1.0,0.0,1.0,34.83345831202405,7092.354459109401,7182.114459109403,1.3266780283659325,0.29,19.0,BREAK_SHORT,TARGET,1738.305,2021-09-29 12:35:00,2021-09-29 12:40:00,2021-09-29 14:14:00
197118.0,982024.0,982054.0,197125.0,-1.0,2.0,1730.0,1732.3771116288467,1720.0,1.2434042414752187,0.06,1726.8600000000001,1732.3771116288467,1.0,1.0,1.0,1.0,0.0,0.0,33.10266977307947,7182.114459109403,7149.011789336323,2.3771116288467327,0.29,7.0,BREAK_SHORT,STOP,1727.005,2021-09-29 14:30:00,2021-09-29 14:35:00,2021-09-29 15:05:00
197332.0,983089.0,983119.0,197339.0,1.0,3.0,1730.0,1728.8143540168005,1740.0,4.577078944588179,0.08,1730.82,1728.8143540168005,1.0,-1.0,-1.0,-1.0,0.0,1.0,16.04516786559543,7149.011789336323,7132.966621470728,1.091291966398797,0.29,7.0,REV_LONG,STOP,1730.675,2021-09-30 09:20:00,2021-09-30 09:25:00,2021-09-30 09:55:00
197404.0,983449.0,983475.0,197410.0,1.0,1.0,1760.0,1757.2228441258198,1770.0,1.5617557017765553,0.03,1762.2105,1757.2228441258198,1.0,1.0,1.0,-1.0,0.0,1.0,14.96296762254019,7132.966621470728,7118.003653848187,2.7771558741801297,0.29,6.0,BREAK_LONG,STOP,1762.0655,2021-09-30 15:20:00,2021-09-30 15:25:00,2021-09-30 15:51:00
198198.0,987404.0,987496.0,198217.0,-1.0,4.0,1760.0,1762.162072440552,1750.0,2.958914601104319,0.05,1759.09,1750.0,2.0,-1.0,1.0,-1.0,0.0,1.0,15.3603622027606,7118.003653848187,7163.453653848187,1.3991448811037008,0.29,19.0,REV_SHORT,TARGET,1759.235,2021-10-05 12:30:00,2021-10-05 12:35:00,2021-10-05 14:07:00
198412.0,988469.0,988505.0,198420.0,1.0,3.0,1750.0,1746.7428091981776,1760.0,1.5856636341894161,0.03,1751.87,1746.7428091981776,1.0,-1.0,-1.0,-1.0,1.0,1.0,15.381572405466839,7163.453653848187,7148.07208144272,1.574381603644888,0.29,8.0,REV_LONG,STOP,1751.725,2021-10-06 07:20:00,2021-10-06 07:25:00,2021-10-06 08:01:00
198515.0,988984.0,989223.0,198563.0,1.0,1.0,1760.0,1758.3037956884234,1770.0,1.9489666675611252,0.04,1762.27,1764.305,3.0,1.0,1.0,-1.0,0.0,0.0,15.864817246306304,7148.07208144272,7156.212081442721,1.6962043115766652,0.29,48.0,BREAK_LONG,TIME,1762.125,2021-10-06 15:55:00,2021-10-06 16:00:00,2021-10-06 19:59:00
198709.0,989949.0,989958.0,198711.0,1.0,3.0,1760.0,1758.8070805519928,1770.0,5.206498139063319,0.09,1760.6105,1758.8070805519928,1.0,1.0,-1.0,-1.0,0.0,1.0,16.230775032064457,7156.212081442721,7139.9813064106565,1.1158388960143677,0.29,2.0,REV_LONG,STOP,1760.4655,2021-10-07 09:05:00,2021-10-07 09:10:00,2021-10-07 09:19:00
199053.0,991664.0,991903.0,199101.0,-1.0,2.0,1760.0,1763.0230732311024,1750.0,1.8634264598121622,0.03,1758.475,1758.28,3.0,1.0,1.0,-1.0,0.0,1.0,13.644219693307605,7139.9813064106565,7140.566306410657,3.0230732311023796,0.29,48.0,BREAK_SHORT,TIME,1758.62,2021-10-08 14:45:00,2021-10-08 14:50:00,2021-10-08 18:49:00
199663.0,994704.0,994781.0,199679.0,1.0,1.0,1760.0,1759.332659326766,1770.0,4.727921226522815,0.09,1761.195,1760.2045,4.0,1.0,1.0,-1.0,0.0,0.0,16.76106605910627,7140.566306410657,7131.651806410658,0.6673406732340313,0.29,16.0,BREAK_LONG,SESSION,1761.05,2021-10-12 19:35:00,2021-10-12 19:40:00,2021-10-12 20:57:00
200041.0,996584.0,996823.0,200089.0,1.0,1.0,1790.0,1789.320811026957,1800.0,5.158030721590679,0.2,1791.055,1796.7450000000001,3.0,1.0,1.0,1.0,0.0,0.0,34.68377946086093,7131.651806410658,7245.451806410659,0.6791889730429884,0.29,48.0,BREAK_LONG,TIME,1790.91,2021-10-14 05:05:00,2021-10-14 05:10:00,2021-10-14 09:09:00
200349.0,998119.0,998353.0,200396.0,-1.0,2.0,1790.0,1791.0830617864367,1780.0,1.1780342367028003,0.03,1785.9945,1780.0,2.0,1.0,1.0,-1.0,0.0,0.0,15.265685359310055,7245.451806410659,7263.435306410659,1.0830617864367105,0.29,47.0,BREAK_SHORT,TARGET,1786.1395,2021-10-15 07:45:00,2021-10-15 07:50:00,2021-10-15 11:44:00
200536.0,999049.0,999218.0,200570.0,1.0,3.0,1770.0,1768.6931358746033,1780.0,4.8062403317065,0.18,1770.6405,1768.6931358746033,1.0,-1.0,1.0,1.0,0.0,1.0,35.0525542571404,7263.435306410659,7228.382752153519,1.013728250793468,0.29,34.0,REV_LONG,STOP,1770.4955,2021-10-18 00:20:00,2021-10-18 00:25:00,2021-10-18 03:14:00
200832.0,1000524.0,1000763.0,200880.0,1.0,1.0,1770.0,1769.0643019080962,1780.0,1.8963380613914533,0.09,1772.84,1777.48,3.0,1.0,1.0,1.0,0.0,0.0,33.9812828271331,7228.382752153519,7270.14275215352,0.9356980919037997,0.29,48.0,BREAK_LONG,TIME,1772.695,2021-10-19 02:00:00,2021-10-19 02:05:00,2021-10-19 06:04:00
200969.0,1001209.0,1001213.0,200970.0,1.0,3.0,1780.0,1778.0380821663073,1790.0,2.8813227604320732,0.11,1781.12,1778.0380821663073,1.0,1.0,1.0,1.0,1.0,1.0,33.90109617061876,7270.14275215352,7236.241655982901,2.1838356673857438,0.29,1.0,REV_LONG,STOP,1780.975,2021-10-19 13:25:00,2021-10-19 13:30:00,2021-10-19 13:34:00
201218.0,1002449.0,1002462.0,201221.0,1.0,1.0,1780.0,1779.197701455175,1790.0,3.9957479602799415,0.08,1781.36,1779.197701455175,1.0,1.0,1.0,-1.0,0.0,0.0,17.29838835859846,7236.241655982901,7218.943267624302,0.8022985448250156,0.29,3.0,BREAK_LONG,STOP,1781.215,2021-10-20 11:10:00,2021-10-20 11:15:00,2021-10-20 11:28:00
201248.0,1002599.0,1002838.0,201296.0,1.0,3.0,1780.0,1775.7144712234801,1790.0,2.1563053356246087,0.07,1780.2404999999999,1784.795,3.0,1.0,1.0,1.0,1.0,0.0,31.682201435638262,7218.943267624302,7250.824767624304,2.230057553039712,0.29,48.0,REV_LONG,TIME,1780.0955,2021-10-20 13:40:00,2021-10-20 13:45:00,2021-10-20 17:44:00
201576.0,1004234.0,1004261.0,201582.0,-1.0,2.0,1780.0,1780.8737535884966,1770.0,4.096068096671861,0.16,1778.74,1780.8737535884966,1.0,1.0,1.0,1.0,0.0,1.0,34.14005741594519,7250.824767624304,7216.684710208358,0.8737535884965072,0.29,6.0,BREAK_SHORT,STOP,1778.885,2021-10-21 18:00:00,2021-10-21 18:05:00,2021-10-21 18:32:00
201718.0,1004939.0,1005178.0,201766.0,1.0,1.0,1790.0,1789.120581287975,1800.0,1.3150562609342709,0.03,1793.82,1792.1100000000001,3.0,1.0,1.0,-1.0,0.0,0.0,14.098256136074724,7216.684710208358,7211.554710208359,0.8794187120250827,0.29,48.0,BREAK_LONG,TIME,1793.675,2021-10-22 06:50:00,2021-10-22 06:55:00,2021-10-22 10:54:00
201984.0,1006264.0,1006402.0,202012.0,-1.0,4.0,1800.0,1801.5276683911675,1790.0,2.1689717565124256,0.04,1797.89,1801.5276683911675,1.0,-1.0,-1.0,-1.0,0.0,1.0,14.550673564669522,7211.554710208359,7197.00403664369,1.6073367823350013,0.29,28.0,REV_SHORT,STOP,1798.035,2021-10-25 06:00:00,2021-10-25 06:05:00,2021-10-25 08:23:00
202488.0,1008774.0,1009013.0,202536.0,-1.0,2.0,1790.0,1791.315145719841,1780.0,3.464192226656084,0.14,1788.7805,1787.525,3.0,1.0,1.0,1.0,0.0,0.0,35.48504007777274,7197.00403664369,7214.58103664369,1.3151457198410752,0.29,48.0,BREAK_SHORT,TIME,1788.9255,2021-10-27 02:00:00,2021-10-27 02:05:00,2021-10-27 06:04:00
202796.0,1010309.0,1010548.0,202844.0,1.0,1.0,1800.0,1799.366859320032,1810.0,8.638970688921155,0.32,1800.47,1801.6,3.0,1.0,1.0,1.0,0.0,0.0,35.30050175897486,7214.58103664369,7250.741036643686,0.6331406799679044,0.29,48.0,BREAK_LONG,TIME,1800.325,2021-10-28 04:40:00,2021-10-28 04:45:00,2021-10-28 08:44:00
203461.0,1013624.0,1013863.0,203509.0,1.0,1.0,1790.0,1787.8957385149233,1800.0,3.189396337990166,0.06,1790.785,1794.275,3.0,1.0,1.0,-1.0,0.0,1.0,17.335568910460548,7250.741036643686,7271.681036643686,2.104261485076637,0.29,48.0,BREAK_LONG,TIME,1790.64,2021-11-01 14:05:00,2021-11-01 14:10:00,2021-11-01 18:09:00
203585.0,1014239.0,1014278.0,203593.0,1.0,3.0,1790.0,1789.1658336432458,1800.0,4.378982883128385,0.09,1791.18,1789.1658336432458,1.0,1.0,-1.0,-1.0,0.0,0.0,18.127497210788075,7271.681036643686,7253.553539432898,0.7183327135086066,0.29,8.0,REV_LONG,STOP,1791.035,2021-11-02 01:25:00,2021-11-02 01:30:00,2021-11-02 02:09:00
203720.0,1014914.0,1014997.0,203737.0,1.0,3.0,1790.0,1787.4159750354418,1800.0,1.6837189095118636,0.07,1792.105,1787.4159750354418,1.0,1.0,-1.0,1.0,0.0,0.0,32.8231747519078,7253.553539432898,7220.7303646809905,1.7770499291164688,0.29,17.0,REV_LONG,STOP,1791.96,2021-11-02 12:40:00,2021-11-02 12:45:00,2021-11-02 14:08:00
203920.0,1015909.0,1016148.0,203968.0,1.0,3.0,1780.0,1777.8781865307542,1790.0,3.0381634613331796,0.06,1780.8799999999999,1780.55,3.0,-1.0,-1.0,-1.0,1.0,0.0,18.010880815474138,7220.7303646809905,7218.750364680991,0.9146269384915263,0.29,48.0,REV_LONG,TIME,1780.735,2021-11-03 06:20:00,2021-11-03 06:25:00,2021-11-03 10:24:00
204021.0,1016414.0,1016604.0,204060.0,1.0,3.0,1760.0,1757.6352378757983,1770.0,1.161761600518903,0.03,1763.355,1770.0,2.0,-1.0,-1.0,-1.0,1.0,0.0,17.159286372605038,7218.750364680991,7238.6853646809905,2.451524248403645,0.29,39.0,REV_LONG,TARGET,1763.21,2021-11-03 14:45:00,2021-11-03 14:50:00,2021-11-03 18:00:00
204585.0,1019224.0,1019259.0,204593.0,-1.0,4.0,1810.0,1813.0551481797113,1800.0,1.3416683752408078,0.06,1807.48,1813.0551481797113,1.0,-1.0,-1.0,1.0,1.0,0.0,33.450889078267664,7238.6853646809905,7205.234475602723,2.410296359422561,0.29,8.0,REV_SHORT,STOP,1807.625,2021-11-05 15:45:00,2021-11-05 15:50:00,2021-11-05 16:25:00
204676.0,1019674.0,1019913.0,204724.0,-1.0,4.0,1820.0,1821.8574884491702,1810.0,2.6968140765208592,0.11,1818.65,1820.0905,3.0,-1.0,-1.0,1.0,0.0,0.0,35.282372940871255,7205.234475602723,7189.388975602724,1.344976898340339,0.29,48.0,REV_SHORT,TIME,1818.795,2021-11-08 01:20:00,2021-11-08 01:25:00,2021-11-08 05:24:00
205176.0,1022169.0,1022281.0,205199.0,1.0,1.0,1830.0,1829.0964717592958,1840.0,1.927885487421072,0.09,1832.8205,1831.64,4.0,1.0,1.0,1.0,0.0,1.0,33.51625416633806,7189.388975602724,7178.764475602724,0.9035282407042318,0.29,23.0,BREAK_LONG,SESSION,1832.6755,2021-11-09 20:00:00,2021-11-09 20:05:00,2021-11-09 21:57:00
205222.0,1022394.0,1022398.0,205223.0,1.0,3.0,1830.0,1829.2273407391422,1840.0,9.744087928376368,0.35000000000000003,1830.23,1829.2273407391422,1.0,1.0,-1.0,1.0,0.0,1.0,35.093074130024895,7178.764475602724,7143.671401472699,0.5553185217160406,0.29,1.0,REV_LONG,STOP,1830.085,2021-11-10 00:50:00,2021-11-10 00:55:00,2021-11-10 00:59:00
205531.0,1023934.0,1023957.0,205536.0,1.0,1.0,1850.0,1848.5772120797508,1860.0,5.336179531683765,0.09,1850.3799999999999,1848.5772120797508,1.0,1.0,1.0,-1.0,0.0,0.0,16.22509128224192,7143.671401472699,7127.446310190457,1.4227879202491938,0.29,5.0,BREAK_LONG,STOP,1850.235,2021-11-11 03:35:00,2021-11-11 03:40:00,2021-11-11 04:03:00
205594.0,1024249.0,1024457.0,205636.0,1.0,1.0,1860.0,1858.7240926031466,1870.0,1.2435565374548887,0.03,1863.75,1858.7240926031466,1.0,1.0,1.0,-1.0,0.0,0.0,15.07772219056028,7127.446310190457,7112.368587999897,1.2759073968533778,0.29,42.0,BREAK_LONG,STOP,1863.605,2021-11-11 08:50:00,2021-11-11 08:55:00,2021-11-11 12:23:00
205772.0,1025134.0,1025146.0,205775.0,1.0,3.0,1860.0,1859.4574213977558,1870.0,12.63713673052177,0.23,1860.2305,1859.4574213977558,1.0,1.0,-1.0,-1.0,0.0,0.0,17.780807851615236,7112.368587999897,7094.587780148281,0.5851572044884041,0.29,3.0,REV_LONG,STOP,1860.0855,2021-11-12 00:40:00,2021-11-12 00:45:00,2021-11-12 00:57:00
206135.0,1026944.0,1026993.0,206145.0,1.0,1.0,1860.0,1858.9854242684758,1870.0,4.160077278522926,0.16,1861.12,1858.9854242684758,1.0,1.0,1.0,1.0,0.0,0.0,34.153211704386194,7094.587780148281,7060.434568443895,1.0145757315241513,0.29,10.0,BREAK_LONG,STOP,1860.975,2021-11-15 07:55:00,2021-11-15 08:00:00,2021-11-15 08:49:00
206229.0,1027414.0,1027653.0,206277.0,1.0,3.0,1860.0,1858.2315724627497,1870.0,4.0111946613561615,0.07,1860.58,1867.265,3.0,1.0,-1.0,-1.0,0.0,0.0,16.43899276075172,7060.434568443895,7107.229568443896,1.806855074500664,0.29,48.0,REV_LONG,TIME,1860.435,2021-11-15 15:45:00,2021-11-15 15:50:00,2021-11-15 19:49:00
206426.0,1028394.0,1028633.0,206474.0,1.0,1.0,1870.0,1868.3252895829132,1880.0,1.3998777760913446,0.03,1873.19,1876.625,3.0,1.0,1.0,-1.0,0.0,0.0,14.594131251260478,7107.229568443896,7117.534568443896,1.6747104170868627,0.29,48.0,BREAK_LONG,TIME,1873.045,2021-11-16 09:10:00,2021-11-16 09:15:00,2021-11-16 13:14:00
206497.0,1028749.0,1028825.0,206513.0,1.0,3.0,1860.0,1855.2052381414933,1870.0,1.1395909448864123,0.02,1862.12,1855.2052381414933,1.0,-1.0,-1.0,-1.0,1.0,1.0,13.829523717013217,7117.534568443896,7103.705044726883,2.890523717013185,0.29,16.0,REV_LONG,STOP,1861.975,2021-11-16 15:05:00,2021-11-16 15:10:00,2021-11-16 16:26:00
206705.0,1029784.0,1029906.0,206730.0,-1.0,4.0,1860.0,1861.8445740353109,1850.0,3.636614117104354,0.13,1859.29,1861.8445740353109,1.0,-1.0,-1.0,1.0,1.0,1.0,33.20946245904179,7103.705044726883,7070.495582267841,0.899148070621937,0.29,25.0,REV_SHORT,STOP,1859.435,2021-11-17 09:25:00,2021-11-17 09:30:00,2021-11-17 11:32:00
206886.0,1030684.0,1030923.0,206934.0,-1.0,4.0,1870.0,1870.75155752902,1860.0,4.729404701296365,0.18,1868.875,1866.1,3.0,-1.0,-1.0,1.0,0.0,0.0,33.77803552235855,7070.495582267841,7120.445582267843,0.8231150580400283,0.29,48.0,REV_SHORT,TIME,1869.02,2021-11-18 01:30:00,2021-11-18 01:35:00,2021-11-18 05:34:00
206996.0,1031234.0,1031393.0,207028.0,1.0,3.0,1860.0,1858.2328798088186,1870.0,3.214403172308242,0.12,1861.025,1858.2328798088186,1.0,-1.0,-1.0,1.0,1.0,1.0,33.50544229417846,7120.445582267843,7086.940139973664,1.2042403823630583,0.29,32.0,REV_LONG,STOP,1860.88,2021-11-18 10:40:00,2021-11-18 10:45:00,2021-11-18 13:24:00
207229.0,1032394.0,1032531.0,207257.0,-1.0,2.0,1860.0,1860.911696860927,1850.0,2.8130163295466546,0.06,1858.05,1860.911696860927,1.0,1.0,1.0,-1.0,0.0,0.0,17.170181165561644,7086.940139973664,7069.769958808103,0.91169686092699,0.29,28.0,BREAK_SHORT,STOP,1858.195,2021-11-19 07:05:00,2021-11-19 07:10:00,2021-11-19 09:27:00
207281.0,1032654.0,1032658.0,207282.0,-1.0,2.0,1860.0,1861.5290762650536,1850.0,4.3029769242107445,0.16,1859.355,1861.5290762650536,1.0,1.0,1.0,1.0,0.0,0.0,34.7852202408576,7069.769958808103,7034.984738567246,1.5290762650535523,0.29,1.0,BREAK_SHORT,STOP,1859.5,2021-11-19 11:25:00,2021-11-19 11:30:00,2021-11-19 11:34:00
207311.0,1032804.0,1032819.0,207315.0,1.0,3.0,1860.0,1857.060015504722,1870.0,2.999396230815962,0.05,1860.2955,1857.060015504722,1.0,-1.0,-1.0,-1.0,0.0,1.0,16.177422476389438,7034.984738567246,7018.807316090856,1.6399689905562298,0.29,4.0,REV_LONG,STOP,1860.1505,2021-11-19 13:55:00,2021-11-19 14:00:00,2021-11-19 14:15:00
207577.0,1034129.0,1034149.0,207582.0,1.0,3.0,1840.0,1837.567546529435,1850.0,2.1415286529672826,0.04,1841.525,1837.567546529435,1.0,-1.0,-1.0,-1.0,0.0,1.0,15.829813882260169,7018.807316090856,7002.977502208596,1.5249069411297886,0.29,5.0,REV_LONG,STOP,1841.38,2021-11-22 13:05:00,2021-11-22 13:10:00,2021-11-22 13:30:00
207854.0,1035509.0,1035518.0,207856.0,1.0,3.0,1790.0,1787.09012359522,1800.0,2.3664387172134838,0.04,1790.925,1787.09012359522,1.0,-1.0,-1.0,-1.0,1.0,1.0,15.339505619120247,7002.977502208596,6987.637996589476,2.0197528095600257,0.29,2.0,REV_LONG,STOP,1790.78,2021-11-23 13:10:00,2021-11-23 13:15:00,2021-11-23 13:24:00
207987.0,1036169.0,1036408.0,208035.0,1.0,3.0,1790.0,1788.800473080728,1800.0,3.7165297762576563,0.07,1791.175,1794.15,3.0,-1.0,1.0,-1.0,0.0,0.0,16.6216884349044,6987.637996589476,7008.4629965894765,0.9720538385438813,0.29,48.0,REV_LONG,TIME,1791.03,2021-11-24 01:15:00,2021-11-24 01:20:00,2021-11-24 05:19:00
208966.0,1041049.0,1041288.0,209014.0,-1.0,2.0,1790.0,1791.4980351750066,1780.0,3.418013360752218,0.06,1788.8955,1784.47,3.0,1.0,1.0,-1.0,0.0,1.0,15.615211050039306,7008.4629965894765,7035.015996589476,1.498035175006596,0.29,48.0,BREAK_SHORT,TIME,1789.0405,2021-11-29 13:50:00,2021-11-29 13:55:00,2021-11-29 17:54:00
210074.0,1046569.0,1046733.0,210107.0,1.0,3.0,1770.0,1765.3901702612445,1780.0,1.3951209073806365,0.02,1771.49,1780.0,2.0,-1.0,1.0,-1.0,0.0,1.0,12.199659477510977,7035.015996589476,7052.035996589477,2.917659477511039,0.29,33.0,REV_LONG,TARGET,1771.345,2021-12-03 14:10:00,2021-12-03 14:15:00,2021-12-03 16:59:00
210336.0,1047874.0,1047902.0,210342.0,-1.0,4.0,1780.0,1781.3543887427513,1770.0,3.318261715409153,0.13,1778.725,1781.3543887427513,1.0,1.0,1.0,1.0,1.0,1.0,34.182053655768414,7052.035996589477,7017.853942933709,1.1887774855027229,0.29,6.0,REV_SHORT,STOP,1778.87,2021-12-06 13:00:00,2021-12-06 13:05:00,2021-12-06 13:33:00
210468.0,1048529.0,1048554.0,210474.0,1.0,3.0,1780.0,1778.8833932692032,1790.0,5.728746105547097,0.1,1780.5355,1778.8833932692032,1.0,1.0,-1.0,-1.0,0.0,1.0,16.521067307967314,7017.853942933709,7001.3328756257415,0.6332134615934626,0.29,6.0,REV_LONG,STOP,1780.3905,2021-12-07 01:00:00,2021-12-07 01:05:00,2021-12-07 01:30:00
210568.0,1049029.0,1049058.0,210574.0,-1.0,2.0,1780.0,1781.0730971998557,1770.0,2.3221645022338295,0.1,1777.74,1781.0730971998557,1.0,1.0,1.0,1.0,0.0,0.0,33.33097199855729,7001.3328756257415,6968.001903627184,1.0730971998557628,0.29,6.0,BREAK_SHORT,STOP,1777.885,2021-12-07 09:20:00,2021-12-07 09:25:00,2021-12-07 09:54:00
210761.0,1049989.0,1050186.0,210801.0,-1.0,4.0,1790.0,1790.835776605796,1780.0,8.79924566047107,0.15,1789.73,1790.835776605796,1.0,-1.0,-1.0,-1.0,1.0,0.0,16.586649086938223,6968.001903627184,6951.415254540246,0.7145532115917403,0.29,40.0,REV_SHORT,STOP,1789.875,2021-12-08 02:25:00,2021-12-08 02:30:00,2021-12-08 05:47:00
211449.0,1053419.0,1053426.0,211451.0,-1.0,4.0,1780.0,1782.190626380791,1770.0,2.3669937460179367,0.09,1778.57,1782.190626380791,1.0,-1.0,-1.0,1.0,1.0,0.0,32.58563742711908,6951.415254540246,6918.829617113127,2.191252761581733,0.29,2.0,REV_SHORT,STOP,1778.715,2021-12-10 13:45:00,2021-12-10 13:50:00,2021-12-10 13:57:00
212279.0,1057554.0,1057582.0,212285.0,1.0,3.0,1770.0,1768.9812610031197,1780.0,2.4663868306564445,0.05,1772.16,1768.9812610031197,1.0,-1.0,1.0,-1.0,0.0,0.0,15.893694984401918,6918.829617113127,6902.935922128725,1.2704779937609105,0.29,6.0,REV_LONG,STOP,1772.015,2021-12-15 13:55:00,2021-12-15 14:00:00,2021-12-15 14:28:00
212385.0,1058079.0,1058202.0,212410.0,-1.0,4.0,1780.0,1782.0963917803479,1770.0,3.07781327486342,0.05,1779.13,1782.0963917803479,1.0,-1.0,0.0,-1.0,0.0,1.0,14.831958901738746,6902.935922128725,6888.103963226986,1.1527835606959504,0.29,25.0,REV_SHORT,STOP,1779.275,2021-12-15 23:45:00,2021-12-15 23:50:00,2021-12-16 01:53:00
213048.0,1061384.0,1061432.0,213058.0,1.0,1.0,1800.0,1799.0416958253188,1810.0,2.4696797928866814,0.05,1802.2,1799.0416958253188,1.0,1.0,1.0,-1.0,0.0,0.0,15.791520873406172,6888.103963226986,6872.312442353579,0.9583041746811398,0.29,10.0,BREAK_LONG,STOP,1802.055,2021-12-20 09:00:00,2021-12-20 09:05:00,2021-12-20 09:53:00
213296.0,1062619.0,1062858.0,213344.0,1.0,3.0,1790.0,1788.5596620606743,1800.0,4.4599011093205725,0.08,1790.655,1796.7350000000001,3.0,-1.0,-1.0,-1.0,0.0,1.0,16.762703514605164,6872.312442353579,6920.95244235358,0.700675878651425,0.29,48.0,REV_LONG,TIME,1790.51,2021-12-21 06:40:00,2021-12-21 06:45:00,2021-12-21 10:44:00
213484.0,1063554.0,1063586.0,213491.0,-1.0,4.0,1790.0,1790.442464806387,1780.0,5.396747277815781,0.21,1788.81,1790.442464806387,1.0,1.0,0.0,1.0,0.0,0.0,34.28176093412981,6920.95244235358,6886.67068141945,0.4549296127744249,0.29,7.0,REV_SHORT,STOP,1788.955,2021-12-21 23:20:00,2021-12-21 23:25:00,2021-12-21 23:57:00
214337.0,1067804.0,1067984.0,214374.0,1.0,1.0,1810.0,1809.3144955821015,1820.0,4.015480995077517,0.08,1811.445,1809.3144955821015,1.0,1.0,1.0,-1.0,0.0,0.0,17.044035343187716,6886.67068141945,6869.626646076263,0.6855044178985238,0.29,37.0,BREAK_LONG,STOP,1811.3,2021-12-27 01:25:00,2021-12-27 01:30:00,2021-12-27 04:30:00
214570.0,1068969.0,1069031.0,214583.0,1.0,1.0,1810.0,1809.4320491091885,1820.0,2.584846316046572,0.11,1812.3799999999999,1812.0395,4.0,1.0,1.0,1.0,0.0,0.0,32.42745979892538,6869.626646076263,6865.881146076265,0.567950890811415,0.29,13.0,BREAK_LONG,SESSION,1812.235,2021-12-27 20:50:00,2021-12-27 20:55:00,2021-12-27 21:57:00
214613.0,1069179.0,1069182.0,214614.0,1.0,3.0,1810.0,1809.576031333659,1820.0,14.927376209807292,0.52,1810.2305,1809.576031333659,1.0,1.0,-1.0,1.0,0.0,0.0,34.03237064972109,6865.881146076265,6831.848775426544,0.42793733268183043,0.29,1.0,REV_LONG,STOP,1810.0855,2021-12-28 01:25:00,2021-12-28 01:30:00,2021-12-28 01:33:00
215212.0,1072164.0,1072165.0,215213.0,1.0,3.0,1800.0,1799.556631574414,1810.0,14.983889053437476,0.52,1800.21,1799.556631574414,1.0,-1.0,-1.0,1.0,0.0,0.0,33.975158130471755,6831.848775426544,6797.873617296073,0.4567368511720344,0.29,1.0,REV_LONG,STOP,1800.065,2021-12-30 05:20:00,2021-12-30 05:25:00,2021-12-30 05:26:00
215265.0,1072429.0,1072468.0,215273.0,1.0,3.0,1800.0,1799.19275807634,1810.0,6.291145764501277,0.11,1800.675,1799.19275807634,1.0,-1.0,-1.0,-1.0,0.0,1.0,16.30466116026014,6797.873617296073,6781.568956135812,0.734483847320092,0.29,8.0,REV_LONG,STOP,1800.53,2021-12-30 09:45:00,2021-12-30 09:50:00,2021-12-30 10:29:00
215578.0,1073989.0,1074004.0,215582.0,-1.0,4.0,1820.0,1820.5399800126072,1810.0,6.0977251701201824,0.22,1819.055,1820.5399800126072,1.0,-1.0,-1.0,1.0,0.0,0.0,32.66956027735705,6781.568956135812,6748.899395858455,0.5999600252141856,0.29,4.0,REV_SHORT,STOP,1819.2,2021-12-31 12:50:00,2021-12-31 12:55:00,2021-12-31 13:10:00
215708.0,1074634.0,1074670.0,215716.0,-1.0,4.0,1830.0,1831.5084645421693,1820.0,4.356599709367136,0.07,1829.3600000000001,1831.5084645421693,1.0,-1.0,-1.0,-1.0,0.0,0.0,15.039251795184555,6748.899395858455,6733.86014406327,0.8269290843386157,0.29,8.0,REV_SHORT,STOP,1829.505,2022-01-03 00:40:00,2022-01-03 00:45:00,2022-01-03 01:21:00
216126.0,1076719.0,1076816.0,216146.0,1.0,3.0,1800.0,1797.897474565461,1810.0,2.001227303088833,0.04,1801.93,1810.0,2.0,-1.0,-1.0,-1.0,0.0,0.0,16.130101738156554,6733.86014406327,6766.14014406327,1.2250508690780268,0.29,20.0,REV_LONG,TARGET,1801.785,2022-01-04 12:30:00,2022-01-04 12:35:00,2022-01-04 14:12:00
216632.0,1079239.0,1079346.0,216654.0,-1.0,2.0,1800.0,1801.3777009156468,1790.0,1.9341357580562744,0.08,1797.5,1801.3777009156468,1.0,1.0,1.0,1.0,0.0,0.0,31.021607325174045,6766.14014406327,6735.118536738096,1.3777009156467754,0.29,22.0,BREAK_SHORT,STOP,1797.645,2022-01-06 08:40:00,2022-01-06 08:45:00,2022-01-06 10:32:00
216689.0,1079524.0,1079531.0,216691.0,-1.0,2.0,1790.0,1791.7576908143485,1780.0,2.5932167411482094,0.05,1788.4855,1791.7576908143485,1.0,1.0,1.0,-1.0,0.0,1.0,16.36095407174253,6735.118536738096,6718.757582666353,1.7576908143484926,0.29,2.0,BREAK_SHORT,STOP,1788.6305,2022-01-06 13:25:00,2022-01-06 13:30:00,2022-01-06 13:37:00
216962.0,1080884.0,1080887.0,216963.0,-1.0,2.0,1790.0,1791.0687985083755,1780.0,3.5302685981400295,0.13,1788.6255,1791.0687985083755,1.0,1.0,1.0,1.0,0.0,1.0,31.762880608880096,6718.757582666353,6686.994702057473,1.0687985083754343,0.29,1.0,BREAK_SHORT,STOP,1788.7705,2022-01-07 13:10:00,2022-01-07 13:15:00,2022-01-07 13:18:00
217325.0,1082694.0,1082781.0,217343.0,1.0,3.0,1800.0,1799.3012798449406,1810.0,8.115222320194965,0.28,1800.475,1801.635,4.0,1.0,1.0,1.0,1.0,1.0,32.8641643416604,6686.994702057473,6719.474702057475,0.8074403101185054,0.29,18.0,REV_LONG,SESSION,1800.33,2022-01-10 20:25:00,2022-01-10 20:30:00,2022-01-10 21:57:00
218071.0,1086409.0,1086476.0,218085.0,1.0,3.0,1820.0,1818.4844278305245,1830.0,1.0878291164795946,0.06,1824.0,1818.4844278305245,1.0,1.0,-1.0,1.0,0.0,1.0,33.09343301685294,6719.474702057475,6686.381269040622,1.491144338950944,0.29,14.0,REV_LONG,STOP,1823.855,2022-01-13 13:35:00,2022-01-13 13:40:00,2022-01-13 14:47:00
218340.0,1087749.0,1087950.0,218381.0,1.0,3.0,1820.0,1819.0166433055147,1830.0,1.6864966819799172,0.08,1823.105,1819.0166433055147,1.0,1.0,-1.0,1.0,0.0,0.0,32.706853555882844,6686.381269040622,6653.674415484739,1.1867133889706252,0.29,41.0,REV_LONG,STOP,1822.96,2022-01-14 13:00:00,2022-01-14 13:05:00,2022-01-14 16:26:00
219324.0,1092649.0,1092709.0,219337.0,1.0,3.0,1840.0,1838.878772133794,1850.0,3.2419459355635984,0.12,1841.5004999999999,1838.878772133794,1.0,1.0,1.0,1.0,0.0,0.0,31.46073439447082,6653.674415484739,6622.213681090268,0.9824557324116966,0.29,13.0,REV_LONG,STOP,1841.3555,2022-01-20 03:00:00,2022-01-20 03:05:00,2022-01-20 04:05:00
219349.0,1092774.0,1092836.0,219362.0,-1.0,4.0,1840.0,1840.6087280951128,1830.0,5.357373694481795,0.19,1838.94,1840.6087280951128,1.0,-1.0,1.0,1.0,0.0,0.0,31.70583380714288,6622.213681090268,6590.507847283126,0.5974561902257669,0.29,13.0,REV_SHORT,STOP,1839.085,2022-01-20 05:05:00,2022-01-20 05:10:00,2022-01-20 06:12:00
219521.0,1093634.0,1093678.0,219530.0,1.0,3.0,1840.0,1839.1718455411135,1850.0,7.572312263721152,0.13,1840.435,1839.1718455411135,1.0,1.0,-1.0,-1.0,0.0,0.0,16.421007965523813,6590.507847283126,6574.0868393176015,0.7663089177730062,0.29,9.0,REV_LONG,STOP,1840.29,2022-01-20 19:25:00,2022-01-20 19:30:00,2022-01-20 20:14:00
219809.0,1095069.0,1095097.0,219815.0,-1.0,2.0,1830.0,1830.9130757291468,1820.0,4.152353893192905,0.15,1828.795,1830.9130757291468,1.0,1.0,1.0,1.0,0.0,0.0,31.771135937201507,6574.0868393176015,6542.3157033804,0.9130757291469228,0.29,6.0,BREAK_SHORT,STOP,1828.94,2022-01-21 20:25:00,2022-01-21 20:30:00,2022-01-21 20:58:00
220060.0,1096319.0,1096378.0,220072.0,1.0,1.0,1840.0,1838.5464758428184,1850.0,2.6090868037863744,0.05,1841.72,1838.5464758428184,1.0,1.0,1.0,-1.0,0.0,1.0,15.867620785908231,6542.3157033804,6526.448082594492,1.4535241571816975,0.29,12.0,BREAK_LONG,STOP,1841.575,2022-01-24 18:20:00,2022-01-24 18:25:00,2022-01-24 19:24:00
220220.0,1097114.0,1097126.0,220223.0,1.0,3.0,1840.0,1838.6876848976867,1850.0,4.621542614925829,0.08,1840.7,1838.6876848976867,1.0,1.0,-1.0,-1.0,0.0,0.0,16.098520818506586,6526.448082594492,6510.349561775985,1.0516302046268402,0.29,3.0,REV_LONG,STOP,1840.555,2022-01-25 08:40:00,2022-01-25 08:45:00,2022-01-25 08:57:00
220674.0,1099374.0,1099402.0,220680.0,1.0,3.0,1820.0,1817.8961578204735,1830.0,4.175142763150148,0.06,1820.235,1817.8961578204735,1.0,-1.0,-1.0,-1.0,0.0,1.0,14.033053077158456,6510.349561775985,6496.3165086988265,1.1326843590534246,0.29,6.0,REV_LONG,STOP,1820.09,2022-01-27 00:30:00,2022-01-27 00:35:00,2022-01-27 01:03:00
221738.0,1104679.0,1104781.0,221759.0,1.0,3.0,1800.0,1798.1870949429006,1810.0,4.129566683907458,0.14,1800.49,1800.8600000000001,4.0,1.0,-1.0,1.0,0.0,1.0,32.240670799392326,6496.3165086988265,6501.496508698829,0.9058101141991378,0.29,21.0,REV_LONG,SESSION,1800.345,2022-02-01 20:10:00,2022-02-01 20:15:00,2022-02-01 21:57:00
222666.0,1109299.0,1109354.0,222678.0,1.0,3.0,1810.0,1809.262340325636,1820.0,5.983118471130519,0.21,1810.8,1809.262340325636,1.0,1.0,1.0,1.0,0.0,1.0,32.29085316164446,6501.496508698829,6469.205655537184,0.5253193487281138,0.29,12.0,REV_LONG,STOP,1810.655,2022-02-07 05:30:00,2022-02-07 05:35:00,2022-02-07 06:30:00
223311.0,1112514.0,1112515.0,223312.0,-1.0,4.0,1830.0,1831.2632504182566,1820.0,5.555069213767573,0.09,1829.545,1831.2632504182566,1.0,-1.0,-1.0,-1.0,1.0,1.0,15.464253764308522,6469.205655537184,6453.741401772875,1.046500836513045,0.29,1.0,REV_SHORT,STOP,1829.69,2022-02-09 13:15:00,2022-02-09 13:20:00,2022-02-09 13:21:00
223672.0,1114314.0,1114406.0,223691.0,-1.0,2.0,1830.0,1831.270721164648,1820.0,5.365045716776397,0.09,1829.5,1826.87,4.0,1.0,1.0,-1.0,0.0,1.0,15.936490481831697,6453.741401772875,6477.411401772876,1.2707211646480343,0.29,19.0,BREAK_SHORT,SESSION,1829.645,2022-02-10 20:20:00,2022-02-10 20:25:00,2022-02-10 21:57:00
224857.0,1120214.0,1120453.0,224905.0,1.0,1.0,1870.0,1868.5942571168107,1880.0,1.077267707819557,0.02,1874.085,1876.555,3.0,1.0,1.0,-1.0,0.0,0.0,10.981485766378682,6477.411401772876,6482.351401772876,1.4057428831893013,0.29,48.0,BREAK_LONG,TIME,1873.94,2022-02-17 04:05:00,2022-02-17 04:10:00,2022-02-17 08:09:00
224924.0,1120549.0,1120560.0,224927.0,1.0,1.0,1890.0,1887.7069060562524,1900.0,3.006752781738929,0.1,1890.775,1887.7069060562524,1.0,1.0,1.0,1.0,0.0,0.0,30.680939437477267,6482.351401772876,6451.670462335398,2.293093943747648,0.29,3.0,BREAK_LONG,STOP,1890.63,2022-02-17 09:40:00,2022-02-17 09:45:00,2022-02-17 09:56:00
225110.0,1121474.0,1121713.0,225158.0,1.0,3.0,1890.0,1887.8224859058728,1900.0,3.590932851625218,0.12,1890.475,1891.215,3.0,1.0,-1.0,1.0,1.0,0.0,31.830169129525526,6451.670462335398,6460.550462335398,1.5760281882544287,0.29,48.0,REV_LONG,TIME,1890.33,2022-02-18 02:10:00,2022-02-18 02:15:00,2022-02-18 06:14:00
225950.0,1125659.0,1125898.0,225998.0,-1.0,4.0,1900.0,1900.6915696191247,1890.0,7.0595616430436685,0.24,1899.365,1897.77,3.0,-1.0,-1.0,1.0,0.0,1.0,31.83767085899308,6460.550462335398,6498.830462335399,0.6931392382491848,0.29,48.0,REV_SHORT,TIME,1899.51,2022-02-23 03:10:00,2022-02-23 03:15:00,2022-02-23 07:14:00
226564.0,1128719.0,1128834.0,226588.0,1.0,3.0,1910.0,1908.0058897417998,1920.0,1.3316199801666815,0.03,1913.15,1908.0058897417998,1.0,-1.0,1.0,-1.0,0.0,0.0,15.432330774600814,6498.830462335399,6483.398131560798,2.0782205164005867,0.29,24.0,REV_LONG,STOP,1913.005,2022-02-25 08:20:00,2022-02-25 08:25:00,2022-02-25 10:20:00
226700.0,1129399.0,1129414.0,226704.0,-1.0,4.0,1890.0,1891.253930073293,1880.0,4.413327854489221,0.07,1889.175,1891.253930073293,1.0,1.0,1.0,-1.0,1.0,0.0,14.552510513051859,6483.398131560798,6468.845621047746,1.3178601465862592,0.29,4.0,REV_SHORT,STOP,1889.32,2022-02-25 19:40:00,2022-02-25 19:45:00,2022-02-25 20:00:00
226832.0,1130054.0,1130293.0,226880.0,1.0,3.0,1900.0,1892.0733349100212,1910.0,1.1297746804707374,0.01,1900.4904999999999,1908.13,3.0,-1.0,-1.0,-1.0,1.0,1.0,8.417165089978653,6468.845621047746,6476.485121047746,2.5493301799573374,0.29,48.0,REV_LONG,TIME,1900.3455,2022-02-28 07:40:00,2022-02-28 07:45:00,2022-02-28 11:44:00
227117.0,1131474.0,1131594.0,227142.0,1.0,1.0,1910.0,1908.7669670813136,1920.0,2.4852367946848557,0.1,1911.99,1920.0,2.0,1.0,1.0,1.0,0.0,0.0,32.23032918686386,6476.485121047746,6556.585121047747,1.2330329186863844,0.29,25.0,BREAK_LONG,TARGET,1911.845,2022-03-01 08:25:00,2022-03-01 08:30:00,2022-03-01 10:30:00
227215.0,1131964.0,1131967.0,227216.0,-1.0,4.0,1930.0,1932.3842207189584,1920.0,2.1482206297139492,0.08,1928.4505,1932.3842207189584,1.0,-1.0,-1.0,1.0,1.0,0.0,31.469765751668096,6556.585121047747,6525.115355296079,2.6084414379168743,0.29,1.0,REV_SHORT,STOP,1928.5955,2022-03-01 16:35:00,2022-03-01 16:40:00,2022-03-01 16:43:00
227536.0,1133564.0,1133656.0,227555.0,-1.0,4.0,1930.0,1934.4208455419248,1920.0,1.9944576536732295,0.06,1929.605,1928.65,4.0,-1.0,1.0,1.0,0.0,1.0,28.895073251548638,6525.115355296079,6530.845355296078,1.9926910838495724,0.29,19.0,REV_SHORT,SESSION,1929.75,2022-03-02 20:20:00,2022-03-02 20:25:00,2022-03-02 21:57:00
227574.0,1133749.0,1133988.0,227622.0,-1.0,4.0,1930.0,1931.198241523538,1920.0,4.299082664621401,0.15,1929.085,1927.59,3.0,-1.0,1.0,1.0,0.0,1.0,31.698622853068624,6530.845355296078,6553.27035529608,1.071483047076011,0.29,48.0,REV_SHORT,TIME,1929.23,2022-03-03 00:30:00,2022-03-03 00:35:00,2022-03-03 04:34:00
227733.0,1134544.0,1134549.0,227735.0,1.0,3.0,1930.0,1925.9690111119685,1940.0,2.308423874353492,0.03,1930.21,1925.9690111119685,1.0,1.0,1.0,-1.0,0.0,1.0,12.722966664094656,6553.27035529608,6540.547388631985,2.1519777760633287,0.29,2.0,REV_LONG,STOP,1930.065,2022-03-03 13:45:00,2022-03-03 13:50:00,2022-03-03 13:55:00
228217.0,1136954.0,1137052.0,228237.0,1.0,1.0,1990.0,1987.5238652757523,2000.0,2.3568363990285355,0.04,1991.2404999999999,2000.0,2.0,1.0,1.0,-1.0,0.0,1.0,14.866538896990278,6540.547388631985,6575.585388631986,2.4761347242476393,0.29,20.0,BREAK_LONG,TARGET,1991.0955,2022-03-07 08:05:00,2022-03-07 08:10:00,2022-03-07 09:48:00
228300.0,1137369.0,1137401.0,228307.0,-1.0,4.0,1980.0,1988.2372749612127,1970.0,1.1524559597889208,0.03,1979.7645,1988.2372749612127,1.0,-1.0,1.0,1.0,0.0,1.0,25.418324883638206,6575.585388631986,6550.167063748348,5.048549922425656,0.29,7.0,REV_SHORT,STOP,1979.9095,2022-03-07 15:00:00,2022-03-07 15:05:00,2022-03-07 15:37:00
228343.0,1137584.0,1137781.0,228383.0,1.0,1.0,1990.0,1987.0577566047414,2000.0,1.2382737132565638,0.02,1992.84,1997.425,4.0,1.0,1.0,-1.0,0.0,1.0,11.564486790517094,6550.167063748348,6559.337063748348,2.9422433952585614,0.29,40.0,BREAK_LONG,SESSION,1992.695,2022-03-07 18:35:00,2022-03-07 18:40:00,2022-03-07 21:57:00
228458.0,1138154.0,1138218.0,228471.0,1.0,1.0,1990.0,1988.7229247480177,2000.0,4.1918437179791646,0.07,1990.895,2000.0,2.0,1.0,1.0,-1.0,0.0,1.0,15.204526763875947,6559.337063748348,6623.072063748348,1.2770752519823954,0.29,13.0,BREAK_LONG,TARGET,1990.75,2022-03-08 05:10:00,2022-03-08 05:15:00,2022-03-08 06:19:00
229194.0,1141824.0,1141840.0,229198.0,1.0,1.0,2000.0,1997.9684998755977,2010.0,1.4876459867534733,0.03,2002.805,1997.9684998755977,1.0,1.0,1.0,-1.0,0.0,0.0,14.509500373207175,6623.072063748348,6608.562563375141,2.031500124402436,0.29,4.0,BREAK_LONG,STOP,2002.66,2022-03-10 20:30:00,2022-03-10 20:35:00,2022-03-10 20:51:00
229238.0,1142039.0,1142248.0,229280.0,1.0,3.0,1990.0,1987.4460935616137,2000.0,2.167054175854013,0.04,1991.41,1987.4460935616137,1.0,-1.0,-1.0,-1.0,0.0,0.0,15.85562575354561,6608.562563375141,6592.706937621595,1.7968128767726805,0.29,42.0,REV_LONG,STOP,1991.265,2022-03-11 01:10:00,2022-03-11 01:15:00,2022-03-11 04:44:00
229321.0,1142454.0,1142483.0,229327.0,-1.0,4.0,1990.0,1993.7704928068995,1980.0,2.2900529142470103,0.07,1989.585,1993.7704928068995,1.0,1.0,1.0,1.0,0.0,1.0,29.29844964829613,6592.706937621595,6563.408487973299,2.04398561379922,0.29,6.0,REV_SHORT,STOP,1989.73,2022-03-11 08:05:00,2022-03-11 08:10:00,2022-03-11 08:39:00
229612.0,1143904.0,1143929.0,229618.0,1.0,3.0,1970.0,1967.8265308291227,1980.0,3.2072226977231355,0.05,1970.72,1967.8265308291227,1.0,-1.0,-1.0,-1.0,0.0,1.0,14.467345854386624,6563.408487973299,6548.9411421189125,2.053938341754501,0.29,6.0,REV_LONG,STOP,1970.575,2022-03-14 08:20:00,2022-03-14 08:25:00,2022-03-14 08:50:00
229791.0,1144794.0,1144826.0,229798.0,1.0,3.0,1950.0,1948.347311264135,1960.0,4.37562821777344,0.07,1950.5149999999999,1948.347311264135,1.0,-1.0,-1.0,-1.0,0.0,1.0,15.1738211510542,6548.9411421189125,6533.767320967858,1.485377471729638,0.29,7.0,REV_LONG,STOP,1950.37,2022-03-15 00:15:00,2022-03-15 00:20:00,2022-03-15 00:52:00
230238.0,1147024.0,1147030.0,230240.0,-1.0,2.0,1910.0,1913.5272792002584,1900.0,1.9524074838647028,0.03,1908.9455,1913.5272792002584,1.0,1.0,1.0,-1.0,0.0,1.0,13.745337600774974,6533.767320967858,6520.021983367083,3.527279200258339,0.29,2.0,BREAK_SHORT,STOP,1909.0905,2022-03-16 14:30:00,2022-03-16 14:35:00,2022-03-16 14:41:00
230445.0,1148054.0,1148065.0,230448.0,1.0,1.0,1940.0,1938.3190364647555,1950.0,2.1519369859297783,0.08,1942.025,1938.3190364647555,1.0,1.0,1.0,1.0,0.0,0.0,29.647708281956515,6520.021983367083,6490.374275085126,1.6809635352444425,0.29,3.0,BREAK_LONG,STOP,1941.88,2022-03-17 08:45:00,2022-03-17 08:50:00,2022-03-17 09:01:00
230561.0,1148634.0,1148694.0,230574.0,1.0,3.0,1940.0,1938.1922694561308,1950.0,3.344702446865206,0.11,1940.91,1938.1922694561308,1.0,1.0,1.0,1.0,0.0,1.0,29.895035982561925,6490.374275085126,6460.479239102564,1.6264610877383523,0.29,13.0,REV_LONG,STOP,1940.765,2022-03-17 18:25:00,2022-03-17 18:30:00,2022-03-17 19:30:00
230832.0,1149984.0,1150069.0,230850.0,-1.0,4.0,1930.0,1931.6666535426846,1920.0,3.41642075850291,0.06,1929.025,1920.0,2.0,1.0,1.0,-1.0,0.0,0.0,15.84992125610688,6460.479239102564,6514.6292391025645,1.7313070853692247,0.29,18.0,REV_SHORT,TARGET,1929.17,2022-03-18 18:00:00,2022-03-18 18:05:00,2022-03-18 19:30:00
231179.0,1151709.0,1151948.0,231227.0,1.0,3.0,1930.0,1928.816429512225,1940.0,3.190846949334413,0.06,1931.485,1934.565,3.0,1.0,-1.0,-1.0,0.0,0.0,16.01142292664872,6514.6292391025645,6533.109239102565,1.1491409755500843,0.29,48.0,REV_LONG,TIME,1931.34,2022-03-22 00:55:00,2022-03-22 01:00:00,2022-03-22 04:59:00
231537.0,1153494.0,1153503.0,231539.0,-1.0,4.0,1920.0,1920.7979380465633,1910.0,7.516140103083188,0.25,1919.53,1920.7979380465633,1.0,1.0,1.0,1.0,0.0,0.0,31.698451164083963,6533.109239102565,6501.410787938481,0.9058760931265614,0.29,2.0,REV_SHORT,STOP,1919.675,2022-03-23 07:45:00,2022-03-23 07:50:00,2022-03-23 07:59:00
231584.0,1153729.0,1153747.0,231588.0,1.0,3.0,1930.0,1928.2727732681117,1940.0,2.756045841294715,0.05,1931.395,1928.2727732681117,1.0,1.0,1.0,-1.0,1.0,1.0,15.611133659441522,6501.410787938481,6485.79965427904,1.7144534637767546,0.29,4.0,REV_LONG,STOP,1931.25,2022-03-23 11:40:00,2022-03-23 11:45:00,2022-03-23 12:03:00
231617.0,1153894.0,1153965.0,231632.0,1.0,3.0,1930.0,1927.7014205336736,1940.0,2.9691024871172607,0.05,1930.8,1927.7014205336736,1.0,1.0,1.0,-1.0,1.0,0.0,15.492897331631639,6485.79965427904,6470.306756947408,2.103158932652497,0.29,15.0,REV_LONG,STOP,1930.655,2022-03-23 14:25:00,2022-03-23 14:30:00,2022-03-23 15:41:00
231782.0,1154714.0,1154768.0,231793.0,-1.0,4.0,1940.0,1940.9420852992646,1930.0,8.221490697757543,0.27,1939.7555,1940.9420852992646,1.0,-1.0,1.0,1.0,0.0,1.0,32.037803080144386,6470.306756947408,6438.268953867264,0.8001705985292863,0.29,11.0,REV_SHORT,STOP,1939.9005,2022-03-24 05:10:00,2022-03-24 05:15:00,2022-03-24 06:09:00
233297.0,1162264.0,1162457.0,233336.0,1.0,3.0,1940.0,1938.245253139204,1950.0,2.9316863293457547,0.05,1941.235,1938.245253139204,1.0,1.0,1.0,-1.0,1.0,0.0,14.948734303980018,6438.268953867264,6423.320219563284,1.7154937215924093,0.29,39.0,REV_LONG,STOP,1941.09,2022-03-31 16:25:00,2022-03-31 16:30:00,2022-03-31 19:43:00
233463.0,1163089.0,1163304.0,233507.0,1.0,3.0,1930.0,1928.7790386283043,1940.0,4.2046207872780395,0.07,1930.935,1928.7790386283043,1.0,-1.0,-1.0,-1.0,1.0,0.0,15.091729601869474,6423.320219563284,6408.228489961414,1.377922743391359,0.29,44.0,REV_LONG,STOP,1930.79,2022-04-01 07:15:00,2022-04-01 07:20:00,2022-04-01 10:55:00
233696.0,1164249.0,1164363.0,233719.0,-1.0,4.0,1920.0,1920.8909238189053,1910.0,7.744753114227886,0.25,1919.6455,1920.8909238189053,1.0,1.0,1.0,1.0,0.0,1.0,31.13559547263094,6408.228489961414,6377.092894488784,0.7978476378107178,0.29,23.0,REV_SHORT,STOP,1919.7905,2022-04-04 03:40:00,2022-04-04 03:45:00,2022-04-04 05:39:00
233790.0,1164719.0,1164747.0,233796.0,-1.0,4.0,1930.0,1931.7780487041211,1920.0,4.924426639903434,0.16,1929.79,1931.7780487041211,1.0,-1.0,-1.0,1.0,1.0,1.0,31.80877926593894,6377.092894488784,6345.284115222845,1.165097408242438,0.29,6.0,REV_SHORT,STOP,1929.935,2022-04-04 11:30:00,2022-04-04 11:35:00,2022-04-04 12:03:00
234047.0,1165999.0,1166161.0,234080.0,-1.0,4.0,1930.0,1932.3362162224628,1920.0,3.467674831875353,0.11,1929.575,1932.3362162224628,1.0,-1.0,1.0,1.0,0.0,1.0,30.373378447090086,6345.284115222845,6314.910736775755,1.4804324449254338,0.29,33.0,REV_SHORT,STOP,1929.72,2022-04-05 09:55:00,2022-04-05 10:00:00,2022-04-05 12:42:00
234093.0,1166229.0,1166250.0,234098.0,1.0,1.0,1940.0,1937.6647804326385,1950.0,1.6990430953152567,0.03,1942.235,1937.6647804326385,1.0,1.0,1.0,-1.0,0.0,1.0,13.710658702084174,6314.910736775755,6301.200078073671,2.33521956736158,0.29,5.0,BREAK_LONG,STOP,1942.09,2022-04-05 13:45:00,2022-04-05 13:50:00,2022-04-05 14:11:00
234279.0,1167154.0,1167176.0,234284.0,-1.0,2.0,1920.0,1921.076502364217,1910.0,6.232442223411187,0.2,1919.545,1921.076502364217,1.0,1.0,1.0,1.0,0.0,0.0,30.63004728433953,6301.200078073671,6270.570030789331,1.0765023642170102,0.29,5.0,BREAK_SHORT,STOP,1919.69,2022-04-06 06:15:00,2022-04-06 06:20:00,2022-04-06 06:42:00
234316.0,1167339.0,1167445.0,234338.0,-1.0,4.0,1930.0,1934.5991138266663,1920.0,1.674264411808697,0.05,1929.14,1920.0,2.0,-1.0,-1.0,1.0,1.0,1.0,27.295569133331128,6270.570030789331,6316.270030789332,2.0302276533327315,0.29,22.0,REV_SHORT,TARGET,1929.285,2022-04-06 09:20:00,2022-04-06 09:25:00,2022-04-06 11:11:00
234909.0,1170294.0,1170342.0,234919.0,1.0,3.0,1930.0,1928.1556659523726,1940.0,1.9106320368398806,0.03,1932.225,1940.0,2.0,1.0,1.0,-1.0,0.0,0.0,12.208002142881922,6316.270030789332,6339.595030789333,2.059668095255007,0.29,10.0,REV_LONG,TARGET,1932.08,2022-04-08 12:45:00,2022-04-08 12:50:00,2022-04-08 13:38:00
234921.0,1170354.0,1170364.0,234924.0,-1.0,4.0,1940.0,1942.242164995896,1930.0,1.3947124174834131,0.06,1937.13,1942.242164995896,1.0,-1.0,-1.0,1.0,1.0,0.0,30.672989975375458,6339.595030789333,6308.922040813957,2.4683299917920563,0.29,3.0,REV_SHORT,STOP,1937.275,2022-04-08 13:45:00,2022-04-08 13:50:00,2022-04-08 14:00:00
235680.0,1174134.0,1174287.0,235711.0,1.0,1.0,1970.0,1968.44630597683,1980.0,4.389618993332457,0.07,1970.59,1980.0,2.0,1.0,1.0,-1.0,0.0,0.0,15.005858162189497,6308.922040813957,6374.792040813958,1.5536940231700915,0.29,31.0,BREAK_LONG,TARGET,1970.445,2022-04-13 08:00:00,2022-04-13 08:05:00,2022-04-13 10:38:00
235776.0,1174614.0,1174632.0,235780.0,1.0,1.0,1980.0,1978.3332799519546,1990.0,3.9504055679932155,0.13,1980.69,1978.3332799519546,1.0,1.0,1.0,1.0,0.0,1.0,30.637360624590432,6374.792040813958,6344.154680189367,1.6667200480453943,0.29,4.0,BREAK_LONG,STOP,1980.545,2022-04-13 16:00:00,2022-04-13 16:05:00,2022-04-13 16:23:00
236409.0,1177764.0,1178003.0,236457.0,1.0,1.0,1980.0,1978.7998646861147,1990.0,1.1171736920391866,0.02,1984.09,1984.095,3.0,1.0,1.0,-1.0,0.0,0.0,10.58027062777046,6344.154680189367,6344.164680189368,1.2001353138853348,0.29,48.0,BREAK_LONG,TIME,1983.945,2022-04-17 23:45:00,2022-04-17 23:50:00,2022-04-18 03:49:00
236492.0,1178179.0,1178236.0,236504.0,-1.0,4.0,1990.0,1991.106072286521,1980.0,7.129930162630087,0.23,1989.74,1991.106072286521,1.0,-1.0,-1.0,1.0,1.0,0.0,31.419662589985364,6344.164680189368,6312.745017599382,1.2481445730423915,0.29,12.0,REV_SHORT,STOP,1989.885,2022-04-18 06:40:00,2022-04-18 06:45:00,2022-04-18 07:42:00
236627.0,1178854.0,1178923.0,236641.0,-1.0,2.0,1980.0,1981.6698944416,1970.0,2.291564488473042,0.08,1978.1245000000001,1981.6698944416,1.0,1.0,1.0,1.0,0.0,1.0,28.363155532799283,6312.745017599382,6284.3818620665825,1.6698944416000978,0.29,14.0,BREAK_SHORT,STOP,1978.2695,2022-04-18 17:55:00,2022-04-18 18:00:00,2022-04-18 19:09:00
236790.0,1179664.0,1179889.0,236836.0,-1.0,4.0,1980.0,1981.9139494943454,1970.0,4.4427703906013125,0.14,1979.725,1981.9139494943454,1.0,-1.0,-1.0,1.0,0.0,1.0,30.645292920836713,6284.3818620665825,6253.736569145745,1.3208989886908502,0.29,46.0,REV_SHORT,STOP,1979.87,2022-04-19 08:30:00,2022-04-19 08:35:00,2022-04-19 12:20:00
237468.0,1183044.0,1183156.0,237491.0,1.0,1.0,1950.0,1948.018059250297,1960.0,1.3347776862771092,0.03,1953.15,1951.615,4.0,1.0,1.0,-1.0,0.0,0.0,15.395822249109187,6253.736569145745,6249.131569145745,1.9819407497028927,0.29,23.0,BREAK_LONG,SESSION,1953.005,2022-04-21 19:00:00,2022-04-21 19:05:00,2022-04-21 20:57:00
237547.0,1183434.0,1183499.0,237561.0,-1.0,2.0,1950.0,1951.2359603817595,1940.0,6.2212380941565195,0.2,1949.68,1951.2359603817595,1.0,1.0,1.0,1.0,0.0,1.0,31.119207635188108,6249.131569145745,6218.012361510557,1.2359603817595584,0.29,14.0,BREAK_SHORT,STOP,1949.825,2022-04-22 02:35:00,2022-04-22 02:40:00,2022-04-22 03:45:00
237895.0,1185169.0,1185308.0,237923.0,-1.0,4.0,1920.0,1922.2112734446412,1910.0,2.2858920707920585,0.08,1918.4950000000001,1910.0,2.0,1.0,1.0,1.0,0.0,1.0,29.730187557128374,6218.012361510557,6285.972361510558,1.931546889282175,0.29,28.0,REV_SHORT,TARGET,1918.64,2022-04-25 08:35:00,2022-04-25 08:40:00,2022-04-25 10:59:00
238159.0,1186484.0,1186515.0,238166.0,-1.0,2.0,1900.0,1901.6517121293216,1890.0,2.6222427313626846,0.09,1898.435,1901.6517121293216,1.0,1.0,1.0,1.0,0.0,0.0,28.950409163894847,6285.972361510558,6257.021952346663,1.6517121293215329,0.29,7.0,BREAK_SHORT,STOP,1898.58,2022-04-26 07:35:00,2022-04-26 07:40:00,2022-04-26 08:11:00
238382.0,1187594.0,1187788.0,238421.0,-1.0,2.0,1900.0,1901.1558318914238,1890.0,2.774176712752884,0.1,1898.2,1901.1558318914238,1.0,1.0,1.0,1.0,0.0,0.0,29.558318914237137,6257.021952346663,6227.463633432426,1.1558318914236592,0.29,39.0,BREAK_SHORT,STOP,1898.345,2022-04-27 03:10:00,2022-04-27 03:15:00,2022-04-27 06:29:00
239048.0,1190914.0,1190964.0,239059.0,1.0,3.0,1910.0,1906.440822355885,1920.0,1.8823693894889124,0.06,1911.145,1906.440822355885,1.0,1.0,1.0,1.0,0.0,0.0,28.22506586468944,6227.463633432426,6199.238567567736,2.222355288229581,0.29,11.0,REV_LONG,STOP,1911.0,2022-04-29 12:40:00,2022-04-29 12:45:00,2022-04-29 13:35:00
239364.0,1192489.0,1192728.0,239412.0,-1.0,4.0,1870.0,1873.3885504691887,1860.0,1.4892488312391392,0.05,1868.01,1861.545,3.0,1.0,1.0,1.0,1.0,1.0,26.89275234594334,6199.238567567736,6231.563567567736,2.5071009383774614,0.29,48.0,REV_SHORT,TIME,1868.155,2022-05-02 16:00:00,2022-05-02 16:05:00,2022-05-02 20:04:00
239509.0,1193209.0,1193259.0,239520.0,-1.0,2.0,1860.0,1861.0197767952393,1850.0,3.143899880962791,0.11,1858.3605,1861.0197767952393,1.0,1.0,1.0,1.0,0.0,0.0,29.252044747632226,6231.563567567736,6202.311522820104,1.0197767952393986,0.29,11.0,BREAK_SHORT,STOP,1858.5055,2022-05-03 05:05:00,2022-05-03 05:10:00,2022-05-03 06:00:00
239529.0,1193309.0,1193548.0,239577.0,-1.0,4.0,1860.0,1861.3739650924538,1850.0,3.1300324116744798,0.11,1858.6200000000001,1856.775,3.0,1.0,1.0,1.0,0.0,0.0,30.2936160169902,6202.311522820104,6222.606522820104,1.283930184907436,0.29,48.0,REV_SHORT,TIME,1858.765,2022-05-03 06:45:00,2022-05-03 06:50:00,2022-05-03 10:49:00
239652.0,1193924.0,1193984.0,239665.0,1.0,3.0,1870.0,1867.854160923621,1880.0,3.54757427498983,0.05,1870.525,1867.854160923621,1.0,-1.0,1.0,-1.0,1.0,1.0,13.354195381895126,6222.606522820104,6209.252327438209,1.677678152757612,0.29,13.0,REV_LONG,STOP,1870.38,2022-05-03 17:00:00,2022-05-03 17:05:00,2022-05-03 18:05:00
240017.0,1195739.0,1195978.0,240065.0,1.0,1.0,1900.0,1898.1804707601661,1910.0,2.5606040452969068,0.09,1901.5,1901.635,3.0,1.0,1.0,1.0,0.0,1.0,29.875763158504697,6209.252327438209,6210.467327438209,1.8195292398339564,0.29,48.0,BREAK_LONG,TIME,1901.355,2022-05-05 01:25:00,2022-05-05 01:30:00,2022-05-05 05:29:00
240237.0,1196839.0,1196906.0,240251.0,-1.0,4.0,1880.0,1881.8645838551063,1870.0,2.922716123434771,0.1,1878.84,1877.345,4.0,1.0,1.0,1.0,1.0,1.0,30.245838551063574,6210.467327438209,6225.417327438208,1.579167710212536,0.29,14.0,REV_SHORT,SESSION,1878.985,2022-05-05 19:45:00,2022-05-05 19:50:00,2022-05-05 20:57:00
240463.0,1197964.0,1198203.0,240511.0,-1.0,4.0,1890.0,1893.9348016578213,1880.0,1.2014594470907445,0.02,1887.605,1884.19,3.0,-1.0,-1.0,-1.0,1.0,1.0,12.659603315642471,6225.417327438208,6232.247327438208,2.7126033156425104,0.29,48.0,REV_SHORT,TIME,1887.75,2022-05-06 15:35:00,2022-05-06 15:40:00,2022-05-06 19:39:00
240679.0,1199039.0,1199110.0,240694.0,-1.0,2.0,1860.0,1861.8104160794874,1850.0,4.774089779546382,0.15,1859.765,1861.8104160794874,1.0,1.0,1.0,1.0,0.0,0.0,30.681241192309017,6232.247327438208,6201.566086245899,1.8104160794873692,0.29,15.0,BREAK_SHORT,STOP,1859.91,2022-05-09 10:35:00,2022-05-09 10:40:00,2022-05-09 11:51:00
240761.0,1199449.0,1199656.0,240803.0,-1.0,2.0,1860.0,1861.7389051725297,1850.0,3.4568442687157104,0.05,1859.105,1854.03,4.0,1.0,1.0,-1.0,0.0,0.0,13.16952586264847,6201.566086245899,6226.941086245899,1.738905172529754,0.29,42.0,BREAK_SHORT,SESSION,1859.25,2022-05-09 17:25:00,2022-05-09 17:30:00,2022-05-09 20:57:00
241067.0,1200974.0,1201031.0,241079.0,-1.0,2.0,1840.0,1841.7094749936207,1830.0,1.402202290286673,0.06,1836.835,1838.57,4.0,1.0,1.0,1.0,0.0,1.0,29.24684996172391,6226.941086245899,6216.531086245899,1.7094749936206255,0.29,12.0,BREAK_SHORT,SESSION,1836.98,2022-05-10 19:55:00,2022-05-10 20:00:00,2022-05-10 20:57:00
241193.0,1201599.0,1201686.0,241211.0,-1.0,4.0,1850.0,1852.3449155143362,1840.0,1.286131233268663,0.05,1846.945,1852.3449155143362,1.0,1.0,-1.0,1.0,1.0,0.0,26.99957757168136,6216.531086245899,6189.531508674218,2.162831028672245,0.29,18.0,REV_SHORT,STOP,1847.09,2022-05-11 07:25:00,2022-05-11 07:30:00,2022-05-11 08:57:00
241257.0,1201919.0,1201950.0,241264.0,1.0,3.0,1840.0,1833.4870279552683,1850.0,1.1298892798088411,0.03,1841.24,1850.0,2.0,-1.0,-1.0,1.0,0.0,1.0,23.258916134195033,6189.531508674218,6215.811508674217,2.896944089463637,0.29,7.0,REV_LONG,TARGET,1841.095,2022-05-11 12:45:00,2022-05-11 12:50:00,2022-05-11 13:21:00
241486.0,1203059.0,1203073.0,241489.0,-1.0,2.0,1850.0,1851.0250255974236,1840.0,2.1012506929384043,0.08,1847.47,1851.0250255974236,1.0,1.0,1.0,1.0,0.0,0.0,28.440204779388296,6215.811508674217,6187.371303894829,1.025025597423597,0.29,3.0,BREAK_SHORT,STOP,1847.615,2022-05-12 08:50:00,2022-05-12 08:55:00,2022-05-12 09:09:00
241643.0,1203839.0,1203884.0,241653.0,-1.0,2.0,1820.0,1822.0477819135626,1810.0,3.20034790046077,0.1,1819.1795,1822.0477819135626,1.0,1.0,1.0,1.0,0.0,1.0,28.682819135626687,6187.371303894829,6158.688484759203,2.0477819135626874,0.29,10.0,BREAK_SHORT,STOP,1819.3245,2022-05-12 22:55:00,2022-05-12 23:00:00,2022-05-12 23:45:00
241782.0,1204534.0,1204676.0,241811.0,-1.0,2.0,1820.0,1821.4602126930383,1810.0,1.5956196201166755,0.06,1817.045,1810.0,2.0,1.0,1.0,1.0,0.0,0.0,26.49127615822954,6158.688484759203,6200.958484759203,1.4602126930382169,0.29,29.0,BREAK_SHORT,TARGET,1817.19,2022-05-13 10:30:00,2022-05-13 10:35:00,2022-05-13 12:57:00
241870.0,1204974.0,1205143.0,241904.0,-1.0,2.0,1810.0,1811.5144597319097,1800.0,3.7591036875084693,0.12,1809.095,1811.5144597319097,1.0,1.0,1.0,1.0,0.0,0.0,29.03351678291619,6200.958484759203,6171.924967976287,1.5144597319097737,0.29,34.0,BREAK_SHORT,STOP,1809.24,2022-05-13 17:50:00,2022-05-13 17:55:00,2022-05-13 20:44:00
242526.0,1208239.0,1208345.0,242548.0,-1.0,2.0,1810.0,1811.1848980469015,1800.0,3.0090705319226694,0.05,1808.395,1811.1848980469015,1.0,1.0,1.0,-1.0,0.0,0.0,13.949490234507495,6171.924967976287,6157.975477741779,1.184898046901418,0.29,22.0,BREAK_SHORT,STOP,1808.54,2022-05-18 03:30:00,2022-05-18 03:35:00,2022-05-18 05:21:00
242675.0,1208984.0,1209062.0,242691.0,1.0,1.0,1820.0,1817.8322123780108,1830.0,1.0986949531991819,0.05,1823.6299999999999,1817.8322123780108,1.0,1.0,1.0,1.0,0.0,0.0,28.988938109945366,6157.975477741779,6128.986539631834,2.1677876219892345,0.29,16.0,BREAK_LONG,STOP,1823.485,2022-05-18 15:55:00,2022-05-18 16:00:00,2022-05-18 17:18:00
242913.0,1210169.0,1210242.0,242928.0,-1.0,4.0,1840.0,1842.513628883425,1830.0,3.1181826947289024,0.05,1839.475,1842.513628883425,1.0,-1.0,-1.0,-1.0,1.0,0.0,15.19314441712595,6128.986539631834,6113.793395214708,2.416257766850169,0.29,15.0,REV_SHORT,STOP,1839.62,2022-05-19 12:45:00,2022-05-19 12:50:00,2022-05-19 14:03:00
243322.0,1212204.0,1212268.0,243335.0,1.0,1.0,1850.0,1848.8364133432335,1860.0,1.9158505886334014,0.07,1852.665,1848.8364133432335,1.0,1.0,1.0,1.0,0.0,1.0,26.80010659736513,6113.793395214708,6086.993288617343,1.163586656766537,0.29,13.0,BREAK_LONG,STOP,1852.52,2022-05-23 00:50:00,2022-05-23 00:55:00,2022-05-23 01:59:00
243687.0,1214024.0,1214263.0,243735.0,-1.0,4.0,1860.0,1861.4490860138671,1850.0,3.5002747357836874,0.05,1858.905,1856.645,3.0,-1.0,-1.0,-1.0,1.0,0.0,12.720430069335862,6086.993288617343,6098.293288617343,1.382172027734371,0.29,48.0,REV_SHORT,TIME,1859.05,2022-05-24 08:15:00,2022-05-24 08:20:00,2022-05-24 12:19:00
243748.0,1214329.0,1214350.0,243753.0,-1.0,4.0,1860.0,1863.5750754626367,1850.0,2.2988642822940046,0.03,1859.46,1863.5750754626367,1.0,-1.0,-1.0,-1.0,1.0,1.0,12.345226387910088,6098.293288617343,6085.948062229433,1.6001509252730588,0.29,5.0,REV_SHORT,STOP,1859.605,2022-05-24 13:20:00,2022-05-24 13:25:00,2022-05-24 13:46:00
243934.0,1215254.0,1215267.0,243937.0,1.0,3.0,1860.0,1858.6231083283722,1870.0,5.825213578826977,0.18,1860.29,1858.6231083283722,1.0,1.0,-1.0,1.0,0.0,0.0,30.00405008930056,6085.948062229433,6055.944012140133,0.8037833432557366,0.29,3.0,REV_LONG,STOP,1860.145,2022-05-25 05:50:00,2022-05-25 05:55:00,2022-05-25 06:08:00
244032.0,1215744.0,1215849.0,244054.0,1.0,3.0,1850.0,1846.0221088537735,1860.0,2.0667452771001362,0.03,1850.58,1846.0221088537735,1.0,-1.0,-1.0,-1.0,1.0,0.0,13.673673438679316,6055.944012140133,6042.2703387014535,1.992782292452869,0.29,22.0,REV_LONG,STOP,1850.435,2022-05-25 14:00:00,2022-05-25 14:05:00,2022-05-25 15:50:00
244165.0,1216404.0,1216407.0,244166.0,1.0,3.0,1850.0,1849.2931250492595,1860.0,9.082990415466359,0.28,1850.355,1849.2931250492595,1.0,-1.0,-1.0,1.0,0.0,0.0,29.732498620734084,6042.2703387014535,6012.537840080719,0.8537499014808808,0.29,1.0,REV_LONG,STOP,1850.21,2022-05-26 02:05:00,2022-05-26 02:10:00,2022-05-26 02:13:00
244311.0,1217134.0,1217168.0,244318.0,1.0,1.0,1850.0,1847.7679856240072,1860.0,1.2706481776816407,0.05,1853.155,1847.7679856240072,1.0,1.0,1.0,1.0,0.0,1.0,26.935071879963747,6012.537840080719,5985.602768200755,2.2320143759926716,0.29,7.0,BREAK_LONG,STOP,1853.01,2022-05-26 14:15:00,2022-05-26 14:20:00,2022-05-26 14:54:00
244427.0,1217709.0,1217742.0,244434.0,-1.0,2.0,1850.0,1850.737340136149,1840.0,6.855593241796938,0.1,1849.3705,1850.737340136149,1.0,1.0,1.0,-1.0,0.0,0.0,13.668401361489943,5985.602768200755,5971.934366839265,0.7373401361490237,0.29,7.0,BREAK_SHORT,STOP,1849.5155,2022-05-27 00:55:00,2022-05-27 01:00:00,2022-05-27 01:33:00
244529.0,1218219.0,1218372.0,244560.0,-1.0,4.0,1860.0,1861.0663566283688,1850.0,3.4688057049593417,0.06,1858.59,1861.0663566283688,1.0,-1.0,-1.0,-1.0,1.0,0.0,14.858139770213254,5971.934366839265,5957.076227069052,1.2427132567374912,0.29,31.0,REV_SHORT,STOP,1858.735,2022-05-27 09:25:00,2022-05-27 09:30:00,2022-05-27 12:03:00
244741.0,1219274.0,1219499.0,244787.0,1.0,1.0,1860.0,1858.9796043511565,1870.0,5.95119584621155,0.18,1860.565,1858.9796043511565,1.0,1.0,1.0,1.0,0.0,0.0,28.537121679184562,5957.076227069052,5928.5391053898675,1.020395648843503,0.29,46.0,BREAK_LONG,STOP,1860.42,2022-05-30 04:05:00,2022-05-30 04:10:00,2022-05-30 07:55:00
244976.0,1220444.0,1220564.0,245001.0,-1.0,2.0,1850.0,1851.1069499365515,1840.0,3.8365739482353662,0.06,1848.8105,1851.1069499365515,1.0,1.0,1.0,-1.0,0.0,0.0,13.778699619308554,5928.5391053898675,5914.760405770559,1.10694993655151,0.29,25.0,BREAK_SHORT,STOP,1848.9555,2022-05-31 00:40:00,2022-05-31 00:45:00,2022-05-31 02:45:00
245117.0,1221149.0,1221206.0,245129.0,-1.0,4.0,1850.0,1853.3241714864098,1840.0,1.2510196768249597,0.04,1847.405,1853.3241714864098,1.0,1.0,1.0,1.0,1.0,1.0,23.676685945639292,5914.760405770559,5891.08371982492,1.9263429728193544,0.29,12.0,REV_SHORT,STOP,1847.55,2022-05-31 12:25:00,2022-05-31 12:30:00,2022-05-31 13:27:00
245352.0,1222319.0,1222532.0,245395.0,1.0,3.0,1830.0,1828.0654922690708,1840.0,3.453161680541564,0.05,1830.7455,1840.0,2.0,-1.0,-1.0,-1.0,1.0,0.0,13.400038654646096,5891.08371982492,5937.35621982492,1.4420154618584435,0.29,43.0,REV_LONG,TARGET,1830.6005,2022-06-01 09:00:00,2022-06-01 09:05:00,2022-06-01 12:38:00
245788.0,1224489.0,1224555.0,245802.0,-1.0,4.0,1870.0,1870.9422398111255,1860.0,6.887778106834929,0.1,1869.555,1870.9422398111255,1.0,-1.0,-1.0,-1.0,0.0,1.0,13.872398111254824,5937.35621982492,5923.483821713666,0.5024796222510299,0.29,14.0,REV_SHORT,STOP,1869.7,2022-06-02 23:20:00,2022-06-02 23:25:00,2022-06-03 00:31:00
246381.0,1227444.0,1227632.0,246419.0,1.0,3.0,1840.0,1839.018777593862,1850.0,3.8456066696699525,0.06,1841.285,1839.018777593862,1.0,-1.0,1.0,-1.0,0.0,0.0,13.597334436828076,5923.483821713666,5909.886487276838,1.0534448122759725,0.29,38.0,REV_LONG,STOP,1841.14,2022-06-07 02:45:00,2022-06-07 02:50:00,2022-06-07 05:58:00
246698.0,1229024.0,1229113.0,246716.0,-1.0,4.0,1850.0,1850.8166920262452,1840.0,8.908190007989443,0.27,1849.725,1850.8166920262452,1.0,-1.0,-1.0,1.0,0.0,0.0,29.475684708621884,5909.886487276838,5880.410802568216,0.778384052490378,0.29,18.0,REV_SHORT,STOP,1849.87,2022-06-08 06:10:00,2022-06-08 06:15:00,2022-06-08 07:44:00
247025.0,1230654.0,1230776.0,247050.0,-1.0,4.0,1850.0,1851.536680658583,1840.0,5.050662236830625,0.07,1849.63,1851.536680658583,1.0,1.0,1.0,-1.0,0.0,1.0,13.3467646100803,5880.410802568216,5867.064037958136,1.0433613171657652,0.29,25.0,REV_SHORT,STOP,1849.775,2022-06-09 10:25:00,2022-06-09 10:30:00,2022-06-09 12:32:00
248144.0,1236229.0,1236328.0,248164.0,1.0,1.0,1830.0,1828.0219783365396,1840.0,1.1766262966023295,0.05,1833.525,1828.0219783365396,1.0,1.0,1.0,1.0,0.0,0.0,27.515108317302296,5867.064037958136,5839.548929640834,1.9780216634604317,0.29,20.0,BREAK_LONG,STOP,1833.38,2022-06-15 11:40:00,2022-06-15 11:45:00,2022-06-15 13:24:00
248213.0,1236574.0,1236599.0,248219.0,-1.0,2.0,1820.0,1821.308791452147,1810.0,2.881125893143102,0.1,1818.395,1821.308791452147,1.0,1.0,1.0,1.0,0.0,0.0,29.13791452147052,5839.548929640834,5810.411015119364,1.3087914521469204,0.29,6.0,BREAK_SHORT,STOP,1818.54,2022-06-15 17:25:00,2022-06-15 17:30:00,2022-06-15 17:55:00
248362.0,1237314.0,1237326.0,248365.0,1.0,3.0,1830.0,1827.6628855696827,1840.0,3.7230375082832827,0.05,1830.275,1827.6628855696827,1.0,1.0,-1.0,-1.0,0.0,1.0,13.060572151587166,5810.411015119364,5797.350442967776,1.2942288606344972,0.29,3.0,REV_LONG,STOP,1830.13,2022-06-16 06:50:00,2022-06-16 06:55:00,2022-06-16 07:07:00
248512.0,1238064.0,1238156.0,248531.0,1.0,1.0,1850.0,1848.7461289234798,1860.0,3.476709717388579,0.11,1851.26,1856.695,4.0,1.0,1.0,1.0,0.0,0.0,27.652581841722395,5797.350442967776,5857.135442967776,1.2538710765202863,0.29,19.0,BREAK_LONG,SESSION,1851.115,2022-06-16 19:20:00,2022-06-16 19:25:00,2022-06-16 20:57:00
248737.0,1239184.0,1239322.0,248765.0,1.0,3.0,1840.0,1837.269953885813,1850.0,1.9673448199285,0.03,1841.56,1837.269953885813,1.0,1.0,-1.0,-1.0,0.0,0.0,12.870138342560722,5857.135442967776,5844.265304625215,2.530092228374027,0.29,28.0,REV_LONG,STOP,1841.415,2022-06-17 15:05:00,2022-06-17 15:10:00,2022-06-17 17:28:00
248980.0,1240394.0,1240437.0,248989.0,-1.0,4.0,1840.0,1841.2877688871579,1830.0,4.066849147695073,0.06,1839.06,1841.2877688871579,1.0,1.0,1.0,-1.0,0.0,0.0,13.366613322947615,5844.265304625215,5830.898691302267,1.145537774316064,0.29,9.0,REV_SHORT,STOP,1839.205,2022-06-20 12:20:00,2022-06-20 12:25:00,2022-06-20 13:08:00
249364.0,1242304.0,1242413.0,249386.0,1.0,3.0,1830.0,1828.7801514791004,1840.0,2.2617275012927402,0.04,1832.22,1828.7801514791004,1.0,-1.0,0.0,-1.0,0.0,0.0,13.759394083598636,5830.898691302267,5817.139297218669,1.0196970417993865,0.29,22.0,REV_LONG,STOP,1832.075,2022-06-21 22:20:00,2022-06-21 22:25:00,2022-06-22 00:14:00
249430.0,1242634.0,1242873.0,249478.0,-1.0,4.0,1830.0,1830.8454033301678,1820.0,3.10747979532291,0.11,1828.205,1828.52,3.0,1.0,1.0,1.0,0.0,0.0,29.04443663184611,5817.139297218669,5813.674297218668,1.024806660335183,0.29,48.0,REV_SHORT,TIME,1828.35,2022-06-22 03:50:00,2022-06-22 03:55:00,2022-06-22 07:54:00
249526.0,1243114.0,1243141.0,249532.0,-1.0,4.0,1840.0,1841.2922152732476,1830.0,5.3898357173522635,0.16,1839.525,1841.2922152732476,1.0,-1.0,-1.0,1.0,1.0,0.0,28.27544437196047,5813.674297218668,5785.398852846707,1.5744305464951684,0.29,6.0,REV_SHORT,STOP,1839.67,2022-06-22 11:50:00,2022-06-22 11:55:00,2022-06-22 12:22:00
249547.0,1243219.0,1243458.0,249595.0,1.0,3.0,1840.0,1834.316329647617,1850.0,1.0873514030874445,0.03,1841.83,1837.925,3.0,1.0,1.0,1.0,1.0,0.0,22.54101105714858,5785.398852846707,5773.683852846707,2.2533407047660288,0.29,48.0,REV_LONG,TIME,1841.685,2022-06-22 13:35:00,2022-06-22 13:40:00,2022-06-22 17:39:00
250157.0,1246259.0,1246283.0,250162.0,1.0,1.0,1830.0,1829.012425420229,1840.0,8.574606107049117,0.25,1830.16,1829.012425420229,1.0,1.0,1.0,1.0,0.0,1.0,28.689364494277925,5773.683852846707,5744.9944883524295,0.9875745797709413,0.29,5.0,BREAK_LONG,STOP,1830.015,2022-06-24 18:25:00,2022-06-24 18:30:00,2022-06-24 18:54:00
250933.0,1250124.0,1250363.0,250981.0,-1.0,2.0,1820.0,1822.5030733461701,1810.0,1.5040836533595812,0.05,1817.51,1818.67,3.0,1.0,1.0,1.0,0.0,0.0,24.965366730850747,5744.9944883524295,5739.194488352429,2.503073346170188,0.29,48.0,BREAK_SHORT,TIME,1817.655,2022-06-29 14:05:00,2022-06-29 14:10:00,2022-06-29 18:09:00
251051.0,1250709.0,1250794.0,251069.0,-1.0,4.0,1820.0,1821.007849105698,1810.0,6.682490125390002,0.2,1819.575,1821.007849105698,1.0,1.0,-1.0,1.0,0.0,1.0,28.656982113957387,5739.194488352429,5710.537506238472,0.5246982113958261,0.29,18.0,REV_SHORT,STOP,1819.72,2022-06-30 00:55:00,2022-06-30 01:00:00,2022-06-30 02:25:00
251172.0,1251314.0,1251346.0,251179.0,1.0,3.0,1810.0,1808.8351136059346,1820.0,4.368027035477728,0.06,1810.915,1808.8351136059346,1.0,-1.0,-1.0,-1.0,1.0,0.0,12.479318364392384,5710.537506238472,5698.0581878740795,1.074772788130585,0.29,7.0,REV_LONG,STOP,1810.77,2022-06-30 11:00:00,2022-06-30 11:05:00,2022-06-30 11:37:00
251242.0,1251664.0,1251682.0,251246.0,1.0,3.0,1810.0,1808.2865384219601,1820.0,2.8487299010306857,0.09,1811.33,1808.2865384219601,1.0,-1.0,-1.0,1.0,0.0,0.0,27.391154202358166,5698.0581878740795,5670.667033671722,1.806923156079898,0.29,4.0,REV_LONG,STOP,1811.185,2022-06-30 16:50:00,2022-06-30 16:55:00,2022-06-30 17:13:00
251386.0,1252379.0,1252618.0,251434.0,-1.0,2.0,1800.0,1801.3613804753838,1790.0,2.1072752280220133,0.07,1797.705,1795.405,3.0,1.0,1.0,1.0,0.0,0.0,25.59466332768739,5670.667033671722,5686.767033671721,1.3613804753838257,0.29,48.0,BREAK_SHORT,TIME,1797.85,2022-07-01 05:50:00,2022-07-01 05:55:00,2022-07-01 09:54:00
251522.0,1253059.0,1253074.0,251526.0,-1.0,2.0,1800.0,1801.7561717498504,1790.0,3.845564519731474,0.11,1799.33,1801.7561717498504,1.0,1.0,1.0,1.0,0.0,1.0,26.687889248355308,5686.767033671721,5660.0791444233655,1.7561717498504683,0.29,4.0,BREAK_SHORT,STOP,1799.475,2022-07-01 17:10:00,2022-07-01 17:15:00,2022-07-01 17:30:00
251598.0,1253434.0,1253536.0,251619.0,-1.0,4.0,1810.0,1812.0082348732192,1800.0,2.9984334826093257,0.09,1809.005,1812.0082348732192,1.0,-1.0,1.0,1.0,0.0,1.0,27.029113858971638,5660.0791444233655,5633.050030564394,0.9264697464382486,0.29,21.0,REV_SHORT,STOP,1809.15,2022-07-04 00:30:00,2022-07-04 00:35:00,2022-07-04 02:17:00
252245.0,1256659.0,1256898.0,252293.0,-1.0,4.0,1770.0,1771.8317090521464,1760.0,3.636778257377691,0.11,1769.28,1760.415,3.0,1.0,-1.0,1.0,0.0,1.0,28.068799573610477,5633.050030564394,5730.565030564394,1.6304181042929728,0.29,48.0,REV_SHORT,TIME,1769.425,2022-07-06 08:25:00,2022-07-06 08:30:00,2022-07-06 12:29:00
252415.0,1257504.0,1257547.0,252424.0,-1.0,4.0,1740.0,1741.0097315364858,1730.0,8.372125625759224,0.24,1739.835,1741.0097315364858,1.0,1.0,-1.0,1.0,0.0,0.0,28.193556875658032,5730.565030564394,5702.371473688736,0.65946307297167,0.29,9.0,REV_SHORT,STOP,1739.98,2022-07-06 23:35:00,2022-07-06 23:40:00,2022-07-07 00:23:00
253057.0,1260704.0,1260707.0,253058.0,-1.0,2.0,1740.0,1740.9536124182678,1730.0,7.533426649961924,0.22,1739.67,1740.9536124182678,1.0,1.0,1.0,1.0,0.0,1.0,28.239473201889272,5702.371473688736,5674.132000486847,0.953612418267679,0.29,1.0,BREAK_SHORT,STOP,1739.815,2022-07-11 07:05:00,2022-07-11 07:10:00,2022-07-11 07:13:00
253141.0,1261124.0,1261363.0,253189.0,-1.0,4.0,1740.0,1742.5474494244174,1730.0,2.9928882631876776,0.09,1739.405,1735.1299999999999,3.0,1.0,1.0,1.0,0.0,0.0,28.282044819757175,5674.132000486847,5712.607000486847,1.7548988488346806,0.29,48.0,REV_SHORT,TIME,1739.55,2022-07-11 14:05:00,2022-07-11 14:10:00,2022-07-11 18:09:00
253303.0,1261929.0,1261933.0,253304.0,1.0,3.0,1730.0,1728.924066327677,1740.0,7.85413345038187,0.11,1730.165,1728.924066327677,1.0,-1.0,-1.0,-1.0,0.0,1.0,13.65027039555139,5712.607000486847,5698.956730091296,1.1018673446456617,0.29,1.0,REV_LONG,STOP,1730.03,2022-07-12 04:35:00,2022-07-12 04:40:00,2022-07-12 04:44:00
253410.0,1262464.0,1262474.0,253413.0,1.0,3.0,1730.0,1727.7396645675556,1740.0,3.0525540741572157,0.04,1730.7649999999999,1727.7396645675556,1.0,-1.0,-1.0,-1.0,0.0,1.0,12.101341729777232,5698.956730091296,5686.855388361519,1.9406708648888682,0.29,3.0,REV_LONG,STOP,1730.62,2022-07-12 13:30:00,2022-07-12 13:35:00,2022-07-12 13:45:00
253805.0,1264429.0,1264435.0,253807.0,1.0,3.0,1730.0,1729.2191958307028,1740.0,9.408149039034187,0.13,1730.2549999999999,1729.2191958307028,1.0,-1.0,-1.0,-1.0,0.0,1.0,13.465454200862043,5686.855388361519,5673.389934160657,0.8326083385946165,0.29,2.0,REV_LONG,STOP,1730.11,2022-07-14 00:25:00,2022-07-14 00:30:00,2022-07-14 00:36:00
253887.0,1264839.0,1264971.0,253914.0,1.0,3.0,1720.0,1714.3235707453568,1730.0,1.3765022938142593,0.02,1720.92,1714.3235707453568,1.0,-1.0,-1.0,-1.0,1.0,1.0,13.192858509286454,5673.389934160657,5660.19707565137,1.8428585092861087,0.29,27.0,REV_LONG,STOP,1720.775,2022-07-14 07:15:00,2022-07-14 07:20:00,2022-07-14 09:32:00
254120.0,1265999.0,1266038.0,254128.0,-1.0,2.0,1710.0,1711.1385215168762,1700.0,5.443958844670041,0.16,1709.41,1711.1385215168762,1.0,1.0,1.0,1.0,0.0,0.0,27.656344270017147,5660.19707565137,5632.540731381353,1.1385215168762168,0.29,8.0,BREAK_SHORT,STOP,1709.555,2022-07-15 03:40:00,2022-07-15 03:45:00,2022-07-15 04:24:00
254571.0,1268249.0,1268282.0,254578.0,1.0,3.0,1710.0,1708.1722883781813,1720.0,4.273844174503017,0.12,1710.415,1708.1722883781813,1.0,-1.0,-1.0,1.0,0.0,1.0,26.912539461824053,5632.540731381353,5605.628191919529,1.0354232436374178,0.29,7.0,REV_LONG,STOP,1710.27,2022-07-18 18:15:00,2022-07-18 18:20:00,2022-07-18 18:53:00
254691.0,1268844.0,1268853.0,254693.0,-1.0,4.0,1710.0,1710.6511482457267,1700.0,7.9045386169960965,0.11,1709.455,1710.6511482457267,1.0,1.0,-1.0,-1.0,0.0,0.0,13.157630702994993,5605.628191919529,5592.470561216534,0.7822964914534534,0.29,2.0,REV_SHORT,STOP,1709.6,2022-07-19 05:15:00,2022-07-19 05:20:00,2022-07-19 05:29:00
255036.0,1270564.0,1270644.0,255053.0,-1.0,2.0,1710.0,1711.226905750205,1700.0,3.2819638918473144,0.05,1708.605,1711.226905750205,1.0,1.0,1.0,-1.0,0.0,0.0,13.109528751025437,5592.470561216534,5579.361032465509,1.2269057502050353,0.29,17.0,BREAK_SHORT,STOP,1708.75,2022-07-20 11:00:00,2022-07-20 11:05:00,2022-07-20 12:25:00
255083.0,1270799.0,1270989.0,255122.0,-1.0,4.0,1710.0,1711.3369768448547,1700.0,5.680690357814524,0.08,1709.64,1700.0,2.0,1.0,1.0,-1.0,0.0,1.0,13.575814758836714,5579.361032465509,5656.48103246551,1.52395368970909,0.29,39.0,REV_SHORT,TARGET,1709.785,2022-07-20 14:55:00,2022-07-20 15:00:00,2022-07-20 18:10:00
255259.0,1271674.0,1271697.0,255264.0,1.0,3.0,1690.0,1688.315521086685,1700.0,4.6054675529111355,0.13,1690.4,1688.315521086685,1.0,-1.0,-1.0,1.0,0.0,1.0,27.098225873095316,5656.48103246551,5629.382806592414,1.028957826629808,0.29,5.0,REV_LONG,STOP,1690.255,2022-07-21 06:35:00,2022-07-21 06:40:00,2022-07-21 07:03:00
255546.0,1273104.0,1273212.0,255568.0,-1.0,4.0,1720.0,1721.2098576371677,1710.0,1.1393439313414184,0.02,1715.97,1721.2098576371677,1.0,-1.0,1.0,-1.0,0.0,0.0,10.479715274335376,5629.382806592414,5618.9030913180795,1.3097152743354605,0.29,22.0,REV_SHORT,STOP,1716.115,2022-07-22 07:30:00,2022-07-22 07:35:00,2022-07-22 09:23:00
256014.0,1275434.0,1275673.0,256062.0,1.0,1.0,1720.0,1719.3439373759618,1730.0,4.590615171636919,0.14,1721.25,1722.525,3.0,1.0,1.0,1.0,0.0,0.0,26.68487673653499,5618.9030913180795,5636.753091318081,0.6560626240381009,0.29,48.0,BREAK_LONG,TIME,1721.105,2022-07-26 00:30:00,2022-07-26 00:35:00,2022-07-26 04:34:00
256383.0,1277274.0,1277513.0,256431.0,1.0,1.0,1720.0,1718.744693606893,1730.0,1.0333664649752659,0.02,1724.28,1722.65,3.0,1.0,1.0,-1.0,0.0,0.0,11.070612786214042,5636.753091318081,5633.493091318081,1.255306393107058,0.29,48.0,BREAK_LONG,TIME,1724.135,2022-07-27 08:15:00,2022-07-27 08:20:00,2022-07-27 12:19:00
256639.0,1278549.0,1278788.0,256687.0,1.0,1.0,1740.0,1739.0507288769597,1750.0,3.0339636781665336,0.1,1741.7649999999999,1740.53,3.0,1.0,1.0,1.0,0.0,1.0,27.142711230401346,5633.493091318081,5621.143091318081,0.9492711230402257,0.29,48.0,BREAK_LONG,TIME,1741.62,2022-07-28 06:35:00,2022-07-28 06:40:00,2022-07-28 10:39:00
257231.0,1281499.0,1281653.0,257262.0,1.0,1.0,1770.0,1768.5213079434773,1780.0,1.227275500870269,0.05,1773.675,1768.5213079434773,1.0,1.0,1.0,1.0,0.0,1.0,25.768460282613432,5621.143091318081,5595.374631035467,1.478692056522627,0.29,31.0,BREAK_LONG,STOP,1773.53,2022-08-01 09:55:00,2022-08-01 10:00:00,2022-08-01 12:34:00
257551.0,1283094.0,1283101.0,257553.0,1.0,3.0,1780.0,1776.552067740612,1790.0,1.358073294181383,0.02,1782.2549999999999,1776.552067740612,1.0,1.0,1.0,-1.0,1.0,0.0,11.405864518775616,5595.374631035467,5583.968766516691,2.695864518775833,0.29,2.0,REV_LONG,STOP,1782.11,2022-08-02 13:35:00,2022-08-02 13:40:00,2022-08-02 13:47:00
257607.0,1283374.0,1283531.0,257639.0,-1.0,2.0,1770.0,1771.7032802229562,1760.0,1.3603507056280808,0.05,1766.7450000000001,1761.12,4.0,1.0,1.0,1.0,0.0,0.0,24.791401114780456,5583.968766516691,5612.093766516692,1.7032802229562507,0.29,32.0,BREAK_SHORT,SESSION,1766.89,2022-08-02 18:15:00,2022-08-02 18:20:00,2022-08-02 20:57:00
257837.0,1284519.0,1284732.0,257880.0,-1.0,2.0,1760.0,1762.5670165795495,1750.0,3.0643432065231377,0.09,1759.475,1762.5670165795495,1.0,1.0,1.0,1.0,0.0,0.0,27.828149215946723,5612.093766516692,5584.265617300745,2.5670165795496525,0.29,43.0,BREAK_SHORT,STOP,1759.62,2022-08-03 14:25:00,2022-08-03 14:30:00,2022-08-03 18:03:00
258071.0,1285684.0,1285805.0,258096.0,1.0,1.0,1780.0,1778.8545042840854,1790.0,2.6838577087674316,0.04,1781.8799999999999,1778.8545042840854,1.0,1.0,1.0,-1.0,0.0,0.0,12.101982863658122,5584.265617300745,5572.163634437087,1.1454957159147212,0.29,25.0,BREAK_LONG,STOP,1781.735,2022-08-04 10:55:00,2022-08-04 11:00:00,2022-08-04 13:01:00
258138.0,1286019.0,1286258.0,258186.0,1.0,1.0,1790.0,1788.4878726167678,1800.0,4.489474542785772,0.13,1790.585,1791.195,3.0,1.0,1.0,1.0,0.0,1.0,27.262655982018487,5572.163634437087,5580.093634437086,1.5121273832322322,0.29,48.0,BREAK_LONG,TIME,1790.44,2022-08-04 16:30:00,2022-08-04 16:35:00,2022-08-04 20:34:00
259690.0,1293749.0,1293988.0,259738.0,-1.0,2.0,1790.0,1791.1241577854662,1780.0,2.434274747398592,0.04,1787.885,1786.69,3.0,1.0,1.0,-1.0,0.0,0.0,12.956631141864818,5580.093634437086,5584.8736344370855,1.1241577854662723,0.29,48.0,BREAK_SHORT,TIME,1788.03,2022-08-12 07:50:00,2022-08-12 07:55:00,2022-08-12 11:54:00
259804.0,1294319.0,1294531.0,259847.0,-1.0,4.0,1800.0,1802.63294464896,1790.0,3.227971442964074,0.09,1799.645,1802.235,4.0,-1.0,-1.0,1.0,1.0,1.0,26.891501840639194,5584.8736344370855,5561.563634437086,1.3358892979199806,0.29,43.0,REV_SHORT,SESSION,1799.79,2022-08-12 17:20:00,2022-08-12 17:25:00,2022-08-12 20:57:00
260823.0,1299394.0,1299450.0,260835.0,-1.0,4.0,1770.0,1771.2304931596816,1760.0,7.076625966468175,0.19,1769.84,1771.2304931596816,1.0,1.0,-1.0,1.0,1.0,1.0,26.419370033951967,5561.563634437086,5535.144264403134,0.9609863193632954,0.29,12.0,REV_SHORT,STOP,1769.985,2022-08-18 10:15:00,2022-08-18 10:20:00,2022-08-18 11:16:00
262651.0,1308499.0,1308738.0,262699.0,-1.0,2.0,1730.0,1731.4239126376435,1720.0,1.313042055162653,0.05,1726.4850000000001,1724.37,3.0,1.0,1.0,1.0,0.0,0.0,24.69456318821699,5535.144264403134,5545.719264403136,1.4239126376435685,0.29,48.0,BREAK_SHORT,TIME,1726.63,2022-08-29 01:35:00,2022-08-29 01:40:00,2022-08-29 05:39:00
263272.0,1311594.0,1311647.0,263283.0,1.0,3.0,1720.0,1719.063715774038,1730.0,2.7694632356593547,0.09,1721.965,1719.063715774038,1.0,-1.0,-1.0,1.0,0.0,0.0,26.111558033657502,5545.719264403136,5519.607706369478,1.032568451923893,0.29,11.0,REV_LONG,STOP,1721.82,2022-08-31 07:20:00,2022-08-31 07:25:00,2022-08-31 08:18:00
263359.0,1312029.0,1312268.0,263407.0,-1.0,4.0,1720.0,1724.6547881975362,1710.0,1.8102365124743187,0.05,1719.44,1711.965,3.0,1.0,-1.0,1.0,0.0,1.0,26.073940987680544,5519.607706369478,5556.982706369479,2.1675763950726714,0.29,48.0,REV_SHORT,TIME,1719.585,2022-08-31 14:35:00,2022-08-31 14:40:00,2022-08-31 18:39:00
263638.0,1313419.0,1313658.0,263686.0,1.0,3.0,1690.0,1687.7081723532763,1700.0,2.4126640284702847,0.03,1691.31,1695.4950000000001,3.0,-1.0,-1.0,-1.0,1.0,0.0,10.805482940171032,5556.982706369479,5569.53770636948,2.4136552934474436,0.29,48.0,REV_LONG,TIME,1691.165,2022-09-01 14:50:00,2022-09-01 14:55:00,2022-09-01 18:54:00
263948.0,1314964.0,1315075.0,263971.0,1.0,3.0,1710.0,1708.9806281368924,1720.0,5.40895207113061,0.08,1710.7,1708.9806281368924,1.0,1.0,1.0,-1.0,1.0,0.0,13.754974904861228,5569.53770636948,5555.782731464618,1.1287437262155466,0.29,23.0,REV_LONG,STOP,1710.555,2022-09-02 17:40:00,2022-09-02 17:45:00,2022-09-02 19:36:00
264092.0,1315679.0,1315704.0,264098.0,1.0,3.0,1710.0,1709.1619935139252,1720.0,5.740026598108126,0.08,1710.77,1709.1619935139252,1.0,1.0,-1.0,-1.0,0.0,0.0,12.864051888598624,5555.782731464618,5542.91867957602,0.8620129721496337,0.29,6.0,REV_LONG,STOP,1710.625,2022-09-05 06:40:00,2022-09-05 06:45:00,2022-09-05 07:10:00
264719.0,1318804.0,1318806.0,264720.0,1.0,3.0,1700.0,1698.3616218619936,1710.0,4.417285687335456,0.06,1700.51,1698.3616218619936,1.0,-1.0,1.0,-1.0,0.0,0.0,12.890268828038188,5542.91867957602,5530.028410747982,1.3267562760128713,0.29,1.0,REV_LONG,STOP,1700.365,2022-09-07 12:55:00,2022-09-07 13:00:00,2022-09-07 13:02:00
264741.0,1318914.0,1319153.0,264789.0,1.0,1.0,1710.0,1708.0194709259044,1720.0,1.9145953861746947,0.03,1712.1299999999999,1714.105,3.0,1.0,1.0,-1.0,0.0,0.0,12.331587222286316,5530.028410747982,5535.953410747982,1.9805290740955641,0.29,48.0,BREAK_LONG,TIME,1711.985,2022-09-07 14:45:00,2022-09-07 14:50:00,2022-09-07 18:49:00
265011.0,1320259.0,1320498.0,265059.0,-1.0,2.0,1710.0,1712.54226937996,1700.0,1.5742150940067623,0.05,1707.67,1709.635,3.0,1.0,1.0,1.0,0.0,0.0,24.361346899800086,5535.953410747982,5526.128410747982,2.542269379960199,0.29,48.0,BREAK_SHORT,TIME,1707.815,2022-09-08 14:15:00,2022-09-08 14:20:00,2022-09-08 18:19:00
265109.0,1320744.0,1320751.0,265111.0,-1.0,4.0,1710.0,1710.728996431595,1700.0,8.02357328120933,0.11,1709.54,1710.728996431595,1.0,1.0,-1.0,-1.0,0.0,1.0,13.078960747546262,5526.128410747982,5513.049450000436,0.43199286319052427,0.29,2.0,REV_SHORT,STOP,1709.685,2022-09-08 23:25:00,2022-09-08 23:30:00,2022-09-08 23:37:00
265478.0,1322584.0,1322823.0,265526.0,1.0,1.0,1720.0,1718.679700496584,1730.0,1.4187126262227243,0.05,1723.36,1726.815,3.0,1.0,1.0,1.0,0.0,1.0,23.401497517079406,5513.049450000436,5530.324450000437,1.3202995034159093,0.29,48.0,BREAK_LONG,TIME,1723.215,2022-09-12 07:10:00,2022-09-12 07:15:00,2022-09-12 11:14:00
265573.0,1323059.0,1323079.0,265578.0,-1.0,4.0,1730.0,1731.8447378888593,1720.0,2.4687107105653188,0.04,1728.43,1731.8447378888593,1.0,-1.0,-1.0,-1.0,1.0,1.0,13.658951555436943,5530.324450000437,5516.665498445,1.8394757777186228,0.29,5.0,REV_SHORT,STOP,1728.575,2022-09-12 15:05:00,2022-09-12 15:10:00,2022-09-12 15:30:00
265995.0,1325159.0,1325349.0,266034.0,1.0,3.0,1700.0,1698.840882552818,1710.0,5.80800357922255,0.08,1700.48,1698.840882552818,1.0,-1.0,-1.0,-1.0,0.0,1.0,13.112939577456928,5516.665498445,5503.552558867543,0.8582348943642,0.29,39.0,REV_LONG,STOP,1700.335,2022-09-14 04:15:00,2022-09-14 04:20:00,2022-09-14 07:30:00
266375.0,1327054.0,1327161.0,266397.0,-1.0,4.0,1690.0,1693.5511876776334,1680.0,1.2338886295256184,0.04,1687.4850000000001,1680.0,2.0,1.0,1.0,1.0,0.0,1.0,24.264750710533008,5503.552558867543,5533.492558867543,2.3483753552667155,0.29,22.0,REV_SHORT,TARGET,1687.63,2022-09-15 12:55:00,2022-09-15 13:00:00,2022-09-15 14:47:00
266403.0,1327194.0,1327433.0,266451.0,-1.0,2.0,1670.0,1673.2129528778937,1660.0,1.304737743239249,0.04,1667.48,1663.02,3.0,1.0,1.0,1.0,0.0,0.0,22.93181151157478,5533.492558867543,5551.332558867543,3.2129528778937644,0.29,48.0,BREAK_SHORT,TIME,1667.625,2022-09-15 15:15:00,2022-09-15 15:20:00,2022-09-15 19:19:00
267149.0,1330909.0,1331148.0,267197.0,-1.0,2.0,1670.0,1671.302419446585,1660.0,3.2692212830740957,0.05,1668.655,1666.35,3.0,1.0,1.0,-1.0,0.0,0.0,13.237097232924953,5551.332558867543,5562.857558867544,1.302419446584898,0.29,48.0,BREAK_SHORT,TIME,1668.8,2022-09-20 08:25:00,2022-09-20 08:30:00,2022-09-20 12:29:00
267402.0,1332169.0,1332408.0,267450.0,1.0,1.0,1670.0,1668.4392246982663,1680.0,1.1748051122408258,0.02,1673.7549999999999,1674.3700000000001,3.0,1.0,1.0,-1.0,0.0,0.0,10.631550603467076,5562.857558867544,5564.087558867544,1.560775301733658,0.29,48.0,BREAK_LONG,TIME,1673.61,2022-09-21 06:30:00,2022-09-21 06:35:00,2022-09-21 10:34:00
267616.0,1333234.0,1333318.0,267633.0,-1.0,2.0,1660.0,1661.4071063473277,1650.0,1.9158477133731198,0.07,1657.4950000000001,1661.4071063473277,1.0,1.0,1.0,1.0,0.0,0.0,27.384744431293264,5564.087558867544,5536.702814436251,1.4071063473278127,0.29,17.0,BREAK_SHORT,STOP,1657.64,2022-09-22 01:20:00,2022-09-22 01:25:00,2022-09-22 02:49:00
267679.0,1333549.0,1333603.0,267690.0,-1.0,2.0,1660.0,1661.1772364427366,1650.0,5.508851177724153,0.16,1659.46,1661.1772364427366,1.0,1.0,1.0,1.0,0.0,1.0,27.47578308378434,5536.702814436251,5509.227031352467,1.1772364427364468,0.29,11.0,BREAK_SHORT,STOP,1659.605,2022-09-22 06:35:00,2022-09-22 06:40:00,2022-09-22 07:34:00
267745.0,1333879.0,1333905.0,267751.0,1.0,1.0,1670.0,1667.6398487509064,1680.0,1.5431618514750185,0.05,1672.5,1680.0,2.0,1.0,1.0,1.0,0.0,0.0,24.300756245468165,5509.227031352467,5546.727031352467,2.3601512490937013,0.29,6.0,BREAK_LONG,TARGET,1672.355,2022-09-22 12:05:00,2022-09-22 12:10:00,2022-09-22 12:36:00
267755.0,1333929.0,1333948.0,267759.0,1.0,1.0,1680.0,1677.0721653374724,1690.0,1.5763771690348336,0.05,1682.09,1677.0721653374724,1.0,1.0,1.0,1.0,0.0,0.0,25.08917331263774,5546.727031352467,5521.637858039829,2.9278346625276397,0.29,4.0,BREAK_LONG,STOP,1681.945,2022-09-22 12:55:00,2022-09-22 13:00:00,2022-09-22 13:19:00
267785.0,1334079.0,1334318.0,267833.0,1.0,3.0,1670.0,1666.7788200260663,1680.0,2.4108787679733195,0.03,1670.655,1673.515,3.0,1.0,1.0,-1.0,0.0,1.0,11.628539921800893,5521.637858039829,5530.217858039829,2.4123599478672757,0.29,48.0,REV_LONG,TIME,1670.51,2022-09-22 15:25:00,2022-09-22 15:30:00,2022-09-22 19:29:00
268353.0,1336909.0,1336913.0,268354.0,-1.0,2.0,1630.0,1631.883942388467,1620.0,3.79395666626045,0.11,1629.405,1631.883942388467,1.0,1.0,1.0,1.0,0.0,1.0,27.268366273136735,5530.217858039829,5502.949491766692,1.8839423884668525,0.29,1.0,BREAK_SHORT,STOP,1629.55,2022-09-26 16:45:00,2022-09-26 16:50:00,2022-09-26 16:54:00
268570.0,1337989.0,1338228.0,268618.0,-1.0,4.0,1640.0,1643.2772285844646,1630.0,1.3742285180096119,0.04,1637.685,1634.98,3.0,1.0,-1.0,1.0,1.0,1.0,22.36891433785877,5502.949491766692,5513.769491766691,1.534457168929194,0.29,48.0,REV_SHORT,TIME,1637.83,2022-09-27 11:50:00,2022-09-27 11:55:00,2022-09-27 15:54:00
268793.0,1339099.0,1339123.0,268798.0,-1.0,2.0,1620.0,1621.7513472371368,1610.0,2.647960425272736,0.08,1618.53,1621.7513472371368,1.0,1.0,1.0,1.0,0.0,0.0,25.770777897094376,5513.769491766691,5487.998713869597,1.751347237136741,0.29,5.0,BREAK_SHORT,STOP,1618.675,2022-09-28 07:25:00,2022-09-28 07:30:00,2022-09-28 07:54:00
268835.0,1339309.0,1339389.0,268852.0,-1.0,4.0,1630.0,1632.777025389528,1620.0,2.1610453072934024,0.06,1628.7350000000001,1632.777025389528,1.0,1.0,-1.0,1.0,0.0,0.0,24.252152337167445,5487.998713869597,5463.746561532429,2.7910507790561514,0.29,17.0,REV_SHORT,STOP,1628.88,2022-09-28 10:55:00,2022-09-28 11:00:00,2022-09-28 12:20:00
268939.0,1339829.0,1339906.0,268955.0,1.0,3.0,1660.0,1658.167158778045,1670.0,4.587218295350395,0.12,1660.285,1659.8,4.0,1.0,1.0,1.0,1.0,1.0,25.414094663461583,5463.746561532429,5457.9265615324275,1.3166824439099647,0.29,16.0,REV_LONG,SESSION,1660.14,2022-09-28 19:35:00,2022-09-28 19:40:00,2022-09-28 20:57:00
269117.0,1340714.0,1340763.0,269127.0,-1.0,4.0,1650.0,1652.4500672377162,1640.0,3.170782848844966,0.04,1649.465,1652.4500672377162,1.0,-1.0,1.0,-1.0,0.0,0.0,11.940268950865175,5457.9265615324275,5445.986292581562,1.5111344754321987,0.29,10.0,REV_SHORT,STOP,1649.61,2022-09-29 11:25:00,2022-09-29 11:30:00,2022-09-29 12:19:00
269708.0,1343659.0,1343684.0,269714.0,-1.0,4.0,1690.0,1693.0198920009518,1680.0,1.0666849525332711,0.02,1686.72,1693.0198920009518,1.0,-1.0,-1.0,-1.0,1.0,0.0,12.599784001903572,5445.986292581562,5433.386508579659,3.399784001903535,0.29,6.0,REV_SHORT,STOP,1686.865,2022-10-03 14:40:00,2022-10-03 14:45:00,2022-10-03 15:10:00
269796.0,1344094.0,1344169.0,269812.0,1.0,1.0,1700.0,1698.9702883611199,1710.0,3.8382047320239803,0.11,1701.25,1698.9702883611199,1.0,1.0,1.0,1.0,0.0,0.0,25.076828027681586,5433.386508579659,5408.309680551977,1.0297116388802368,0.29,16.0,BREAK_LONG,STOP,1701.105,2022-10-03 23:00:00,2022-10-03 23:05:00,2022-10-04 00:20:00
269853.0,1344379.0,1344428.0,269863.0,-1.0,4.0,1700.0,1700.9830872368902,1690.0,4.161013630691073,0.06,1698.855,1700.9830872368902,1.0,-1.0,-1.0,-1.0,0.0,0.0,12.76852342134134,5408.309680551977,5395.541157130636,1.0861744737803782,0.29,10.0,REV_SHORT,STOP,1699.0,2022-10-04 03:45:00,2022-10-04 03:50:00,2022-10-04 04:39:00
269896.0,1344594.0,1344772.0,269932.0,-1.0,4.0,1710.0,1711.4032113077171,1700.0,3.104515475853827,0.04,1708.625,1711.4032113077171,1.0,-1.0,-1.0,-1.0,1.0,1.0,11.112845230868516,5395.541157130636,5384.428311899767,1.5864226154346526,0.29,36.0,REV_SHORT,STOP,1708.77,2022-10-04 07:20:00,2022-10-04 07:25:00,2022-10-04 10:23:00
269986.0,1345044.0,1345058.0,269989.0,-1.0,4.0,1720.0,1724.105583588639,1710.0,2.1134142683098025,0.02,1719.575,1724.105583588639,1.0,-1.0,-1.0,-1.0,1.0,1.0,9.061167177278094,5384.428311899767,5375.36714472249,2.6791671772779235,0.29,3.0,REV_SHORT,STOP,1719.72,2022-10-04 14:50:00,2022-10-04 14:55:00,2022-10-04 15:09:00
270365.0,1346929.0,1347168.0,270413.0,1.0,1.0,1720.0,1719.0293583661378,1730.0,2.1519020881471396,0.07,1722.51,1722.325,3.0,1.0,1.0,1.0,0.0,0.0,24.364491437035444,5375.36714472249,5374.07214472249,0.9706416338621228,0.29,48.0,BREAK_LONG,TIME,1722.365,2022-10-06 00:25:00,2022-10-06 00:30:00,2022-10-06 04:29:00
270554.0,1347874.0,1347892.0,270558.0,-1.0,2.0,1710.0,1711.972680662578,1700.0,1.6828450359389473,0.06,1707.51,1711.972680662578,1.0,1.0,1.0,1.0,0.0,0.0,26.776083975467373,5374.07214472249,5347.296060747022,1.972680662577883,0.29,4.0,BREAK_SHORT,STOP,1707.655,2022-10-06 16:10:00,2022-10-06 16:15:00,2022-10-06 16:33:00
270761.0,1348904.0,1349029.0,270787.0,-1.0,2.0,1710.0,1711.3359651275714,1700.0,1.413979835798779,0.05,1706.64,1711.3359651275714,1.0,1.0,1.0,1.0,0.0,0.0,23.479825637856493,5347.296060747022,5323.816235109166,1.3359651275714206,0.29,26.0,BREAK_SHORT,STOP,1706.785,2022-10-07 10:25:00,2022-10-07 10:30:00,2022-10-07 12:35:00
270792.0,1349059.0,1349066.0,270794.0,-1.0,2.0,1700.0,1703.603495740407,1690.0,1.826115670200359,0.05,1698.79,1703.603495740407,1.0,1.0,1.0,1.0,0.0,1.0,24.067478702035032,5323.816235109166,5299.748756407131,3.6034957404070376,0.29,2.0,BREAK_SHORT,STOP,1698.935,2022-10-07 13:00:00,2022-10-07 13:05:00,2022-10-07 13:12:00
271028.0,1350234.0,1350350.0,271052.0,1.0,3.0,1680.0,1677.2907628897442,1690.0,2.5757988890451236,0.03,1680.845,1677.2907628897442,1.0,-1.0,-1.0,-1.0,1.0,1.0,10.662711330767479,5299.748756407131,5289.086045076363,1.5814742205118122,0.29,24.0,REV_LONG,STOP,1680.7,2022-10-10 09:40:00,2022-10-10 09:45:00,2022-10-10 11:41:00
271211.0,1351144.0,1351383.0,271259.0,-1.0,2.0,1670.0,1671.2012464649401,1660.0,2.6650337573999923,0.08,1668.145,1666.77,3.0,1.0,1.0,1.0,0.0,0.0,24.449971719521272,5289.086045076363,5300.086045076363,1.2012464649401196,0.29,48.0,BREAK_SHORT,TIME,1668.29,2022-10-11 01:55:00,2022-10-11 02:00:00,2022-10-11 05:59:00
271535.0,1352759.0,1352774.0,271539.0,-1.0,4.0,1670.0,1671.1333196757396,1660.0,6.053906662174088,0.16,1669.555,1671.1333196757396,1.0,1.0,-1.0,1.0,0.0,0.0,25.25311481183235,5300.086045076363,5274.832930264531,1.1566393514791327,0.29,4.0,REV_SHORT,STOP,1669.7,2022-10-12 05:55:00,2022-10-12 06:00:00,2022-10-12 06:15:00
271638.0,1353274.0,1353513.0,271686.0,1.0,3.0,1670.0,1666.791842729604,1680.0,1.4490584287052104,0.02,1672.185,1675.32,3.0,-1.0,1.0,-1.0,0.0,1.0,10.786314540791864,5274.832930264531,5281.102930264531,2.2663145407919325,0.29,48.0,REV_LONG,TIME,1672.04,2022-10-12 14:30:00,2022-10-12 14:35:00,2022-10-12 18:34:00
271951.0,1354834.0,1354880.0,271961.0,1.0,1.0,1670.0,1667.532961583745,1680.0,2.1466222955100243,0.06,1671.495,1667.532961583745,1.0,1.0,1.0,1.0,0.0,0.0,23.772230497529563,5281.102930264531,5257.3306997670015,2.4670384162551326,0.29,10.0,BREAK_LONG,STOP,1671.35,2022-10-13 17:35:00,2022-10-13 17:40:00,2022-10-13 18:26:00
272034.0,1355244.0,1355306.0,272047.0,1.0,3.0,1660.0,1658.514678475581,1670.0,5.543144013584711,0.14,1660.27,1670.0,2.0,-1.0,-1.0,1.0,0.0,1.0,24.574501341866835,5257.3306997670015,5393.550699767002,0.9936430488383269,0.29,13.0,REV_LONG,TARGET,1660.125,2022-10-14 01:30:00,2022-10-14 01:35:00,2022-10-14 02:37:00
272127.0,1355709.0,1355925.0,272171.0,-1.0,2.0,1660.0,1661.4258836590357,1650.0,2.369588817531209,0.03,1658.035,1661.4258836590357,1.0,1.0,1.0,-1.0,0.0,0.0,10.172650977106741,5393.550699767002,5383.378048789895,1.4258836590356312,0.29,44.0,BREAK_SHORT,STOP,1658.18,2022-10-14 09:15:00,2022-10-14 09:20:00,2022-10-14 12:56:00
272596.0,1358044.0,1358077.0,272603.0,1.0,3.0,1650.0,1648.854141790584,1660.0,7.374940418564295,0.2,1650.185,1648.854141790584,1.0,-1.0,-1.0,1.0,0.0,1.0,26.617164188319293,5383.378048789895,5356.7608846015755,0.9117164188320569,0.29,7.0,REV_LONG,STOP,1650.04,2022-10-18 02:20:00,2022-10-18 02:25:00,2022-10-18 02:58:00
272744.0,1358784.0,1358820.0,272752.0,1.0,3.0,1650.0,1648.1749083840793,1660.0,2.7479392218759076,0.08,1651.33,1648.1749083840793,1.0,-1.0,-1.0,1.0,0.0,1.0,25.24073292736466,5356.7608846015755,5331.520151674211,1.6601832318416014,0.29,8.0,REV_LONG,STOP,1651.185,2022-10-18 14:40:00,2022-10-18 14:45:00,2022-10-18 15:21:00
272931.0,1359714.0,1359734.0,272936.0,-1.0,2.0,1640.0,1641.3441768089351,1630.0,3.0818478235941944,0.09,1638.565,1641.3441768089351,1.0,1.0,1.0,1.0,0.0,0.0,25.012591280415563,5331.520151674211,5306.507560393795,1.3441768089351627,0.29,5.0,BREAK_SHORT,STOP,1638.71,2022-10-19 07:15:00,2022-10-19 07:20:00,2022-10-19 07:40:00
273174.0,1360924.0,1360941.0,273178.0,-1.0,4.0,1630.0,1631.513372834853,1620.0,3.035004712395487,0.09,1628.66,1631.513372834853,1.0,1.0,-1.0,1.0,0.0,0.0,25.680355513676655,5306.507560393795,5280.827204880118,1.1857456697063067,0.29,4.0,REV_SHORT,STOP,1628.805,2022-10-20 04:30:00,2022-10-20 04:35:00,2022-10-20 04:52:00
273294.0,1361524.0,1361632.0,273316.0,1.0,1.0,1640.0,1638.036739149235,1650.0,2.243604868208798,0.03,1641.725,1638.036739149235,1.0,1.0,1.0,-1.0,0.0,0.0,11.064782552294673,5280.827204880118,5269.7624223278235,1.9632608507650267,0.29,22.0,BREAK_LONG,STOP,1641.58,2022-10-20 14:30:00,2022-10-20 14:35:00,2022-10-20 16:23:00
273483.0,1362464.0,1362703.0,273531.0,1.0,3.0,1620.0,1616.5733473744685,1630.0,2.4324757106230814,0.03,1620.485,1626.715,3.0,-1.0,-1.0,-1.0,1.0,1.0,11.73495787659408,5269.7624223278235,5288.452422327824,1.4043052510628624,0.29,48.0,REV_LONG,TIME,1620.34,2022-10-21 07:15:00,2022-10-21 07:20:00,2022-10-21 11:19:00
273816.0,1364124.0,1364159.0,273824.0,-1.0,4.0,1650.0,1651.5372342892504,1640.0,3.592419719218681,0.05,1649.025,1651.5372342892504,1.0,-1.0,1.0,-1.0,0.0,0.0,12.561171446251365,5288.452422327824,5275.891250881573,1.6944685785005462,0.29,8.0,REV_SHORT,STOP,1649.17,2022-10-24 12:00:00,2022-10-24 12:05:00,2022-10-24 12:40:00
274100.0,1365539.0,1365578.0,274108.0,1.0,3.0,1640.0,1638.3411219021277,1650.0,2.661848142258738,0.08,1641.525,1650.0,2.0,-1.0,-1.0,1.0,1.0,0.0,25.47102478297893,5275.891250881573,5343.691250881572,1.4777561957446133,0.29,8.0,REV_LONG,TARGET,1641.38,2022-10-25 12:40:00,2022-10-25 12:45:00,2022-10-25 13:24:00
274301.0,1366539.0,1366614.0,274317.0,1.0,1.0,1660.0,1658.8611119495915,1670.0,1.9282901869870772,0.07,1662.665,1670.0,2.0,1.0,1.0,1.0,0.0,0.0,26.627216352859023,5343.691250881572,5395.036250881572,1.138888050408481,0.29,16.0,BREAK_LONG,TARGET,1662.52,2022-10-26 06:25:00,2022-10-26 06:30:00,2022-10-26 07:45:00
274700.0,1368529.0,1368564.0,274708.0,-1.0,2.0,1660.0,1661.60311595532,1650.0,1.385942688170298,0.02,1656.74,1661.60311595532,1.0,1.0,1.0,-1.0,0.0,0.0,9.726231910639854,5395.036250881572,5385.310018970933,1.603115955319876,0.29,8.0,BREAK_SHORT,STOP,1656.885,2022-10-27 16:40:00,2022-10-27 16:45:00,2022-10-27 17:20:00
275152.0,1370779.0,1370936.0,275184.0,-1.0,2.0,1640.0,1641.1520480096603,1630.0,3.2613081489124007,0.1,1638.535,1641.1520480096603,1.0,1.0,1.0,1.0,0.0,1.0,26.17048009660266,5385.310018970933,5359.13953887433,1.1520480096602792,0.29,32.0,BREAK_SHORT,STOP,1638.68,2022-10-31 08:20:00,2022-10-31 08:25:00,2022-10-31 11:02:00
275223.0,1371134.0,1371160.0,275229.0,-1.0,4.0,1640.0,1641.698204378237,1630.0,3.7109309570973417,0.1,1639.215,1641.698204378237,1.0,1.0,1.0,1.0,0.0,0.0,24.83204378237133,5359.13953887433,5334.307495091959,1.6064087564741938,0.29,6.0,REV_SHORT,STOP,1639.36,2022-10-31 14:15:00,2022-10-31 14:20:00,2022-10-31 14:46:00
275547.0,1372749.0,1372753.0,275548.0,1.0,1.0,1650.0,1648.8118427592028,1660.0,6.022632138431566,0.08,1650.405,1648.8118427592028,1.0,1.0,1.0,-1.0,0.0,0.0,12.745257926377235,5334.307495091959,5321.562237165582,1.1881572407971936,0.29,1.0,BREAK_LONG,STOP,1650.26,2022-11-01 18:15:00,2022-11-01 18:20:00,2022-11-01 18:24:00
275639.0,1373204.0,1373443.0,275687.0,1.0,1.0,1650.0,1649.06190076439,1660.0,2.5535239114676154,0.04,1652.1399999999999,1651.1200000000001,3.0,1.0,1.0,-1.0,0.0,0.0,12.312396942439591,5321.562237165582,5317.482237165583,0.9380992356099751,0.29,48.0,BREAK_LONG,TIME,1651.995,2022-11-02 02:55:00,2022-11-02 03:00:00,2022-11-02 06:59:00
275818.0,1374099.0,1374104.0,275820.0,-1.0,4.0,1650.0,1651.0248379108737,1640.0,6.136566129865848,0.17,1649.48,1651.0248379108737,1.0,-1.0,1.0,1.0,0.0,0.0,26.262244484851866,5317.482237165583,5291.219992680731,0.886675821747391,0.29,2.0,REV_SHORT,STOP,1649.625,2022-11-02 17:50:00,2022-11-02 17:55:00,2022-11-02 18:00:00
276599.0,1377989.0,1378228.0,276647.0,-1.0,4.0,1680.0,1681.9480692175925,1670.0,4.362521560484828,0.05,1679.72,1676.965,3.0,-1.0,-1.0,-1.0,1.0,0.0,11.1403460879626,5291.219992680731,5304.994992680731,1.7561384351850602,0.29,48.0,REV_SHORT,TIME,1679.865,2022-11-07 14:55:00,2022-11-07 15:00:00,2022-11-07 18:59:00
277057.0,1380269.0,1380429.0,277090.0,1.0,1.0,1710.0,1709.088282726443,1720.0,4.451178054814463,0.13,1711.09,1709.088282726443,1.0,1.0,1.0,1.0,0.0,1.0,26.022324556241074,5304.994992680731,5278.97266812449,0.9117172735571879,0.29,33.0,BREAK_LONG,STOP,1710.945,2022-11-09 07:05:00,2022-11-09 07:10:00,2022-11-09 09:50:00
277311.0,1381534.0,1381600.0,277325.0,1.0,1.0,1710.0,1709.2555176174892,1720.0,5.7597366921036075,0.08,1710.845,1709.2555176174892,1.0,1.0,1.0,-1.0,0.0,0.0,12.715859060086586,5278.97266812449,5266.256809064404,0.7444823825107383,0.29,14.0,BREAK_LONG,STOP,1710.7,2022-11-10 05:15:00,2022-11-10 05:20:00,2022-11-10 06:26:00
277467.0,1382314.0,1382336.0,277472.0,-1.0,4.0,1750.0,1751.8529251970888,1740.0,4.226329868508834,0.05,1749.585,1751.8529251970888,1.0,-1.0,-1.0,-1.0,1.0,1.0,11.33962598544372,5266.256809064404,5254.91718307896,1.8288503941775482,0.29,5.0,REV_SHORT,STOP,1749.73,2022-11-10 18:15:00,2022-11-10 18:20:00,2022-11-10 18:42:00
277855.0,1384244.0,1384300.0,277867.0,1.0,3.0,1760.0,1758.8355481946528,1770.0,7.152497051560796,0.19,1760.205,1758.8355481946528,1.0,1.0,-1.0,1.0,0.0,1.0,26.019584301595387,5254.91718307896,5228.897598777365,1.1359036106943696,0.29,12.0,REV_LONG,STOP,1760.06,2022-11-14 04:35:00,2022-11-14 04:40:00,2022-11-14 05:36:00
278253.0,1386229.0,1386456.0,278299.0,1.0,3.0,1770.0,1766.7875784365597,1780.0,2.8889555849116295,0.07,1770.185,1780.0,2.0,1.0,-1.0,1.0,0.0,0.0,23.78195094408193,5228.897598777365,5297.6025987773655,2.9628431268808257,0.29,46.0,REV_LONG,TARGET,1770.04,2022-11-15 14:45:00,2022-11-15 14:50:00,2022-11-15 18:37:00
278655.0,1388229.0,1388468.0,278703.0,-1.0,2.0,1770.0,1770.8540091770562,1760.0,3.543309955146424,0.05,1768.465,1765.415,3.0,1.0,1.0,-1.0,0.0,0.0,11.945045885281615,5297.6025987773655,5312.8525987773655,0.8540091770561956,0.29,48.0,BREAK_SHORT,TIME,1768.61,2022-11-17 02:15:00,2022-11-17 02:20:00,2022-11-17 06:19:00
279059.0,1390244.0,1390244.0,279060.0,1.0,3.0,1760.0,1758.9448323909035,1770.0,7.6357188937932685,0.2,1760.225,1758.9448323909035,1.0,-1.0,-1.0,1.0,0.0,0.0,25.60335218192904,5312.8525987773655,5287.2492465954365,1.0403352181927759,0.29,1.0,REV_LONG,STOP,1760.08,2022-11-18 12:55:00,2022-11-18 13:00:00,2022-11-18 13:00:00
279133.0,1390614.0,1390779.0,279167.0,-1.0,2.0,1750.0,1750.9677111565793,1740.0,3.815233540433174,0.11,1748.69,1750.9677111565793,1.0,1.0,1.0,1.0,0.0,0.0,25.054822722371682,5287.2492465954365,5262.194423873065,0.9677111565792345,0.29,34.0,BREAK_SHORT,STOP,1748.835,2022-11-18 19:05:00,2022-11-18 19:10:00,2022-11-18 21:55:00
279669.0,1393284.0,1393523.0,279717.0,-1.0,2.0,1740.0,1740.8822316738444,1730.0,5.210498209959358,0.07,1739.13,1740.385,3.0,1.0,1.0,-1.0,0.0,1.0,12.265621716910346,5262.194423873065,5253.409423873066,0.8822316738444473,0.29,48.0,BREAK_SHORT,TIME,1739.275,2022-11-22 17:45:00,2022-11-22 17:50:00,2022-11-22 21:49:00
279750.0,1393684.0,1393693.0,279752.0,1.0,3.0,1740.0,1739.1712797330902,1750.0,7.741860899654697,0.21,1740.41,1739.1712797330902,1.0,-1.0,-1.0,1.0,0.0,1.0,26.01312560510837,5253.409423873066,5227.396298267958,0.6274405338196486,0.29,2.0,REV_LONG,STOP,1740.265,2022-11-23 01:30:00,2022-11-23 01:35:00,2022-11-23 01:44:00
279841.0,1394139.0,1394378.0,279889.0,-1.0,2.0,1740.0,1741.1835270229842,1730.0,2.29554677102569,0.03,1737.79,1736.185,3.0,1.0,1.0,-1.0,0.0,1.0,10.180581068952733,5227.396298267958,5232.211298267957,1.183527022984252,0.29,48.0,BREAK_SHORT,TIME,1737.935,2022-11-23 09:05:00,2022-11-23 09:10:00,2022-11-23 13:09:00
280628.0,1398059.0,1398060.0,280629.0,1.0,3.0,1750.0,1749.0815892669398,1760.0,8.07288794516085,0.1,1750.285,1749.0815892669398,1.0,-1.0,-1.0,-1.0,0.0,1.0,12.034107330603092,5232.211298267957,5220.177190937355,0.7868214661204763,0.29,1.0,REV_LONG,STOP,1750.14,2022-11-28 05:40:00,2022-11-28 05:45:00,2022-11-28 05:46:00
281010.0,1399964.0,1400203.0,281058.0,1.0,3.0,1750.0,1746.1574557385454,1760.0,2.3782537486345507,0.03,1750.2549999999999,1749.88,3.0,-1.0,-1.0,-1.0,0.0,1.0,12.292632784363375,5220.177190937355,5219.052190937356,1.6850885229089474,0.29,48.0,REV_LONG,TIME,1750.11,2022-11-29 14:30:00,2022-11-29 14:35:00,2022-11-29 18:34:00
281223.0,1401024.0,1401100.0,281239.0,1.0,1.0,1760.0,1758.8777946269158,1770.0,3.9826084585207155,0.11,1761.11,1758.8777946269158,1.0,1.0,1.0,1.0,0.0,0.0,24.554259103924778,5219.052190937356,5194.497931833431,1.1222053730842454,0.29,16.0,BREAK_LONG,STOP,1760.965,2022-11-30 09:15:00,2022-11-30 09:20:00,2022-11-30 10:36:00
281609.0,1402949.0,1403156.0,281651.0,1.0,3.0,1800.0,1798.7340921396594,1810.0,3.854095267136969,0.11,1801.055,1802.92,4.0,1.0,1.0,1.0,1.0,0.0,25.529986463747033,5194.497931833431,5215.012931833431,1.4218157206811148,0.29,42.0,REV_LONG,SESSION,1800.91,2022-12-01 18:25:00,2022-12-01 18:30:00,2022-12-01 21:57:00
281751.0,1403654.0,1403658.0,281752.0,-1.0,4.0,1800.0,1801.2928321427944,1790.0,5.369938738246271,0.07,1799.52,1801.2928321427944,1.0,-1.0,-1.0,-1.0,0.0,0.0,12.409824999560898,5215.012931833431,5202.60310683387,0.9526642855891634,0.29,1.0,REV_SHORT,STOP,1799.665,2022-12-02 07:15:00,2022-12-02 07:20:00,2022-12-02 07:24:00
282286.0,1406319.0,1406374.0,282298.0,1.0,3.0,1770.0,1768.2857033566443,1780.0,3.9442085169902223,0.05,1770.655,1768.2857033566443,1.0,-1.0,-1.0,-1.0,0.0,1.0,11.846483216778553,5202.60310683387,5190.7566236170915,1.0885932867113883,0.29,12.0,REV_LONG,STOP,1770.51,2022-12-06 05:50:00,2022-12-06 05:55:00,2022-12-06 06:50:00
282319.0,1406484.0,1406696.0,282362.0,1.0,3.0,1770.0,1768.7975102154014,1780.0,3.772114391336612,0.05,1771.145,1780.0,2.0,-1.0,-1.0,-1.0,0.0,0.0,11.737448922992828,5190.7566236170915,5235.031623617091,1.1249795691969764,0.29,43.0,REV_LONG,TARGET,1771.0,2022-12-06 08:35:00,2022-12-06 08:40:00,2022-12-06 12:12:00
282682.0,1408294.0,1408314.0,282687.0,1.0,3.0,1780.0,1776.4253520518623,1790.0,2.220826060723824,0.06,1780.6399999999999,1776.4253520518623,1.0,1.0,1.0,1.0,1.0,1.0,25.28788768882532,5235.031623617091,5209.743735928266,2.4192958962751225,0.29,5.0,REV_LONG,STOP,1780.495,2022-12-07 15:50:00,2022-12-07 15:55:00,2022-12-07 16:15:00
282932.0,1409539.0,1409611.0,282947.0,-1.0,4.0,1790.0,1792.8112988014582,1780.0,1.3740899592135636,0.02,1787.415,1792.8112988014582,1.0,-1.0,-1.0,-1.0,0.0,0.0,10.79259760291643,5209.743735928266,5198.951138325349,1.5555976029164524,0.29,15.0,REV_SHORT,STOP,1787.56,2022-12-08 13:40:00,2022-12-08 13:45:00,2022-12-08 14:57:00
283161.0,1410679.0,1410792.0,283184.0,1.0,3.0,1790.0,1788.6961057082601,1800.0,4.875527746130845,0.13,1790.62,1800.0,2.0,1.0,-1.0,1.0,0.0,1.0,25.01062579261702,5198.951138325349,5320.891138325351,1.0077885834798077,0.29,23.0,REV_LONG,TARGET,1790.475,2022-12-09 09:45:00,2022-12-09 09:50:00,2022-12-09 11:43:00
283830.0,1414014.0,1414156.0,283859.0,1.0,3.0,1810.0,1808.5766055094928,1820.0,3.694427695579279,0.1,1811.01,1810.665,4.0,1.0,1.0,1.0,1.0,0.0,24.333944905072258,5320.891138325351,5317.44113832535,1.5267889810142496,0.29,29.0,REV_LONG,SESSION,1810.865,2022-12-13 19:30:00,2022-12-13 19:35:00,2022-12-13 21:57:00
283886.0,1414289.0,1414490.0,283927.0,1.0,1.0,1810.0,1809.1976361094755,1820.0,3.191245144016437,0.1,1811.775,1809.1976361094755,1.0,1.0,1.0,1.0,0.0,0.0,25.77363890524566,5317.44113832535,5291.667499420104,0.8023638905245882,0.29,41.0,BREAK_LONG,STOP,1811.63,2022-12-14 01:10:00,2022-12-14 01:15:00,2022-12-14 04:36:00
284244.0,1416074.0,1416090.0,284248.0,-1.0,2.0,1790.0,1791.400273757444,1780.0,2.7683445107711067,0.04,1788.375,1780.0,2.0,1.0,1.0,-1.0,0.0,0.0,12.101095029775934,5291.667499420104,5325.167499420104,1.400273757444084,0.29,4.0,BREAK_SHORT,TARGET,1788.52,2022-12-15 08:00:00,2022-12-15 08:05:00,2022-12-15 08:21:00
284252.0,1416114.0,1416353.0,284300.0,-1.0,2.0,1780.0,1782.267295553312,1770.0,1.2623804683275053,0.02,1776.845,1779.48,3.0,1.0,1.0,-1.0,0.0,0.0,10.844591106623739,5325.167499420104,5319.8974994201035,2.267295553311916,0.29,48.0,BREAK_SHORT,TIME,1776.99,2022-12-15 08:40:00,2022-12-15 08:45:00,2022-12-15 12:44:00
284518.0,1417439.0,1417583.0,284547.0,-1.0,2.0,1780.0,1781.0677697521612,1770.0,1.7241932049616895,0.06,1777.005,1781.0677697521612,1.0,1.0,1.0,1.0,0.0,0.0,24.376618512966612,5319.8974994201035,5295.520880907137,1.0677697521611773,0.29,29.0,BREAK_SHORT,STOP,1777.15,2022-12-16 07:50:00,2022-12-16 07:55:00,2022-12-16 10:19:00
284606.0,1417879.0,1417898.0,284610.0,1.0,1.0,1790.0,1787.7849326475193,1800.0,4.132236001535572,0.05,1790.165,1787.7849326475193,1.0,1.0,1.0,-1.0,0.0,1.0,11.900336762403185,5295.520880907137,5283.620544144735,2.2150673524807623,0.29,4.0,BREAK_LONG,STOP,1790.02,2022-12-16 15:10:00,2022-12-16 15:15:00,2022-12-16 15:34:00
285045.0,1420064.0,1420098.0,285052.0,-1.0,2.0,1790.0,1791.3553504119789,1780.0,2.0522260417772977,0.03,1787.635,1791.3553504119789,1.0,1.0,1.0,-1.0,0.0,0.0,11.16105123593661,5283.620544144735,5272.459492908798,1.3553504119788273,0.29,7.0,BREAK_SHORT,STOP,1787.78,2022-12-20 05:45:00,2022-12-20 05:50:00,2022-12-20 06:24:00
285434.0,1422004.0,1422025.0,285439.0,-1.0,4.0,1820.0,1821.6512188034435,1810.0,2.3516931649704373,0.07,1818.175,1821.6512188034435,1.0,-1.0,-1.0,1.0,0.0,1.0,24.333531624104808,5272.459492908798,5248.125961284693,1.5724376068867563,0.29,5.0,REV_SHORT,STOP,1818.32,2022-12-21 15:10:00,2022-12-21 15:15:00,2022-12-21 15:36:00
285704.0,1423349.0,1423373.0,285709.0,1.0,3.0,1800.0,1797.8741557841342,1810.0,3.9780869141322057,0.05,1800.31,1797.8741557841342,1.0,-1.0,-1.0,-1.0,1.0,0.0,12.179221079328501,5248.125961284693,5235.946740205365,2.1516884317317566,0.29,5.0,REV_LONG,STOP,1800.165,2022-12-22 14:40:00,2022-12-22 14:45:00,2022-12-22 15:09:00
285750.0,1423579.0,1423686.0,285772.0,-1.0,2.0,1790.0,1791.4968500750635,1780.0,1.4118337883555696,0.05,1786.73,1791.4968500750635,1.0,1.0,1.0,1.0,0.0,0.0,23.83425037531765,5235.946740205365,5212.112489830048,1.4968500750635423,0.29,22.0,BREAK_SHORT,STOP,1786.875,2022-12-22 18:30:00,2022-12-22 18:35:00,2022-12-22 20:22:00
286726.0,1428442.0,1428480.0,286734.0,-1.0,4.0,1810.0,1812.8137296911648,1800.0,2.565579715877767,0.03,1809.22,1812.8137296911648,1.0,-1.0,-1.0,-1.0,0.0,1.0,10.78118907349426,5212.112489830048,5201.331300756554,1.3574593823296464,0.29,8.0,REV_SHORT,STOP,1809.365,2022-12-29 13:50:00,2022-12-29 13:55:00,2022-12-29 14:33:00
286921.0,1429412.0,1429432.0,286926.0,1.0,1.0,1820.0,1819.2602114742126,1830.0,3.392931500007217,0.1,1821.705,1819.2602114742126,1.0,1.0,1.0,1.0,0.0,1.0,24.44788525787317,5201.331300756554,5176.883415498681,0.7397885257873438,0.29,5.0,BREAK_LONG,STOP,1821.56,2022-12-30 07:05:00,2022-12-30 07:10:00,2022-12-30 07:30:00
287207.0,1430840.0,1430871.0,287214.0,-1.0,4.0,1840.0,1841.9878943085027,1830.0,2.7782204961500403,0.08,1838.815,1841.9878943085027,1.0,-1.0,-1.0,1.0,0.0,0.0,25.38315446802153,5176.883415498681,5151.500261030659,1.7357886170058066,0.29,7.0,REV_SHORT,STOP,1838.96,2023-01-03 13:55:00,2023-01-03 14:00:00,2023-01-03 14:31:00
287337.0,1431485.0,1431724.0,287385.0,1.0,1.0,1840.0,1838.990678191112,1850.0,1.8161717932398345,0.03,1842.9,1846.54,3.0,1.0,1.0,-1.0,0.0,0.0,11.72796542666424,5151.500261030659,5162.420261030658,1.0093218088880436,0.29,48.0,BREAK_LONG,TIME,1842.755,2023-01-04 01:45:00,2023-01-04 01:50:00,2023-01-04 05:49:00
287405.0,1431825.0,1431871.0,287415.0,1.0,1.0,1850.0,1848.7993118162976,1860.0,1.5539180430850688,0.02,1853.185,1860.0,2.0,1.0,1.0,-1.0,0.0,0.0,8.771376367404628,5162.420261030658,5176.0502610306585,1.2006881837023715,0.29,10.0,BREAK_LONG,TARGET,1853.04,2023-01-04 07:25:00,2023-01-04 07:30:00,2023-01-04 08:16:00
287499.0,1432295.0,1432381.0,287517.0,1.0,3.0,1850.0,1847.765001319604,1860.0,1.3194316096923553,0.04,1853.04,1860.0,2.0,1.0,1.0,1.0,0.0,0.0,21.099994721584153,5176.0502610306585,5203.890261030659,2.6599973607922918,0.29,18.0,REV_LONG,TARGET,1852.895,2023-01-04 15:15:00,2023-01-04 15:20:00,2023-01-04 16:46:00
288233.0,1435950.0,1436189.0,288281.0,-1.0,4.0,1880.0,1881.5794360934751,1870.0,2.8929853355654105,0.04,1878.605,1872.48,3.0,-1.0,-1.0,-1.0,0.0,1.0,11.897744373900423,5203.890261030659,5228.390261030659,1.1188721869503588,0.29,48.0,REV_SHORT,TIME,1878.75,2023-01-09 07:25:00,2023-01-09 07:30:00,2023-01-09 11:29:00
288998.0,1439760.0,1439999.0,289046.0,1.0,1.0,1880.0,1879.1655318883904,1890.0,5.123008400391233,0.14,1880.935,1883.74,3.0,1.0,1.0,1.0,0.0,0.0,24.77255356253318,5228.390261030659,5267.66026103066,0.8344681116094889,0.29,48.0,BREAK_LONG,TIME,1880.79,2023-01-12 02:10:00,2023-01-12 02:15:00,2023-01-12 06:14:00
289428.0,1441905.0,1441945.0,289437.0,-1.0,4.0,1910.0,1914.4624867887233,1900.0,1.8539762197124452,0.02,1909.395,1914.4624867887233,1.0,-1.0,-1.0,-1.0,1.0,1.0,10.134973577446544,5267.66026103066,5257.525287453213,2.4269735774464936,0.29,9.0,REV_SHORT,STOP,1909.54,2023-01-13 15:00:00,2023-01-13 15:05:00,2023-01-13 15:45:00
289538.0,1442450.0,1442454.0,289539.0,-1.0,4.0,1920.0,1921.0068551767943,1910.0,4.249220498681376,0.06,1918.91,1921.0068551767943,1.0,-1.0,-1.0,-1.0,0.0,1.0,12.581131060765074,5257.525287453213,5244.944156392448,1.063710353588859,0.29,1.0,REV_SHORT,STOP,1919.055,2023-01-16 01:10:00,2023-01-16 01:15:00,2023-01-16 01:19:00
289870.0,1444105.0,1444157.0,289881.0,1.0,3.0,1910.0,1908.6950115773216,1920.0,5.4600361214824185,0.14,1910.445,1908.6950115773216,1.0,1.0,-1.0,1.0,0.0,1.0,24.499837917497192,5244.944156392448,5220.444318474951,0.9099768453571656,0.29,11.0,REV_LONG,STOP,1910.3,2023-01-17 05:50:00,2023-01-17 05:55:00,2023-01-17 06:47:00
289946.0,1444485.0,1444517.0,289953.0,1.0,1.0,1910.0,1908.7736596260195,1920.0,1.4939994404495198,0.05,1913.275,1908.7736596260195,1.0,1.0,1.0,1.0,0.0,0.0,22.506701869903058,5220.444318474951,5197.937616605048,1.2263403739805179,0.29,7.0,BREAK_LONG,STOP,1913.13,2023-01-17 12:10:00,2023-01-17 12:15:00,2023-01-17 12:47:00
289986.0,1444685.0,1444795.0,290009.0,1.0,3.0,1910.0,1908.0283354822861,1920.0,3.63718830838466,0.1,1910.61,1908.0283354822861,1.0,1.0,-1.0,1.0,0.0,0.0,25.816645177137616,5197.937616605048,5172.12097142791,2.0833290354276492,0.29,23.0,REV_LONG,STOP,1910.465,2023-01-17 15:30:00,2023-01-17 15:35:00,2023-01-17 17:25:00
290499.0,1447240.0,1447256.0,290503.0,-1.0,4.0,1910.0,1911.077204027404,1900.0,3.0993218554433155,0.04,1908.375,1911.077204027404,1.0,1.0,-1.0,-1.0,0.0,0.0,10.808816109615691,5172.12097142791,5161.312155318295,1.1544080548079103,0.29,4.0,REV_SHORT,STOP,1908.52,2023-01-19 12:15:00,2023-01-19 12:20:00,2023-01-19 12:36:00
290588.0,1447685.0,1447703.0,290592.0,-1.0,4.0,1930.0,1931.60581206118,1920.0,5.057907399347082,0.06,1929.69,1931.60581206118,1.0,-1.0,-1.0,-1.0,1.0,0.0,11.494872367079097,5161.312155318295,5149.817282951215,1.5416241223596152,0.29,4.0,REV_SHORT,STOP,1929.835,2023-01-19 19:40:00,2023-01-19 19:45:00,2023-01-19 20:03:00
290815.0,1448815.0,1449054.0,290863.0,-1.0,4.0,1930.0,1932.0000406558463,1920.0,2.057303530849409,0.06,1928.075,1931.045,3.0,-1.0,1.0,1.0,0.0,0.0,23.550243935077557,5149.817282951215,5131.997282951215,1.900081311692663,0.29,48.0,REV_SHORT,TIME,1928.22,2023-01-20 15:35:00,2023-01-20 15:40:00,2023-01-20 19:39:00
291273.0,1451095.0,1451106.0,291276.0,-1.0,4.0,1940.0,1942.0927924543093,1930.0,4.262787085765932,0.05,1939.795,1942.0927924543093,1.0,-1.0,-1.0,-1.0,1.0,1.0,11.488962271546372,5131.997282951215,5120.508320679669,1.135584908618524,0.29,3.0,REV_SHORT,STOP,1939.94,2023-01-24 07:45:00,2023-01-24 07:50:00,2023-01-24 08:01:00
291678.0,1453115.0,1453317.0,291719.0,1.0,1.0,1940.0,1938.5430624164042,1950.0,3.312083827008832,0.09,1941.2,1946.125,4.0,1.0,1.0,1.0,0.0,0.0,23.912438252363017,5120.508320679669,5164.833320679669,1.4569375835958305,0.29,41.0,BREAK_LONG,SESSION,1941.055,2023-01-25 18:30:00,2023-01-25 18:35:00,2023-01-25 21:57:00
292206.0,1455745.0,1455792.0,292216.0,1.0,1.0,1930.0,1927.4874851482418,1940.0,2.2062696304977174,0.03,1931.3899999999999,1927.4874851482418,1.0,1.0,1.0,-1.0,0.0,1.0,11.707544555274126,5164.833320679669,5153.125776124394,2.512514851758164,0.29,10.0,BREAK_LONG,STOP,1931.245,2023-01-27 16:30:00,2023-01-27 16:35:00,2023-01-27 17:22:00
294389.0,1466620.0,1466621.0,294390.0,1.0,1.0,1880.0,1878.093679125919,1890.0,2.7308441688769602,0.04,1881.285,1878.093679125919,1.0,1.0,1.0,-1.0,0.0,1.0,12.765283496324628,5153.125776124394,5140.36049262807,1.9063208740810391,0.29,1.0,BREAK_LONG,STOP,1881.14,2023-02-08 14:25:00,2023-02-08 14:30:00,2023-02-08 14:31:00
294394.0,1466645.0,1466884.0,294442.0,1.0,3.0,1870.0,1867.9089054822764,1880.0,1.5556653904140536,0.02,1872.6399999999999,1877.825,3.0,-1.0,-1.0,-1.0,1.0,0.0,9.462189035446954,5140.36049262807,5150.73049262807,2.4781890354468734,0.29,48.0,REV_LONG,TIME,1872.495,2023-02-08 14:50:00,2023-02-08 14:55:00,2023-02-08 18:54:00
295159.0,1470455.0,1470557.0,295180.0,-1.0,2.0,1860.0,1861.4437150714398,1850.0,1.115791813820512,0.04,1856.035,1861.4437150714398,1.0,1.0,1.0,1.0,0.0,1.0,21.634860285758805,5150.73049262807,5129.095632342312,1.4437150714397344,0.29,21.0,BREAK_SHORT,STOP,1856.18,2023-02-13 09:35:00,2023-02-13 09:40:00,2023-02-13 11:22:00
295497.0,1472140.0,1472145.0,295499.0,-1.0,2.0,1850.0,1854.5418534712915,1840.0,1.792829402914748,0.02,1849.335,1854.5418534712915,1.0,1.0,1.0,-1.0,0.0,1.0,10.413706942582849,5129.095632342312,5118.681925399729,4.5418534712915015,0.29,2.0,BREAK_SHORT,STOP,1849.48,2023-02-14 14:45:00,2023-02-14 14:50:00,2023-02-14 14:55:00
295643.0,1472865.0,1473077.0,295686.0,-1.0,2.0,1850.0,1851.1849430116752,1840.0,2.837105208189733,0.08,1848.27,1840.0,2.0,1.0,1.0,1.0,0.0,0.0,23.31954409340142,5118.681925399729,5184.841925399729,1.1849430116752546,0.29,43.0,BREAK_SHORT,TARGET,1848.415,2023-02-15 03:55:00,2023-02-15 04:00:00,2023-02-15 07:32:00
296418.0,1476725.0,1476732.0,296420.0,1.0,3.0,1840.0,1838.9714346884166,1850.0,7.147789557846769,0.19,1840.325,1838.9714346884166,1.0,1.0,0.0,1.0,0.0,1.0,25.717740920085593,5184.841925399729,5159.124184479643,0.7671306231669514,0.29,2.0,REV_LONG,STOP,1840.18,2023-02-19 23:30:00,2023-02-19 23:35:00,2023-02-19 23:42:00
296450.0,1476885.0,1477124.0,296498.0,1.0,1.0,1840.0,1838.9392942500924,1850.0,3.414207753769863,0.05,1841.445,1843.675,3.0,1.0,1.0,-1.0,0.0,1.0,12.528528749537601,5159.124184479643,5170.274184479644,1.060705749907478,0.29,48.0,BREAK_LONG,TIME,1841.3,2023-02-20 02:10:00,2023-02-20 02:15:00,2023-02-20 06:14:00
296741.0,1478335.0,1478574.0,296789.0,-1.0,2.0,1840.0,1841.0795012454723,1830.0,3.2703780793351562,0.09,1838.4850000000001,1836.18,3.0,1.0,1.0,1.0,0.0,0.0,23.350511209249817,5170.274184479644,5191.0191844796445,1.0795012454724313,0.29,48.0,BREAK_SHORT,TIME,1838.63,2023-02-21 03:25:00,2023-02-21 03:30:00,2023-02-21 07:29:00
297201.0,1480630.0,1480651.0,297206.0,1.0,3.0,1830.0,1828.74824959427,1840.0,2.503307849095548,0.04,1831.96,1828.74824959427,1.0,-1.0,-1.0,-1.0,0.0,0.0,12.84700162292029,5191.0191844796445,5178.172182856724,1.393500811459885,0.29,5.0,REV_LONG,STOP,1831.815,2023-02-22 18:45:00,2023-02-22 18:50:00,2023-02-22 19:11:00
297342.0,1481330.0,1481358.0,297348.0,1.0,3.0,1830.0,1828.266916922128,1840.0,4.552589579056593,0.06,1830.3799999999999,1828.266916922128,1.0,-1.0,1.0,-1.0,0.0,0.0,12.678498467230837,5178.172182856724,5165.493684389494,1.1661661557438148,0.29,6.0,REV_LONG,STOP,1830.235,2023-02-23 07:30:00,2023-02-23 07:35:00,2023-02-23 08:03:00
297418.0,1481710.0,1481736.0,297424.0,1.0,3.0,1820.0,1817.371835588109,1830.0,1.0965996523289836,0.02,1823.395,1830.0,2.0,-1.0,-1.0,-1.0,1.0,1.0,12.046328823782005,5165.493684389494,5178.703684389494,2.1463288237821057,0.29,6.0,REV_LONG,TARGET,1823.25,2023-02-23 13:50:00,2023-02-23 13:55:00,2023-02-23 14:21:00
297671.0,1482970.0,1483134.0,297704.0,-1.0,2.0,1820.0,1821.1472651631168,1810.0,4.366317868822594,0.12,1819.07,1810.0,2.0,1.0,1.0,1.0,0.0,1.0,24.927181957402354,5178.703684389494,5287.543684389493,1.147265163116815,0.29,33.0,BREAK_SHORT,TARGET,1819.215,2023-02-24 11:55:00,2023-02-24 12:00:00,2023-02-24 14:44:00
297931.0,1484265.0,1484275.0,297934.0,-1.0,4.0,1810.0,1810.862360964449,1800.0,5.514702692490061,0.15,1809.195,1810.862360964449,1.0,1.0,1.0,1.0,0.0,0.0,25.010414466735252,5287.543684389493,5262.533269922758,1.01472192889769,0.29,3.0,REV_SHORT,STOP,1809.34,2023-02-27 10:35:00,2023-02-27 10:40:00,2023-02-27 10:50:00
298179.0,1485500.0,1485533.0,298186.0,-1.0,2.0,1810.0,1811.3593282582237,1800.0,1.527480772557806,0.05,1806.865,1811.3593282582237,1.0,1.0,1.0,1.0,0.0,0.0,22.47164129111866,5262.533269922758,5240.06162863164,1.359328258223809,0.29,7.0,BREAK_SHORT,STOP,1807.01,2023-02-28 08:15:00,2023-02-28 08:20:00,2023-02-28 08:53:00
298263.0,1485920.0,1486047.0,298289.0,1.0,1.0,1820.0,1817.9770071459238,1830.0,1.4176573759242872,0.05,1822.95,1830.0,2.0,1.0,1.0,1.0,0.0,0.0,24.86496427038105,5240.06162863164,5275.31162863164,2.0229928540761626,0.29,26.0,BREAK_LONG,TARGET,1822.805,2023-02-28 15:15:00,2023-02-28 15:20:00,2023-02-28 17:27:00
299490.0,1492030.0,1492042.0,299493.0,1.0,1.0,1850.0,1849.1680541339622,1860.0,9.975217829852996,0.26,1850.155,1849.1680541339622,1.0,1.0,1.0,1.0,0.0,1.0,25.660592516982433,5275.31162863164,5249.6510361146575,0.8319458660377534,0.29,3.0,BREAK_LONG,STOP,1850.01,2023-03-07 02:30:00,2023-03-07 02:35:00,2023-03-07 02:47:00
299653.0,1492845.0,1492915.0,299668.0,-1.0,2.0,1820.0,1822.7599093892443,1810.0,2.6250675736808584,0.07,1819.24,1822.7599093892443,1.0,1.0,1.0,1.0,0.0,1.0,24.639365724709936,5249.6510361146575,5225.0116703899475,2.7599093892443873,0.29,15.0,BREAK_SHORT,STOP,1819.385,2023-03-07 16:05:00,2023-03-07 16:10:00,2023-03-07 17:20:00
300231.0,1495725.0,1495736.0,300234.0,-1.0,4.0,1830.0,1831.5265277862302,1820.0,3.975777909829443,0.05,1829.21,1831.5265277862302,1.0,-1.0,-1.0,-1.0,1.0,1.0,11.582638931150768,5225.0116703899475,5213.429031458797,1.3330555724604387,0.29,3.0,REV_SHORT,STOP,1829.355,2023-03-09 18:15:00,2023-03-09 18:20:00,2023-03-09 18:31:00
300498.0,1497055.0,1497260.0,300540.0,1.0,1.0,1860.0,1857.6431226021855,1870.0,2.0421591268272343,0.06,1861.705,1870.0,2.0,1.0,1.0,1.0,0.0,0.0,24.371264386886647,5213.429031458797,5263.199031458797,2.3568773978145248,0.29,42.0,BREAK_LONG,TARGET,1861.56,2023-03-10 17:30:00,2023-03-10 17:35:00,2023-03-10 21:00:00
300555.0,1497335.0,1497361.0,300561.0,-1.0,4.0,1890.0,1896.2480835308347,1880.0,1.018876104924023,0.01,1888.2,1880.0,2.0,-1.0,0.0,-1.0,0.0,1.0,8.048083530834674,5263.199031458797,5271.399031458797,3.778167061669796,0.29,6.0,REV_SHORT,TARGET,1888.345,2023-03-12 22:15:00,2023-03-12 22:20:00,2023-03-12 22:46:00
300676.0,1497940.0,1497963.0,300681.0,-1.0,4.0,1880.0,1881.489448266799,1870.0,4.153494000242231,0.05,1879.26,1881.489448266799,1.0,-1.0,1.0,-1.0,0.0,0.0,11.14724133399477,5271.399031458797,5260.251790124803,1.7258965335979364,0.29,5.0,REV_SHORT,STOP,1879.405,2023-03-13 08:20:00,2023-03-13 08:25:00,2023-03-13 08:48:00
300694.0,1498030.0,1498184.0,300725.0,-1.0,4.0,1890.0,1895.0327153652315,1880.0,1.4632830577149696,0.02,1888.93,1895.0327153652315,1.0,-1.0,-1.0,-1.0,1.0,1.0,12.205430730462922,5260.251790124803,5248.0463593943405,2.2854307304628105,0.29,31.0,REV_SHORT,STOP,1889.075,2023-03-13 09:50:00,2023-03-13 09:55:00,2023-03-13 12:29:00
301425.0,1501670.0,1501909.0,301473.0,1.0,3.0,1910.0,1908.2819641707524,1920.0,3.8561383495501786,0.05,1910.695,1918.375,3.0,1.0,-1.0,-1.0,1.0,1.0,12.065179146237599,5248.0463593943405,5286.446359394341,2.056071658495156,0.29,48.0,REV_LONG,TIME,1910.55,2023-03-16 01:45:00,2023-03-16 01:50:00,2023-03-16 05:49:00
301499.0,1502040.0,1502055.0,301503.0,-1.0,4.0,1920.0,1921.7262511089582,1910.0,1.300956302633124,0.05,1916.63,1921.7262511089582,1.0,-1.0,-1.0,1.0,0.0,0.0,25.481255544790432,5286.446359394341,5260.96510384955,1.9425022179161981,0.29,4.0,REV_SHORT,STOP,1916.775,2023-03-16 07:55:00,2023-03-16 08:00:00,2023-03-16 08:15:00
301741.0,1503245.0,1503265.0,301746.0,-1.0,4.0,1930.0,1931.7446299430496,1920.0,4.501951277920945,0.06,1929.6100000000001,1931.7446299430496,1.0,-1.0,-1.0,-1.0,1.0,1.0,12.807779658297022,5260.96510384955,5248.157324191254,0.9162598860991776,0.29,5.0,REV_SHORT,STOP,1929.755,2023-03-17 05:05:00,2023-03-17 05:10:00,2023-03-17 05:30:00
301771.0,1503395.0,1503426.0,301778.0,1.0,3.0,1930.0,1928.5462360207368,1940.0,4.037358355450386,0.11,1930.82,1928.5462360207368,1.0,1.0,1.0,1.0,0.0,1.0,25.011403771894038,5248.157324191254,5223.14592041936,1.4175279585266034,0.29,7.0,REV_LONG,STOP,1930.675,2023-03-17 07:35:00,2023-03-17 07:40:00,2023-03-17 08:11:00
301859.0,1503835.0,1503842.0,301861.0,1.0,1.0,1960.0,1957.2291871349762,1970.0,1.422930426873748,0.04,1962.5,1957.2291871349762,1.0,1.0,1.0,1.0,0.0,1.0,21.083251460095198,5223.14592041936,5202.062668959265,2.770812865023797,0.29,2.0,BREAK_LONG,STOP,1962.355,2023-03-17 14:55:00,2023-03-17 15:00:00,2023-03-17 15:07:00
301893.0,1504005.0,1504044.0,301901.0,1.0,1.0,1970.0,1967.7315545508638,1980.0,1.6766862582488482,0.05,1972.315,1980.0,2.0,1.0,1.0,1.0,0.0,0.0,22.917227245681033,5202.062668959265,5240.487668959265,2.268445449136258,0.29,8.0,BREAK_LONG,TARGET,1972.17,2023-03-17 17:45:00,2023-03-17 17:50:00,2023-03-17 18:29:00
302153.0,1505300.0,1505420.0,302178.0,-1.0,4.0,1980.0,1982.353343637777,1970.0,2.452251904306085,0.03,1978.775,1982.353343637777,1.0,-1.0,1.0,-1.0,0.0,0.0,10.735030913330775,5240.487668959265,5229.752638045934,2.686687275553901,0.29,25.0,REV_SHORT,STOP,1978.92,2023-03-20 16:25:00,2023-03-20 16:30:00,2023-03-20 18:30:00
302245.0,1505755.0,1505994.0,302293.0,1.0,1.0,1980.0,1978.7207036010648,1990.0,2.2558693310428346,0.07,1982.185,1982.115,3.0,1.0,1.0,1.0,0.0,1.0,24.25007479254623,5229.752638045934,5229.262638045934,1.2792963989353123,0.29,48.0,BREAK_LONG,TIME,1982.04,2023-03-21 01:05:00,2023-03-21 01:10:00,2023-03-21 05:09:00
302443.0,1506745.0,1506817.0,302458.0,1.0,3.0,1940.0,1935.462028221858,1950.0,2.09781785730186,0.05,1940.155,1935.462028221858,1.0,-1.0,-1.0,1.0,1.0,1.0,23.46485889071005,5229.262638045934,5205.797779155224,2.47594355628425,0.29,15.0,REV_LONG,STOP,1940.01,2023-03-21 17:35:00,2023-03-21 17:40:00,2023-03-21 18:52:00
302688.0,1507965.0,1508140.0,302724.0,-1.0,4.0,1950.0,1952.699429065307,1940.0,2.7690151118078767,0.03,1949.33,1952.699429065307,1.0,1.0,-1.0,-1.0,1.0,1.0,10.108287195921092,5205.797779155224,5195.689491959303,2.0588581306139964,0.29,36.0,REV_SHORT,STOP,1949.475,2023-03-22 15:00:00,2023-03-22 15:05:00,2023-03-22 18:00:00
302735.0,1508200.0,1508204.0,302736.0,1.0,1.0,1970.0,1965.1211196923748,1980.0,1.4720345890207718,0.04,1971.1399999999999,1965.1211196923748,1.0,1.0,1.0,1.0,0.0,1.0,24.07552123050027,5195.689491959303,5171.613970728803,4.878880307625083,0.29,1.0,BREAK_LONG,STOP,1970.995,2023-03-22 18:55:00,2023-03-22 19:00:00,2023-03-22 19:04:00
302863.0,1508835.0,1509074.0,302911.0,-1.0,4.0,1980.0,1984.4412994151642,1970.0,1.757920865514746,0.02,1979.205,1979.45,3.0,-1.0,-1.0,-1.0,0.0,1.0,10.47259883032848,5171.613970728803,5171.123970728802,1.6325988303284291,0.29,48.0,REV_SHORT,TIME,1979.35,2023-03-23 06:35:00,2023-03-23 06:40:00,2023-03-23 10:39:00
302939.0,1509215.0,1509265.0,302950.0,1.0,3.0,1970.0,1965.440951069494,1980.0,1.1716799924082923,0.03,1972.145,1980.0,2.0,1.0,-1.0,1.0,0.0,1.0,20.112146791517716,5171.123970728802,5194.688970728802,2.298097861011663,0.29,11.0,REV_LONG,TARGET,1972.0,2023-03-23 12:55:00,2023-03-23 13:00:00,2023-03-23 13:50:00
303003.0,1509535.0,1509555.0,303008.0,-1.0,4.0,2000.0,2003.368913765299,1990.0,2.41138248146137,0.03,1999.45,2003.368913765299,1.0,-1.0,-1.0,-1.0,1.0,1.0,11.7567412958972,5194.688970728802,5182.932229432905,2.0678275305983074,0.29,5.0,REV_SHORT,STOP,1999.595,2023-03-23 18:15:00,2023-03-23 18:20:00,2023-03-23 18:40:00
303408.0,1511550.0,1511555.0,303410.0,1.0,3.0,1970.0,1968.6000611999348,1980.0,3.7500956273365387,0.05,1971.0,1968.6000611999348,1.0,-1.0,-1.0,-1.0,0.0,0.0,11.999694000326144,5182.932229432905,5170.932535432579,1.2198776001304898,0.29,2.0,REV_LONG,STOP,1970.855,2023-03-27 06:00:00,2023-03-27 06:05:00,2023-03-27 06:10:00
304180.0,1515395.0,1515516.0,304205.0,-1.0,2.0,1960.0,1960.9972220707987,1950.0,8.262986547579866,0.21,1959.81,1960.9972220707987,1.0,1.0,1.0,1.0,0.0,0.0,24.931663486773232,5170.932535432579,5146.000871945806,0.9972220707986703,0.29,25.0,BREAK_SHORT,STOP,1959.955,2023-03-30 01:20:00,2023-03-30 01:25:00,2023-03-30 03:26:00
304294.0,1515965.0,1515987.0,304299.0,-1.0,4.0,1970.0,1971.4107584221315,1960.0,3.9812142179159014,0.05,1969.1200000000001,1971.4107584221315,1.0,-1.0,-1.0,-1.0,1.0,1.0,11.453792110656877,5146.000871945806,5134.547079835149,1.041516844262767,0.29,5.0,REV_SHORT,STOP,1969.265,2023-03-30 10:50:00,2023-03-30 10:55:00,2023-03-30 11:17:00
304364.0,1516315.0,1516361.0,304374.0,1.0,1.0,1980.0,1978.1135747652183,1990.0,1.8666681687816695,0.06,1982.26,1978.1135747652183,1.0,1.0,1.0,1.0,0.0,1.0,24.878551408689873,5134.547079835149,5109.668528426459,1.8864252347816726,0.29,10.0,BREAK_LONG,STOP,1982.115,2023-03-30 16:40:00,2023-03-30 16:45:00,2023-03-30 17:31:00
304457.0,1516775.0,1517007.0,304504.0,1.0,1.0,1980.0,1979.073766566655,1990.0,3.6969634589221014,0.1,1981.4,1979.073766566655,1.0,1.0,1.0,1.0,0.0,0.0,23.262334333451236,5109.668528426459,5086.406194093008,0.9262334333449409,0.29,47.0,BREAK_LONG,STOP,1981.255,2023-03-31 01:25:00,2023-03-31 01:30:00,2023-03-31 05:22:00
304570.0,1517340.0,1517423.0,304587.0,1.0,1.0,1980.0,1978.8926174937305,1990.0,5.249292128784439,0.07,1980.67,1978.8926174937305,1.0,1.0,1.0,-1.0,0.0,1.0,12.441677543886726,5086.406194093008,5073.964516549121,1.1073825062694063,0.29,17.0,BREAK_LONG,STOP,1980.525,2023-03-31 10:50:00,2023-03-31 10:55:00,2023-03-31 12:18:00
305051.0,1519735.0,1519740.0,305053.0,-1.0,4.0,1980.0,1981.0619339647194,1970.0,7.092515256938173,0.09,1979.695,1981.0619339647194,1.0,-1.0,1.0,-1.0,0.0,0.0,12.302405682475182,5073.964516549121,5061.662110866646,0.8638679294387132,0.29,2.0,REV_SHORT,STOP,1979.84,2023-04-04 04:55:00,2023-04-04 05:00:00,2023-04-04 05:05:00
305129.0,1520125.0,1520257.0,305156.0,1.0,3.0,1980.0,1977.9801735212977,1990.0,3.173802334131978,0.08,1980.86,1990.0,2.0,1.0,-1.0,1.0,0.0,1.0,23.038611829617366,5061.662110866646,5134.782110866647,1.1886529574045461,0.29,27.0,REV_LONG,TARGET,1980.715,2023-04-04 11:25:00,2023-04-04 11:30:00,2023-04-04 13:42:00
305421.0,1521580.0,1521661.0,305438.0,-1.0,4.0,2030.0,2032.8392502713214,2020.0,2.2064055444478,0.03,2028.835,2020.0,2.0,-1.0,-1.0,-1.0,1.0,1.0,12.012750813963976,5134.782110866647,5161.287110866647,1.7585005426424567,0.29,17.0,REV_SHORT,TARGET,2028.98,2023-04-05 12:45:00,2023-04-05 12:50:00,2023-04-05 14:11:00
305752.0,1523230.0,1523241.0,305755.0,1.0,3.0,2010.0,2008.7512202805026,2020.0,3.689375863930409,0.1,2011.15,2008.7512202805026,1.0,-1.0,-1.0,1.0,0.0,1.0,23.987797194974974,5161.287110866647,5137.299313671672,1.4075594389948127,0.29,3.0,REV_LONG,STOP,2011.005,2023-04-06 17:20:00,2023-04-06 17:25:00,2023-04-06 17:36:00
306254.0,1525730.0,1525783.0,306265.0,1.0,3.0,1990.0,1985.7776025166283,2000.0,1.5408946792902396,0.02,1991.375,1985.7776025166283,1.0,-1.0,-1.0,-1.0,1.0,1.0,11.194794966743302,5137.299313671672,5126.104518704929,2.259794966743151,0.29,11.0,REV_LONG,STOP,1991.23,2023-04-10 13:10:00,2023-04-10 13:15:00,2023-04-10 14:08:00
306716.0,1528030.0,1528217.0,306754.0,-1.0,4.0,2020.0,2020.989339407424,2010.0,4.566084213333159,0.06,2019.015,2010.0,2.0,-1.0,-1.0,-1.0,1.0,0.0,11.846036444543643,5126.104518704929,5180.19451870493,1.0426788148478665,0.29,38.0,REV_SHORT,TARGET,2019.16,2023-04-12 05:40:00,2023-04-12 05:45:00,2023-04-12 08:52:00
307081.0,1529850.0,1529939.0,307099.0,1.0,1.0,2040.0,2037.320967498571,2050.0,2.4276618268509105,0.07,2041.02,2037.320967498571,1.0,1.0,1.0,1.0,0.0,1.0,25.89322751000282,5180.19451870493,5154.301291194926,2.679032501429102,0.29,18.0,BREAK_LONG,STOP,2040.875,2023-04-13 13:05:00,2023-04-13 13:10:00,2023-04-13 14:39:00
307382.0,1531350.0,1531472.0,307407.0,-1.0,2.0,2000.0,2003.7780822228674,1990.0,1.8656086947387074,0.05,1998.97,2003.7780822228674,1.0,1.0,1.0,1.0,0.0,1.0,24.040411114336848,5154.301291194926,5130.260880080589,3.778082222867502,0.29,25.0,BREAK_SHORT,STOP,1999.115,2023-04-14 15:10:00,2023-04-14 15:15:00,2023-04-14 17:17:00
307491.0,1531890.0,1532129.0,307539.0,1.0,3.0,2000.0,1994.718412547704,2010.0,1.474114965637775,0.02,2000.895,2004.21,3.0,-1.0,-1.0,-1.0,0.0,1.0,12.353174904591926,5130.260880080589,5136.890880080589,1.5331749045916916,0.29,48.0,REV_LONG,TIME,2000.75,2023-04-17 01:15:00,2023-04-17 01:20:00,2023-04-17 05:19:00
308218.0,1535515.0,1535754.0,308266.0,1.0,3.0,1990.0,1987.9507204129125,2000.0,2.8566585515861784,0.04,1991.075,1994.675,3.0,-1.0,-1.0,-1.0,0.0,0.0,12.497118348350341,5136.890880080589,5151.290880080589,1.9285591741751091,0.29,48.0,REV_LONG,TIME,1990.93,2023-04-19 15:50:00,2023-04-19 15:55:00,2023-04-19 19:54:00
308758.0,1538205.0,1538444.0,308806.0,-1.0,2.0,1980.0,1983.9518349095604,1970.0,1.1069439362520213,0.03,1977.33,1979.575,3.0,1.0,1.0,1.0,0.0,1.0,19.865504728681344,5151.290880080589,5144.555880080588,3.9518349095603984,0.29,48.0,BREAK_SHORT,TIME,1977.475,2023-04-21 14:50:00,2023-04-21 14:55:00,2023-04-21 18:54:00
308880.0,1538810.0,1538992.0,308917.0,1.0,3.0,1980.0,1977.9091153940155,1990.0,2.956590697929714,0.08,1980.965,1977.9091153940155,1.0,-1.0,-1.0,1.0,0.0,1.0,24.447076847874996,5144.555880080588,5120.108803232713,1.2717692119689947,0.29,37.0,REV_LONG,STOP,1980.82,2023-04-24 02:00:00,2023-04-24 02:05:00,2023-04-24 05:07:00
309022.0,1539520.0,1539553.0,309029.0,-1.0,2.0,1980.0,1981.9022355787383,1970.0,1.0601956448758114,0.02,1976.125,1981.9022355787383,1.0,1.0,1.0,-1.0,0.0,0.0,11.554471157476655,5120.108803232713,5108.554332075237,1.9022355787382348,0.29,7.0,BREAK_SHORT,STOP,1976.27,2023-04-24 13:50:00,2023-04-24 13:55:00,2023-04-24 14:28:00
309065.0,1539735.0,1539942.0,309107.0,-1.0,4.0,1990.0,1991.5045994259763,1980.0,4.091433151256967,0.05,1989.2450000000001,1989.325,4.0,-1.0,-1.0,-1.0,1.0,0.0,11.297997129880741,5108.554332075237,5108.154332075237,1.366198851952574,0.29,42.0,REV_SHORT,SESSION,1989.39,2023-04-24 17:25:00,2023-04-24 17:30:00,2023-04-24 20:57:00
309147.0,1540140.0,1540379.0,309195.0,-1.0,4.0,2000.0,2001.3002506613327,1990.0,5.995973400195725,0.07,1999.685,1993.79,3.0,-1.0,-1.0,-1.0,1.0,1.0,11.306754629329363,5108.154332075237,5149.4193320752365,1.3675013226651385,0.29,48.0,REV_SHORT,TIME,1999.83,2023-04-25 01:15:00,2023-04-25 01:20:00,2023-04-25 05:19:00
309351.0,1541160.0,1541170.0,309354.0,1.0,1.0,2000.0,1998.2815772784443,2010.0,1.9944178166618733,0.03,2002.195,1998.2815772784443,1.0,1.0,1.0,-1.0,0.0,1.0,11.740268164666984,5149.4193320752365,5137.679063910569,1.718422721555678,0.29,3.0,BREAK_LONG,STOP,2002.05,2023-04-25 18:15:00,2023-04-25 18:20:00,2023-04-25 18:30:00
309699.0,1542890.0,1542994.0,309720.0,1.0,3.0,1990.0,1989.1699114703124,2000.0,4.822351117614039,0.13,1991.03,2000.0,2.0,-1.0,1.0,1.0,0.0,0.0,24.18115088593845,5137.679063910569,5254.28906391057,0.9101770593752444,0.29,21.0,REV_LONG,TARGET,1990.885,2023-04-27 01:15:00,2023-04-27 01:20:00,2023-04-27 03:04:00
309811.0,1543450.0,1543498.0,309821.0,1.0,1.0,2000.0,1998.8774885836629,2010.0,4.027097864539378,0.11,2001.09,1998.8774885836629,1.0,1.0,1.0,1.0,0.0,0.0,24.33762557970772,5254.28906391057,5229.951438330862,1.1225114163371983,0.29,10.0,BREAK_LONG,STOP,2000.945,2023-04-27 10:35:00,2023-04-27 10:40:00,2023-04-27 11:28:00
310383.0,1546300.0,1546301.0,310384.0,-1.0,4.0,1990.0,1992.2611457008425,1980.0,2.691842154872145,0.07,1988.94,1992.2611457008425,1.0,-1.0,-1.0,1.0,1.0,1.0,23.248019905896854,5229.951438330862,5206.703418424966,1.3322914016849567,0.29,1.0,REV_SHORT,STOP,1989.085,2023-05-01 12:15:00,2023-05-01 12:20:00,2023-05-01 12:21:00
311029.0,1549520.0,1549565.0,311039.0,1.0,1.0,2030.0,2026.7951975474475,2040.0,1.026892227158622,0.03,2033.31,2040.0,2.0,1.0,1.0,1.0,0.0,0.0,19.544407357657292,5206.703418424966,5226.773418424966,3.204802452552468,0.29,10.0,BREAK_LONG,TARGET,2033.165,2023-05-03 20:05:00,2023-05-03 20:10:00,2023-05-03 20:55:00
312753.0,1558105.0,1558235.0,312780.0,1.0,3.0,2010.0,2008.6501950500192,2020.0,6.394949403911555,0.08,2010.185,2008.6501950500192,1.0,-1.0,-1.0,-1.0,0.0,0.0,12.278439599846024,5226.773418424966,5214.49497882512,1.1896098999613418,0.29,27.0,REV_LONG,STOP,2010.04,2023-05-12 02:45:00,2023-05-12 02:50:00,2023-05-12 05:00:00
313349.0,1561075.0,1561314.0,313397.0,-1.0,2.0,2010.0,2011.2799314322447,2000.0,1.3281921715491614,0.05,2006.435,2008.615,3.0,1.0,1.0,1.0,0.0,0.0,24.224657161223607,5214.49497882512,5203.594978825119,1.279931432244773,0.29,48.0,BREAK_SHORT,TIME,2006.58,2023-05-16 06:25:00,2023-05-16 06:30:00,2023-05-16 10:29:00
314314.0,1565885.0,1565942.0,314326.0,1.0,1.0,1980.0,1978.2812160345145,1990.0,1.7679220435003886,0.06,1982.5149999999999,1978.2812160345145,1.0,1.0,1.0,1.0,0.0,0.0,25.402703792912234,5203.594978825119,5178.192275032206,1.7187839654854016,0.29,12.0,BREAK_LONG,STOP,1982.37,2023-05-19 17:50:00,2023-05-19 17:55:00,2023-05-19 18:52:00
314486.0,1566740.0,1566822.0,314503.0,1.0,1.0,1980.0,1978.775281039061,1990.0,2.2397198986369315,0.07,1982.24,1978.775281039061,1.0,1.0,1.0,1.0,0.0,0.0,24.25303272657357,5178.192275032206,5153.939242305632,1.224718960939016,0.29,17.0,BREAK_LONG,STOP,1982.095,2023-05-22 09:10:00,2023-05-22 09:15:00,2023-05-22 10:37:00
314664.0,1567625.0,1567864.0,314712.0,-1.0,2.0,1970.0,1970.9105191960134,1960.0,1.1040360248595955,0.04,1965.725,1962.62,3.0,1.0,1.0,1.0,0.0,0.0,20.742076784054007,5153.939242305632,5166.3592423056325,0.9105191960134822,0.29,48.0,BREAK_SHORT,TIME,1965.87,2023-05-23 01:00:00,2023-05-23 01:05:00,2023-05-23 05:04:00
314741.0,1568010.0,1568104.0,314760.0,-1.0,2.0,1960.0,1961.3742033849537,1950.0,1.204643340505859,0.05,1956.215,1961.3742033849537,1.0,1.0,1.0,1.0,0.0,0.0,25.796016924768995,5166.3592423056325,5140.5632253808635,1.374203384953771,0.29,19.0,BREAK_SHORT,STOP,1956.36,2023-05-23 07:25:00,2023-05-23 07:30:00,2023-05-23 09:04:00
315479.0,1571685.0,1571707.0,315484.0,1.0,3.0,1940.0,1939.1460785286636,1950.0,5.767115264248258,0.07,1940.76,1939.1460785286636,1.0,-1.0,-1.0,-1.0,0.0,1.0,11.29745029935498,5140.5632253808635,5129.265775081509,0.6578429426727405,0.29,5.0,REV_LONG,STOP,1940.605,2023-05-25 23:55:00,2023-05-26 00:00:00,2023-05-26 00:22:00
315657.0,1572575.0,1572814.0,315705.0,1.0,3.0,1940.0,1937.6811922839036,1950.0,1.8790281156487059,0.02,1941.96,1944.65,3.0,-1.0,-1.0,-1.0,1.0,0.0,8.55761543219296,5129.265775081509,5134.645775081509,2.407615432192703,0.29,48.0,REV_LONG,TIME,1941.815,2023-05-26 14:45:00,2023-05-26 14:50:00,2023-05-26 18:49:00
316082.0,1574690.0,1574912.0,316127.0,-1.0,2.0,1940.0,1941.0934728988407,1930.0,6.0503107533749265,0.16,1939.52,1941.0934728988407,1.0,1.0,1.0,1.0,0.0,0.0,25.175566381451063,5134.645775081509,5109.470208700058,1.0934728988405726,0.29,45.0,BREAK_SHORT,STOP,1939.665,2023-05-30 04:10:00,2023-05-30 04:15:00,2023-05-30 07:57:00
316179.0,1575175.0,1575186.0,316182.0,1.0,1.0,1960.0,1958.4612950702224,1970.0,2.791006420133188,0.08,1961.5049999999999,1958.4612950702224,1.0,1.0,1.0,1.0,0.0,0.0,24.349639438220038,5109.470208700058,5085.120569261838,1.538704929777587,0.29,3.0,BREAK_LONG,STOP,1961.36,2023-05-30 12:15:00,2023-05-30 12:20:00,2023-05-30 12:31:00
316672.0,1577630.0,1577788.0,316704.0,-1.0,2.0,1960.0,1961.1135311080366,1950.0,1.9967474410428612,0.06,1957.405,1961.1135311080366,1.0,1.0,1.0,1.0,0.0,0.0,22.251186648219573,5085.120569261838,5062.869382613619,1.113531108036572,0.29,32.0,BREAK_SHORT,STOP,1957.55,2023-06-01 07:20:00,2023-06-01 07:25:00,2023-06-01 10:03:00
316773.0,1578135.0,1578205.0,316788.0,1.0,1.0,1980.0,1978.0759550821629,1990.0,2.1428317734927975,0.06,1981.87,1978.0759550821629,1.0,1.0,1.0,1.0,0.0,0.0,22.76426950702216,5062.869382613619,5040.105113106597,1.924044917837053,0.29,15.0,BREAK_LONG,STOP,1981.725,2023-06-01 15:45:00,2023-06-01 15:50:00,2023-06-01 17:00:00
316898.0,1578755.0,1578863.0,316920.0,1.0,1.0,1980.0,1979.0949913057884,1990.0,2.56955078879915,0.08,1982.15,1979.0949913057884,1.0,1.0,1.0,1.0,0.0,0.0,24.44006955369332,5040.105113106597,5015.665043552904,0.9050086942115951,0.29,22.0,BREAK_LONG,STOP,1982.005,2023-06-02 03:10:00,2023-06-02 03:15:00,2023-06-02 05:03:00
317233.0,1580425.0,1580664.0,317281.0,1.0,3.0,1940.0,1937.9673072552023,1950.0,2.71071010785764,0.03,1941.21,1941.39,3.0,-1.0,-1.0,-1.0,1.0,1.0,9.728078234393251,5015.665043552904,5016.205043552904,1.1853854895952702,0.29,48.0,REV_LONG,TIME,1941.065,2023-06-05 08:05:00,2023-06-05 08:10:00,2023-06-05 12:09:00
317353.0,1581025.0,1581192.0,317387.0,1.0,1.0,1960.0,1959.0769486703332,1970.0,7.043180026447929,0.18,1960.435,1961.645,4.0,1.0,1.0,1.0,0.0,0.0,24.44492393400151,5016.205043552904,5037.985043552904,0.9230513296667389,0.29,34.0,BREAK_LONG,SESSION,1960.29,2023-06-05 18:05:00,2023-06-05 18:10:00,2023-06-05 20:57:00
317521.0,1581860.0,1582099.0,317569.0,1.0,1.0,1960.0,1958.7615522309518,1970.0,4.1589245924211715,0.05,1960.94,1962.4850000000001,3.0,1.0,1.0,-1.0,0.0,0.0,10.892238845241309,5037.985043552904,5045.710043552905,1.2384477690481017,0.29,48.0,BREAK_LONG,TIME,1960.795,2023-06-06 09:05:00,2023-06-06 09:10:00,2023-06-06 13:09:00
318406.0,1586270.0,1586509.0,318454.0,1.0,3.0,1960.0,1955.6268422820015,1970.0,2.0691167335148752,0.05,1960.31,1961.41,3.0,1.0,-1.0,1.0,1.0,1.0,23.415788589992417,5045.710043552905,5051.2100435529055,2.0763154359971363,0.29,48.0,REV_LONG,TIME,1960.165,2023-06-09 13:50:00,2023-06-09 13:55:00,2023-06-09 17:54:00
318495.0,1586710.0,1586724.0,318498.0,1.0,3.0,1960.0,1959.5634086025477,1970.0,16.34830558025147,0.41000000000000003,1960.165,1959.5634086025477,1.0,-1.0,0.0,1.0,0.0,0.0,24.665247295541807,5051.2100435529055,5026.5447962573635,0.4911827949046473,0.29,3.0,REV_LONG,STOP,1960.02,2023-06-11 22:15:00,2023-06-11 22:20:00,2023-06-11 22:34:00
318678.0,1587625.0,1587646.0,318683.0,-1.0,2.0,1960.0,1961.5755953457106,1950.0,2.340146263769167,0.03,1958.1100000000001,1950.0,2.0,1.0,1.0,-1.0,0.0,0.0,10.396786037131278,5026.5447962573635,5050.874796257363,1.5755953457106195,0.29,5.0,BREAK_SHORT,TARGET,1958.255,2023-06-12 13:30:00,2023-06-12 13:35:00,2023-06-12 13:56:00
318785.0,1588155.0,1588217.0,318798.0,1.0,1.0,1960.0,1959.5504150516972,1970.0,15.086556462867383,0.19,1960.2,1959.5504150516972,1.0,1.0,1.0,-1.0,0.0,0.0,12.342114017754056,5050.874796257363,5038.532682239609,0.4495849483028677,0.29,13.0,BREAK_LONG,STOP,1960.055,2023-06-12 23:25:00,2023-06-12 23:30:00,2023-06-13 00:32:00
318858.0,1588520.0,1588529.0,318860.0,1.0,3.0,1960.0,1959.284512080279,1970.0,9.104299842038413,0.23,1960.345,1959.284512080279,1.0,1.0,1.0,1.0,0.0,0.0,24.391222153583612,5038.532682239609,5014.141460086025,0.6429758394420737,0.29,2.0,REV_LONG,STOP,1960.2,2023-06-13 05:30:00,2023-06-13 05:35:00,2023-06-13 05:44:00
319698.0,1592705.0,1592944.0,319746.0,1.0,1.0,1960.0,1958.8845813374412,1970.0,1.5433304039689388,0.05,1963.2549999999999,1964.45,3.0,1.0,1.0,1.0,0.0,0.0,21.852093312793386,5014.141460086025,5020.116460086027,1.1154186625588909,0.29,48.0,BREAK_LONG,TIME,1963.11,2023-06-16 06:30:00,2023-06-16 06:35:00,2023-06-16 10:34:00
319783.0,1593130.0,1593174.0,319792.0,1.0,3.0,1960.0,1955.6199037578149,1970.0,1.9167982805568213,0.05,1960.55,1955.6199037578149,1.0,1.0,1.0,1.0,0.0,1.0,24.650481210925363,5020.116460086027,4995.465978875101,1.7501924843700007,0.29,9.0,REV_LONG,STOP,1960.405,2023-06-16 13:35:00,2023-06-16 13:40:00,2023-06-16 14:24:00
320190.0,1595155.0,1595229.0,320205.0,-1.0,2.0,1950.0,1950.821986145348,1940.0,4.185461422190535,0.11,1948.7350000000001,1950.821986145348,1.0,1.0,1.0,1.0,0.0,0.0,22.956847598827608,4995.465978875101,4972.509131276274,0.8219861453480796,0.29,15.0,BREAK_SHORT,STOP,1948.88,2023-06-20 01:30:00,2023-06-20 01:35:00,2023-06-20 02:49:00
321156.0,1599970.0,1599978.0,321158.0,-1.0,4.0,1930.0,1931.784128798833,1920.0,3.1000698380732947,0.08,1928.91,1931.784128798833,1.0,-1.0,-1.0,1.0,1.0,0.0,22.99303039066399,4972.509131276274,4949.51610088561,1.8082575976658004,0.29,2.0,REV_SHORT,STOP,1929.055,2023-06-23 13:00:00,2023-06-23 13:05:00,2023-06-23 13:13:00
321224.0,1600310.0,1600376.0,321238.0,1.0,3.0,1920.0,1918.9506464432684,1930.0,7.406682889959151,0.09,1920.2649999999999,1918.9506464432684,1.0,-1.0,1.0,-1.0,0.0,1.0,11.829182010583281,4949.51610088561,4937.686918875027,0.8187071134631525,0.29,14.0,REV_LONG,STOP,1920.12,2023-06-23 18:40:00,2023-06-23 18:45:00,2023-06-23 19:51:00
321991.0,1604130.0,1604235.0,322013.0,-1.0,4.0,1910.0,1912.3688777736845,1900.0,1.7161198408004323,0.05,1907.815,1912.3688777736845,1.0,1.0,1.0,1.0,1.0,0.0,22.769388868422315,4937.686918875027,4914.9175300066045,1.527755547369147,0.29,22.0,REV_SHORT,STOP,1907.96,2023-06-28 13:35:00,2023-06-28 13:40:00,2023-06-28 15:25:00
322311.0,1605725.0,1605942.0,322355.0,-1.0,4.0,1910.0,1911.5167302951813,1900.0,2.713001840641287,0.07,1908.415,1908.2,4.0,1.0,-1.0,1.0,0.0,1.0,21.712112066269583,4914.9175300066045,4916.422530006604,1.363460590362682,0.29,44.0,REV_SHORT,SESSION,1908.56,2023-06-29 17:15:00,2023-06-29 17:20:00,2023-06-29 20:57:00
322533.0,1606830.0,1606902.0,322548.0,-1.0,4.0,1910.0,1914.8894992095954,1900.0,1.5476090723308076,0.04,1909.045,1914.8894992095954,1.0,-1.0,-1.0,1.0,0.0,1.0,23.377996838381478,4916.422530006604,4893.044533168222,1.936998419190863,0.29,15.0,REV_SHORT,STOP,1909.19,2023-06-30 12:45:00,2023-06-30 12:50:00,2023-06-30 14:02:00
322587.0,1607100.0,1607119.0,322591.0,1.0,1.0,1920.0,1918.8189941209596,1930.0,1.819210616436456,0.06,1922.785,1918.8189941209596,1.0,1.0,1.0,1.0,0.0,0.0,23.796035274242968,4893.044533168222,4869.248497893979,1.1810058790403724,0.29,4.0,BREAK_LONG,STOP,1922.64,2023-06-30 17:15:00,2023-06-30 17:20:00,2023-06-30 17:39:00
322812.0,1608220.0,1608275.0,322824.0,1.0,1.0,1920.0,1918.7333852499487,1930.0,5.640644111876354,0.14,1920.43,1930.0,2.0,1.0,1.0,1.0,0.0,0.0,23.752606500719143,4869.248497893979,5003.228497893979,1.266614750051351,0.29,12.0,BREAK_LONG,TARGET,1920.285,2023-07-03 13:00:00,2023-07-03 13:05:00,2023-07-03 14:00:00
322825.0,1608285.0,1608524.0,322873.0,-1.0,4.0,1930.0,1932.09476053071,1920.0,1.4190679646396263,0.02,1927.095,1921.535,3.0,-1.0,-1.0,-1.0,1.0,0.0,9.999521061419728,5003.228497893979,5014.348497893979,2.0195210614198116,0.29,48.0,REV_SHORT,TIME,1927.24,2023-07-03 14:05:00,2023-07-03 14:10:00,2023-07-03 18:09:00
323079.0,1609550.0,1609789.0,323127.0,-1.0,4.0,1930.0,1930.7498563508802,1920.0,7.175688807133269,0.09,1929.435,1926.28,3.0,-1.0,-1.0,-1.0,1.0,0.0,11.833707157922618,5014.348497893979,5042.743497893978,0.7067127017605648,0.29,48.0,REV_SHORT,TIME,1929.58,2023-07-04 12:15:00,2023-07-04 12:20:00,2023-07-04 16:19:00
323611.0,1612200.0,1612296.0,323631.0,1.0,1.0,1920.0,1918.9770913738491,1930.0,1.8027370259396789,0.03,1922.91,1918.9770913738491,1.0,1.0,1.0,-1.0,0.0,0.0,11.79872587845284,5042.743497893978,5030.944772015526,1.0229086261508804,0.29,20.0,BREAK_LONG,STOP,1922.765,2023-07-06 10:35:00,2023-07-06 10:40:00,2023-07-06 12:16:00
324389.0,1616075.0,1616314.0,324437.0,1.0,1.0,1930.0,1929.234078229004,1940.0,3.115536592249435,0.09,1931.85,1936.98,3.0,1.0,1.0,1.0,0.0,0.0,23.543295938964093,5030.944772015526,5077.114772015527,0.7659217709960073,0.29,48.0,BREAK_LONG,TIME,1931.705,2023-07-11 06:25:00,2023-07-11 06:30:00,2023-07-11 10:29:00
324621.0,1617230.0,1617469.0,324669.0,-1.0,4.0,1940.0,1941.4605754657798,1930.0,5.680309723694433,0.07,1939.7450000000001,1935.57,3.0,-1.0,-1.0,-1.0,1.0,1.0,12.009028260457855,5077.114772015527,5106.339772015528,0.865150931559783,0.29,48.0,REV_SHORT,TIME,1939.89,2023-07-12 02:45:00,2023-07-12 02:50:00,2023-07-12 06:49:00
324752.0,1617885.0,1618124.0,324800.0,1.0,1.0,1950.0,1947.4472262221318,1960.0,1.7939919520773726,0.05,1951.94,1956.815,3.0,1.0,1.0,1.0,0.0,0.0,22.463868889341256,5106.339772015528,5130.714772015528,2.5527737778681208,0.29,48.0,BREAK_LONG,TIME,1951.795,2023-07-12 13:40:00,2023-07-12 13:45:00,2023-07-12 17:44:00
324943.0,1618835.0,1619061.0,324989.0,1.0,1.0,1960.0,1958.8300592686408,1970.0,1.986662499140667,0.06,1962.57,1958.8300592686408,1.0,1.0,1.0,1.0,0.0,0.0,22.439644388155102,5130.714772015528,5108.275127627373,1.1699407313592562,0.29,46.0,BREAK_LONG,STOP,1962.425,2023-07-13 06:35:00,2023-07-13 06:40:00,2023-07-13 10:26:00
326581.0,1626995.0,1627021.0,326587.0,1.0,3.0,1970.0,1968.7938463811354,1980.0,5.766373294855704,0.07,1970.45,1968.7938463811354,1.0,-1.0,-1.0,-1.0,0.0,1.0,11.593075332052651,5108.275127627373,5096.68205229532,0.5823072377294832,0.29,6.0,REV_LONG,STOP,1970.305,2023-07-21 05:05:00,2023-07-21 05:10:00,2023-07-21 05:36:00
326905.0,1628610.0,1628849.0,326953.0,1.0,3.0,1960.0,1958.899033208042,1970.0,2.723948492786474,0.04,1961.8799999999999,1966.355,3.0,-1.0,1.0,-1.0,0.0,1.0,11.923867167831304,5096.68205229532,5114.582052295321,1.0819335839160042,0.29,48.0,REV_LONG,TIME,1961.735,2023-07-24 09:05:00,2023-07-24 09:10:00,2023-07-24 13:09:00
327533.0,1631740.0,1631841.0,327554.0,1.0,1.0,1970.0,1968.3677222180024,1980.0,1.4072038708811263,0.05,1973.2,1968.3677222180024,1.0,1.0,1.0,1.0,0.0,0.0,24.16138890998809,5114.582052295321,5090.420663385333,1.6322777819975327,0.29,21.0,BREAK_LONG,STOP,1973.055,2023-07-26 15:25:00,2023-07-26 15:30:00,2023-07-26 17:11:00
327653.0,1632335.0,1632361.0,327659.0,1.0,1.0,1980.0,1979.0644314966767,1990.0,7.067145611979586,0.18,1980.42,1979.0644314966767,1.0,1.0,1.0,1.0,0.0,1.0,24.400233059821403,5090.420663385333,5066.020430325511,0.9355685033234238,0.29,6.0,BREAK_LONG,STOP,1980.275,2023-07-27 02:25:00,2023-07-27 02:30:00,2023-07-27 02:56:00
328072.0,1634425.0,1634468.0,328081.0,-1.0,4.0,1960.0,1961.738253659731,1950.0,4.020094210429455,0.1,1959.4,1961.738253659731,1.0,-1.0,-1.0,1.0,1.0,0.0,23.382536597309812,5066.020430325511,5042.637893728202,2.1565073194621385,0.29,9.0,REV_SHORT,STOP,1959.545,2023-07-28 14:20:00,2023-07-28 14:25:00,2023-07-28 15:08:00
328365.0,1635885.0,1636043.0,328397.0,1.0,1.0,1970.0,1968.5991394445955,1980.0,3.2056241265067427,0.04,1971.31,1968.5991394445955,1.0,1.0,1.0,-1.0,0.0,0.0,10.843442221617806,5042.637893728202,5031.794451506584,1.400860555404514,0.29,32.0,BREAK_LONG,STOP,1971.165,2023-07-31 15:45:00,2023-07-31 15:50:00,2023-07-31 18:28:00
328510.0,1636605.0,1636611.0,328512.0,1.0,3.0,1960.0,1958.6036550107506,1970.0,5.880417463280771,0.07,1960.26,1958.6036550107506,1.0,-1.0,-1.0,-1.0,0.0,1.0,11.594414924745934,5031.794451506584,5020.200036581838,0.7626899784986723,0.29,2.0,REV_LONG,STOP,1960.115,2023-08-01 04:50:00,2023-08-01 04:55:00,2023-08-01 05:01:00
328735.0,1637725.0,1637964.0,328783.0,-1.0,2.0,1950.0,1950.9884909176947,1940.0,3.6989666859718704,0.1,1948.65,1947.55,3.0,1.0,1.0,1.0,0.0,0.0,23.384909176945712,5020.200036581838,5031.2000365818385,0.9884909176947503,0.29,48.0,BREAK_SHORT,TIME,1948.795,2023-08-02 00:35:00,2023-08-02 00:40:00,2023-08-02 04:39:00
329435.0,1641215.0,1641220.0,329437.0,-1.0,4.0,1940.0,1943.6826545839747,1930.0,1.8608912359720864,0.05,1938.9,1943.6826545839747,1.0,-1.0,-1.0,1.0,1.0,1.0,23.913272919872952,5031.2000365818385,5007.286763661966,2.595309167949472,0.29,2.0,REV_SHORT,STOP,1939.045,2023-08-04 12:55:00,2023-08-04 13:00:00,2023-08-04 13:05:00
329605.0,1642060.0,1642299.0,329653.0,-1.0,2.0,1940.0,1940.751794028519,1930.0,2.858122960824762,0.04,1937.965,1936.0,3.0,1.0,1.0,-1.0,0.0,0.0,11.147176114076501,5007.286763661966,5015.146763661965,0.7517940285189982,0.29,48.0,BREAK_SHORT,TIME,1938.11,2023-08-07 04:05:00,2023-08-07 04:10:00,2023-08-07 08:09:00
329717.0,1642620.0,1642622.0,329718.0,1.0,1.0,1940.0,1938.7699133049111,1950.0,3.80928040860656,0.1,1941.105,1938.7699133049111,1.0,1.0,1.0,1.0,0.0,1.0,23.35086695088876,5015.146763661965,4991.795896711076,1.2300866950888734,0.29,1.0,BREAK_LONG,STOP,1940.96,2023-08-07 13:25:00,2023-08-07 13:30:00,2023-08-07 13:32:00
330143.0,1644740.0,1644815.0,330159.0,-1.0,4.0,1930.0,1931.135392844361,1920.0,6.068327677264283,0.15,1929.56,1931.135392844361,1.0,1.0,-1.0,1.0,1.0,1.0,23.63089266541465,4991.795896711076,4968.165004045662,0.76078568872143,0.29,16.0,REV_SHORT,STOP,1929.705,2023-08-09 02:55:00,2023-08-09 03:00:00,2023-08-09 04:15:00
330192.0,1644985.0,1645056.0,330207.0,1.0,3.0,1930.0,1929.2942637222782,1940.0,6.588758045558134,0.17,1930.705,1929.2942637222782,1.0,-1.0,1.0,1.0,0.0,0.0,23.982516721269807,4968.165004045662,4944.182487324391,0.8014725554436629,0.29,15.0,REV_LONG,STOP,1930.56,2023-08-09 07:00:00,2023-08-09 07:05:00,2023-08-09 08:16:00
330556.0,1646800.0,1647039.0,330604.0,-1.0,2.0,1920.0,1922.23013745852,1910.0,1.0400095149010131,0.02,1916.2350000000001,1914.61,3.0,1.0,1.0,-1.0,0.0,0.0,11.990274917039642,4944.182487324391,4947.432487324391,2.230137458520008,0.29,48.0,BREAK_SHORT,TIME,1916.38,2023-08-10 14:20:00,2023-08-10 14:25:00,2023-08-10 18:24:00
331087.0,1649445.0,1649456.0,331090.0,-1.0,2.0,1910.0,1911.2734493084624,1900.0,1.7915292349564997,0.06,1907.2350000000001,1911.2734493084624,1.0,1.0,1.0,1.0,0.0,0.0,24.230695850773827,4947.432487324391,4923.201791473617,1.2734493084625005,0.29,3.0,BREAK_SHORT,STOP,1907.38,2023-08-14 12:35:00,2023-08-14 12:40:00,2023-08-14 12:51:00
331688.0,1652440.0,1652457.0,331692.0,1.0,3.0,1900.0,1898.7073247916644,1910.0,5.095334550561035,0.06,1900.56,1898.7073247916644,1.0,-1.0,-1.0,-1.0,1.0,1.0,11.116051250013243,4923.201791473617,4912.085740223603,1.0353504166708885,0.29,4.0,REV_LONG,STOP,1900.415,2023-08-16 16:40:00,2023-08-16 16:45:00,2023-08-16 17:02:00
331783.0,1652910.0,1653149.0,331831.0,1.0,3.0,1890.0,1889.087930261907,1900.0,2.450926336834718,0.03,1892.25,1892.465,3.0,-1.0,-1.0,-1.0,0.0,0.0,9.486209214278688,4912.085740223603,4912.730740223603,1.0451394761858817,0.29,48.0,REV_LONG,TIME,1892.105,2023-08-17 01:35:00,2023-08-17 01:40:00,2023-08-17 05:39:00
332191.0,1654945.0,1655184.0,332239.0,1.0,3.0,1890.0,1888.2006531371444,1900.0,4.426616638046082,0.05,1890.375,1890.38,3.0,-1.0,-1.0,-1.0,0.0,0.0,10.871734314278001,4912.730740223603,4912.755740223603,1.02869372571121,0.29,48.0,REV_LONG,TIME,1890.23,2023-08-18 12:35:00,2023-08-18 12:40:00,2023-08-18 16:39:00
332456.0,1656265.0,1656391.0,332482.0,1.0,1.0,1890.0,1889.0805272299372,1900.0,1.971711440897791,0.06,1892.7549999999999,1889.0805272299372,1.0,1.0,1.0,1.0,0.0,0.0,22.046836620376325,4912.755740223603,4890.708903603227,0.9194727700629517,0.29,26.0,BREAK_LONG,STOP,1892.61,2023-08-21 11:40:00,2023-08-21 11:45:00,2023-08-21 13:51:00
332670.0,1657330.0,1657382.0,332681.0,-1.0,4.0,1900.0,1900.7712478876983,1890.0,6.3712666949780665,0.08,1899.31,1900.7712478876983,1.0,-1.0,-1.0,-1.0,1.0,0.0,11.689983101587131,4890.708903603227,4879.0189205016395,0.8524957753965252,0.29,11.0,REV_SHORT,STOP,1899.455,2023-08-22 06:30:00,2023-08-22 06:35:00,2023-08-22 07:27:00
333032.0,1659135.0,1659135.0,333033.0,-1.0,4.0,1910.0,1913.1434453368186,1900.0,2.2030267879743772,0.05,1909.04,1913.1434453368186,1.0,-1.0,-1.0,1.0,1.0,1.0,20.517226684092975,4879.0189205016395,4858.501693817547,1.796890673637388,0.29,1.0,REV_SHORT,STOP,1909.185,2023-08-23 13:40:00,2023-08-23 13:45:00,2023-08-23 13:45:00
333567.0,1661800.0,1661903.0,333588.0,-1.0,4.0,1920.0,1920.7393587139727,1910.0,8.598494054571436,0.21,1919.6205,1920.7393587139727,1.0,-1.0,-1.0,1.0,1.0,0.0,23.49603299342698,4858.501693817547,4835.005660824119,0.7387174279454948,0.29,21.0,REV_SHORT,STOP,1919.7655,2023-08-25 12:15:00,2023-08-25 12:20:00,2023-08-25 14:03:00
333609.0,1662010.0,1662108.0,333629.0,-1.0,4.0,1910.0,1911.8790368261823,1900.0,3.85049334464286,0.09,1909.43,1911.8790368261823,1.0,1.0,1.0,1.0,1.0,0.0,22.041331435640128,4835.005660824119,4812.964329388479,2.288073652364776,0.29,20.0,REV_SHORT,STOP,1909.575,2023-08-25 15:45:00,2023-08-25 15:50:00,2023-08-25 17:28:00
333940.0,1663660.0,1663665.0,333942.0,1.0,1.0,1920.0,1919.545546868517,1930.0,11.836162975330794,0.29,1920.36,1919.545546868517,1.0,1.0,1.0,1.0,0.0,1.0,23.619140813003465,4812.964329388479,4789.345188575476,0.45445313148304933,0.29,2.0,BREAK_LONG,STOP,1920.215,2023-08-28 20:20:00,2023-08-28 20:25:00,2023-08-28 20:30:00
334144.0,1664675.0,1664914.0,334192.0,1.0,1.0,1930.0,1927.7979260802847,1940.0,2.1150992219729057,0.03,1931.715,1935.88,3.0,1.0,1.0,-1.0,0.0,1.0,11.751221759145663,4789.345188575476,4801.8401885754765,2.2020739197152444,0.29,48.0,BREAK_LONG,TIME,1931.57,2023-08-29 14:20:00,2023-08-29 14:25:00,2023-08-29 18:24:00
334734.0,1667615.0,1667817.0,334775.0,1.0,3.0,1940.0,1938.6794768564562,1950.0,5.019879724644415,0.06,1940.56,1939.66,4.0,1.0,-1.0,-1.0,1.0,1.0,11.283138861262614,4801.8401885754765,4796.440188575478,0.8610462870874545,0.29,41.0,REV_LONG,SESSION,1940.415,2023-08-31 17:30:00,2023-08-31 17:35:00,2023-08-31 20:57:00
334841.0,1668145.0,1668270.0,334867.0,-1.0,2.0,1940.0,1940.5928850528883,1930.0,6.7439877206938155,0.17,1939.225,1940.5928850528883,1.0,1.0,1.0,1.0,0.0,0.0,23.25404589910227,4796.440188575478,4773.186142676375,0.5928850528883293,0.29,26.0,BREAK_SHORT,STOP,1939.37,2023-09-01 03:25:00,2023-09-01 03:30:00,2023-09-01 05:35:00
336171.0,1674770.0,1674775.0,336173.0,-1.0,4.0,1920.0,1920.2429014340864,1910.0,20.659696282954194,0.5,1919.77,1920.2429014340864,1.0,1.0,-1.0,1.0,0.0,0.0,23.645071704322618,4773.186142676375,4749.541070972053,0.28580286817295986,0.29,2.0,REV_SHORT,STOP,1919.915,2023-09-07 23:15:00,2023-09-07 23:20:00,2023-09-07 23:25:00
337197.0,1679885.0,1679957.0,337212.0,1.0,3.0,1910.0,1908.7703747031003,1920.0,6.438683837613109,0.15,1910.28,1908.7703747031003,1.0,-1.0,-1.0,1.0,0.0,0.0,22.644379453495276,4749.541070972053,4726.896691518557,1.4392505937996567,0.29,15.0,REV_LONG,STOP,1910.135,2023-09-13 15:45:00,2023-09-13 15:50:00,2023-09-13 17:02:00
337907.0,1683420.0,1683659.0,337955.0,-1.0,4.0,1930.0,1930.9573736876628,1920.0,8.267267871397927,0.19,1929.775,1927.145,3.0,-1.0,-1.0,1.0,1.0,1.0,22.465100065590832,4726.896691518557,4776.8666915185595,0.5347473753253918,0.29,48.0,REV_SHORT,TIME,1929.92,2023-09-18 05:55:00,2023-09-18 06:00:00,2023-09-18 09:59:00
338811.0,1687925.0,1688033.0,338833.0,-1.0,2.0,1920.0,1921.1125327245325,1910.0,1.0917579807492501,0.04,1915.8,1921.1125327245325,1.0,1.0,1.0,1.0,0.0,0.0,21.25013089813001,4776.8666915185595,4755.6165606204295,1.1125327245323444,0.29,22.0,BREAK_SHORT,STOP,1915.945,2023-09-21 12:15:00,2023-09-21 12:20:00,2023-09-21 14:08:00
338893.0,1688335.0,1688384.0,338903.0,1.0,3.0,1920.0,1919.2607537936613,1930.0,8.385433088479504,0.1,1920.405,1919.2607537936613,1.0,-1.0,-1.0,-1.0,1.0,1.0,11.442462063387211,4755.6165606204295,4744.174098557042,0.6684924126775028,0.29,10.0,REV_LONG,STOP,1920.26,2023-09-21 19:05:00,2023-09-21 19:10:00,2023-09-21 19:59:00
340494.0,1696310.0,1696339.0,340500.0,1.0,3.0,1860.0,1857.8074208044911,1870.0,3.4783193875945377,0.08,1860.53,1857.8074208044911,1.0,-1.0,-1.0,1.0,1.0,0.0,21.78063356407074,4744.174098557042,4722.3934649929715,2.575158391017571,0.29,6.0,REV_LONG,STOP,1860.385,2023-09-29 14:30:00,2023-09-29 14:35:00,2023-09-29 15:04:00
340668.0,1697175.0,1697351.0,340704.0,1.0,3.0,1840.0,1839.0723132620064,1850.0,3.2976928988965923,0.04,1841.615,1839.0723132620064,1.0,-1.0,-1.0,-1.0,0.0,1.0,10.170746951974252,4722.3934649929715,4712.222718040997,0.7853734759870227,0.29,36.0,REV_LONG,STOP,1841.47,2023-10-02 06:00:00,2023-10-02 06:05:00,2023-10-02 09:01:00
340937.0,1698515.0,1698551.0,340945.0,-1.0,2.0,1820.0,1820.8256635445318,1810.0,6.2380339710157005,0.15,1819.33,1820.8256635445318,1.0,1.0,1.0,1.0,0.0,1.0,22.43495316797862,4712.222718040997,4689.787764873019,0.8256635445318561,0.29,8.0,BREAK_SHORT,STOP,1819.475,2023-10-03 05:25:00,2023-10-03 05:30:00,2023-10-03 06:06:00
341532.0,1701480.0,1701681.0,341573.0,1.0,3.0,1820.0,1819.3239303606344,1830.0,8.356194636203078,0.1,1820.465,1819.3239303606344,1.0,-1.0,-1.0,-1.0,1.0,0.0,11.41069639365469,4689.787764873019,4678.377068479364,0.7821392787308638,0.29,41.0,REV_LONG,STOP,1820.32,2023-10-05 09:00:00,2023-10-05 09:05:00,2023-10-05 12:26:00
341589.0,1701765.0,1702004.0,341637.0,-1.0,4.0,1820.0,1822.929546671433,1810.0,2.8716472454282846,0.03,1819.59,1818.215,3.0,1.0,1.0,-1.0,0.0,1.0,10.01864001429908,4678.377068479364,4682.502068479364,2.059093342865667,0.29,48.0,REV_SHORT,TIME,1819.735,2023-10-05 13:45:00,2023-10-05 13:50:00,2023-10-05 17:49:00
341716.0,1702395.0,1702634.0,341764.0,1.0,3.0,1820.0,1819.4457712088508,1830.0,8.104526105399936,0.2,1820.605,1821.905,3.0,-1.0,-1.0,1.0,0.0,0.0,23.18457582298379,4682.502068479364,4708.5020684793635,0.5884575822982488,0.29,48.0,REV_LONG,TIME,1820.46,2023-10-06 01:20:00,2023-10-06 01:25:00,2023-10-06 05:24:00
341780.0,1702715.0,1702770.0,341792.0,-1.0,2.0,1820.0,1820.6434818959601,1810.0,5.637731253951408,0.07,1819.04,1820.6434818959601,1.0,1.0,1.0,-1.0,0.0,0.0,11.224373271721106,4708.5020684793635,4697.277695207642,0.6434818959601292,0.29,12.0,BREAK_SHORT,STOP,1819.185,2023-10-06 06:40:00,2023-10-06 06:45:00,2023-10-06 07:40:00
341988.0,1703750.0,1703989.0,342036.0,-1.0,4.0,1850.0,1853.706601079667,1840.0,2.2352824403151645,0.02,1849.47,1851.28,3.0,-1.0,-1.0,-1.0,0.0,1.0,8.47320215933405,4697.277695207642,4693.657695207642,1.6332021593338701,0.29,48.0,REV_SHORT,TIME,1849.615,2023-10-09 01:00:00,2023-10-09 01:05:00,2023-10-09 05:04:00
342151.0,1704565.0,1704804.0,342199.0,1.0,1.0,1850.0,1848.42354817448,1860.0,1.94083411626431,0.05,1852.36,1855.3,3.0,1.0,1.0,1.0,0.0,1.0,19.682259127599767,4693.657695207642,4708.357695207643,1.576451825520066,0.29,48.0,BREAK_LONG,TIME,1852.215,2023-10-09 14:35:00,2023-10-09 14:40:00,2023-10-09 18:39:00
342441.0,1706010.0,1706012.0,342442.0,-1.0,4.0,1860.0,1861.3622809808246,1850.0,5.918597434599494,0.07,1859.72,1861.3622809808246,1.0,-1.0,-1.0,-1.0,0.0,0.0,11.495966865772063,4708.357695207643,4696.861728341871,1.5245619616495631,0.29,1.0,REV_SHORT,STOP,1859.865,2023-10-10 15:45:00,2023-10-10 15:50:00,2023-10-10 15:52:00
342584.0,1706720.0,1706728.0,342586.0,1.0,3.0,1860.0,1859.6295694874943,1870.0,18.013293673038692,0.43,1860.175,1859.6295694874943,1.0,1.0,-1.0,1.0,0.0,0.0,23.453512037741575,4696.861728341871,4673.408216304129,0.44086102501126634,0.29,2.0,REV_LONG,STOP,1860.03,2023-10-11 04:40:00,2023-10-11 04:45:00,2023-10-11 04:53:00
342877.0,1708180.0,1708207.0,342883.0,-1.0,4.0,1880.0,1880.4986331836171,1870.0,6.533283009499145,0.08,1879.105,1880.4986331836171,1.0,-1.0,-1.0,-1.0,0.0,0.0,11.149065468936897,4673.408216304129,4662.2591508351925,0.5872663672342854,0.29,6.0,REV_SHORT,STOP,1879.25,2023-10-12 06:05:00,2023-10-12 06:10:00,2023-10-12 06:37:00
343012.0,1708855.0,1709067.0,343055.0,1.0,3.0,1870.0,1867.4288734347208,1880.0,3.008488274821822,0.03,1870.565,1868.69,4.0,1.0,-1.0,-1.0,1.0,1.0,9.408379695837766,4662.2591508351925,4656.6341508351925,1.262253130558301,0.29,43.0,REV_LONG,SESSION,1870.42,2023-10-12 17:20:00,2023-10-12 17:25:00,2023-10-12 20:57:00
344073.0,1714140.0,1714195.0,344085.0,-1.0,4.0,1960.0,1963.9372156146894,1950.0,1.3633552722700137,0.03,1958.04,1950.0,2.0,-1.0,-1.0,1.0,1.0,0.0,17.691646844068373,4656.6341508351925,4680.754150835192,2.5144312293788804,0.29,12.0,REV_SHORT,TARGET,1958.185,2023-10-18 13:45:00,2023-10-18 13:50:00,2023-10-18 14:45:00
344194.0,1714740.0,1714782.0,344203.0,1.0,3.0,1950.0,1948.222579242433,1960.0,4.182764115470188,0.05,1950.495,1948.222579242433,1.0,1.0,-1.0,-1.0,0.0,1.0,11.36210378783403,4680.754150835192,4669.392047047359,0.9748415151338279,0.29,9.0,REV_LONG,STOP,1950.35,2023-10-19 00:50:00,2023-10-19 00:55:00,2023-10-19 01:37:00
344274.0,1715140.0,1715204.0,344287.0,1.0,1.0,1950.0,1948.7983923233112,1960.0,3.53211396870862,0.04,1951.27,1948.7983923233112,1.0,1.0,1.0,-1.0,0.0,0.0,9.886430706755164,4669.392047047359,4659.505616340603,1.201607676688857,0.29,13.0,BREAK_LONG,STOP,1951.125,2023-10-19 07:30:00,2023-10-19 07:35:00,2023-10-19 08:39:00
344389.0,1715715.0,1715727.0,344392.0,1.0,1.0,1960.0,1957.5084480287496,1970.0,1.3945993522338866,0.04,1962.725,1970.0,2.0,1.0,1.0,1.0,0.0,1.0,20.86620788500113,4659.505616340603,4688.605616340604,2.4915519712503897,0.29,3.0,BREAK_LONG,TARGET,1962.58,2023-10-19 17:05:00,2023-10-19 17:10:00,2023-10-19 17:22:00
344657.0,1717050.0,1717068.0,344661.0,1.0,3.0,1990.0,1986.60496412663,2000.0,2.0757578726910597,0.05,1990.96,1986.60496412663,1.0,1.0,1.0,1.0,1.0,1.0,21.775179366850352,4688.605616340604,4666.830436973753,2.1200717467398786,0.29,4.0,REV_LONG,STOP,1990.815,2023-10-20 16:25:00,2023-10-20 16:30:00,2023-10-20 16:48:00
344670.0,1717115.0,1717154.0,344678.0,1.0,3.0,1980.0,1976.1295644961328,1990.0,1.1739010598038837,0.03,1982.51,1976.1295644961328,1.0,1.0,1.0,1.0,0.0,0.0,19.141306511601442,4666.830436973753,4647.689130462152,3.150871007734263,0.29,8.0,REV_LONG,STOP,1982.365,2023-10-20 17:30:00,2023-10-20 17:35:00,2023-10-20 18:14:00
344748.0,1717500.0,1717590.0,344767.0,-1.0,2.0,1970.0,1971.8680728571592,1960.0,1.027665321582821,0.01,1966.015,1971.8680728571592,1.0,1.0,1.0,-1.0,0.0,0.0,5.853072857159077,4647.689130462152,4641.836057604993,1.8680728571592573,0.29,19.0,BREAK_SHORT,STOP,1966.16,2023-10-23 01:00:00,2023-10-23 01:05:00,2023-10-23 02:35:00
345126.0,1719385.0,1719470.0,345144.0,-1.0,2.0,1970.0,1971.5211814528702,1960.0,1.4300233111507268,0.02,1966.78,1960.0,2.0,1.0,1.0,-1.0,0.0,0.0,9.482362905740501,4641.836057604993,4655.396057604993,1.5211814528701688,0.29,18.0,BREAK_SHORT,TARGET,1966.925,2023-10-24 09:30:00,2023-10-24 09:35:00,2023-10-24 11:00:00
346561.0,1726535.0,1726585.0,346572.0,1.0,1.0,2000.0,1998.0216464653936,2010.0,1.5226330447611227,0.02,2002.77,1998.0216464653936,1.0,1.0,1.0,-1.0,0.0,0.0,9.496707069212789,4655.396057604993,4645.89935053578,1.9783535346065046,0.29,11.0,BREAK_LONG,STOP,2002.625,2023-10-31 14:05:00,2023-10-31 14:10:00,2023-10-31 15:00:00
346842.0,1727935.0,1728002.0,346856.0,-1.0,4.0,1990.0,1992.5311160329536,1980.0,3.554920942211209,0.08,1989.78,1980.0,2.0,-1.0,-1.0,1.0,1.0,1.0,22.00892826362906,4645.89935053578,4724.13935053578,2.2222320659070145,0.29,14.0,REV_SHORT,TARGET,1989.925,2023-11-01 14:30:00,2023-11-01 14:35:00,2023-11-01 15:42:00
347915.0,1733280.0,1733310.0,347922.0,-1.0,2.0,1960.0,1961.3585901347285,1950.0,3.2724111499377737,0.08,1958.7,1961.3585901347285,1.0,1.0,1.0,1.0,0.0,1.0,21.26872107782765,4724.13935053578,4702.870629457952,1.3585901347284801,0.29,7.0,BREAK_SHORT,STOP,1958.845,2023-11-07 12:55:00,2023-11-07 13:00:00,2023-11-07 13:30:00
348065.0,1734025.0,1734264.0,348113.0,-1.0,4.0,1970.0,1971.49141993877,1960.0,3.4951221685037175,0.09,1968.935,1968.625,3.0,1.0,-1.0,1.0,0.0,0.0,23.007779448929792,4702.870629457952,4705.660629457952,0.7828398775402173,0.29,48.0,REV_SHORT,TIME,1969.08,2023-11-08 02:25:00,2023-11-08 02:30:00,2023-11-08 06:29:00
348219.0,1734795.0,1735034.0,348267.0,-1.0,2.0,1960.0,1961.5639851769643,1950.0,2.2955354878326437,0.06,1958.055,1951.095,3.0,1.0,1.0,1.0,0.0,0.0,21.053911061785126,4705.660629457952,4747.420629457953,1.563985176964204,0.29,48.0,BREAK_SHORT,TIME,1958.2,2023-11-08 15:15:00,2023-11-08 15:20:00,2023-11-08 19:19:00
348318.0,1735285.0,1735287.0,348319.0,-1.0,2.0,1950.0,1950.5902316383022,1940.0,7.30455528252286,0.09,1949.315,1950.5902316383022,1.0,1.0,1.0,-1.0,0.0,0.0,11.477084744718923,4747.420629457953,4735.943544713234,0.5902316383020779,0.29,1.0,BREAK_SHORT,STOP,1949.46,2023-11-09 00:30:00,2023-11-09 00:35:00,2023-11-09 00:37:00
348728.0,1737330.0,1737569.0,348776.0,-1.0,2.0,1950.0,1951.0407261760195,1940.0,3.1573285211835187,0.08,1948.385,1942.15,3.0,1.0,1.0,1.0,0.0,0.0,21.245809408155765,4735.943544713234,4785.823544713233,1.0407261760195656,0.29,48.0,BREAK_SHORT,TIME,1948.53,2023-11-10 11:40:00,2023-11-10 11:45:00,2023-11-10 15:44:00
349495.0,1741150.0,1741170.0,349500.0,-1.0,4.0,1970.0,1970.96831061514,1960.0,5.116235816896593,0.06,1969.175,1970.96831061514,1.0,-1.0,-1.0,-1.0,1.0,1.0,10.759863690839664,4785.823544713233,4775.063681022393,0.7766212302798751,0.29,5.0,REV_SHORT,STOP,1969.32,2023-11-15 06:35:00,2023-11-15 06:40:00,2023-11-15 07:00:00
349871.0,1743025.0,1743040.0,349875.0,-1.0,4.0,1980.0,1983.7929076430207,1970.0,2.3212652022736453,0.02,1979.64,1983.7929076430207,1.0,-1.0,-1.0,-1.0,1.0,0.0,8.305815286041252,4775.063681022393,4766.757865736352,2.0558152860414265,0.29,4.0,REV_SHORT,STOP,1979.785,2023-11-16 14:55:00,2023-11-16 15:00:00,2023-11-16 15:15:00
350080.0,1744065.0,1744175.0,350103.0,1.0,1.0,1990.0,1988.8122392374628,2000.0,3.579965805131623,0.09,1991.2549999999999,1988.8122392374628,1.0,1.0,1.0,1.0,0.0,0.0,21.98484686283382,4766.757865736352,4744.773018873519,1.1877607625371347,0.29,23.0,BREAK_LONG,STOP,1991.11,2023-11-17 09:20:00,2023-11-17 09:25:00,2023-11-17 11:15:00
350331.0,1745315.0,1745326.0,350334.0,1.0,3.0,1980.0,1978.5847290010126,1990.0,4.500617030044262,0.11,1980.66,1978.5847290010126,1.0,1.0,1.0,1.0,0.0,1.0,22.827980988861782,4744.773018873519,4721.945037884657,1.060541997974951,0.29,3.0,REV_LONG,STOP,1980.515,2023-11-20 07:15:00,2023-11-20 07:20:00,2023-11-20 07:31:00
350757.0,1747440.0,1747567.0,350783.0,-1.0,4.0,2000.0,2001.3379250851485,1990.0,6.444834414847819,0.15,1999.815,1998.67,4.0,-1.0,-1.0,1.0,1.0,1.0,22.843876277227082,4721.945037884657,4739.120037884657,1.175850170297248,0.29,26.0,REV_SHORT,SESSION,1999.96,2023-11-21 19:45:00,2023-11-21 19:50:00,2023-11-21 21:57:00
351002.0,1748660.0,1748753.0,351021.0,1.0,3.0,1990.0,1987.9338348090978,2000.0,3.0004987880961065,0.03,1990.95,1987.9338348090978,1.0,-1.0,-1.0,-1.0,1.0,0.0,9.048495572706768,4739.120037884657,4730.07154231195,1.5423303818042846,0.29,19.0,REV_LONG,STOP,1990.805,2023-11-22 17:10:00,2023-11-22 17:15:00,2023-11-22 18:48:00
351644.0,1751855.0,1751890.0,351652.0,1.0,1.0,2010.0,2007.9826390958776,2020.0,1.4290447244527382,0.04,2012.93,2007.9826390958776,1.0,1.0,1.0,1.0,0.0,0.0,19.789443616489734,4730.07154231195,4710.28209869546,2.017360904122259,0.29,8.0,BREAK_LONG,STOP,2012.785,2023-11-27 01:40:00,2023-11-27 01:45:00,2023-11-27 02:20:00
351829.0,1752780.0,1752859.0,351845.0,-1.0,4.0,2010.0,2012.0613221836313,2000.0,4.405459718955458,0.05,2009.83,2012.0613221836313,1.0,-1.0,1.0,-1.0,0.0,1.0,11.156610918156957,4710.28209869546,4699.1254877773035,1.5926443672625479,0.29,16.0,REV_SHORT,STOP,2009.975,2023-11-27 17:05:00,2023-11-27 17:10:00,2023-11-27 18:29:00
352870.0,1757965.0,1758135.0,352905.0,-1.0,2.0,2040.0,2041.172902958495,2030.0,2.382752414738412,0.07,2037.8700000000001,2041.172902958495,1.0,1.0,1.0,1.0,0.0,0.0,23.12032070946339,4699.1254877773035,4676.00516706784,1.1729029584948867,0.29,35.0,BREAK_SHORT,STOP,2038.015,2023-12-01 11:50:00,2023-12-01 11:55:00,2023-12-01 14:45:00
353288.0,1760045.0,1760284.0,353336.0,-1.0,4.0,2040.0,2042.0739563221807,2030.0,2.846487520983512,0.07,2038.935,2035.635,3.0,1.0,-1.0,1.0,0.0,1.0,21.972694255265427,4676.00516706784,4699.10516706784,1.5479126443615057,0.29,48.0,REV_SHORT,TIME,2039.08,2023-12-05 00:40:00,2023-12-05 00:45:00,2023-12-05 04:44:00
353718.0,1762190.0,1762241.0,353729.0,-1.0,4.0,2030.0,2032.575177596216,2020.0,2.6395169990649032,0.06,2029.1200000000001,2032.575177596216,1.0,1.0,-1.0,1.0,1.0,0.0,20.73106557729534,4699.10516706784,4678.3741014905445,1.9603551924321874,0.29,11.0,REV_SHORT,STOP,2029.265,2023-12-06 13:30:00,2023-12-06 13:35:00,2023-12-06 14:26:00
353774.0,1762470.0,1762692.0,353819.0,-1.0,4.0,2030.0,2032.0402919524215,2020.0,2.642731754331411,0.07,2028.7350000000001,2025.62,4.0,1.0,-1.0,1.0,0.0,1.0,23.137043666949697,4678.3741014905445,4700.179101490547,1.6605839048431572,0.29,45.0,REV_SHORT,SESSION,2028.88,2023-12-06 18:10:00,2023-12-06 18:15:00,2023-12-06 21:57:00
353971.0,1763450.0,1763634.0,354008.0,1.0,3.0,2030.0,2029.0556143633632,2040.0,3.4052684395055675,0.09,2031.54,2029.0556143633632,1.0,1.0,1.0,1.0,0.0,0.0,22.359470729730447,4700.179101490547,4677.819630760816,1.1587712732736548,0.29,37.0,REV_LONG,STOP,2031.395,2023-12-07 11:35:00,2023-12-07 11:40:00,2023-12-07 14:44:00
354282.0,1765000.0,1765044.0,354291.0,-1.0,2.0,2010.0,2013.5964627377407,2000.0,1.433823221604335,0.04,2008.01,2013.5964627377407,1.0,1.0,1.0,1.0,0.0,0.0,22.345850950962813,4677.819630760816,4655.473779809853,3.596462737740794,0.29,9.0,BREAK_SHORT,STOP,2008.155,2023-12-08 14:30:00,2023-12-08 14:35:00,2023-12-08 15:19:00
354334.0,1765260.0,1765334.0,354349.0,-1.0,4.0,2000.0,2001.631726803102,1990.0,3.5673241389433477,0.09,1999.085,2001.631726803102,1.0,1.0,1.0,1.0,1.0,1.0,22.92054122791842,4655.473779809853,4632.553238581935,1.5634536062044297,0.29,15.0,REV_SHORT,STOP,1999.23,2023-12-08 18:50:00,2023-12-08 18:55:00,2023-12-08 20:09:00
354561.0,1766390.0,1766535.0,354591.0,-1.0,2.0,1990.0,1991.7204677077825,1980.0,2.6450273406308384,0.07,1988.505,1980.0,2.0,1.0,1.0,1.0,0.0,1.0,22.508273954476866,4632.553238581935,4692.088238581936,1.7204677077824515,0.29,30.0,BREAK_SHORT,TARGET,1988.65,2023-12-11 14:45:00,2023-12-11 14:50:00,2023-12-11 17:15:00
354820.0,1767680.0,1767685.0,354822.0,-1.0,4.0,1990.0,1993.2618164507362,1980.0,2.338980190858983,0.02,1989.29,1993.2618164507362,1.0,1.0,-1.0,-1.0,1.0,1.0,7.943632901472483,4692.088238581936,4684.144605680463,1.2636329014723315,0.29,2.0,REV_SHORT,STOP,1989.435,2023-12-12 13:20:00,2023-12-12 13:25:00,2023-12-12 13:30:00
355772.0,1772420.0,1772436.0,355776.0,-1.0,4.0,2020.0,2021.1235834001143,2010.0,6.652525062710633,0.16,2019.67,2021.1235834001143,1.0,1.0,-1.0,1.0,0.0,1.0,23.257334401827393,4684.144605680463,4660.887271278636,1.117166800228641,0.29,4.0,REV_SHORT,STOP,2019.815,2023-12-18 00:40:00,2023-12-18 00:45:00,2023-12-18 01:01:00
355897.0,1773045.0,1773050.0,355899.0,-1.0,2.0,2020.0,2021.1368091664729,2010.0,6.176661542595532,0.15,2019.585,2021.1368091664729,1.0,1.0,1.0,1.0,0.0,1.0,23.277137497092326,4660.887271278636,4637.6101337815435,1.1368091664728053,0.29,2.0,BREAK_SHORT,STOP,2019.73,2023-12-18 11:05:00,2023-12-18 11:10:00,2023-12-18 11:15:00
356199.0,1774550.0,1774572.0,356204.0,1.0,1.0,2030.0,2028.8339924382005,2040.0,2.0709527887431736,0.06,2032.47,2028.8339924382005,1.0,1.0,1.0,1.0,0.0,1.0,21.816045370796928,4637.6101337815435,4615.794088410747,1.1660075617995402,0.29,5.0,BREAK_LONG,STOP,2032.325,2023-12-19 13:15:00,2023-12-19 13:20:00,2023-12-19 13:42:00
356221.0,1774660.0,1774841.0,356258.0,1.0,1.0,2040.0,2038.1184489720142,2050.0,1.9003791108219075,0.05,2042.215,2038.1184489720142,1.0,1.0,1.0,1.0,0.0,0.0,20.48275513992849,4615.794088410747,4595.311333270818,1.8815510279857062,0.29,37.0,BREAK_LONG,STOP,2042.07,2023-12-19 15:05:00,2023-12-19 15:10:00,2023-12-19 18:11:00
356569.0,1776395.0,1776416.0,356574.0,1.0,3.0,2030.0,2028.740130883492,2040.0,4.2132182595914385,0.05,2030.9,2028.740130883492,1.0,-1.0,-1.0,-1.0,1.0,0.0,10.79934558254081,4595.311333270818,4584.511987688277,1.3297382330159657,0.29,5.0,REV_LONG,STOP,2030.755,2023-12-20 21:05:00,2023-12-20 21:10:00,2023-12-20 21:31:00
356768.0,1777385.0,1777407.0,356773.0,1.0,1.0,2040.0,2037.7564805138136,2050.0,1.3665745376773202,0.04,2042.93,2037.7564805138136,1.0,1.0,1.0,1.0,0.0,0.0,20.694077944745914,4584.511987688277,4563.817909743531,2.243519486186319,0.29,5.0,BREAK_LONG,STOP,2042.785,2023-12-21 14:40:00,2023-12-21 14:45:00,2023-12-21 15:07:00
356877.0,1777925.0,1778164.0,356925.0,-1.0,4.0,2050.0,2051.841410336773,2040.0,3.272701945162381,0.04,2049.07,2049.575,3.0,-1.0,1.0,-1.0,0.0,1.0,11.08564134709195,4563.817909743531,4561.797909743533,1.4328206735464732,0.29,48.0,REV_SHORT,TIME,2049.215,2023-12-22 00:45:00,2023-12-22 00:50:00,2023-12-22 04:49:00
357008.0,1778580.0,1778587.0,357010.0,1.0,1.0,2060.0,2058.58961465489,2070.0,2.355615375039546,0.06,2061.99,2058.58961465489,1.0,1.0,1.0,1.0,0.0,1.0,20.40231207065972,4561.797909743533,4541.395597672873,1.4103853451103003,0.29,2.0,BREAK_LONG,STOP,2061.845,2023-12-22 11:40:00,2023-12-22 11:45:00,2023-12-22 11:52:00
357657.0,1781815.0,1781942.0,357683.0,1.0,1.0,2060.0,2059.256439836649,2070.0,2.9665207768759307,0.08,2061.965,2067.565,4.0,1.0,1.0,1.0,0.0,0.0,21.668481306809554,4541.395597672873,4586.195597672872,0.7435601633512643,0.29,26.0,BREAK_LONG,SESSION,2061.82,2023-12-26 19:45:00,2023-12-26 19:50:00,2023-12-26 21:57:00
357848.0,1782765.0,1782874.0,357870.0,-1.0,4.0,2070.0,2070.806552798367,2060.0,6.419266099025463,0.07,2069.35,2070.806552798367,1.0,-1.0,-1.0,-1.0,1.0,0.0,10.195869588570988,4586.195597672872,4575.999728084301,0.8831055967350474,0.29,22.0,REV_SHORT,STOP,2069.495,2023-12-27 12:40:00,2023-12-27 12:45:00,2023-12-27 14:34:00
357896.0,1783005.0,1783115.0,357919.0,1.0,1.0,2080.0,2078.2089794852254,2090.0,2.283473448915705,0.06,2081.8,2078.2089794852254,1.0,1.0,1.0,1.0,0.0,0.0,21.546123088648528,4575.999728084301,4554.453604995652,1.791020514774665,0.29,23.0,BREAK_LONG,STOP,2081.655,2023-12-27 16:40:00,2023-12-27 16:45:00,2023-12-27 18:35:00
357974.0,1783390.0,1783438.0,357984.0,-1.0,4.0,2080.0,2081.5828570639396,2070.0,5.626890323532674,0.06,2079.835,2081.5828570639396,1.0,-1.0,-1.0,-1.0,0.0,1.0,10.487142383637545,4554.453604995652,4543.966462612015,0.7757141278785568,0.29,10.0,REV_SHORT,STOP,2079.98,2023-12-28 00:10:00,2023-12-28 00:15:00,2023-12-28 01:03:00
358153.0,1784285.0,1784524.0,358201.0,-1.0,4.0,2080.0,2082.1340160331997,2070.0,3.311992501124167,0.04,2079.32,2072.095,3.0,-1.0,1.0,-1.0,0.0,0.0,11.256064132798201,4543.966462612015,4572.866462612016,1.8980320663998398,0.29,48.0,REV_SHORT,TIME,2079.465,2023-12-28 15:05:00,2023-12-28 15:10:00,2023-12-28 19:09:00
358845.0,1787732.0,1787799.0,358859.0,-1.0,2.0,2060.0,2060.8347604673736,2050.0,4.404516222113825,0.11,2058.83,2059.19,4.0,1.0,1.0,1.0,0.0,0.0,22.052365141110386,4572.866462612016,4568.906462612014,0.8347604673734124,0.29,14.0,BREAK_SHORT,SESSION,2058.975,2024-01-02 20:45:00,2024-01-02 20:50:00,2024-01-02 21:57:00
359015.0,1788577.0,1788684.0,359037.0,-1.0,2.0,2050.0,2051.581176137121,2040.0,1.8411863833982893,0.05,2047.505,2040.0,2.0,1.0,1.0,1.0,0.0,1.0,20.380880685604552,4568.906462612014,4606.431462612015,1.5811761371210677,0.29,22.0,BREAK_SHORT,TARGET,2047.65,2024-01-03 11:55:00,2024-01-03 12:00:00,2024-01-03 13:47:00
359607.0,1791527.0,1791614.0,359625.0,-1.0,4.0,2060.0,2065.3836115492236,2050.0,1.3207894194713656,0.01,2058.755,2050.0,2.0,-1.0,-1.0,-1.0,1.0,0.0,6.6286115492234785,4606.431462612015,4615.186462612015,3.897223098447067,0.29,18.0,REV_SHORT,TARGET,2058.9,2024-01-05 15:15:00,2024-01-05 15:20:00,2024-01-05 16:47:00
359738.0,1792177.0,1792203.0,359744.0,1.0,3.0,2040.0,2039.0158311451748,2050.0,6.04488729417088,0.07,2040.575,2039.0158311451748,1.0,-1.0,-1.0,-1.0,0.0,1.0,10.914181983776416,4615.186462612015,4604.272280628238,1.0483377096500546,0.29,6.0,REV_LONG,STOP,2040.43,2024-01-08 03:10:00,2024-01-08 03:15:00,2024-01-08 03:41:00
359792.0,1792447.0,1792475.0,359798.0,1.0,3.0,2030.0,2028.336402042317,2040.0,3.362510049114208,0.08,2031.01,2028.336402042317,1.0,-1.0,-1.0,1.0,1.0,1.0,21.388783661463094,4604.272280628238,4582.883496966775,1.4171959153661322,0.29,6.0,REV_LONG,STOP,2030.865,2024-01-08 07:40:00,2024-01-08 07:45:00,2024-01-08 08:13:00
359819.0,1792582.0,1792660.0,359835.0,-1.0,4.0,2030.0,2032.575867829035,2020.0,2.4876119772811567,0.06,2028.97,2020.0,2.0,1.0,1.0,1.0,1.0,1.0,21.635206974209268,4582.883496966775,4636.703496966775,1.5017356580698216,0.29,16.0,REV_SHORT,TARGET,2029.115,2024-01-08 09:55:00,2024-01-08 10:00:00,2024-01-08 11:18:00
360969.0,1798312.0,1798354.0,360978.0,1.0,1.0,2050.0,2047.672718157358,2060.0,1.1790114379179069,0.02,2053.33,2060.0,2.0,1.0,1.0,-1.0,0.0,0.0,11.314563685283701,4636.703496966775,4650.043496966775,2.3272818426418103,0.29,9.0,BREAK_LONG,TARGET,2053.185,2024-01-12 13:45:00,2024-01-12 13:50:00,2024-01-12 14:32:00
360981.0,1798372.0,1798494.0,361006.0,-1.0,4.0,2060.0,2062.6967651117525,2050.0,2.776815062826845,0.03,2059.335,2050.0,2.0,-1.0,-1.0,-1.0,1.0,1.0,10.085295335257342,4650.043496966775,4678.048496966775,2.4035302235047915,0.29,25.0,REV_SHORT,TARGET,2059.48,2024-01-12 14:45:00,2024-01-12 14:50:00,2024-01-12 16:52:00
361448.0,1800697.0,1800783.0,361466.0,-1.0,4.0,2050.0,2051.150996212828,2040.0,5.073539877107028,0.12,2049.315,2040.0,2.0,-1.0,1.0,1.0,0.0,0.0,22.031954553935066,4678.048496966775,4789.828496966776,1.021992425656502,0.29,18.0,REV_SHORT,TARGET,2049.46,2024-01-16 07:40:00,2024-01-16 07:45:00,2024-01-16 09:11:00
361697.0,1801937.0,1801969.0,361704.0,1.0,3.0,2020.0,2018.839699876157,2030.0,4.707717187634596,0.06,2020.795,2018.839699876157,1.0,-1.0,-1.0,-1.0,1.0,0.0,11.731800743058102,4789.828496966776,4778.096696223718,1.1406002476860866,0.29,7.0,REV_LONG,STOP,2020.65,2024-01-17 05:25:00,2024-01-17 05:30:00,2024-01-17 06:02:00
361941.0,1803152.0,1803351.0,361981.0,-1.0,2.0,2010.0,2010.764723982673,2000.0,3.1169637996238255,0.09,2008.15,2010.764723982673,1.0,1.0,1.0,1.0,0.0,0.0,23.532515844057116,4778.096696223718,4754.564180379661,0.7647239826730414,0.29,40.0,BREAK_SHORT,STOP,2008.295,2024-01-18 02:45:00,2024-01-18 02:50:00,2024-01-18 06:09:00
362307.0,1804977.0,1804987.0,362310.0,1.0,1.0,2030.0,2029.1143691940763,2040.0,5.535440367222863,0.14,2030.78,2029.1143691940763,1.0,1.0,1.0,1.0,0.0,0.0,23.31883128293157,4754.564180379661,4731.245349096729,0.8856308059237461,0.29,3.0,BREAK_LONG,STOP,2030.635,2024-01-19 10:15:00,2024-01-19 10:20:00,2024-01-19 10:30:00
362693.0,1806902.0,1807049.0,362723.0,1.0,3.0,2020.0,2018.7326082572824,2030.0,5.5417125867895765,0.06,2020.455,2021.515,4.0,-1.0,-1.0,-1.0,1.0,1.0,10.334350456304946,4731.245349096729,4737.60534909673,0.9447834854351962,0.29,30.0,REV_LONG,SESSION,2020.31,2024-01-22 19:25:00,2024-01-22 19:30:00,2024-01-22 21:57:00
363106.0,1808957.0,1808994.0,363114.0,-1.0,4.0,2030.0,2032.2659341171084,2020.0,2.5907993821295463,0.06,2028.85,2032.2659341171084,1.0,-1.0,-1.0,1.0,0.0,1.0,20.49560470265078,4737.60534909673,4717.109744394079,1.1918682342166467,0.29,8.0,REV_SHORT,STOP,2028.995,2024-01-24 07:50:00,2024-01-24 07:55:00,2024-01-24 08:32:00
363476.0,1810802.0,1810853.0,363487.0,1.0,3.0,2020.0,2015.667427954364,2030.0,1.8910466481778176,0.02,2020.625,2015.667427954364,1.0,-1.0,1.0,-1.0,0.0,1.0,9.91514409127194,4717.109744394079,4707.194600302807,2.3651440912717363,0.29,11.0,REV_LONG,STOP,2020.48,2024-01-25 15:40:00,2024-01-25 15:45:00,2024-01-25 16:36:00
364052.0,1813672.0,1813823.0,364083.0,-1.0,4.0,2030.0,2031.743366637203,2020.0,4.065362160046558,0.1,2029.425,2031.743366637203,1.0,-1.0,-1.0,1.0,0.0,1.0,23.183666372030988,4707.194600302807,4684.0109339307755,1.1867332744057197,0.29,31.0,REV_SHORT,STOP,2029.57,2024-01-29 17:40:00,2024-01-29 17:45:00,2024-01-29 20:16:00
364767.0,1817232.0,1817346.0,364790.0,1.0,3.0,2040.0,2038.4421275360558,2050.0,5.767409574161737,0.06,2040.15,2038.4421275360558,1.0,1.0,-1.0,-1.0,0.0,0.0,10.247234783666045,4684.0109339307755,4673.76369914711,1.1957449278885268,0.29,23.0,REV_LONG,STOP,2040.005,2024-02-01 08:15:00,2024-02-01 08:20:00,2024-02-01 10:14:00
365293.0,1819852.0,1819878.0,365299.0,1.0,3.0,2030.0,2028.6823386409799,2040.0,5.278306961199087,0.06,2030.485,2028.6823386409799,1.0,-1.0,-1.0,-1.0,0.0,0.0,10.815968154120128,4673.76369914711,4662.94773099299,1.025322718040058,0.29,6.0,REV_LONG,STOP,2030.34,2024-02-05 06:05:00,2024-02-05 06:10:00,2024-02-05 06:36:00
365962.0,1823187.0,1823426.0,366010.0,-1.0,4.0,2040.0,2042.1570188974529,2030.0,3.957962970873099,0.04,2039.705,2035.605,3.0,-1.0,-1.0,-1.0,1.0,1.0,9.808075589811779,4662.94773099299,4679.347730992989,2.1240377949055085,0.29,48.0,REV_SHORT,TIME,2039.85,2024-02-07 15:50:00,2024-02-07 15:55:00,2024-02-07 19:54:00
366224.0,1824492.0,1824689.0,366264.0,-1.0,4.0,2030.0,2035.1112587205648,2020.0,1.7196823403192454,0.04,2029.555,2035.1112587205648,1.0,1.0,1.0,1.0,0.0,0.0,22.225034882259024,4679.347730992989,4657.12269611073,2.1525174411294605,0.29,40.0,REV_SHORT,STOP,2029.7,2024-02-08 14:40:00,2024-02-08 14:45:00,2024-02-08 18:02:00
366770.0,1827212.0,1827451.0,366818.0,-1.0,2.0,2020.0,2021.507779571741,2010.0,3.2187351540272275,0.08,2018.78,2018.245,3.0,1.0,1.0,1.0,0.0,1.0,21.822236573927512,4657.12269611073,4661.402696110731,1.5077795717409983,0.29,48.0,BREAK_SHORT,TIME,2018.925,2024-02-12 14:10:00,2024-02-12 14:15:00,2024-02-12 18:14:00
367877.0,1832727.0,1832765.0,367885.0,-1.0,2.0,2000.0,2001.9820199387518,1990.0,1.7096259412465986,0.05,1997.56,2001.9820199387518,1.0,1.0,1.0,1.0,0.0,0.0,22.110099693759366,4661.402696110731,4639.292596416972,1.9820199387517126,0.29,8.0,BREAK_SHORT,STOP,1997.705,2024-02-16 14:25:00,2024-02-16 14:30:00,2024-02-16 15:08:00
368424.0,1835452.0,1835691.0,368472.0,-1.0,4.0,2030.0,2031.4491661747495,2020.0,2.792161647312967,0.03,2028.43,2028.7649999999999,3.0,-1.0,-1.0,-1.0,1.0,1.0,9.05749852424833,4639.292596416972,4638.2875964169725,1.1083323494989272,0.29,48.0,REV_SHORT,TIME,2028.575,2024-02-20 14:00:00,2024-02-20 14:05:00,2024-02-20 18:04:00
368607.0,1836362.0,1836390.0,368613.0,1.0,3.0,2030.0,2029.1993282650703,2040.0,9.087752746773676,0.21,2030.27,2029.1993282650703,1.0,1.0,1.0,1.0,1.0,1.0,22.484106433522584,4638.2875964169725,4615.80348998345,0.6813434698594393,0.29,6.0,REV_LONG,STOP,2030.125,2024-02-21 06:15:00,2024-02-21 06:20:00,2024-02-21 06:48:00
368691.0,1836782.0,1836783.0,368692.0,1.0,1.0,2030.0,2029.2338313260623,2040.0,5.201107551099384,0.13,2030.97,2029.2338313260623,1.0,1.0,1.0,1.0,0.0,0.0,22.57019276119081,4615.80348998345,4593.233297222259,0.7661686739376663,0.29,1.0,BREAK_LONG,STOP,2030.825,2024-02-21 13:15:00,2024-02-21 13:20:00,2024-02-21 13:21:00
369164.0,1839137.0,1839140.0,369165.0,-1.0,2.0,2020.0,2020.8057026024537,2010.0,7.537315623358178,0.09,2019.54,2020.8057026024537,1.0,1.0,1.0,-1.0,0.0,0.0,11.391323422083815,4593.233297222259,4581.841973800176,0.8057026024537731,0.29,1.0,BREAK_SHORT,STOP,2019.685,2024-02-23 06:40:00,2024-02-23 06:45:00,2024-02-23 06:48:00
369191.0,1839272.0,1839372.0,369212.0,-1.0,2.0,2020.0,2020.9607876596185,2010.0,6.377088905444228,0.07,2019.475,2020.9607876596185,1.0,1.0,1.0,-1.0,0.0,0.0,10.400513617330262,4581.841973800176,4571.441460182846,0.9607876596184157,0.29,21.0,BREAK_SHORT,STOP,2019.62,2024-02-23 08:55:00,2024-02-23 09:00:00,2024-02-23 10:40:00
369279.0,1839712.0,1839862.0,369310.0,1.0,1.0,2030.0,2028.5240113890209,2040.0,1.1111134390165622,0.02,2033.96,2040.0,2.0,1.0,1.0,-1.0,0.0,0.0,10.871977221958332,4571.441460182846,4583.521460182846,1.4759886109791507,0.29,31.0,BREAK_LONG,TARGET,2033.815,2024-02-23 16:15:00,2024-02-23 16:20:00,2024-02-23 18:50:00
369603.0,1841327.0,1841424.0,369623.0,1.0,1.0,2030.0,2029.265985090894,2040.0,3.1379927584169818,0.08,2031.86,2031.26,4.0,1.0,1.0,1.0,0.0,0.0,20.752119272847267,4583.521460182846,4578.721460182846,0.7340149091061007,0.29,20.0,BREAK_LONG,SESSION,2031.715,2024-02-26 20:15:00,2024-02-26 20:20:00,2024-02-26 21:57:00
369916.0,1842882.0,1843121.0,369964.0,1.0,3.0,2030.0,2029.304918581831,2040.0,5.833562327180648,0.07,2030.87,2029.765,3.0,-1.0,1.0,-1.0,0.0,1.0,10.955569927181614,4578.721460182846,4570.986460182848,0.4801628363381711,0.29,48.0,REV_LONG,TIME,2030.725,2024-02-28 00:20:00,2024-02-28 00:25:00,2024-02-28 04:24:00
371436.0,1850457.0,1850598.0,371465.0,1.0,1.0,2130.0,2128.907409293791,2140.0,2.808496223846629,0.07,2131.82,2140.0,2.0,1.0,1.0,1.0,0.0,0.0,20.388134943465506,4570.986460182848,4628.246460182847,1.0925907062090103,0.29,29.0,BREAK_LONG,TARGET,2131.675,2024-03-06 12:00:00,2024-03-06 12:05:00,2024-03-06 14:26:00
371725.0,1851897.0,1851988.0,371744.0,-1.0,4.0,2160.0,2165.6214593354975,2150.0,1.1572253066341942,0.01,2158.38,2150.0,2.0,-1.0,-1.0,-1.0,0.0,0.0,7.241459335497439,4628.246460182847,4636.626460182847,1.6429186709943457,0.29,19.0,REV_SHORT,TARGET,2158.525,2024-03-07 13:05:00,2024-03-07 13:10:00,2024-03-07 14:41:00
372110.0,1853812.0,1853880.0,372124.0,-1.0,4.0,2180.0,2181.6089372584356,2170.0,4.764299364247291,0.05,2179.595,2181.6089372584356,1.0,-1.0,0.0,-1.0,0.0,1.0,10.069686292179087,4636.626460182847,4626.5567738906675,1.0378745168711174,0.29,14.0,REV_SHORT,STOP,2179.74,2024-03-10 22:10:00,2024-03-10 22:15:00,2024-03-10 23:23:00
372252.0,1854522.0,1854734.0,372295.0,-1.0,4.0,2180.0,2182.29483854908,2170.0,3.947942615278558,0.04,2179.81,2182.29483854908,1.0,-1.0,1.0,-1.0,0.0,1.0,9.939354196319982,4626.5567738906675,4616.6174196943475,1.3296770981594783,0.29,43.0,REV_SHORT,STOP,2179.955,2024-03-11 10:00:00,2024-03-11 10:05:00,2024-03-11 13:37:00
372334.0,1854932.0,1855020.0,372352.0,1.0,3.0,2180.0,2177.8332550274126,2190.0,2.1961019349079822,0.06,2181.64,2177.8332550274126,1.0,1.0,1.0,1.0,0.0,0.0,22.840469835523436,4616.6174196943475,4593.776949858824,1.5734899451747137,0.29,18.0,REV_LONG,STOP,2181.495,2024-03-11 16:50:00,2024-03-11 16:55:00,2024-03-11 18:23:00
372436.0,1855437.0,1855468.0,372443.0,1.0,3.0,2180.0,2179.222250847002,2190.0,6.96729321849129,0.16,2180.575,2179.222250847002,1.0,1.0,-1.0,1.0,0.0,0.0,21.64398644796165,4593.776949858824,4572.132963410862,0.9254983059958659,0.29,7.0,REV_LONG,STOP,2180.43,2024-03-12 02:20:00,2024-03-12 02:25:00,2024-03-12 02:56:00
372665.0,1856577.0,1856816.0,372713.0,-1.0,4.0,2160.0,2162.1353163490617,2150.0,3.2876183621961896,0.08,2159.305,2159.995,3.0,1.0,0.0,1.0,0.0,0.0,22.642530792494654,4572.132963410862,4566.612963410862,1.2106326981233628,0.29,48.0,REV_SHORT,TIME,2159.45,2024-03-12 22:25:00,2024-03-12 22:30:00,2024-03-13 02:29:00
373390.0,1860192.0,1860227.0,373398.0,1.0,3.0,2160.0,2156.6331899450556,2170.0,1.7779172291326828,0.02,2161.445,2156.6331899450556,1.0,-1.0,-1.0,-1.0,1.0,1.0,9.623620109889089,4566.612963410862,4556.989343300973,1.9736201098889388,0.29,8.0,REV_LONG,STOP,2161.3,2024-03-15 12:50:00,2024-03-15 12:55:00,2024-03-15 13:30:00
373429.0,1860387.0,1860433.0,373439.0,1.0,3.0,2160.0,2157.86372118128,2170.0,1.991973520831551,0.02,2161.92,2157.86372118128,1.0,-1.0,-1.0,-1.0,0.0,1.0,8.11255763743975,4556.989343300973,4548.876785663533,2.102557637439506,0.29,10.0,REV_LONG,STOP,2161.775,2024-03-15 16:05:00,2024-03-15 16:10:00,2024-03-15 16:56:00
373548.0,1860977.0,1861216.0,373596.0,-1.0,2.0,2150.0,2151.212090599952,2140.0,2.310242306512461,0.06,2147.825,2147.745,3.0,1.0,1.0,1.0,0.0,0.0,20.322543599711935,4548.876785663533,4549.356785663533,1.2120905999517608,0.29,48.0,BREAK_SHORT,TIME,2147.97,2024-03-18 03:00:00,2024-03-18 03:05:00,2024-03-18 07:04:00
373846.0,1862462.0,1862471.0,373848.0,1.0,3.0,2160.0,2159.2673597260064,2170.0,11.023477526930023,0.12,2160.16,2159.2673597260064,1.0,1.0,-1.0,-1.0,0.0,0.0,10.711683287921915,4549.356785663533,4538.645102375611,0.8152805479879266,0.29,2.0,REV_LONG,STOP,2160.015,2024-03-19 04:50:00,2024-03-19 04:55:00,2024-03-19 05:04:00
374292.0,1864687.0,1864706.0,374296.0,-1.0,4.0,2180.0,2186.015510946754,2170.0,1.3919774120477695,0.01,2179.32,2186.015510946754,1.0,-1.0,-1.0,-1.0,1.0,1.0,6.695510946753984,4538.645102375611,4531.949591428856,4.371021893508683,0.29,4.0,REV_SHORT,STOP,2179.465,2024-03-20 19:00:00,2024-03-20 19:05:00,2024-03-20 19:24:00
374466.0,1865552.0,1865727.0,374502.0,-1.0,4.0,2210.0,2212.759225110941,2200.0,3.341016638517082,0.03,2209.82,2200.0,2.0,-1.0,-1.0,-1.0,0.0,1.0,8.817675332822091,4531.949591428856,4561.409591428857,1.7984502218812437,0.29,36.0,REV_SHORT,TARGET,2209.965,2024-03-21 10:30:00,2024-03-21 10:35:00,2024-03-21 13:30:00
374802.0,1867227.0,1867335.0,374824.0,-1.0,2.0,2170.0,2172.1733056340554,2160.0,2.230445408684977,0.06,2168.405,2160.0,2.0,1.0,1.0,1.0,0.0,1.0,22.609833804331174,4561.409591428857,4611.8395914288585,2.1733056340555126,0.29,22.0,BREAK_SHORT,TARGET,2168.55,2024-03-22 15:30:00,2024-03-22 15:35:00,2024-03-22 17:23:00
375057.0,1868497.0,1868736.0,375105.0,-1.0,4.0,2180.0,2182.3795624402655,2170.0,1.1951281808457324,0.04,2176.7400000000002,2174.7,3.0,-1.0,-1.0,1.0,1.0,0.0,22.558249761061234,4611.8395914288585,4619.99959142886,1.9391248805311616,0.29,48.0,REV_SHORT,TIME,2176.885,2024-03-25 13:45:00,2024-03-25 13:50:00,2024-03-25 17:49:00
375445.0,1870427.0,1870611.0,375482.0,-1.0,4.0,2180.0,2180.601515731708,2170.0,7.337699225685042,0.18,2179.33,2180.601515731708,1.0,-1.0,-1.0,1.0,0.0,0.0,22.887283170743103,4619.99959142886,4597.112308258117,0.6830314634151544,0.29,37.0,REV_SHORT,STOP,2179.475,2024-03-27 00:05:00,2024-03-27 00:10:00,2024-03-27 03:14:00
375921.0,1872802.0,1872837.0,375929.0,1.0,1.0,2220.0,2217.483961050521,2230.0,2.108772445209279,0.02,2221.5099999999998,2217.483961050521,1.0,1.0,1.0,-1.0,0.0,0.0,8.052077898957577,4597.112308258117,4589.0602303591595,2.5160389494788573,0.29,8.0,BREAK_LONG,STOP,2221.365,2024-03-28 16:45:00,2024-03-28 16:50:00,2024-03-28 17:25:00
376251.0,1874442.0,1874525.0,376268.0,-1.0,4.0,2240.0,2243.977792132024,2230.0,2.3699355433230105,0.02,2239.83,2243.977792132024,1.0,-1.0,0.0,-1.0,0.0,1.0,8.295584264048557,4589.0602303591595,4580.764646095111,1.3955842640480767,0.29,17.0,REV_SHORT,STOP,2239.975,2024-03-31 22:15:00,2024-03-31 22:20:00,2024-03-31 23:43:00
376356.0,1874967.0,1875012.0,376366.0,1.0,3.0,2260.0,2258.526914297802,2270.0,5.96146182622305,0.06,2260.175,2258.526914297802,1.0,1.0,1.0,-1.0,1.0,0.0,9.88851421319032,4580.764646095111,4570.876131881921,1.5061714043972616,0.29,10.0,REV_LONG,STOP,2260.03,2024-04-01 07:00:00,2024-04-01 07:05:00,2024-04-01 07:50:00
376727.0,1876817.0,1876843.0,376733.0,1.0,3.0,2260.0,2255.1998457453883,2270.0,1.5694024153541115,0.01,2260.96,2255.1998457453883,1.0,1.0,1.0,-1.0,0.0,0.0,5.760154254611734,4570.876131881921,4565.115977627309,4.200308509223576,0.29,6.0,REV_LONG,STOP,2260.815,2024-04-02 14:55:00,2024-04-02 15:00:00,2024-04-02 15:26:00
376768.0,1877022.0,1877150.0,376794.0,1.0,1.0,2270.0,2267.715345483334,2280.0,3.2292997140215935,0.07,2270.62,2280.0,2.0,1.0,1.0,1.0,0.0,1.0,20.332581616659812,4565.115977627309,4630.77597762731,2.284654516665939,0.29,26.0,BREAK_LONG,TARGET,2270.475,2024-04-02 18:20:00,2024-04-02 18:25:00,2024-04-02 20:33:00
377164.0,1878992.0,1879231.0,377212.0,-1.0,4.0,2300.0,2301.2462748027497,2290.0,2.626339333998493,0.03,2298.145,2293.24,3.0,-1.0,1.0,-1.0,0.0,1.0,9.303824408249056,4630.77597762731,4645.490977627311,0.9925496054997678,0.29,48.0,REV_SHORT,TIME,2298.29,2024-04-04 05:20:00,2024-04-04 05:25:00,2024-04-04 09:24:00
377262.0,1879482.0,1879508.0,377268.0,-1.0,4.0,2290.0,2292.358432459453,2280.0,1.0483253177202139,0.01,2286.325,2292.358432459453,1.0,-1.0,1.0,-1.0,1.0,0.0,6.033432459453252,4645.490977627311,4639.4575451678575,2.316864918906705,0.29,6.0,REV_SHORT,STOP,2286.47,2024-04-04 13:30:00,2024-04-04 13:35:00,2024-04-04 14:01:00
377473.0,1880532.0,1880624.0,377492.0,-1.0,4.0,2290.0,2292.2449679726365,2280.0,3.8020085365922687,0.04,2289.695,2292.2449679726365,1.0,-1.0,-1.0,-1.0,1.0,1.0,10.199871890545182,4639.4575451678575,4629.257673277312,2.1299359452731115,0.29,19.0,REV_SHORT,STOP,2289.84,2024-04-05 08:05:00,2024-04-05 08:10:00,2024-04-05 09:42:00
377717.0,1881747.0,1881749.0,377718.0,1.0,3.0,2340.0,2337.1816359122686,2350.0,1.8559100458826667,0.02,2341.67,2337.1816359122686,1.0,1.0,1.0,-1.0,1.0,1.0,8.976728175462995,4629.257673277312,4620.280945101849,2.436728175462687,0.29,1.0,REV_LONG,STOP,2341.525,2024-04-08 05:25:00,2024-04-08 05:30:00,2024-04-08 05:32:00
377781.0,1882067.0,1882080.0,377784.0,1.0,1.0,2340.0,2338.036339325474,2350.0,1.1426195773513028,0.02,2343.62,2338.036339325474,1.0,1.0,1.0,-1.0,0.0,0.0,11.167321349052145,4620.280945101849,4609.113623752797,1.963660674526339,0.29,3.0,BREAK_LONG,STOP,2343.475,2024-04-08 10:45:00,2024-04-08 10:50:00,2024-04-08 11:03:00
377823.0,1882277.0,1882323.0,377833.0,1.0,3.0,2320.0,2316.6858004305805,2330.0,1.397141010691386,0.04,2322.24,2330.0,2.0,1.0,-1.0,1.0,0.0,0.0,22.2167982776773,4609.113623752797,4640.153623752798,4.10839913883869,0.29,10.0,REV_LONG,TARGET,2322.095,2024-04-08 14:15:00,2024-04-08 14:20:00,2024-04-08 15:06:00
378106.0,1883687.0,1883743.0,378118.0,1.0,3.0,2350.0,2343.035240466099,2360.0,1.0257010921003613,0.02,2351.41,2343.035240466099,1.0,1.0,1.0,1.0,0.0,1.0,16.749519067801884,4640.153623752798,4623.404104684996,4.359519067802789,0.29,12.0,REV_LONG,STOP,2351.265,2024-04-09 14:50:00,2024-04-09 14:55:00,2024-04-09 15:51:00
378230.0,1884302.0,1884319.0,378234.0,-1.0,4.0,2350.0,2351.6738979903316,2340.0,4.225797257017457,0.05,2349.44,2351.6738979903316,1.0,-1.0,1.0,-1.0,0.0,1.0,11.169489951657852,4623.404104684996,4612.234614733338,1.6677959806631304,0.29,4.0,REV_SHORT,STOP,2349.585,2024-04-10 02:10:00,2024-04-10 02:15:00,2024-04-10 02:32:00
378496.0,1885627.0,1885656.0,378502.0,-1.0,4.0,2340.0,2342.211054247844,2330.0,3.6061125523079847,0.08,2339.56,2342.211054247844,1.0,1.0,-1.0,1.0,0.0,1.0,21.208433982752467,4612.234614733338,4591.026180750586,1.6821084956885186,0.29,6.0,REV_SHORT,STOP,2339.705,2024-04-11 01:20:00,2024-04-11 01:25:00,2024-04-11 01:54:00
378636.0,1886327.0,1886340.0,378639.0,-1.0,4.0,2340.0,2344.199508125312,2330.0,2.257135373338902,0.05,2339.84,2344.199508125312,1.0,-1.0,-1.0,1.0,0.0,1.0,21.79754062656002,4591.026180750586,4569.228640124025,2.7690162506238836,0.29,3.0,REV_SHORT,STOP,2339.985,2024-04-11 13:00:00,2024-04-11 13:05:00,2024-04-11 13:18:00
378700.0,1886647.0,1886726.0,378716.0,1.0,1.0,2360.0,2357.665481176712,2370.0,1.4211351947322803,0.02,2362.7599999999998,2370.0,2.0,1.0,1.0,-1.0,0.0,0.0,10.189037646575343,4569.228640124025,4583.708640124026,2.334518823287885,0.29,16.0,BREAK_LONG,TARGET,2362.615,2024-04-11 18:20:00,2024-04-11 18:25:00,2024-04-11 19:44:00
379060.0,1888437.0,1888676.0,379108.0,-1.0,4.0,2360.0,2366.6643348802495,2350.0,1.4136046656601036,0.03,2359.76,2359.83,3.0,1.0,-1.0,1.0,0.0,1.0,20.71300464074784,4583.708640124026,4583.498640124027,3.6886697604983683,0.29,48.0,REV_SHORT,TIME,2359.905,2024-04-15 02:20:00,2024-04-15 02:25:00,2024-04-15 06:24:00
379137.0,1888822.0,1888833.0,379140.0,-1.0,2.0,2350.0,2352.677539458842,2340.0,2.0130530165794718,0.05,2348.47,2352.677539458842,1.0,1.0,1.0,1.0,0.0,0.0,21.03769729421174,4583.498640124027,4562.460942829815,2.677539458842111,0.29,3.0,BREAK_SHORT,STOP,2348.615,2024-04-15 08:45:00,2024-04-15 08:50:00,2024-04-15 09:01:00
379188.0,1889077.0,1889110.0,379195.0,-1.0,4.0,2360.0,2362.538826308395,2350.0,1.4859750399264968,0.04,2357.495,2350.0,2.0,1.0,-1.0,1.0,0.0,0.0,20.17530523358073,4562.460942829815,4592.440942829815,2.717652616790564,0.29,7.0,REV_SHORT,TARGET,2357.64,2024-04-15 13:00:00,2024-04-15 13:05:00,2024-04-15 13:38:00
379211.0,1889192.0,1889293.0,379232.0,-1.0,4.0,2350.0,2355.4156923836535,2340.0,1.5393631252281155,0.03,2349.345,2355.4156923836535,1.0,1.0,1.0,1.0,0.0,0.0,18.21207715096125,4592.440942829815,4574.228865678853,5.721384767307033,0.29,21.0,REV_SHORT,STOP,2349.49,2024-04-15 14:55:00,2024-04-15 15:00:00,2024-04-15 16:41:00
379478.0,1890522.0,1890530.0,379480.0,1.0,3.0,2370.0,2363.5643484742686,2380.0,1.4768708034167395,0.01,2370.2,2363.5643484742686,1.0,1.0,-1.0,-1.0,0.0,0.0,6.635651525731191,4574.228865678853,4567.593214153122,3.921303051462961,0.29,2.0,REV_LONG,STOP,2370.055,2024-04-16 14:10:00,2024-04-16 14:15:00,2024-04-16 14:23:00
379689.0,1891572.0,1891656.0,379706.0,1.0,1.0,2390.0,2388.1166559642256,2400.0,3.0789360576204214,0.03,2391.03,2388.1166559642256,1.0,1.0,1.0,-1.0,0.0,1.0,8.740032107323712,4567.593214153122,4558.853182045798,1.8833440357742905,0.29,17.0,BREAK_LONG,STOP,2390.885,2024-04-17 08:45:00,2024-04-17 08:50:00,2024-04-17 10:14:00
379737.0,1891812.0,1891852.0,379746.0,1.0,3.0,2380.0,2377.25654915426,2390.0,1.7267754099428498,0.02,2381.93,2390.0,2.0,1.0,-1.0,-1.0,0.0,0.0,9.346901691479616,4558.853182045798,4574.993182045799,2.226901691479366,0.29,9.0,REV_LONG,TARGET,2381.785,2024-04-17 12:45:00,2024-04-17 12:50:00,2024-04-17 13:30:00
380026.0,1893252.0,1893288.0,380034.0,1.0,3.0,2380.0,2374.535679206169,2390.0,1.6103111786137028,0.03,2380.46,2374.535679206169,1.0,1.0,1.0,1.0,0.0,0.0,17.77296238149347,4574.993182045799,4557.220219664305,4.038641587662351,0.29,8.0,REV_LONG,STOP,2380.315,2024-04-18 13:50:00,2024-04-18 13:55:00,2024-04-18 14:31:00
380151.0,1893872.0,1893873.0,380152.0,-1.0,4.0,2390.0,2393.805268157549,2380.0,2.4597344370030183,0.05,2389.815,2393.805268157549,1.0,-1.0,-1.0,1.0,1.0,0.0,19.951340787745266,4557.220219664305,4537.268878876559,2.2105363150985013,0.29,1.0,REV_SHORT,STOP,2389.96,2024-04-19 01:15:00,2024-04-19 01:20:00,2024-04-19 01:21:00
380215.0,1894192.0,1894211.0,380219.0,1.0,3.0,2380.0,2377.7633574434194,2390.0,2.2573348068863788,0.03,2381.52,2390.0,2.0,-1.0,-1.0,-1.0,0.0,0.0,11.269927669741717,4537.268878876559,4562.708878876559,2.7632851131611376,0.29,4.0,REV_LONG,TARGET,2381.375,2024-04-19 06:35:00,2024-04-19 06:40:00,2024-04-19 06:59:00
380341.0,1894822.0,1894979.0,380373.0,-1.0,4.0,2400.0,2403.2217666605648,2390.0,1.686386326784547,0.04,2398.3,2390.0,2.0,-1.0,-1.0,1.0,1.0,0.0,19.687066642258287,4562.708878876559,4595.908878876559,2.4235333211292804,0.29,32.0,REV_SHORT,TARGET,2398.445,2024-04-19 17:05:00,2024-04-19 17:10:00,2024-04-19 19:47:00
380556.0,1895892.0,1895921.0,380562.0,1.0,3.0,2340.0,2335.795101426233,2350.0,1.4261562168492785,0.01,2341.65,2350.0,2.0,-1.0,-1.0,-1.0,1.0,0.0,5.854898573767059,4595.908878876559,4604.258878876559,2.98979714753414,0.29,6.0,REV_LONG,TARGET,2341.505,2024-04-22 12:00:00,2024-04-22 12:05:00,2024-04-22 12:34:00
380813.0,1897172.0,1897178.0,380815.0,-1.0,4.0,2300.0,2301.9425229058456,2290.0,3.820348129847055,0.04,2299.465,2301.9425229058456,1.0,1.0,1.0,-1.0,1.0,0.0,9.910091623381959,4604.258878876559,4594.348787253177,2.315045811691998,0.29,2.0,REV_SHORT,STOP,2299.61,2024-04-23 10:25:00,2024-04-23 10:30:00,2024-04-23 10:36:00
380856.0,1897387.0,1897415.0,380862.0,-1.0,4.0,2330.0,2334.192422532393,2320.0,1.3703726362403126,0.01,2328.205,2320.0,2.0,1.0,-1.0,-1.0,1.0,0.0,5.987422532392884,4594.348787253177,4602.553787253177,3.9648450647854654,0.29,6.0,REV_SHORT,TARGET,2328.35,2024-04-23 14:00:00,2024-04-23 14:05:00,2024-04-23 14:33:00
381281.0,1899502.0,1899644.0,381310.0,1.0,3.0,2310.0,2306.5796459691474,2320.0,2.5547272974083395,0.06,2310.355,2320.0,2.0,-1.0,-1.0,1.0,1.0,1.0,22.65212418511601,4602.553787253177,4660.423787253177,2.350708061705495,0.29,29.0,REV_LONG,TARGET,2310.21,2024-04-25 03:25:00,2024-04-25 03:30:00,2024-04-25 05:52:00
381375.0,1899972.0,1900042.0,381390.0,-1.0,4.0,2330.0,2331.0314327930514,2320.0,5.408285491934104,0.06,2329.31,2331.0314327930514,1.0,-1.0,-1.0,-1.0,1.0,0.0,10.328596758308777,4660.423787253177,4650.095190494868,1.2828655861032678,0.29,15.0,REV_SHORT,STOP,2329.455,2024-04-25 11:15:00,2024-04-25 11:20:00,2024-04-25 12:30:00
381402.0,1900107.0,1900114.0,381404.0,-1.0,2.0,2320.0,2323.959095091158,2310.0,1.9674347181876732,0.04,2319.255,2323.959095091158,1.0,1.0,1.0,1.0,0.0,1.0,18.816380364631186,4650.095190494868,4631.278810130237,3.959095091157843,0.29,2.0,BREAK_SHORT,STOP,2319.4,2024-04-25 13:30:00,2024-04-25 13:35:00,2024-04-25 13:42:00
381739.0,1901787.0,1901924.0,381767.0,-1.0,4.0,2340.0,2342.26296170829,2330.0,3.1041227785040464,0.07,2339.275,2338.05,4.0,-1.0,-1.0,1.0,0.0,1.0,20.91573195802812,4631.278810130237,4639.8538101302365,1.5859234165796667,0.29,28.0,REV_SHORT,SESSION,2339.42,2024-04-26 18:35:00,2024-04-26 18:40:00,2024-04-26 20:57:00
381912.0,1902647.0,1902746.0,381932.0,1.0,1.0,2340.0,2338.412188930428,2350.0,1.7604413056047437,0.05,2342.61,2338.412188930428,1.0,1.0,1.0,1.0,0.0,0.0,20.989055347861267,4639.8538101302365,4618.864754782375,1.5878110695721812,0.29,20.0,BREAK_LONG,STOP,2342.465,2024-04-29 10:00:00,2024-04-29 10:05:00,2024-04-29 11:44:00
381945.0,1902812.0,1902864.0,381956.0,1.0,3.0,2330.0,2327.498002294955,2340.0,2.815076734962958,0.07,2330.775,2327.498002294955,1.0,-1.0,-1.0,1.0,0.0,0.0,22.93898393531663,4618.864754782375,4595.925770847058,1.8039954100905524,0.29,11.0,REV_LONG,STOP,2330.63,2024-04-29 12:45:00,2024-04-29 12:50:00,2024-04-29 13:42:00
382101.0,1903587.0,1903593.0,382103.0,-1.0,2.0,2330.0,2331.5345805381794,2320.0,3.972701032934748,0.09,2329.215,2331.5345805381794,1.0,1.0,1.0,1.0,0.0,1.0,20.876224843613272,4595.925770847058,4575.049546003444,1.5345805381796167,0.29,2.0,BREAK_SHORT,STOP,2329.36,2024-04-30 02:45:00,2024-04-30 02:50:00,2024-04-30 02:56:00
382148.0,1903822.0,1903862.0,382157.0,1.0,3.0,2320.0,2317.980493637855,2330.0,2.567141613732947,0.03,2321.35,2317.980493637855,1.0,-1.0,-1.0,-1.0,1.0,0.0,10.108519086434626,4575.049546003444,4564.941026917009,1.709012724290243,0.29,9.0,REV_LONG,STOP,2321.205,2024-04-30 06:40:00,2024-04-30 06:45:00,2024-04-30 07:25:00
382222.0,1904192.0,1904245.0,382233.0,-1.0,2.0,2310.0,2312.364623167983,2300.0,1.460806065372368,0.02,2307.34,2312.364623167983,1.0,1.0,1.0,-1.0,0.0,1.0,10.049246335966018,4564.941026917009,4554.891780581043,2.3646231679832104,0.29,11.0,BREAK_SHORT,STOP,2307.485,2024-04-30 12:50:00,2024-04-30 12:55:00,2024-04-30 13:48:00
382671.0,1906427.0,1906601.0,382706.0,-1.0,4.0,2320.0,2321.6697733534143,2310.0,5.031597102999942,0.05,2319.735,2310.0,2.0,-1.0,1.0,-1.0,0.0,1.0,9.673866767070649,4554.891780581043,4603.566780581044,1.1895467068286736,0.29,35.0,REV_SHORT,TARGET,2319.88,2024-05-02 04:15:00,2024-05-02 04:20:00,2024-05-02 07:14:00
382736.0,1906752.0,1906770.0,382740.0,1.0,3.0,2300.0,2297.9888247241124,2310.0,2.521125214758105,0.06,2301.4,2297.9888247241124,1.0,-1.0,-1.0,1.0,1.0,0.0,20.46705165532603,4603.566780581044,4583.099728925718,1.8023505517744665,0.29,4.0,REV_LONG,STOP,2301.255,2024-05-02 09:40:00,2024-05-02 09:45:00,2024-05-02 10:03:00
382755.0,1906847.0,1906912.0,382769.0,-1.0,4.0,2300.0,2303.9900314413426,2290.0,2.2160759364590414,0.02,2299.64,2303.9900314413426,1.0,1.0,1.0,-1.0,1.0,1.0,8.700062882685415,4583.099728925718,4574.399666043033,1.9200628826845436,0.29,14.0,REV_SHORT,STOP,2299.785,2024-05-02 11:15:00,2024-05-02 11:20:00,2024-05-02 12:25:00
383266.0,1909392.0,1909437.0,383276.0,1.0,1.0,2320.0,2318.0157485604072,2330.0,1.800548555925242,0.05,2322.295,2318.0157485604072,1.0,1.0,1.0,1.0,0.0,0.0,21.396257197964133,4574.399666043033,4553.003408845068,1.9842514395927469,0.29,10.0,BREAK_LONG,STOP,2322.15,2024-05-06 07:50:00,2024-05-06 07:55:00,2024-05-06 08:40:00
383526.0,1910687.0,1910780.0,383545.0,1.0,3.0,2320.0,2317.681606671469,2330.0,3.206536467800995,0.03,2320.61,2317.681606671469,1.0,1.0,-1.0,-1.0,0.0,1.0,8.785179985593002,4553.003408845068,4544.218228859476,1.3567866570618157,0.29,19.0,REV_LONG,STOP,2320.465,2024-05-07 06:30:00,2024-05-07 06:35:00,2024-05-07 08:08:00
383615.0,1911132.0,1911151.0,383619.0,-1.0,4.0,2320.0,2322.022234628276,2310.0,2.3007853296829905,0.03,2318.38,2322.022234628276,1.0,-1.0,1.0,-1.0,0.0,0.0,10.92670388482702,4544.218228859476,4533.291524974649,2.4344692565514423,0.29,4.0,REV_SHORT,STOP,2318.525,2024-05-07 13:55:00,2024-05-07 14:00:00,2024-05-07 14:19:00
383750.0,1911802.0,1911822.0,383755.0,-1.0,2.0,2310.0,2311.531298866502,2300.0,3.284659355388038,0.08,2308.84,2311.531298866502,1.0,1.0,1.0,1.0,0.0,0.0,21.530390932013688,4533.291524974649,4511.761134042636,1.531298866502004,0.29,5.0,BREAK_SHORT,STOP,2308.985,2024-05-08 02:10:00,2024-05-08 02:15:00,2024-05-08 02:35:00
383886.0,1912482.0,1912617.0,383914.0,1.0,3.0,2310.0,2305.663064872963,2320.0,1.9040152965594215,0.02,2310.6,2320.0,2.0,-1.0,-1.0,-1.0,0.0,1.0,9.873870254074063,4511.761134042636,4530.561134042636,2.993870254073907,0.29,28.0,REV_LONG,TARGET,2310.455,2024-05-08 13:30:00,2024-05-08 13:35:00,2024-05-08 15:50:00
383982.0,1912957.0,1913133.0,384018.0,-1.0,4.0,2310.0,2311.4348734138002,2300.0,5.283334503977104,0.12,2309.6150000000002,2311.4348734138002,1.0,1.0,0.0,1.0,0.0,1.0,21.838480965599956,4530.561134042636,4508.722653077036,0.8597468276000609,0.29,36.0,REV_SHORT,STOP,2309.76,2024-05-08 22:30:00,2024-05-08 22:35:00,2024-05-09 01:31:00
384117.0,1913632.0,1913675.0,384126.0,-1.0,2.0,2310.0,2311.314482515215,2300.0,1.946876947707975,0.05,2307.475,2311.314482515215,1.0,1.0,1.0,1.0,0.0,0.0,19.19741257607484,4508.722653077036,4489.525240500961,1.3144825152146726,0.29,9.0,BREAK_SHORT,STOP,2307.62,2024-05-09 09:45:00,2024-05-09 09:50:00,2024-05-09 10:33:00
384355.0,1914817.0,1914839.0,384360.0,1.0,1.0,2360.0,2358.120326520383,2370.0,1.599676657994519,0.04,2362.69,2370.0,2.0,1.0,1.0,1.0,0.0,0.0,18.27869391846798,4489.525240500961,4518.765240500961,1.8796734796167738,0.29,5.0,BREAK_LONG,TARGET,2362.545,2024-05-10 06:35:00,2024-05-10 06:40:00,2024-05-10 07:02:00
384910.0,1917582.0,1917691.0,384932.0,-1.0,2.0,2340.0,2341.3302315895344,2330.0,2.0870617597652132,0.03,2337.66,2341.3302315895344,1.0,1.0,1.0,-1.0,0.0,0.0,11.010694768603571,4518.765240500961,4507.754545732358,1.330231589534284,0.29,22.0,BREAK_SHORT,STOP,2337.805,2024-05-14 06:50:00,2024-05-14 06:55:00,2024-05-14 08:44:00
385151.0,1918782.0,1918816.0,385158.0,1.0,1.0,2360.0,2359.0464138685793,2370.0,6.433285301660778,0.15,2360.52,2359.0464138685793,1.0,1.0,1.0,1.0,0.0,0.0,22.10379197131033,4507.754545732358,4485.650753761047,0.9535861314205369,0.29,7.0,BREAK_LONG,STOP,2360.375,2024-05-15 03:55:00,2024-05-15 04:00:00,2024-05-15 04:34:00
385259.0,1919322.0,1919344.0,385264.0,1.0,1.0,2370.0,2366.4096164767434,2380.0,1.1250302618812345,0.03,2372.805,2366.4096164767434,1.0,1.0,1.0,1.0,0.0,0.0,19.186150569769325,4485.650753761047,4466.464603191278,3.5903835232564254,0.29,5.0,BREAK_LONG,STOP,2372.66,2024-05-15 12:55:00,2024-05-15 13:00:00,2024-05-15 13:22:00
385290.0,1919477.0,1919597.0,385315.0,1.0,1.0,2380.0,2376.3483375345268,2390.0,1.0492876269593294,0.03,2383.0099999999998,2390.0,2.0,1.0,1.0,1.0,0.0,0.0,19.984987396418997,4466.464603191278,4487.434603191278,3.651662465473015,0.29,25.0,BREAK_LONG,TARGET,2382.865,2024-05-15 15:30:00,2024-05-15 15:35:00,2024-05-15 17:35:00
385437.0,1920207.0,1920287.0,385454.0,1.0,1.0,2390.0,2388.699857283426,2400.0,2.476814313091422,0.06,2391.95,2388.699857283426,1.0,1.0,1.0,1.0,0.0,0.0,19.500856299443512,4487.434603191278,4467.933746891835,1.3001427165742099,0.29,17.0,BREAK_LONG,STOP,2391.805,2024-05-16 04:45:00,2024-05-16 04:50:00,2024-05-16 06:10:00
386073.0,1923377.0,1923390.0,386076.0,1.0,3.0,2430.0,2426.474578728854,2440.0,2.2315555340604445,0.05,2430.66,2426.474578728854,1.0,1.0,-1.0,1.0,0.0,1.0,20.927106355729848,4467.933746891835,4447.006640536105,2.5008425422924865,0.29,3.0,REV_LONG,STOP,2430.515,2024-05-20 11:45:00,2024-05-20 11:50:00,2024-05-20 12:03:00
386221.0,1924112.0,1924128.0,386225.0,-1.0,4.0,2430.0,2433.100586162119,2420.0,1.0759697792827705,0.03,2426.79,2433.100586162119,1.0,-1.0,1.0,1.0,0.0,1.0,18.931758486356557,4447.006640536105,4428.074882049748,1.8211723242371165,0.29,4.0,REV_SHORT,STOP,2426.935,2024-05-21 01:05:00,2024-05-21 01:10:00,2024-05-21 01:26:00
386292.0,1924467.0,1924500.0,386299.0,1.0,3.0,2410.0,2407.4482961686817,2420.0,1.7158174321476605,0.02,2412.07,2420.0,2.0,-1.0,-1.0,-1.0,1.0,0.0,9.243407662636855,4428.074882049748,4443.934882049748,2.3234076626364857,0.29,7.0,REV_LONG,TARGET,2411.925,2024-05-21 07:00:00,2024-05-21 07:05:00,2024-05-21 07:38:00
386627.0,1926137.0,1926144.0,386629.0,-1.0,2.0,2410.0,2411.9736403166617,2400.0,2.6189005666057374,0.06,2408.665,2411.9736403166617,1.0,1.0,1.0,1.0,0.0,1.0,19.851841899970168,4443.934882049748,4424.083040149778,1.9736403166618164,0.29,2.0,BREAK_SHORT,STOP,2408.81,2024-05-22 11:55:00,2024-05-22 12:00:00,2024-05-22 12:07:00
386697.0,1926487.0,1926526.0,386705.0,-1.0,2.0,2390.0,2392.3922774245584,2380.0,2.0208287109914815,0.05,2388.29,2380.0,2.0,1.0,1.0,1.0,0.0,0.0,20.511387122792257,4424.083040149778,4465.533040149778,2.392277424558269,0.29,8.0,BREAK_SHORT,TARGET,2388.435,2024-05-22 17:45:00,2024-05-22 17:50:00,2024-05-22 18:29:00
386796.0,1926977.0,1927028.0,386807.0,-1.0,2.0,2370.0,2372.1182400763564,2360.0,3.330664898537295,0.07,2369.32,2372.1182400763564,1.0,1.0,1.0,1.0,0.0,0.0,19.58768053449376,4465.533040149778,4445.945359615283,2.1182400763562375,0.29,11.0,BREAK_SHORT,STOP,2369.465,2024-05-23 03:00:00,2024-05-23 03:05:00,2024-05-23 03:56:00
387043.0,1928207.0,1928244.0,387051.0,-1.0,2.0,2330.0,2331.2085936042927,2320.0,3.1612044171880185,0.08,2328.515,2331.2085936042927,1.0,1.0,1.0,1.0,0.0,1.0,21.548748834342405,4445.945359615283,4424.396610780941,1.2085936042927778,0.29,8.0,BREAK_SHORT,STOP,2328.66,2024-05-24 00:35:00,2024-05-24 00:40:00,2024-05-24 01:17:00
387068.0,1928332.0,1928413.0,387085.0,-1.0,2.0,2330.0,2332.2064577284955,2320.0,3.8797377582857266,0.08,2329.705,2332.2064577284955,1.0,1.0,1.0,1.0,0.0,1.0,20.011661827964417,4424.396610780941,4404.384948952977,2.2064577284954754,0.29,17.0,BREAK_SHORT,STOP,2329.85,2024-05-24 02:40:00,2024-05-24 02:45:00,2024-05-24 04:06:00
387895.0,1932452.0,1932691.0,387943.0,-1.0,4.0,2360.0,2361.6547637360395,2350.0,2.5918682172725687,0.06,2358.41,2353.645,3.0,-1.0,1.0,1.0,0.0,1.0,19.46858241623795,4404.384948952977,4432.974948952976,1.4295274720790774,0.29,48.0,REV_SHORT,TIME,2358.555,2024-05-29 02:35:00,2024-05-29 02:40:00,2024-05-29 06:39:00
388709.0,1936507.0,1936746.0,388757.0,-1.0,4.0,2330.0,2331.821180199351,2320.0,2.7874071486830077,0.03,2328.7,2323.065,3.0,1.0,-1.0,-1.0,0.0,0.0,9.363540598053985,4432.974948952976,4449.879948952976,1.3723603987018316,0.29,48.0,REV_SHORT,TIME,2328.845,2024-06-03 01:25:00,2024-06-03 01:30:00,2024-06-03 05:29:00
388763.0,1936777.0,1937016.0,388811.0,1.0,3.0,2320.0,2314.42334112995,2330.0,1.5803443933748489,0.03,2320.46,2327.705,3.0,-1.0,-1.0,1.0,0.0,1.0,18.109976610149715,4449.879948952976,4471.614948952975,1.8233177400995795,0.29,48.0,REV_LONG,TIME,2320.315,2024-06-03 05:55:00,2024-06-03 06:00:00,2024-06-03 09:59:00
389044.0,1938177.0,1938270.0,389063.0,-1.0,4.0,2350.0,2352.5120122430553,2340.0,2.78347926268795,0.03,2349.205,2340.0,2.0,-1.0,-1.0,-1.0,0.0,1.0,9.92103672916619,4471.614948952975,4499.229948952975,1.3140244861106503,0.29,19.0,REV_SHORT,TARGET,2349.35,2024-06-04 06:20:00,2024-06-04 06:25:00,2024-06-04 07:58:00
389265.0,1939277.0,1939281.0,389266.0,-1.0,4.0,2330.0,2330.9272720030226,2320.0,6.108222865918459,0.07,2329.39,2330.9272720030226,1.0,1.0,-1.0,-1.0,0.0,0.0,10.76090402115915,4499.229948952975,4488.469044931816,1.0945440060446505,0.29,1.0,REV_SHORT,STOP,2329.535,2024-06-05 01:45:00,2024-06-05 01:50:00,2024-06-05 01:54:00
389321.0,1939557.0,1939796.0,389369.0,1.0,3.0,2330.0,2327.2739611386173,2340.0,1.976127971219387,0.05,2331.55,2331.685,3.0,-1.0,-1.0,1.0,0.0,0.0,21.38019430691429,4488.469044931816,4489.144044931814,1.7420777227654862,0.29,48.0,REV_LONG,TIME,2331.405,2024-06-05 06:25:00,2024-06-05 06:30:00,2024-06-05 10:29:00
389401.0,1939957.0,1940007.0,389412.0,1.0,1.0,2340.0,2337.8674086894976,2350.0,2.7073346957705238,0.06,2341.14,2337.8674086894976,1.0,1.0,1.0,1.0,0.0,1.0,19.635547863013926,4489.144044931814,4469.5084970688,2.132591310502262,0.29,11.0,BREAK_LONG,STOP,2340.995,2024-06-05 13:05:00,2024-06-05 13:10:00,2024-06-05 14:00:00
390418.0,1945022.0,1945261.0,390466.0,1.0,3.0,2300.0,2297.20220091555,2310.0,3.13125536407112,0.03,2300.3,2305.5,3.0,-1.0,-1.0,-1.0,1.0,1.0,9.293397253351031,4469.5084970688,4485.1084970688,1.195598168900941,0.29,48.0,REV_LONG,TIME,2300.155,2024-06-11 05:50:00,2024-06-11 05:55:00,2024-06-11 09:54:00
390546.0,1945662.0,1945726.0,390559.0,-1.0,2.0,2310.0,2312.0546962420667,2300.0,1.2703174894566722,0.04,2306.745,2312.0546962420667,1.0,1.0,1.0,1.0,0.0,0.0,21.238784968267282,4485.1084970688,4463.8697121005325,2.0546962420668264,0.29,13.0,BREAK_SHORT,STOP,2306.89,2024-06-11 16:30:00,2024-06-11 16:35:00,2024-06-11 17:39:00
390911.0,1947477.0,1947485.0,390913.0,1.0,3.0,2320.0,2318.86197828506,2330.0,4.185246330367141,0.1,2321.0099999999998,2318.86197828506,1.0,1.0,-1.0,1.0,0.0,0.0,21.480217149396598,4463.8697121005325,4442.389494951136,1.136043429879765,0.29,2.0,REV_LONG,STOP,2320.865,2024-06-13 00:55:00,2024-06-13 01:00:00,2024-06-13 01:08:00
391094.0,1948392.0,1948445.0,391105.0,-1.0,2.0,2300.0,2303.339787130793,2290.0,1.0876731662165882,0.03,2296.95,2303.339787130793,1.0,1.0,1.0,1.0,0.0,0.0,19.169361392379415,4442.389494951136,4423.220133558756,3.3397871307930425,0.29,11.0,BREAK_SHORT,STOP,2297.095,2024-06-13 16:10:00,2024-06-13 16:15:00,2024-06-13 17:08:00
391246.0,1949147.0,1949173.0,391252.0,-1.0,4.0,2310.0,2312.34384674729,2300.0,2.9388801503978876,0.07,2309.21,2312.34384674729,1.0,1.0,-1.0,1.0,0.0,1.0,21.936927231030953,4423.220133558756,4401.283206327725,1.2276934945801428,0.29,6.0,REV_SHORT,STOP,2309.355,2024-06-14 05:50:00,2024-06-14 05:55:00,2024-06-14 06:21:00
391275.0,1949292.0,1949391.0,391295.0,-1.0,4.0,2320.0,2322.39528075308,2310.0,3.539928994150809,0.08,2319.665,2322.39528075308,1.0,-1.0,-1.0,1.0,1.0,0.0,21.84224602464019,4401.283206327725,4379.4409603030845,1.8605615061601097,0.29,20.0,REV_SHORT,STOP,2319.81,2024-06-14 08:15:00,2024-06-14 08:20:00,2024-06-14 09:59:00
391554.0,1950682.0,1950700.0,391558.0,-1.0,4.0,2320.0,2322.2411401487466,2310.0,2.583324926887813,0.06,2318.825,2322.2411401487466,1.0,1.0,1.0,1.0,0.0,1.0,20.496840892480574,4379.4409603030845,4358.944119410604,1.5822802974937284,0.29,4.0,REV_SHORT,STOP,2318.97,2024-06-17 08:30:00,2024-06-17 08:35:00,2024-06-17 08:53:00
391596.0,1950892.0,1950951.0,391608.0,-1.0,2.0,2320.0,2321.436038551031,2310.0,3.119553219743143,0.07,2318.66,2321.436038551031,1.0,1.0,1.0,1.0,0.0,1.0,19.432269857216856,4358.944119410604,4339.511849553387,1.4360385510309037,0.29,12.0,BREAK_SHORT,STOP,2318.805,2024-06-17 12:00:00,2024-06-17 12:05:00,2024-06-17 13:04:00
392076.0,1953282.0,1953332.0,392087.0,-1.0,4.0,2330.0,2330.6648619793277,2320.0,10.917884797540946,0.12,2329.77,2330.6648619793277,1.0,-1.0,-1.0,-1.0,0.0,0.0,10.738343751932916,4339.511849553387,4328.773505801454,0.7497239586551672,0.29,11.0,REV_SHORT,STOP,2329.915,2024-06-19 06:00:00,2024-06-19 06:05:00,2024-06-19 06:55:00
392144.0,1953622.0,1953624.0,392145.0,-1.0,4.0,2330.0,2330.805097032782,2320.0,4.77782694874749,0.05,2328.935,2330.805097032782,1.0,-1.0,1.0,-1.0,0.0,0.0,9.350485163911344,4328.773505801454,4319.423020637543,0.9901940655641864,0.29,1.0,REV_SHORT,STOP,2329.08,2024-06-19 11:40:00,2024-06-19 11:45:00,2024-06-19 11:47:00
392199.0,1953897.0,1953933.0,392207.0,1.0,1.0,2330.0,2328.9096873156986,2340.0,4.409083584770437,0.1,2330.96,2328.9096873156986,1.0,1.0,1.0,1.0,0.0,0.0,20.503126843013888,4319.423020637543,4298.919893794529,1.0903126843012916,0.29,8.0,BREAK_LONG,STOP,2330.815,2024-06-19 16:15:00,2024-06-19 16:20:00,2024-06-19 16:56:00
392259.0,1954192.0,1954195.0,392260.0,-1.0,4.0,2330.0,2330.5096850256227,2320.0,10.427483032582758,0.11,2329.59,2330.5096850256227,1.0,-1.0,0.0,-1.0,0.0,0.0,10.116535281848428,4298.919893794529,4288.803358512681,0.3693700512459984,0.29,1.0,REV_SHORT,STOP,2329.735,2024-06-19 22:15:00,2024-06-19 22:20:00,2024-06-19 22:23:00
392295.0,1954372.0,1954572.0,392336.0,1.0,1.0,2330.0,2328.8456037790443,2340.0,2.801257696999732,0.07,2331.78,2340.0,2.0,1.0,1.0,1.0,0.0,0.0,20.540773546691526,4288.803358512681,4346.34335851268,1.154396220955852,0.29,41.0,BREAK_LONG,TARGET,2331.635,2024-06-20 01:15:00,2024-06-20 01:20:00,2024-06-20 04:40:00
393249.0,1959127.0,1959168.0,393258.0,1.0,3.0,2330.0,2326.808214459948,2340.0,2.693330798315347,0.06,2330.38,2326.808214459948,1.0,-1.0,1.0,1.0,0.0,1.0,21.430713240312794,4346.34335851268,4324.912645272368,1.5335710801038982,0.29,9.0,REV_LONG,STOP,2330.235,2024-06-25 11:45:00,2024-06-25 11:50:00,2024-06-25 12:31:00
393296.0,1959362.0,1959601.0,393344.0,1.0,3.0,2320.0,2314.3445102797846,2330.0,1.6376070818376616,0.01,2320.28,2319.27,3.0,-1.0,-1.0,-1.0,1.0,1.0,5.935489720215628,4324.912645272368,4323.902645272367,2.670979440430574,0.29,48.0,REV_LONG,TIME,2320.135,2024-06-25 15:40:00,2024-06-25 15:45:00,2024-06-25 19:44:00
393511.0,1960432.0,1960452.0,393516.0,1.0,3.0,2310.0,2306.9295347617935,2320.0,2.1042805245375846,0.02,2311.14,2306.9295347617935,1.0,-1.0,-1.0,-1.0,1.0,1.0,8.42093047641265,4323.902645272367,4315.481714795955,1.7009304764129163,0.29,5.0,REV_LONG,STOP,2310.995,2024-06-26 10:35:00,2024-06-26 10:40:00,2024-06-26 11:00:00
394057.0,1963152.0,1963156.0,394058.0,-1.0,4.0,2330.0,2331.2579627430528,2320.0,5.769822589281015,0.06,2329.595,2331.2579627430528,1.0,-1.0,-1.0,-1.0,1.0,1.0,9.977776458317749,4315.481714795955,4305.503938337637,1.1659254861048303,0.29,1.0,REV_SHORT,STOP,2329.74,2024-06-28 10:05:00,2024-06-28 10:10:00,2024-06-28 10:14:00
394099.0,1963362.0,1963420.0,394111.0,1.0,3.0,2330.0,2325.6766122314575,2340.0,1.6459194096118694,0.03,2331.09,2325.6766122314575,1.0,1.0,1.0,1.0,0.0,1.0,16.240163305627902,4305.503938337637,4289.263775032009,2.77677553708529,0.29,12.0,REV_LONG,STOP,2330.945,2024-06-28 13:35:00,2024-06-28 13:40:00,2024-06-28 14:38:00
394143.0,1963582.0,1963593.0,394146.0,1.0,1.0,2330.0,2328.286730848706,2340.0,2.750323325942623,0.06,2331.41,2328.286730848706,1.0,1.0,1.0,1.0,0.0,0.0,18.739614907762185,4289.263775032009,4270.524160124247,1.713269151293725,0.29,3.0,BREAK_LONG,STOP,2331.265,2024-06-28 17:15:00,2024-06-28 17:20:00,2024-06-28 17:31:00
394917.0,1967437.0,1967450.0,394920.0,1.0,1.0,2350.0,2347.7712891633723,2360.0,2.4314542894281175,0.05,2351.335,2347.7712891633723,1.0,1.0,1.0,1.0,0.0,0.0,17.81855418313853,4270.524160124247,4252.705605941108,2.2287108366274517,0.29,3.0,BREAK_LONG,STOP,2351.19,2024-07-03 12:45:00,2024-07-03 12:50:00,2024-07-03 13:03:00
395344.0,1969562.0,1969801.0,395392.0,1.0,1.0,2360.0,2358.9062951711094,2370.0,4.045563498620173,0.09,2361.105,2365.385,3.0,1.0,1.0,1.0,0.0,1.0,19.788343460015767,4252.705605941108,4291.22560594111,1.0937048288907574,0.29,48.0,BREAK_LONG,TIME,2360.96,2024-07-05 02:20:00,2024-07-05 02:25:00,2024-07-05 06:24:00
395711.0,1971392.0,1971631.0,395759.0,1.0,3.0,2370.0,2367.602856999747,2380.0,3.4559690135002685,0.07,2370.3849999999998,2375.405,3.0,-1.0,-1.0,1.0,1.0,1.0,19.475001001769215,4291.22560594111,4326.365605941113,1.504286000506286,0.29,48.0,REV_LONG,TIME,2370.24,2024-07-08 09:55:00,2024-07-08 10:00:00,2024-07-08 13:59:00
395959.0,1972627.0,1972866.0,396007.0,1.0,3.0,2360.0,2357.8437617032055,2370.0,3.7462347849504747,0.08,2360.405,2359.225,3.0,-1.0,-1.0,1.0,0.0,1.0,20.489906374357815,4326.365605941113,4316.925605941111,1.2324765935892836,0.29,48.0,REV_LONG,TIME,2360.26,2024-07-09 07:35:00,2024-07-09 07:40:00,2024-07-09 11:39:00
396213.0,1973892.0,1973948.0,396225.0,-1.0,4.0,2370.0,2370.865933398561,2360.0,3.1938296849297485,0.08,2368.275,2370.865933398561,1.0,-1.0,-1.0,1.0,0.0,0.0,20.727467188487935,4316.925605941111,4296.198138752623,0.9518667971221985,0.29,12.0,REV_SHORT,STOP,2368.42,2024-07-10 05:45:00,2024-07-10 05:50:00,2024-07-10 06:46:00
396473.0,1975187.0,1975312.0,396499.0,1.0,1.0,2380.0,2379.1441487884194,2390.0,3.3846945086214193,0.08,2381.62,2379.1441487884194,1.0,1.0,1.0,1.0,0.0,1.0,19.806809692643583,4296.198138752623,4276.391329059979,0.8558512115804837,0.29,26.0,BREAK_LONG,STOP,2381.475,2024-07-11 04:25:00,2024-07-11 04:30:00,2024-07-11 06:35:00
396591.0,1975777.0,1975807.0,396598.0,-1.0,4.0,2410.0,2413.9693820612097,2400.0,2.222923559560792,0.02,2409.635,2413.9693820612097,1.0,-1.0,-1.0,-1.0,1.0,1.0,8.668764122418906,4276.391329059979,4267.7225649375605,4.008764122419138,0.29,7.0,REV_SHORT,STOP,2409.78,2024-07-11 14:15:00,2024-07-11 14:20:00,2024-07-11 14:50:00
396996.0,1977792.0,1977892.0,397017.0,-1.0,4.0,2410.0,2411.6315778711014,2400.0,2.967685111066349,0.03,2408.7,2411.6315778711014,1.0,-1.0,-1.0,-1.0,0.0,0.0,8.794733613304743,4267.7225649375605,4258.927831324256,1.4531557422024561,0.29,21.0,REV_SHORT,STOP,2408.845,2024-07-15 02:00:00,2024-07-15 02:05:00,2024-07-15 03:45:00
397078.0,1978202.0,1978237.0,397086.0,1.0,1.0,2410.0,2408.678045878641,2420.0,2.835409920309505,0.07,2411.63,2408.678045878641,1.0,1.0,1.0,1.0,0.0,1.0,20.663678849512966,4258.927831324256,4238.264152474742,1.3219541213588275,0.29,8.0,BREAK_LONG,STOP,2411.485,2024-07-15 08:50:00,2024-07-15 08:55:00,2024-07-15 09:30:00
397154.0,1978582.0,1978688.0,397176.0,1.0,1.0,2430.0,2427.493390130312,2440.0,1.0581558036290077,0.03,2433.57,2427.493390130312,1.0,1.0,1.0,1.0,0.0,0.0,18.229829609064378,4238.264152474742,4220.034322865678,2.506609869688169,0.29,22.0,BREAK_LONG,STOP,2433.425,2024-07-15 15:10:00,2024-07-15 15:15:00,2024-07-15 17:01:00
397317.0,1979392.0,1979412.0,397322.0,1.0,1.0,2430.0,2428.7600808005664,2440.0,4.620186656849887,0.05,2430.7599999999998,2428.7600808005664,1.0,1.0,1.0,-1.0,0.0,0.0,9.999595997167035,4220.034322865678,4210.034726868511,1.2399191994335965,0.29,5.0,BREAK_LONG,STOP,2430.615,2024-07-16 05:45:00,2024-07-16 05:50:00,2024-07-16 06:10:00
397535.0,1980477.0,1980479.0,397536.0,-1.0,4.0,2470.0,2474.043459943816,2460.0,1.6062103254443876,0.01,2468.655,2474.043459943816,1.0,-1.0,-1.0,-1.0,0.0,1.0,5.388459943815633,4210.034726868511,4204.646266924696,1.3569198876320818,0.29,1.0,REV_SHORT,STOP,2468.8,2024-07-17 00:55:00,2024-07-17 01:00:00,2024-07-17 01:02:00
397791.0,1981752.0,1981796.0,397800.0,1.0,1.0,2460.0,2459.2601122737965,2470.0,4.652906526042701,0.11,2461.16,2459.2601122737965,1.0,1.0,1.0,1.0,0.0,0.0,20.898764988236962,4204.646266924696,4183.747501936459,0.73988772620337,0.29,9.0,BREAK_LONG,STOP,2461.015,2024-07-17 23:15:00,2024-07-17 23:20:00,2024-07-18 00:04:00
397881.0,1982202.0,1982215.0,397884.0,-1.0,4.0,2470.0,2473.0734092635957,2460.0,3.0307615231701517,0.03,2469.83,2473.0734092635957,1.0,-1.0,-1.0,-1.0,1.0,1.0,9.730227790787467,4183.747501936459,4174.017274145672,1.6868185271916063,0.29,3.0,REV_SHORT,STOP,2469.975,2024-07-18 06:45:00,2024-07-18 06:50:00,2024-07-18 07:03:00
398223.0,1983907.0,1983953.0,398233.0,-1.0,2.0,2410.0,2412.125998572009,2400.0,2.3441818387949946,0.05,2408.5,2400.0,2.0,1.0,1.0,1.0,0.0,0.0,18.1299928600447,4174.017274145672,4216.517274145672,2.1259985720090095,0.29,10.0,BREAK_SHORT,TARGET,2408.645,2024-07-19 12:15:00,2024-07-19 12:20:00,2024-07-19 13:06:00
398281.0,1984197.0,1984215.0,398285.0,1.0,3.0,2400.0,2397.515335078275,2410.0,3.694074362429855,0.03,2400.175,2397.515335078275,1.0,-1.0,-1.0,-1.0,1.0,1.0,7.9789947651761395,4216.517274145672,4208.538279380496,1.8293298434499938,0.29,4.0,REV_LONG,STOP,2400.03,2024-07-19 17:05:00,2024-07-19 17:10:00,2024-07-19 17:28:00
398428.0,1984927.0,1985166.0,398476.0,1.0,3.0,2400.0,2398.034529966574,2410.0,1.3738798076523213,0.02,2403.075,2404.08,3.0,-1.0,-1.0,-1.0,0.0,0.0,10.080940066851326,4208.538279380496,4210.548279380496,1.9909400668524173,0.29,48.0,REV_LONG,TIME,2402.93,2024-07-22 06:20:00,2024-07-22 06:25:00,2024-07-22 10:24:00
398496.0,1985267.0,1985296.0,398502.0,-1.0,2.0,2400.0,2401.535712212214,2390.0,1.666777549288155,0.04,2397.21,2390.0,2.0,1.0,1.0,1.0,0.0,0.0,17.30284884885623,4210.548279380496,4239.388279380496,1.5357122122138864,0.29,6.0,BREAK_SHORT,TARGET,2397.355,2024-07-22 12:00:00,2024-07-22 12:05:00,2024-07-22 12:34:00
398641.0,1985987.0,1985998.0,398644.0,-1.0,4.0,2400.0,2401.2510432161716,2390.0,2.7932836429447176,0.03,2398.285,2401.2510432161716,1.0,1.0,-1.0,-1.0,0.0,0.0,8.89812964851535,4239.388279380496,4230.490149731981,0.9720864323433048,0.29,3.0,REV_SHORT,STOP,2398.43,2024-07-23 01:05:00,2024-07-23 01:10:00,2024-07-23 01:21:00
398706.0,1986312.0,1986316.0,398707.0,-1.0,2.0,2390.0,2391.554672215689,2380.0,3.427633534289855,0.04,2388.945,2391.554672215689,1.0,1.0,1.0,-1.0,0.0,1.0,10.438688862755953,4230.490149731981,4220.051460869225,1.5546722156891026,0.29,1.0,BREAK_SHORT,STOP,2389.09,2024-07-23 06:30:00,2024-07-23 06:35:00,2024-07-23 06:39:00
398907.0,1987312.0,1987362.0,398918.0,-1.0,4.0,2410.0,2410.654742441477,2400.0,6.504700944484576,0.14,2409.235,2410.654742441477,1.0,-1.0,-1.0,1.0,0.0,0.0,19.87639418067738,4220.051460869225,4200.175066688547,0.7194848829543538,0.29,11.0,REV_SHORT,STOP,2409.38,2024-07-24 00:15:00,2024-07-24 00:20:00,2024-07-24 01:10:00
398933.0,1987442.0,1987681.0,398981.0,1.0,1.0,2410.0,2408.310863793231,2420.0,1.3786756644367875,0.02,2413.225,2415.13,3.0,1.0,1.0,-1.0,0.0,0.0,9.828272413537888,4200.175066688547,4203.985066688548,1.689136206769034,0.29,48.0,BREAK_LONG,TIME,2413.08,2024-07-24 02:25:00,2024-07-24 02:30:00,2024-07-24 06:29:00
399146.0,1988507.0,1988549.0,399155.0,-1.0,2.0,2400.0,2401.9399252078624,2390.0,2.839296577832779,0.06,2398.83,2397.495,4.0,1.0,1.0,1.0,0.0,1.0,18.659551247174928,4203.985066688548,4211.995066688548,1.9399252078622533,0.29,9.0,BREAK_SHORT,SESSION,2398.975,2024-07-24 20:10:00,2024-07-24 20:15:00,2024-07-24 20:57:00
399175.0,1988647.0,1988753.0,399197.0,-1.0,4.0,2400.0,2402.0976868323723,2390.0,4.16402220954218,0.04,2399.755,2390.0,2.0,1.0,-1.0,-1.0,0.0,1.0,9.37074732948895,4211.995066688548,4251.015066688548,1.5453736647454202,0.29,22.0,REV_SHORT,TARGET,2399.9,2024-07-24 23:35:00,2024-07-24 23:40:00,2024-07-25 01:26:00
399267.0,1989107.0,1989322.0,399311.0,1.0,3.0,2370.0,2364.6333815484177,2380.0,1.0268256111430794,0.02,2372.215,2380.0,2.0,-1.0,-1.0,1.0,1.0,1.0,15.163236903164941,4251.015066688548,4266.585066688548,2.563236903164664,0.29,44.0,REV_LONG,TARGET,2372.07,2024-07-25 07:15:00,2024-07-25 07:20:00,2024-07-25 10:55:00
399471.0,1990122.0,1990145.0,399476.0,1.0,3.0,2360.0,2355.209219872741,2370.0,1.4981133920448337,0.01,2361.13,2370.0,2.0,-1.0,-1.0,-1.0,0.0,0.0,5.92078012725915,4266.585066688548,4275.455066688548,1.7715602545178963,0.29,5.0,REV_LONG,TARGET,2360.985,2024-07-26 01:15:00,2024-07-26 01:20:00,2024-07-26 01:43:00
399872.0,1992122.0,1992131.0,399874.0,1.0,3.0,2390.0,2388.269242237697,2400.0,3.536680865208179,0.04,2390.855,2388.269242237697,1.0,1.0,-1.0,-1.0,0.0,0.0,10.343031049211277,4275.455066688548,4265.112035639337,1.6015155246062194,0.29,2.0,REV_LONG,STOP,2390.71,2024-07-29 11:40:00,2024-07-29 11:45:00,2024-07-29 11:54:00
400179.0,1993652.0,1993715.0,400192.0,1.0,3.0,2390.0,2387.1723428680834,2400.0,2.9681465149106248,0.03,2390.405,2387.1723428680834,1.0,1.0,1.0,-1.0,0.0,0.0,9.6979713957503,4265.112035639337,4255.414064243587,2.755314263833437,0.29,13.0,REV_LONG,STOP,2390.26,2024-07-30 14:15:00,2024-07-30 14:20:00,2024-07-30 15:23:00
400344.0,1994472.0,1994553.0,400361.0,-1.0,4.0,2420.0,2422.4467249742793,2410.0,3.7115900010273286,0.04,2419.805,2422.4467249742793,1.0,-1.0,-1.0,-1.0,1.0,1.0,10.566899897117764,4255.414064243587,4244.847164346469,1.803449948558772,0.29,17.0,REV_SHORT,STOP,2419.95,2024-07-31 05:00:00,2024-07-31 05:05:00,2024-07-31 06:26:00
400392.0,1994712.0,1994743.0,400399.0,1.0,1.0,2420.0,2418.197075414011,2430.0,2.4481988397589394,0.06,2421.62,2418.197075414011,1.0,1.0,1.0,1.0,0.0,1.0,20.5375475159326,4244.847164346469,4224.3096168305365,1.802924585988986,0.29,7.0,BREAK_LONG,STOP,2421.475,2024-07-31 09:00:00,2024-07-31 09:05:00,2024-07-31 09:36:00
400595.0,1995722.0,1995961.0,400643.0,1.0,3.0,2440.0,2435.9320719101333,2450.0,1.5153064483977274,0.03,2441.525,2444.725,3.0,1.0,-1.0,1.0,0.0,1.0,16.778784269600237,4224.3096168305365,4233.909616830536,2.7758561797336276,0.29,48.0,REV_LONG,TIME,2441.38,2024-08-01 02:55:00,2024-08-01 03:00:00,2024-08-01 06:59:00
400845.0,1996967.0,1996977.0,400848.0,1.0,1.0,2450.0,2448.418854401348,2460.0,3.019632192163513,0.03,2451.3,2448.418854401348,1.0,1.0,1.0,-1.0,0.0,1.0,8.643436795955948,4233.909616830536,4225.26618003458,1.5811455986517464,0.29,3.0,BREAK_LONG,STOP,2451.155,2024-08-02 00:45:00,2024-08-02 00:50:00,2024-08-02 01:00:00
400853.0,1997007.0,1997040.0,400860.0,1.0,3.0,2440.0,2437.28315560547,2450.0,1.124131438283042,0.01,2443.27,2450.0,2.0,1.0,-1.0,-1.0,0.0,0.0,5.986844394530181,4225.26618003458,4231.996180034581,2.6636887890597403,0.29,7.0,REV_LONG,TARGET,2443.125,2024-08-02 01:25:00,2024-08-02 01:30:00,2024-08-02 02:03:00
401256.0,1999017.0,1999032.0,401260.0,-1.0,2.0,2390.0,2394.3580777463917,2380.0,1.813611404714402,0.02,2389.255,2380.0,2.0,1.0,1.0,-1.0,0.0,0.0,10.206155492783182,4231.996180034581,4250.506180034581,4.358077746391496,0.29,4.0,BREAK_SHORT,TARGET,2389.4,2024-08-05 12:00:00,2024-08-05 12:05:00,2024-08-05 12:20:00
401534.0,2000402.0,2000407.0,401536.0,1.0,3.0,2410.0,2406.888556549213,2420.0,2.3392671039635897,0.02,2410.815,2406.888556549213,1.0,-1.0,1.0,-1.0,0.0,0.0,7.852886901574493,4250.506180034581,4242.653293133007,1.9628869015743504,0.29,2.0,REV_LONG,STOP,2410.67,2024-08-06 12:10:00,2024-08-06 12:15:00,2024-08-06 12:20:00
401562.0,2000542.0,2000573.0,401569.0,1.0,3.0,2390.0,2384.31982768971,2400.0,1.2335879544304276,0.03,2391.34,2384.31982768971,1.0,-1.0,-1.0,1.0,1.0,0.0,21.060516930870108,4242.653293133007,4221.5927762021365,3.960344620580254,0.29,7.0,REV_LONG,STOP,2391.195,2024-08-06 14:30:00,2024-08-06 14:35:00,2024-08-06 15:06:00
401593.0,2000697.0,2000743.0,401603.0,-1.0,4.0,2390.0,2393.0405431761296,2380.0,2.5918986618501023,0.02,2389.41,2393.0405431761296,1.0,1.0,1.0,-1.0,1.0,1.0,7.261086352259554,4221.5927762021365,4214.331689849877,2.711086352259683,0.29,10.0,REV_SHORT,STOP,2389.555,2024-08-06 17:05:00,2024-08-06 17:10:00,2024-08-06 17:56:00
401620.0,2000832.0,2000841.0,401622.0,1.0,3.0,2390.0,2388.442331340353,2400.0,3.4924823942286296,0.08,2391.015,2388.442331340353,1.0,-1.0,-1.0,1.0,1.0,0.0,20.581349277174013,4214.331689849877,4193.750340572703,1.7053373192943144,0.29,2.0,REV_LONG,STOP,2390.87,2024-08-06 19:20:00,2024-08-06 19:25:00,2024-08-06 19:34:00
401642.0,2000937.0,2001122.0,401680.0,-1.0,4.0,2390.0,2391.3145033191954,2380.0,3.9854535234638604,0.04,2389.045,2380.0,2.0,1.0,0.0,-1.0,0.0,0.0,9.078013276781348,4193.750340572703,4229.930340572703,1.2490066383906953,0.29,38.0,REV_SHORT,TARGET,2389.19,2024-08-06 22:10:00,2024-08-06 22:15:00,2024-08-07 01:20:00
401760.0,2001527.0,2001758.0,401807.0,1.0,3.0,2390.0,2387.149045059763,2400.0,3.2751655283371917,0.03,2390.155,2400.0,2.0,-1.0,1.0,-1.0,0.0,1.0,9.017864820711566,4229.930340572703,4259.465340572702,1.9119098804737538,0.29,47.0,REV_LONG,TARGET,2390.01,2024-08-07 08:00:00,2024-08-07 08:05:00,2024-08-07 11:56:00
401884.0,2002147.0,2002158.0,401887.0,1.0,3.0,2390.0,2386.5130507586223,2400.0,2.7083138494031638,0.02,2390.15,2386.5130507586223,1.0,-1.0,-1.0,-1.0,0.0,1.0,7.273898482755612,4259.465340572702,4252.191442089947,2.1638984827554,0.29,3.0,REV_LONG,STOP,2390.005,2024-08-07 18:20:00,2024-08-07 18:25:00,2024-08-07 18:36:00
402019.0,2002817.0,2003056.0,402067.0,-1.0,4.0,2400.0,2401.766797307201,2390.0,3.6021627424514007,0.04,2399.21,2400.395,3.0,-1.0,-1.0,-1.0,1.0,0.0,10.227189228804491,4252.191442089947,4247.451442089947,1.9235946144022,0.29,48.0,REV_SHORT,TIME,2399.355,2024-08-08 06:35:00,2024-08-08 06:40:00,2024-08-08 10:39:00
402262.0,2004027.0,2004137.0,402285.0,1.0,3.0,2420.0,2418.615944634632,2430.0,2.770734215727402,0.03,2421.6349999999998,2418.615944634632,1.0,1.0,-1.0,-1.0,0.0,0.0,9.057166096103627,4247.451442089947,4238.394275993844,1.5581107307360258,0.29,23.0,REV_LONG,STOP,2421.49,2024-08-09 03:50:00,2024-08-09 03:55:00,2024-08-09 05:45:00
402460.0,2005017.0,2005049.0,402467.0,-1.0,4.0,2430.0,2431.5008369998754,2420.0,5.644667869188621,0.06,2429.77,2431.075,4.0,-1.0,-1.0,-1.0,0.0,1.0,10.385021999252784,4238.394275993844,4230.564275993845,1.151673999750437,0.29,7.0,REV_SHORT,SESSION,2429.915,2024-08-09 20:20:00,2024-08-09 20:25:00,2024-08-09 20:57:00
402478.0,2005102.0,2005119.0,402482.0,1.0,3.0,2430.0,2428.9364951555153,2440.0,5.856815386889544,0.13,2430.55,2428.9364951555153,1.0,1.0,0.0,1.0,0.0,0.0,20.97556297830306,4230.564275993845,4209.5887130155415,1.2670096889700915,0.29,4.0,REV_LONG,STOP,2430.405,2024-08-11 22:50:00,2024-08-11 22:55:00,2024-08-11 23:12:00
402562.0,2005522.0,2005626.0,402583.0,1.0,3.0,2430.0,2428.599791800993,2440.0,1.8859765421661008,0.02,2432.55,2440.0,2.0,1.0,1.0,-1.0,0.0,0.0,7.900416398014386,4209.5887130155415,4224.488713015541,1.170416398013978,0.29,21.0,REV_LONG,TARGET,2432.405,2024-08-12 05:50:00,2024-08-12 05:55:00,2024-08-12 07:39:00
402879.0,2007102.0,2007292.0,402918.0,1.0,3.0,2460.0,2458.2017731289957,2470.0,2.9089927216369786,0.03,2461.22,2470.0,2.0,1.0,-1.0,-1.0,0.0,0.0,9.054680613012351,4224.488713015541,4250.828713015542,1.5164537420089135,0.29,39.0,REV_LONG,TARGET,2461.075,2024-08-13 09:15:00,2024-08-13 09:20:00,2024-08-13 12:30:00
403062.0,2008012.0,2008068.0,403074.0,-1.0,4.0,2470.0,2473.391856283544,2460.0,2.2062047086240795,0.02,2469.215,2460.0,2.0,-1.0,-1.0,-1.0,0.0,1.0,8.353712567087314,4250.828713015542,4269.2587130155425,1.4637125670881124,0.29,12.0,REV_SHORT,TARGET,2469.36,2024-08-14 01:30:00,2024-08-14 01:35:00,2024-08-14 02:31:00
403552.0,2010457.0,2010467.0,403555.0,1.0,1.0,2460.0,2458.6608453123076,2470.0,4.629733782107163,0.05,2460.675,2458.6608453123076,1.0,1.0,1.0,-1.0,0.0,0.0,10.070773438462766,4269.2587130155425,4259.187939577079,1.3391546876923153,0.29,3.0,BREAK_LONG,STOP,2460.53,2024-08-15 19:20:00,2024-08-15 19:25:00,2024-08-15 19:35:00
403753.0,2011457.0,2011488.0,403760.0,-1.0,4.0,2490.0,2494.488691924727,2480.0,1.6397349538702166,0.01,2489.0,2494.488691924727,1.0,-1.0,-1.0,-1.0,1.0,0.0,5.488691924726936,4259.187939577079,4253.699247652352,3.477383849454177,0.29,7.0,REV_SHORT,STOP,2489.145,2024-08-16 13:05:00,2024-08-16 13:10:00,2024-08-16 13:41:00
404174.0,2013552.0,2013787.0,404222.0,1.0,3.0,2500.0,2497.9205847251815,2510.0,3.911498842223461,0.08,2500.38,2497.9205847251815,1.0,1.0,-1.0,1.0,0.0,0.0,19.67532219854911,4253.699247652352,4234.023925453803,1.6988305496367258,0.29,48.0,REV_LONG,STOP,2500.235,2024-08-20 02:10:00,2024-08-20 02:15:00,2024-08-20 06:10:00
404255.0,2013957.0,2013967.0,404258.0,-1.0,4.0,2520.0,2524.522794114128,2510.0,2.0332954525496616,0.02,2519.735,2524.522794114128,1.0,-1.0,-1.0,-1.0,1.0,1.0,9.575588228255583,4234.023925453803,4224.448337225547,2.6755882282563763,0.29,3.0,REV_SHORT,STOP,2519.88,2024-08-20 08:55:00,2024-08-20 09:00:00,2024-08-20 09:10:00
404722.0,2016282.0,2016445.0,404755.0,-1.0,2.0,2510.0,2511.3068952429894,2500.0,1.9089786413418837,0.02,2507.42,2500.0,2.0,1.0,1.0,-1.0,0.0,1.0,7.7737904859786795,4224.448337225547,4239.288337225547,1.306895242989365,0.29,33.0,BREAK_SHORT,TARGET,2507.565,2024-08-22 01:50:00,2024-08-22 01:55:00,2024-08-22 04:38:00
404873.0,2017037.0,2017068.0,404880.0,-1.0,2.0,2480.0,2483.9429211041083,2470.0,1.2623883818363497,0.03,2477.78,2483.9429211041083,1.0,1.0,1.0,1.0,0.0,0.0,18.48876331232441,4239.288337225547,4220.799573913223,3.9429211041084686,0.29,7.0,BREAK_SHORT,STOP,2477.925,2024-08-22 14:25:00,2024-08-22 14:30:00,2024-08-22 15:01:00
404988.0,2017607.0,2017740.0,405015.0,-1.0,4.0,2490.0,2492.1214187783157,2480.0,2.5741439116332185,0.03,2488.73,2492.1214187783157,1.0,1.0,-1.0,-1.0,0.0,1.0,10.174256334947131,4220.799573913223,4210.625317578276,1.182837556631302,0.29,27.0,REV_SHORT,STOP,2488.875,2024-08-23 01:00:00,2024-08-23 01:05:00,2024-08-23 03:18:00
405459.0,2019957.0,2019970.0,405462.0,1.0,1.0,2520.0,2518.237331658757,2530.0,3.845253423381459,0.08,2520.665,2518.237331658757,1.0,1.0,1.0,1.0,0.0,0.0,19.42134672994507,4210.625317578276,4191.203970848331,1.762668341243386,0.29,3.0,BREAK_LONG,STOP,2520.52,2024-08-26 17:15:00,2024-08-26 17:20:00,2024-08-26 17:33:00
405484.0,2020082.0,2020174.0,405503.0,-1.0,4.0,2520.0,2521.626484417571,2510.0,4.0960174560154705,0.04,2519.345,2518.3849999999998,4.0,-1.0,-1.0,-1.0,0.0,0.0,9.125937670285566,4191.203970848331,4195.043970848331,1.3029688351427233,0.29,19.0,REV_SHORT,SESSION,2519.49,2024-08-26 19:20:00,2024-08-26 19:25:00,2024-08-26 20:57:00
405543.0,2020372.0,2020400.0,405549.0,1.0,3.0,2510.0,2509.1207079352484,2520.0,2.921466021179652,0.07,2511.895,2509.1207079352484,1.0,1.0,-1.0,1.0,0.0,0.0,19.420044453260747,4195.043970848331,4175.62392639507,1.0885841295033638,0.29,6.0,REV_LONG,STOP,2511.75,2024-08-27 01:15:00,2024-08-27 01:20:00,2024-08-27 01:48:00
405622.0,2020767.0,2020791.0,405627.0,-1.0,2.0,2510.0,2511.7741362331913,2500.0,2.0509770896205546,0.02,2507.915,2511.7741362331913,1.0,1.0,1.0,-1.0,0.0,0.0,7.718272466382587,4175.62392639507,4167.905653928688,1.7741362331911088,0.29,5.0,BREAK_SHORT,STOP,2508.06,2024-08-27 07:50:00,2024-08-27 07:55:00,2024-08-27 08:19:00
405681.0,2021062.0,2021067.0,405683.0,-1.0,2.0,2510.0,2511.568565600992,2500.0,3.2013037920087712,0.03,2508.815,2511.568565600992,1.0,1.0,1.0,-1.0,0.0,1.0,8.260696802975417,4167.905653928688,4159.644957125713,1.5685656009920526,0.29,2.0,BREAK_SHORT,STOP,2508.96,2024-08-27 12:45:00,2024-08-27 12:50:00,2024-08-27 12:55:00
406002.0,2022662.0,2022901.0,406050.0,1.0,3.0,2500.0,2495.3080256079174,2510.0,1.7273146896104465,0.01,2500.695,2505.295,3.0,-1.0,-1.0,-1.0,1.0,1.0,5.38697439208272,4159.644957125713,4164.244957125713,2.313948784165703,0.29,48.0,REV_LONG,TIME,2500.55,2024-08-28 16:30:00,2024-08-28 16:35:00,2024-08-28 20:34:00
406234.0,2023817.0,2023839.0,406239.0,-1.0,2.0,2510.0,2512.742908653517,2500.0,2.4647159171099564,0.05,2509.065,2512.742908653517,1.0,1.0,1.0,1.0,0.0,0.0,18.389543267585395,4164.244957125713,4145.855413858128,2.7429086535169955,0.29,5.0,BREAK_SHORT,STOP,2509.21,2024-08-29 12:50:00,2024-08-29 12:55:00,2024-08-29 13:17:00
406260.0,2023947.0,2024186.0,406308.0,1.0,1.0,2520.0,2517.3057974466715,2530.0,1.8277188214455014,0.02,2521.795,2522.92,3.0,1.0,1.0,-1.0,0.0,0.0,8.978405106657192,4145.855413858128,4148.105413858128,2.694202553328684,0.29,48.0,BREAK_LONG,TIME,2521.65,2024-08-29 15:00:00,2024-08-29 15:05:00,2024-08-29 19:04:00
406348.0,2024382.0,2024392.0,406351.0,1.0,3.0,2520.0,2519.4820968139884,2530.0,7.707571358214709,0.08,2520.69,2519.4820968139884,1.0,1.0,-1.0,-1.0,0.0,1.0,9.663225488093303,4148.105413858128,4138.442188370034,0.6058063720227088,0.29,3.0,REV_LONG,STOP,2520.545,2024-08-29 23:20:00,2024-08-29 23:25:00,2024-08-29 23:35:00
406436.0,2024822.0,2024823.0,406437.0,1.0,1.0,2520.0,2518.334890354031,2530.0,3.921759491510658,0.04,2520.705,2518.334890354031,1.0,1.0,1.0,-1.0,0.0,1.0,9.480438583876094,4138.442188370034,4128.961749786158,1.6651096459689116,0.29,1.0,BREAK_LONG,STOP,2520.56,2024-08-30 06:40:00,2024-08-30 06:45:00,2024-08-30 06:46:00
406485.0,2025067.0,2025099.0,406492.0,-1.0,2.0,2520.0,2521.598470544743,2510.0,1.2549892030775058,0.04,2516.455,2521.598470544743,1.0,1.0,1.0,1.0,0.0,0.0,20.57388217897278,4128.961749786158,4108.387867607185,1.5984705447432868,0.29,7.0,BREAK_SHORT,STOP,2516.6,2024-08-30 10:45:00,2024-08-30 10:50:00,2024-08-30 11:22:00
406731.0,2026292.0,2026310.0,406735.0,-1.0,4.0,2500.0,2502.242372116464,2490.0,1.9062893253459534,0.04,2498.03,2502.242372116464,1.0,1.0,1.0,1.0,0.0,1.0,16.849488465855757,4108.387867607185,4091.5383791413296,1.77474423292834,0.29,4.0,REV_SHORT,STOP,2498.175,2024-09-02 08:15:00,2024-09-02 08:20:00,2024-09-02 08:38:00
406803.0,2026652.0,2026677.0,406809.0,-1.0,2.0,2500.0,2501.42942173111,2490.0,4.014175996973212,0.08,2499.15,2501.42942173111,1.0,1.0,1.0,1.0,0.0,0.0,18.235373848878226,4091.5383791413296,4073.3030052924514,1.4294217311099218,0.29,6.0,BREAK_SHORT,STOP,2499.295,2024-09-02 14:15:00,2024-09-02 14:20:00,2024-09-02 14:45:00
407075.0,2028007.0,2028027.0,407080.0,1.0,3.0,2480.0,2473.695477937761,2490.0,1.4649584518462082,0.01,2480.31,2473.695477937761,1.0,-1.0,-1.0,-1.0,1.0,1.0,6.614522062238848,4073.3030052924514,4066.6884832302126,3.8590441244779843,0.29,5.0,REV_LONG,STOP,2480.165,2024-09-03 13:55:00,2024-09-03 14:00:00,2024-09-03 14:20:00
407533.0,2030287.0,2030413.0,407559.0,1.0,1.0,2500.0,2498.7622840397444,2510.0,1.593688592407309,0.04,2503.095,2510.0,2.0,1.0,1.0,1.0,0.0,0.0,17.33086384102171,4066.6884832302126,4094.3084832302134,1.2377159602558467,0.29,26.0,BREAK_LONG,TARGET,2502.95,2024-09-05 06:05:00,2024-09-05 06:10:00,2024-09-05 08:16:00
408084.0,2033032.0,2033064.0,408091.0,-1.0,2.0,2490.0,2491.3418721748835,2480.0,4.87092268439883,0.1,2489.41,2491.3418721748835,1.0,1.0,1.0,1.0,0.0,0.0,19.318721748836655,4094.3084832302134,4074.9897614813767,1.3418721748835314,0.29,7.0,BREAK_SHORT,STOP,2489.555,2024-09-09 06:00:00,2024-09-09 06:05:00,2024-09-09 06:37:00
408164.0,2033432.0,2033509.0,408180.0,1.0,1.0,2500.0,2498.484980334267,2510.0,1.5114438988762742,0.02,2503.07,2498.484980334267,1.0,1.0,1.0,-1.0,0.0,0.0,9.170039331465887,4074.9897614813767,4065.819722149911,1.51501966573296,0.29,16.0,BREAK_LONG,STOP,2502.925,2024-09-09 12:40:00,2024-09-09 12:45:00,2024-09-09 14:02:00
408470.0,2034957.0,2034967.0,408473.0,-1.0,4.0,2510.0,2512.578313242251,2500.0,3.295412478680655,0.06,2509.65,2512.578313242251,1.0,-1.0,-1.0,1.0,0.0,1.0,17.569879453506474,4065.819722149911,4048.2498426964044,2.286626484502399,0.29,3.0,REV_SHORT,STOP,2509.795,2024-09-10 15:10:00,2024-09-10 15:15:00,2024-09-10 15:25:00
408586.0,2035532.0,2035771.0,408634.0,-1.0,4.0,2520.0,2523.331075215376,2510.0,2.3912032929903737,0.05,2519.4,2521.235,3.0,-1.0,-1.0,1.0,0.0,1.0,19.655376076880206,4048.2498426964044,4039.074842696404,1.4321504307525417,0.29,48.0,REV_SHORT,TIME,2519.545,2024-09-11 01:50:00,2024-09-11 01:55:00,2024-09-11 05:54:00
408915.0,2037172.0,2037187.0,408919.0,1.0,1.0,2520.0,2519.0633397955135,2530.0,5.484210735152661,0.05,2520.75,2519.0633397955135,1.0,1.0,1.0,-1.0,0.0,0.0,8.433301022432715,4039.074842696404,4030.6415416739715,0.9366602044865245,0.29,4.0,BREAK_LONG,STOP,2520.605,2024-09-12 06:15:00,2024-09-12 06:20:00,2024-09-12 06:35:00
409182.0,2038502.0,2038638.0,409210.0,-1.0,4.0,2570.0,2570.9362321259578,2560.0,4.002319742770523,0.04,2568.75,2570.9362321259578,1.0,-1.0,-1.0,-1.0,1.0,0.0,8.744928503831034,4030.6415416739715,4021.8966131701404,1.132464251915344,0.29,28.0,REV_SHORT,STOP,2568.895,2024-09-13 05:30:00,2024-09-13 05:35:00,2024-09-13 07:51:00
409524.0,2040207.0,2040446.0,409572.0,1.0,3.0,2580.0,2574.386303942761,2590.0,1.5311177455269012,0.03,2580.555,2580.995,3.0,1.0,-1.0,1.0,0.0,1.0,18.50608817171633,4021.8966131701404,4023.2166131701406,1.7173921144777375,0.29,48.0,REV_LONG,TIME,2580.41,2024-09-16 11:00:00,2024-09-16 11:05:00,2024-09-16 15:04:00
409743.0,2041297.0,2041446.0,409773.0,1.0,1.0,2580.0,2578.6591005990426,2590.0,1.394666448925159,0.04,2583.395,2578.6591005990426,1.0,1.0,1.0,1.0,0.0,0.0,18.943597603829403,4023.2166131701406,4004.273015566311,1.3408994009572406,0.29,30.0,BREAK_LONG,STOP,2583.25,2024-09-17 06:15:00,2024-09-17 06:20:00,2024-09-17 08:49:00
410119.0,2043172.0,2043371.0,410159.0,1.0,3.0,2570.0,2567.2145477484632,2580.0,2.716212671117595,0.05,2570.655,2567.2145477484632,1.0,-1.0,-1.0,1.0,0.0,1.0,17.20226125768477,4004.273015566311,3987.0707543086264,2.3109045030728352,0.29,40.0,REV_LONG,STOP,2570.51,2024-09-18 14:35:00,2024-09-18 14:40:00,2024-09-18 17:59:00
410397.0,2044557.0,2044635.0,410413.0,1.0,1.0,2580.0,2576.6233339021787,2590.0,1.9914277598542804,0.02,2581.095,2590.0,2.0,1.0,1.0,-1.0,0.0,0.0,8.943332195642142,3987.0707543086264,4004.880754308627,3.3766660978214547,0.29,16.0,BREAK_LONG,TARGET,2580.95,2024-09-19 14:45:00,2024-09-19 14:50:00,2024-09-19 16:08:00
410602.0,2045577.0,2045604.0,410608.0,1.0,1.0,2610.0,2608.1179147509915,2620.0,4.0303371794036735,0.08,2610.48,2608.1179147509915,1.0,1.0,1.0,1.0,0.0,0.0,18.896681992067897,4004.880754308627,3985.984072316559,1.8820852490083724,0.29,6.0,BREAK_LONG,STOP,2610.335,2024-09-20 08:50:00,2024-09-20 08:55:00,2024-09-20 09:22:00
410628.0,2045707.0,2045852.0,410658.0,1.0,1.0,2610.0,2608.332017707137,2620.0,1.1961267043062773,0.01,2613.645,2608.332017707137,1.0,1.0,1.0,-1.0,0.0,0.0,5.312982292863126,3985.984072316559,3980.671090023696,1.6679822928632855,0.29,30.0,BREAK_LONG,STOP,2613.5,2024-09-20 11:00:00,2024-09-20 11:05:00,2024-09-20 13:30:00
410687.0,2046002.0,2046241.0,410735.0,1.0,1.0,2620.0,2616.6165387481533,2630.0,1.0835279808061542,0.01,2623.04,2621.025,3.0,1.0,1.0,-1.0,0.0,1.0,6.423461251846676,3980.671090023696,3978.656090023696,3.3834612518467253,0.29,48.0,BREAK_LONG,TIME,2622.895,2024-09-20 15:55:00,2024-09-20 16:00:00,2024-09-20 19:59:00
410824.0,2046682.0,2046852.0,410859.0,-1.0,4.0,2630.0,2631.690863774336,2620.0,4.287916835965051,0.08,2629.48,2620.0,2.0,-1.0,-1.0,1.0,1.0,0.0,17.68691019468679,3978.656090023696,4054.496090023696,1.38172754867195,0.29,35.0,REV_SHORT,TARGET,2629.625,2024-09-23 04:20:00,2024-09-23 04:25:00,2024-09-23 07:15:00
411282.0,2048967.0,2048971.0,411283.0,-1.0,4.0,2660.0,2662.0633152671253,2650.0,3.743145854961303,0.03,2659.52,2662.0633152671253,1.0,-1.0,-1.0,-1.0,1.0,1.0,7.629945801375924,4054.496090023696,4046.86614422232,1.5566305342509192,0.29,1.0,REV_SHORT,STOP,2659.665,2024-09-24 19:30:00,2024-09-24 19:35:00,2024-09-24 19:39:00
411469.0,2049897.0,2049950.0,411480.0,-1.0,4.0,2660.0,2661.580632246256,2650.0,2.612589142058286,0.03,2658.375,2661.580632246256,1.0,-1.0,-1.0,-1.0,0.0,0.0,9.616896738767537,4046.86614422232,4037.2492474835526,1.6212644925113766,0.29,11.0,REV_SHORT,STOP,2658.52,2024-09-25 12:05:00,2024-09-25 12:10:00,2024-09-25 13:03:00
411537.0,2050237.0,2050400.0,411570.0,1.0,1.0,2660.0,2657.9525749354325,2670.0,1.8364067361821017,0.02,2662.2,2657.9525749354325,1.0,1.0,1.0,-1.0,0.0,0.0,8.494850129134647,4037.2492474835526,4028.754397354418,2.0474250645675918,0.29,33.0,BREAK_LONG,STOP,2662.055,2024-09-25 17:45:00,2024-09-25 17:50:00,2024-09-25 20:33:00
411642.0,2050757.0,2050915.0,411674.0,1.0,1.0,2660.0,2658.679760937102,2670.0,3.028212123428704,0.03,2661.49,2658.679760937102,1.0,1.0,1.0,-1.0,0.0,0.0,8.430717188693507,4028.754397354418,4020.3236801657245,1.3202390628980913,0.29,32.0,BREAK_LONG,STOP,2661.345,2024-09-26 03:30:00,2024-09-26 03:35:00,2024-09-26 06:13:00
412031.0,2052697.0,2052701.0,412032.0,1.0,1.0,2670.0,2667.5749345721924,2680.0,3.662199020768529,0.07,2670.24,2667.5749345721924,1.0,1.0,1.0,1.0,0.0,1.0,18.655457994651446,4020.3236801657245,4001.668222171073,2.4250654278076347,0.29,1.0,BREAK_LONG,STOP,2670.095,2024-09-27 12:55:00,2024-09-27 13:00:00,2024-09-27 13:04:00
412049.0,2052787.0,2052805.0,412053.0,1.0,3.0,2660.0,2656.1919189475193,2670.0,1.5252151385387234,0.03,2661.66,2656.1919189475193,1.0,-1.0,-1.0,1.0,0.0,0.0,16.40424315744167,4001.668222171073,3985.2639790136313,3.0561621049605927,0.29,4.0,REV_LONG,STOP,2661.515,2024-09-27 14:25:00,2024-09-27 14:30:00,2024-09-27 14:48:00
412171.0,2053392.0,2053400.0,412173.0,-1.0,2.0,2660.0,2661.7254579188716,2650.0,2.787955845688343,0.03,2658.63,2650.0,2.0,1.0,1.0,-1.0,0.0,0.0,9.286373756614466,3985.2639790136313,4011.1539790136317,1.7254579188716368,0.29,2.0,BREAK_SHORT,TARGET,2658.775,2024-09-30 01:35:00,2024-09-30 01:40:00,2024-09-30 01:48:00
412264.0,2053857.0,2053909.0,412275.0,1.0,3.0,2650.0,2647.4670538055634,2660.0,2.811785672053463,0.06,2650.755,2647.4670538055634,1.0,-1.0,-1.0,1.0,0.0,1.0,19.727677166620197,4011.1539790136317,3991.4263018470115,1.8458923888732435,0.29,11.0,REV_LONG,STOP,2650.61,2024-09-30 09:20:00,2024-09-30 09:25:00,2024-09-30 10:17:00
412610.0,2055582.0,2055659.0,412626.0,1.0,3.0,2660.0,2651.8987860084053,2670.0,1.031284851723719,0.01,2660.81,2670.0,2.0,1.0,1.0,-1.0,1.0,1.0,8.91121399159465,3991.4263018470115,4000.6163018470115,4.222427983189953,0.29,16.0,REV_LONG,TARGET,2660.665,2024-10-01 15:10:00,2024-10-01 15:15:00,2024-10-01 16:32:00
412630.0,2055682.0,2055757.0,412646.0,-1.0,4.0,2670.0,2674.992749594288,2660.0,1.8789305865881278,0.03,2669.785,2660.0,2.0,-1.0,-1.0,1.0,1.0,1.0,15.623248782864266,4000.6163018470115,4029.971301847011,3.4654991885752886,0.29,16.0,REV_SHORT,TARGET,2669.93,2024-10-01 16:50:00,2024-10-01 16:55:00,2024-10-01 18:10:00
413072.0,2057882.0,2058121.0,413120.0,-1.0,2.0,2650.0,2651.7757182922783,2640.0,1.2751853225563665,0.03,2646.6,2646.555,3.0,1.0,1.0,1.0,0.0,0.0,15.527154876835084,4029.971301847011,4030.1063018470113,1.775718292278083,0.29,48.0,BREAK_SHORT,TIME,2646.745,2024-10-03 07:40:00,2024-10-03 07:45:00,2024-10-03 11:44:00
413342.0,2059227.0,2059344.0,413366.0,1.0,3.0,2660.0,2658.0887256973265,2670.0,3.743119574788403,0.04,2660.6,2658.0887256973265,1.0,1.0,1.0,-1.0,0.0,1.0,10.045097210693712,4030.1063018470113,4020.0612046363176,1.4125486053474625,0.29,24.0,REV_LONG,STOP,2660.455,2024-10-04 07:10:00,2024-10-04 07:15:00,2024-10-04 09:12:00
413435.0,2059692.0,2059696.0,413436.0,-1.0,4.0,2660.0,2663.3843900762004,2650.0,1.6093531350447028,0.03,2658.255,2663.3843900762004,1.0,-1.0,1.0,1.0,0.0,0.0,15.388170228600757,4020.0612046363176,4004.673034407717,4.028780152400877,0.29,1.0,REV_SHORT,STOP,2658.4,2024-10-04 14:55:00,2024-10-04 15:00:00,2024-10-04 15:04:00
413472.0,2059877.0,2059985.0,413494.0,-1.0,4.0,2650.0,2652.0565372289616,2640.0,2.9574560633456795,0.06,2649.01,2652.0565372289616,1.0,1.0,1.0,1.0,0.0,0.0,18.279223373768218,4004.673034407717,3986.3938110339486,2.4630744579236925,0.29,22.0,REV_SHORT,STOP,2649.155,2024-10-04 18:00:00,2024-10-04 18:05:00,2024-10-04 19:53:00
413535.0,2060187.0,2060214.0,413541.0,1.0,3.0,2650.0,2647.9827870891736,2660.0,4.076523896885779,0.04,2650.35,2647.9827870891736,1.0,-1.0,-1.0,-1.0,0.0,1.0,9.468851643305243,3986.3938110339486,3976.9249593906434,1.044425821652799,0.29,6.0,REV_LONG,STOP,2650.205,2024-10-07 00:15:00,2024-10-07 00:20:00,2024-10-07 00:47:00
413628.0,2060652.0,2060891.0,413676.0,1.0,1.0,2650.0,2648.3259899876252,2660.0,1.6151397465536756,0.02,2652.79,2658.02,3.0,1.0,1.0,-1.0,0.0,0.0,8.928020024749458,3976.9249593906434,3987.3849593906434,1.674010012374951,0.29,48.0,BREAK_LONG,TIME,2652.645,2024-10-07 08:00:00,2024-10-07 08:05:00,2024-10-07 12:04:00
413887.0,2061942.0,2061946.0,413888.0,1.0,3.0,2640.0,2638.100257654316,2650.0,2.7840118641249476,0.03,2641.245,2638.100257654316,1.0,-1.0,-1.0,-1.0,0.0,0.0,9.434227037051642,3987.3849593906434,3977.950732353592,1.779484691367374,0.29,1.0,REV_LONG,STOP,2641.1,2024-10-08 06:35:00,2024-10-08 06:40:00,2024-10-08 06:44:00
413908.0,2062047.0,2062062.0,413912.0,1.0,3.0,2630.0,2627.333959920563,2640.0,1.4709210000612736,0.03,2632.46,2640.0,2.0,-1.0,-1.0,1.0,1.0,0.0,15.378120238311565,3977.950732353592,4000.5707323535917,2.5220801588736577,0.29,4.0,REV_LONG,TARGET,2632.315,2024-10-08 08:20:00,2024-10-08 08:25:00,2024-10-08 08:40:00
413972.0,2062367.0,2062395.0,413978.0,1.0,3.0,2640.0,2635.189059675965,2650.0,1.9735229415550237,0.02,2640.17,2635.189059675965,1.0,-1.0,-1.0,-1.0,0.0,1.0,9.961880648070291,4000.5707323535917,3990.6088517055214,2.9218806480706276,0.29,6.0,REV_LONG,STOP,2640.025,2024-10-08 13:40:00,2024-10-08 13:45:00,2024-10-08 14:13:00
414112.0,2063062.0,2063242.0,414149.0,-1.0,2.0,2620.0,2621.62508119632,2610.0,2.9540000496824237,0.06,2618.685,2621.62508119632,1.0,1.0,1.0,1.0,0.0,0.0,17.640487177920477,3990.6088517055214,3972.968364527601,1.6250811963199514,0.29,37.0,BREAK_SHORT,STOP,2618.83,2024-10-09 02:20:00,2024-10-09 02:25:00,2024-10-09 05:25:00
414668.0,2065832.0,2066071.0,414716.0,1.0,1.0,2640.0,2638.2225144912118,2650.0,2.1095790284771283,0.02,2642.0099999999998,2639.6,3.0,1.0,1.0,-1.0,0.0,1.0,7.57497101757599,3972.968364527601,3968.148364527601,1.777485508788412,0.29,48.0,BREAK_LONG,TIME,2641.865,2024-10-11 02:40:00,2024-10-11 02:45:00,2024-10-11 06:44:00
414766.0,2066322.0,2066360.0,414774.0,1.0,1.0,2640.0,2638.6822451434537,2650.0,3.266415657902458,0.03,2641.335,2638.6822451434537,1.0,1.0,1.0,-1.0,0.0,1.0,7.958264569639141,3968.148364527601,3960.190099957962,1.3177548565462849,0.29,8.0,BREAK_LONG,STOP,2641.19,2024-10-11 10:50:00,2024-10-11 10:55:00,2024-10-11 11:33:00
414892.0,2066947.0,2067045.0,414912.0,1.0,3.0,2650.0,2645.9964530097736,2660.0,2.2539547080649225,0.02,2650.3,2645.9964530097736,1.0,1.0,0.0,-1.0,0.0,1.0,8.6070939804531,3960.190099957962,3951.583005977509,1.7570939804522843,0.29,20.0,REV_LONG,STOP,2650.155,2024-10-13 22:20:00,2024-10-13 22:25:00,2024-10-14 00:03:00
415003.0,2067502.0,2067571.0,415017.0,1.0,3.0,2660.0,2658.3345276493214,2670.0,1.5165660515635229,0.02,2662.97,2658.3345276493214,1.0,1.0,1.0,-1.0,1.0,0.0,9.270944701356711,3951.583005977509,3942.3120612761522,1.7609447013577442,0.29,14.0,REV_LONG,STOP,2662.825,2024-10-14 07:35:00,2024-10-14 07:40:00,2024-10-14 08:49:00
415219.0,2068577.0,2068584.0,415221.0,1.0,1.0,2650.0,2648.6076832397634,2660.0,2.299904832445349,0.02,2652.06,2648.6076832397634,1.0,1.0,1.0,-1.0,0.0,0.0,6.9046335204729985,3942.3120612761522,3935.4074277556792,1.3923167602365503,0.29,2.0,BREAK_LONG,STOP,2651.915,2024-10-15 02:35:00,2024-10-15 02:40:00,2024-10-15 02:47:00
415273.0,2068847.0,2068864.0,415277.0,-1.0,4.0,2650.0,2651.6017737549437,2640.0,3.582468608140871,0.07,2649.07,2651.6017737549437,1.0,-1.0,-1.0,1.0,0.0,0.0,17.72241628460461,3935.4074277556792,3917.6850114710746,1.7735475098868527,0.29,4.0,REV_SHORT,STOP,2649.215,2024-10-15 07:05:00,2024-10-15 07:10:00,2024-10-15 07:27:00
415426.0,2069612.0,2069674.0,415439.0,1.0,3.0,2660.0,2658.778250703377,2670.0,2.0355721733347196,0.02,2662.475,2662.84,4.0,1.0,1.0,-1.0,1.0,0.0,7.3934985932455675,3917.6850114710746,3918.415011471075,1.473498593245819,0.29,13.0,REV_LONG,SESSION,2662.33,2024-10-15 19:50:00,2024-10-15 19:55:00,2024-10-15 20:57:00
415466.0,2069807.0,2069923.0,415490.0,1.0,3.0,2660.0,2658.469372331219,2670.0,4.957048380095128,0.05,2660.405,2670.0,2.0,1.0,-1.0,-1.0,0.0,0.0,9.67813834390654,3918.415011471075,3966.390011471074,0.7612553375618717,0.29,24.0,REV_LONG,TARGET,2660.26,2024-10-16 00:10:00,2024-10-16 00:15:00,2024-10-16 02:11:00
415582.0,2070387.0,2070399.0,415585.0,1.0,1.0,2680.0,2678.519289691415,2690.0,2.586925776379039,0.03,2681.72,2678.519289691415,1.0,1.0,1.0,-1.0,0.0,0.0,9.602130925754409,3966.390011471074,3956.7878805453197,1.4807103085848676,0.29,3.0,BREAK_LONG,STOP,2681.575,2024-10-16 09:50:00,2024-10-16 09:55:00,2024-10-16 10:07:00
415611.0,2070532.0,2070542.0,415614.0,-1.0,4.0,2680.0,2681.565559502157,2670.0,2.091933037153066,0.05,2677.825,2681.565559502157,1.0,-1.0,-1.0,1.0,1.0,0.0,18.702797510786695,3956.7878805453197,3938.085083034533,1.5711190043143664,0.29,3.0,REV_SHORT,STOP,2677.97,2024-10-16 12:15:00,2024-10-16 12:20:00,2024-10-16 12:30:00
415763.0,2071287.0,2071373.0,415781.0,1.0,1.0,2680.0,2678.6898566029467,2690.0,1.4993999978913255,0.02,2683.215,2678.6898566029467,1.0,1.0,1.0,-1.0,0.0,0.0,9.050286794106796,3938.085083034533,3929.034796240426,1.3101433970534129,0.29,18.0,BREAK_LONG,STOP,2683.07,2024-10-17 01:55:00,2024-10-17 02:00:00,2024-10-17 03:26:00
415805.0,2071497.0,2071719.0,415850.0,1.0,1.0,2680.0,2678.717959896614,2690.0,1.757069778971801,0.02,2682.81,2678.717959896614,1.0,1.0,1.0,-1.0,0.0,0.0,8.184080206771796,3929.034796240426,3920.8507160336544,1.2820401033857383,0.29,45.0,BREAK_LONG,STOP,2682.665,2024-10-17 05:25:00,2024-10-17 05:30:00,2024-10-17 09:12:00
416130.0,2073117.0,2073178.0,416143.0,1.0,1.0,2710.0,2708.4263903891842,2720.0,1.894408491269051,0.02,2712.425,2708.4263903891842,1.0,1.0,1.0,-1.0,0.0,0.0,7.9972192216318945,3920.8507160336544,3912.8534968120225,1.5736096108159845,0.29,13.0,BREAK_LONG,STOP,2712.28,2024-10-18 09:30:00,2024-10-18 09:35:00,2024-10-18 10:36:00
416476.0,2074842.0,2075058.0,416520.0,1.0,3.0,2720.0,2715.154123027816,2730.0,1.9219123103076647,0.01,2720.235,2715.154123027816,1.0,1.0,-1.0,-1.0,1.0,0.0,5.080876972184342,3912.8534968120225,3907.772619839838,3.501753944368988,0.29,44.0,REV_LONG,STOP,2720.09,2024-10-21 15:20:00,2024-10-21 15:25:00,2024-10-21 19:01:00
416595.0,2075432.0,2075479.0,416605.0,-1.0,4.0,2730.0,2731.366939424825,2720.0,4.036439746586029,0.08,2729.11,2731.366939424825,1.0,-1.0,-1.0,1.0,0.0,0.0,18.0555153985988,3907.772619839838,3889.7171044412394,1.3438788496497263,0.29,10.0,REV_SHORT,STOP,2729.255,2024-10-22 02:15:00,2024-10-22 02:20:00,2024-10-22 03:07:00
416731.0,2076112.0,2076118.0,416733.0,-1.0,4.0,2740.0,2741.8034004369815,2730.0,3.705548708636562,0.07,2739.295,2741.8034004369815,1.0,-1.0,-1.0,1.0,1.0,0.0,17.55880305887013,3889.7171044412394,3872.1583013823692,2.1168008739630015,0.29,2.0,REV_SHORT,STOP,2739.44,2024-10-22 13:35:00,2024-10-22 13:40:00,2024-10-22 13:46:00
416926.0,2077082.0,2077321.0,416974.0,1.0,3.0,2750.0,2747.437150725146,2760.0,3.4191049402355276,0.03,2750.28,2751.42,3.0,1.0,1.0,-1.0,0.0,1.0,8.528547824563248,3872.1583013823692,3875.578301382369,1.5256985497078106,0.29,48.0,REV_LONG,TIME,2750.135,2024-10-23 06:50:00,2024-10-23 06:55:00,2024-10-23 10:54:00
417552.0,2080202.0,2080207.0,417554.0,1.0,1.0,2730.0,2728.050413173701,2740.0,4.0006916236673336,0.08,2730.44,2728.050413173701,1.0,1.0,1.0,1.0,0.0,1.0,19.116694610391278,3875.578301382369,3856.4616067719776,1.9495868262988765,0.29,2.0,BREAK_LONG,STOP,2730.295,2024-10-25 13:00:00,2024-10-25 13:05:00,2024-10-25 13:10:00
417582.0,2080352.0,2080488.0,417610.0,-1.0,4.0,2740.0,2743.354759623595,2730.0,1.9128592816221428,0.02,2738.77,2743.354759623595,1.0,-1.0,-1.0,-1.0,1.0,1.0,9.169519247189783,3856.4616067719776,3847.292087524788,2.4395192471895446,0.29,28.0,REV_SHORT,STOP,2738.915,2024-10-25 15:30:00,2024-10-25 15:35:00,2024-10-25 17:51:00
417749.0,2081182.0,2081236.0,417760.0,1.0,1.0,2740.0,2738.318378235038,2750.0,1.7540460730040188,0.02,2742.56,2738.318378235038,1.0,1.0,1.0,-1.0,0.0,0.0,8.483243529924039,3847.292087524788,3838.8088439948638,1.6816217649622036,0.29,11.0,BREAK_LONG,STOP,2742.415,2024-10-28 06:25:00,2024-10-28 06:30:00,2024-10-28 07:24:00
417837.0,2081622.0,2081861.0,417885.0,1.0,1.0,2740.0,2737.91914271378,2750.0,1.4930278736383609,0.03,2742.765,2743.925,3.0,1.0,1.0,1.0,0.0,1.0,14.537571858660156,3838.8088439948638,3842.2888439948647,2.0808572862200387,0.29,48.0,BREAK_LONG,TIME,2742.62,2024-10-28 13:45:00,2024-10-28 13:50:00,2024-10-28 17:49:00
417988.0,2082372.0,2082611.0,418036.0,1.0,3.0,2750.0,2748.0639090384607,2760.0,4.694452760186731,0.04,2750.16,2753.93,3.0,1.0,1.0,-1.0,0.0,0.0,8.384363846156702,3842.2888439948647,3857.3688439948646,1.5921819230787926,0.29,48.0,REV_LONG,TIME,2750.015,2024-10-29 03:20:00,2024-10-29 03:25:00,2024-10-29 07:24:00
418115.0,2083007.0,2083025.0,418119.0,1.0,1.0,2760.0,2757.412707766991,2770.0,2.436998314759681,0.02,2761.075,2770.0,2.0,1.0,1.0,-1.0,0.0,0.0,7.324584466017768,3857.3688439948646,3875.218843994865,2.5872922330091637,0.29,4.0,BREAK_LONG,TARGET,2760.93,2024-10-29 13:55:00,2024-10-29 14:00:00,2024-10-29 14:18:00
418121.0,2083037.0,2083276.0,418169.0,-1.0,4.0,2770.0,2773.2921987218683,2760.0,1.7337835169271416,0.03,2768.43,2772.505,3.0,-1.0,-1.0,1.0,1.0,1.0,14.586596165605442,3875.218843994865,3862.993843994864,2.984397443736073,0.29,48.0,REV_SHORT,TIME,2768.575,2024-10-29 14:25:00,2024-10-29 14:30:00,2024-10-29 18:29:00
418586.0,2085352.0,2085430.0,418602.0,1.0,3.0,2780.0,2777.240861020537,2790.0,2.090024105006697,0.04,2781.37,2777.240861020537,1.0,1.0,-1.0,1.0,0.0,1.0,16.516555917851292,3862.993843994864,3846.477288077013,1.8382779589255251,0.29,16.0,REV_LONG,STOP,2781.225,2024-10-31 07:10:00,2024-10-31 07:15:00,2024-10-31 08:33:00
419351.0,2089162.0,2089200.0,419359.0,-1.0,2.0,2730.0,2731.942799900395,2720.0,2.4046411538610304,0.02,2728.435,2731.942799900395,1.0,1.0,1.0,-1.0,0.0,0.0,7.015599800790369,3846.477288077013,3839.4616882762225,1.9427999003952388,0.29,8.0,BREAK_SHORT,STOP,2728.58,2024-11-05 02:55:00,2024-11-05 03:00:00,2024-11-05 03:38:00
419451.0,2089662.0,2089672.0,419454.0,-1.0,4.0,2740.0,2741.3048169764743,2730.0,5.246386857579637,0.05,2739.495,2741.3048169764743,1.0,1.0,-1.0,-1.0,0.0,0.0,9.049084882371972,3839.4616882762225,3830.4126033938505,1.6096339529484482,0.29,3.0,REV_SHORT,STOP,2739.64,2024-11-05 11:15:00,2024-11-05 11:20:00,2024-11-05 11:30:00
419652.0,2090662.0,2090687.0,419658.0,1.0,1.0,2740.0,2737.1898465527115,2750.0,1.3810015035433931,0.01,2742.57,2737.1898465527115,1.0,1.0,1.0,-1.0,0.0,0.0,5.380153447288649,3830.4126033938505,3825.032449946562,2.8101534472887053,0.29,6.0,BREAK_LONG,STOP,2742.425,2024-11-06 05:00:00,2024-11-06 05:05:00,2024-11-06 05:30:00
419976.0,2092277.0,2092494.0,420020.0,1.0,3.0,2660.0,2656.383525461058,2670.0,2.00486616926272,0.02,2660.915,2670.0,2.0,-1.0,1.0,-1.0,0.0,1.0,9.062949077883786,3825.032449946562,3843.202449946562,2.1429490778835802,0.29,44.0,REV_LONG,TARGET,2660.77,2024-11-07 09:00:00,2024-11-07 09:05:00,2024-11-07 12:42:00
420223.0,2093507.0,2093623.0,420247.0,-1.0,2.0,2690.0,2691.724999726767,2680.0,1.4814815671513082,0.02,2687.0,2691.724999726767,1.0,1.0,1.0,-1.0,0.0,0.0,9.449999453533565,3843.202449946562,3833.7524504930284,1.724999726766596,0.29,24.0,BREAK_SHORT,STOP,2687.145,2024-11-08 06:35:00,2024-11-08 06:40:00,2024-11-08 08:36:00
420312.0,2093952.0,2093954.0,420313.0,-1.0,4.0,2700.0,2702.270273123312,2690.0,3.967172660997545,0.07,2699.8,2702.270273123312,1.0,-1.0,-1.0,1.0,0.0,0.0,17.291911863183486,3833.7524504930284,3816.460538629845,2.7905462466239785,0.29,1.0,REV_SHORT,STOP,2699.945,2024-11-08 14:00:00,2024-11-08 14:05:00,2024-11-08 14:07:00
420463.0,2094702.0,2094779.0,420479.0,-1.0,2.0,2670.0,2671.900186752982,2660.0,2.395022174740962,0.05,2668.395,2671.900186752982,1.0,1.0,1.0,1.0,0.0,0.0,17.525933764909496,3816.460538629845,3798.9346048649354,1.9001867529819145,0.29,16.0,BREAK_SHORT,STOP,2668.54,2024-11-11 03:35:00,2024-11-11 03:40:00,2024-11-11 04:57:00
420714.0,2095952.0,2096097.0,420744.0,1.0,3.0,2620.0,2618.467246208797,2630.0,2.218963530097845,0.02,2622.05,2618.467246208797,1.0,-1.0,-1.0,-1.0,0.0,1.0,7.1655075824064625,3798.9346048649354,3791.769097282529,1.6055075824057101,0.29,30.0,REV_LONG,STOP,2621.905,2024-11-12 01:30:00,2024-11-12 01:35:00,2024-11-12 04:00:00
420879.0,2096777.0,2096786.0,420881.0,1.0,3.0,2610.0,2603.494413726531,2620.0,1.436038094312172,0.01,2610.27,2603.494413726531,1.0,-1.0,-1.0,-1.0,0.0,1.0,6.775586273468889,3791.769097282529,3784.99351100906,3.471172546938144,0.29,2.0,REV_LONG,STOP,2610.125,2024-11-12 15:15:00,2024-11-12 15:20:00,2024-11-12 15:29:00
420884.0,2096802.0,2096886.0,420901.0,1.0,3.0,2600.0,2595.626933361592,2610.0,1.4789412634887973,0.01,2601.425,2595.626933361592,1.0,-1.0,-1.0,-1.0,1.0,1.0,5.798066638408272,3784.99351100906,3779.195444370652,3.7061332768160202,0.29,17.0,REV_LONG,STOP,2601.28,2024-11-12 15:40:00,2024-11-12 15:45:00,2024-11-12 17:09:00
420916.0,2096962.0,2097174.0,420959.0,-1.0,4.0,2600.0,2603.358213768167,2590.0,2.349422710183918,0.04,2599.37,2598.52,4.0,1.0,1.0,1.0,1.0,1.0,15.952855072668171,3779.195444370652,3782.5954443706514,2.3864275363339624,0.29,43.0,REV_SHORT,SESSION,2599.515,2024-11-12 18:20:00,2024-11-12 18:25:00,2024-11-12 21:57:00
421215.0,2098452.0,2098549.0,421235.0,-1.0,2.0,2580.0,2582.22529718539,2570.0,1.2430514831670387,0.03,2576.775,2573.125,4.0,1.0,1.0,1.0,0.0,0.0,16.3508915561697,3782.5954443706514,3793.5454443706517,2.225297185390087,0.29,20.0,BREAK_SHORT,SESSION,2576.92,2024-11-13 20:15:00,2024-11-13 20:20:00,2024-11-13 21:57:00
421297.0,2098857.0,2098944.0,421315.0,1.0,3.0,2560.0,2558.4501969301077,2570.0,4.203075545999805,0.04,2560.67,2558.4501969301077,1.0,-1.0,-1.0,-1.0,0.0,0.0,8.879212279569401,3793.5454443706517,3784.6662320910823,1.759606139784642,0.29,18.0,REV_LONG,STOP,2560.525,2024-11-14 04:05:00,2024-11-14 04:10:00,2024-11-14 05:37:00
421435.0,2099547.0,2099585.0,421443.0,-1.0,4.0,2570.0,2574.8107344578634,2560.0,1.2643840004936355,0.02,2568.27,2574.8107344578634,1.0,1.0,-1.0,1.0,1.0,1.0,13.081468915726873,3784.6662320910823,3771.5847631753554,3.4414689157269076,0.29,8.0,REV_SHORT,STOP,2568.415,2024-11-14 15:35:00,2024-11-14 15:40:00,2024-11-14 16:18:00
421458.0,2099662.0,2099712.0,421469.0,1.0,3.0,2570.0,2567.3605594144087,2580.0,3.0583341496598124,0.03,2570.475,2567.3605594144087,1.0,-1.0,1.0,-1.0,1.0,1.0,9.343321756773548,3771.5847631753554,3762.241441418582,2.3688811711827347,0.29,11.0,REV_LONG,STOP,2570.33,2024-11-14 17:30:00,2024-11-14 17:35:00,2024-11-14 18:25:00
421600.0,2100367.0,2100385.0,421604.0,-1.0,2.0,2560.0,2561.8084045197916,2550.0,1.1130189265954447,0.03,2556.22,2561.8084045197916,1.0,1.0,1.0,1.0,0.0,0.0,16.765213559375297,3762.241441418582,3745.4762278592066,1.8084045197917742,0.29,4.0,BREAK_SHORT,STOP,2556.365,2024-11-15 06:20:00,2024-11-15 06:25:00,2024-11-15 06:43:00
421820.0,2101462.0,2101463.0,421821.0,1.0,1.0,2590.0,2586.86963767187,2600.0,1.940492028029528,0.02,2591.335,2586.86963767187,1.0,1.0,1.0,-1.0,0.0,0.0,8.930724656260281,3745.4762278592066,3736.5455032029463,3.1303623281299715,0.29,1.0,BREAK_LONG,STOP,2591.19,2024-11-18 01:40:00,2024-11-18 01:45:00,2024-11-18 01:46:00
421916.0,2101942.0,2102167.0,421962.0,1.0,1.0,2590.0,2587.7511887494184,2600.0,1.010041129746657,0.01,2593.845,2600.0,2.0,1.0,1.0,-1.0,0.0,1.0,6.093811250581439,3736.5455032029463,3742.7005032029465,2.248811250581456,0.29,46.0,BREAK_LONG,TARGET,2593.7,2024-11-18 09:40:00,2024-11-18 09:45:00,2024-11-18 13:30:00
422191.0,2103312.0,2103551.0,422239.0,1.0,1.0,2630.0,2627.5602038536263,2640.0,1.052840697259769,0.03,2633.62,2632.6,3.0,1.0,1.0,1.0,0.0,1.0,18.179388439120885,3742.7005032029465,3739.6405032029465,2.4397961463738236,0.29,48.0,BREAK_LONG,TIME,2633.475,2024-11-19 09:35:00,2024-11-19 09:40:00,2024-11-19 13:39:00
422307.0,2103892.0,2103954.0,422320.0,-1.0,4.0,2630.0,2632.5095102743244,2620.0,2.9344141691701813,0.02,2629.33,2632.5095102743244,1.0,-1.0,-1.0,-1.0,0.0,1.0,6.359020548648914,3739.6405032029465,3733.2814826542976,1.6290205486487046,0.29,13.0,REV_SHORT,STOP,2629.475,2024-11-19 19:15:00,2024-11-19 19:20:00,2024-11-19 20:22:00
422367.0,2104187.0,2104241.0,422378.0,-1.0,4.0,2640.0,2641.4110558430884,2630.0,4.243916822875978,0.04,2639.235,2641.4110558430884,1.0,-1.0,-1.0,-1.0,0.0,0.0,8.704223372353226,3733.2814826542976,3724.5772592819444,1.3621116861764941,0.29,11.0,REV_SHORT,STOP,2639.38,2024-11-20 01:15:00,2024-11-20 01:20:00,2024-11-20 02:14:00
422428.0,2104492.0,2104534.0,422437.0,1.0,3.0,2630.0,2627.769746907666,2640.0,2.623506966073767,0.05,2631.145,2627.769746907666,1.0,1.0,-1.0,1.0,1.0,0.0,16.876265461669394,3724.5772592819444,3707.700993820275,1.7805061846672379,0.29,9.0,REV_LONG,STOP,2631.0,2024-11-20 06:20:00,2024-11-20 06:25:00,2024-11-20 07:07:00
422800.0,2106347.0,2106558.0,422843.0,-1.0,4.0,2670.0,2672.7349875167474,2660.0,3.0237086084419786,0.05,2669.57,2672.7349875167474,1.0,-1.0,-1.0,1.0,1.0,1.0,15.8249375837363,3707.700993820275,3691.8760562365387,2.209975033494538,0.29,43.0,REV_SHORT,STOP,2669.715,2024-11-21 14:20:00,2024-11-21 14:25:00,2024-11-21 17:56:00
422944.0,2107062.0,2107145.0,422961.0,-1.0,4.0,2690.0,2691.3424686203293,2680.0,4.9153346761847985,0.09,2689.425,2691.3424686203293,1.0,-1.0,-1.0,1.0,1.0,0.0,17.257217582962312,3691.8760562365387,3674.6188386535764,1.5849372406578586,0.29,17.0,REV_SHORT,STOP,2689.57,2024-11-22 03:20:00,2024-11-22 03:25:00,2024-11-22 04:48:00
423390.0,2109287.0,2109331.0,423399.0,-1.0,2.0,2630.0,2633.36546609325,2620.0,1.0720155567108909,0.02,2626.915,2620.0,2.0,1.0,1.0,1.0,0.0,0.0,12.900932186499631,3674.6188386535764,3688.4488386535763,3.3654660932498963,0.29,9.0,BREAK_SHORT,TARGET,2627.06,2024-11-25 17:30:00,2024-11-25 17:35:00,2024-11-25 18:19:00
423402.0,2109347.0,2109549.0,423443.0,1.0,3.0,2620.0,2614.0966624911503,2630.0,1.1481308247583333,0.02,2621.5,2625.565,4.0,-1.0,-1.0,1.0,1.0,1.0,14.806675017699492,3688.4488386535763,3696.5788386535764,3.14667501769947,0.29,41.0,REV_LONG,SESSION,2621.355,2024-11-25 18:30:00,2024-11-25 18:35:00,2024-11-25 21:57:00
423740.0,2111027.0,2111063.0,423748.0,-1.0,2.0,2630.0,2631.0474832373984,2620.0,2.655101573667536,0.03,2628.025,2631.0474832373984,1.0,1.0,1.0,-1.0,0.0,1.0,9.067449712194957,3696.5788386535764,3687.5113889413815,1.0474832373984797,0.29,8.0,BREAK_SHORT,STOP,2628.17,2024-11-27 00:40:00,2024-11-27 00:45:00,2024-11-27 01:21:00
423841.0,2111532.0,2111580.0,423851.0,1.0,1.0,2650.0,2647.8178827608817,2660.0,3.8301153690128764,0.07,2650.34,2647.8178827608817,1.0,1.0,1.0,1.0,0.0,0.0,17.65482067382891,3687.5113889413815,3669.8565682675526,2.1821172391182335,0.29,10.0,BREAK_LONG,STOP,2650.195,2024-11-27 09:05:00,2024-11-27 09:10:00,2024-11-27 09:58:00
424335.0,2113992.0,2114221.0,424381.0,1.0,1.0,2660.0,2658.2005961242003,2670.0,3.453607086325555,0.06,2660.85,2658.2005961242003,1.0,1.0,1.0,1.0,0.0,1.0,15.89642325479781,3669.8565682675526,3653.9601450127548,1.7994038757997501,0.29,46.0,BREAK_LONG,STOP,2660.705,2024-11-29 04:15:00,2024-11-29 04:20:00,2024-11-29 08:09:00
424397.0,2114302.0,2114321.0,424401.0,-1.0,4.0,2660.0,2662.941738331028,2650.0,2.9019473468734938,0.02,2659.625,2662.941738331028,1.0,-1.0,-1.0,-1.0,0.0,0.0,6.6334766620557275,3653.9601450127548,3647.326668350699,2.005476662055604,0.29,4.0,REV_SHORT,STOP,2659.77,2024-11-29 09:25:00,2024-11-29 09:30:00,2024-11-29 09:49:00
424438.0,2114507.0,2114512.0,424440.0,1.0,3.0,2660.0,2658.1157336425463,2670.0,4.135219772425051,0.07,2660.43,2658.1157336425463,1.0,1.0,1.0,1.0,0.0,1.0,16.199864502174936,3647.326668350699,3631.126803848524,1.838532714907367,0.29,2.0,REV_LONG,STOP,2660.285,2024-11-29 12:50:00,2024-11-29 12:55:00,2024-11-29 13:00:00
424519.0,2114912.0,2115049.0,424547.0,-1.0,2.0,2650.0,2651.4393793152603,2640.0,5.357402921242502,0.05,2649.64,2650.495,4.0,1.0,1.0,-1.0,0.0,0.0,8.996896576302333,3631.126803848524,3626.851803848524,1.4393793152605134,0.29,28.0,BREAK_SHORT,SESSION,2649.785,2024-11-29 19:35:00,2024-11-29 19:40:00,2024-11-29 21:57:00
424697.0,2115797.0,2115802.0,424699.0,-1.0,4.0,2640.0,2644.7564037997504,2630.0,1.8397338560292438,0.03,2639.56,2644.7564037997504,1.0,1.0,-1.0,1.0,1.0,1.0,15.589211399251326,3626.851803848524,3611.2625924492727,2.162807599500041,0.29,2.0,REV_SHORT,STOP,2639.705,2024-12-02 11:25:00,2024-12-02 11:30:00,2024-12-02 11:35:00
424937.0,2116992.0,2117226.0,424984.0,1.0,3.0,2640.0,2638.4516511212346,2650.0,4.277197338516317,0.04,2640.64,2638.4516511212346,1.0,-1.0,-1.0,-1.0,0.0,0.0,8.75339551506113,3611.2625924492727,3602.5091969342116,1.706697757530182,0.29,47.0,REV_LONG,STOP,2640.495,2024-12-03 08:25:00,2024-12-03 08:30:00,2024-12-03 12:24:00
425122.0,2117912.0,2117917.0,425124.0,1.0,3.0,2640.0,2639.2614929913398,2650.0,6.6785507274280045,0.06,2640.66,2639.2614929913398,1.0,-1.0,-1.0,-1.0,0.0,0.0,8.391042051960538,3602.5091969342116,3594.118154882251,0.8370140173203058,0.29,2.0,REV_LONG,STOP,2640.515,2024-12-04 00:50:00,2024-12-04 00:55:00,2024-12-04 01:00:00
425571.0,2120152.0,2120197.0,425581.0,-1.0,2.0,2640.0,2643.077733529865,2630.0,1.1642082122653128,0.01,2637.035,2643.077733529865,1.0,1.0,1.0,-1.0,0.0,1.0,6.042733529865018,3594.118154882251,3588.075421352386,3.0777335298646675,0.29,10.0,BREAK_SHORT,STOP,2637.18,2024-12-05 15:15:00,2024-12-05 15:20:00,2024-12-05 16:05:00
425619.0,2120392.0,2120494.0,425640.0,-1.0,4.0,2630.0,2632.050914555981,2620.0,3.6692419662068176,0.03,2629.47,2632.050914555981,1.0,1.0,1.0,-1.0,1.0,1.0,7.742743667943159,3588.075421352386,3580.332677684443,2.0818291119610572,0.29,21.0,REV_SHORT,STOP,2629.615,2024-12-05 19:15:00,2024-12-05 19:20:00,2024-12-05 21:02:00
425949.0,2122032.0,2122053.0,425954.0,1.0,3.0,2630.0,2626.350345926953,2640.0,2.5595529122139755,0.04,2630.185,2640.0,2.0,-1.0,-1.0,1.0,0.0,1.0,15.338616292186998,3580.332677684443,3619.592677684443,2.449308146092841,0.29,5.0,REV_LONG,TARGET,2630.04,2024-12-09 00:45:00,2024-12-09 00:50:00,2024-12-09 01:11:00
425990.0,2122237.0,2122356.0,426014.0,-1.0,2.0,2640.0,2642.144797613278,2630.0,1.769751008918085,0.04,2637.76,2642.144797613278,1.0,1.0,1.0,1.0,0.0,0.0,17.539190453111587,3619.592677684443,3602.0534872313315,2.144797613278276,0.29,24.0,BREAK_SHORT,STOP,2637.905,2024-12-09 04:10:00,2024-12-09 04:15:00,2024-12-09 06:14:00
426262.0,2123592.0,2123603.0,426265.0,-1.0,4.0,2670.0,2672.8646921336413,2660.0,1.7142463626129956,0.03,2668.125,2672.8646921336413,1.0,-1.0,-1.0,1.0,0.0,1.0,14.219076400923766,3602.0534872313315,3587.8344108304077,2.0193842672822964,0.29,3.0,REV_SHORT,STOP,2668.27,2024-12-10 03:50:00,2024-12-10 03:55:00,2024-12-10 04:06:00
426589.0,2125222.0,2125279.0,426601.0,1.0,3.0,2690.0,2687.314830691992,2700.0,1.6454059269238424,0.01,2692.11,2687.314830691992,1.0,1.0,-1.0,-1.0,0.0,0.0,4.795169308008099,3587.8344108304077,3583.0392415223996,2.87033861601557,0.29,12.0,REV_LONG,STOP,2691.965,2024-12-11 08:05:00,2024-12-11 08:10:00,2024-12-11 09:07:00
426855.0,2126547.0,2126767.0,426900.0,-1.0,4.0,2720.0,2721.2379519613505,2710.0,5.657743951646707,0.1,2719.55,2710.0,2.0,-1.0,-1.0,1.0,0.0,0.0,16.879519613503362,3583.0392415223996,3678.5392415224014,1.4359039227007921,0.29,45.0,REV_SHORT,TARGET,2719.695,2024-12-12 07:15:00,2024-12-12 07:20:00,2024-12-12 11:00:00
427058.0,2127557.0,2127560.0,427059.0,-1.0,4.0,2690.0,2691.644374698458,2680.0,3.8836177912768113,0.07,2689.26,2691.644374698458,1.0,1.0,-1.0,1.0,1.0,0.0,16.690622889203045,3678.5392415224014,3661.8486186331984,1.278749396915445,0.29,1.0,REV_SHORT,STOP,2689.405,2024-12-13 01:10:00,2024-12-13 01:15:00,2024-12-13 01:18:00
427423.0,2129377.0,2129546.0,427457.0,-1.0,4.0,2660.0,2662.9985425520067,2650.0,2.5003079593047968,0.04,2659.285,2662.9985425520067,1.0,1.0,-1.0,1.0,1.0,1.0,14.854170208027426,3661.8486186331984,3646.994448425171,1.7570851040133808,0.29,34.0,REV_SHORT,STOP,2659.43,2024-12-16 08:35:00,2024-12-16 08:40:00,2024-12-16 11:29:00
427675.0,2130632.0,2130663.0,427682.0,-1.0,2.0,2650.0,2651.6817572214145,2640.0,4.865050768144623,0.09,2649.69,2651.6817572214145,1.0,1.0,1.0,1.0,0.0,0.0,17.92581499273001,3646.994448425171,3629.068633432441,1.681757221414288,0.29,7.0,BREAK_SHORT,STOP,2649.835,2024-12-17 06:35:00,2024-12-17 06:40:00,2024-12-17 07:11:00
427714.0,2130827.0,2130894.0,427728.0,1.0,3.0,2640.0,2636.9574182639394,2650.0,2.210417065653368,0.02,2641.02,2636.9574182639394,1.0,-1.0,-1.0,-1.0,1.0,1.0,8.12516347212113,3629.068633432441,3620.94346996032,2.355163472121207,0.29,14.0,REV_LONG,STOP,2640.875,2024-12-17 09:50:00,2024-12-17 09:55:00,2024-12-17 11:02:00
427759.0,2131052.0,2131063.0,427762.0,1.0,3.0,2640.0,2637.56991679788,2650.0,1.1375589600487437,0.01,2643.3849999999998,2637.56991679788,1.0,-1.0,-1.0,-1.0,1.0,0.0,5.815083202119695,3620.94346996032,3615.1283867582,2.3101664042394416,0.29,3.0,REV_LONG,STOP,2643.24,2024-12-17 13:35:00,2024-12-17 13:40:00,2024-12-17 13:51:00
427798.0,2131247.0,2131274.0,427804.0,-1.0,4.0,2640.0,2642.5972572130613,2630.0,2.680979081579111,0.05,2639.175,2642.5972572130613,1.0,1.0,1.0,1.0,1.0,1.0,17.11128606530565,3615.1283867582,3598.0171006928945,2.184514426122694,0.29,6.0,REV_SHORT,STOP,2639.32,2024-12-17 16:50:00,2024-12-17 16:55:00,2024-12-17 17:22:00
428047.0,2132487.0,2132726.0,428095.0,-1.0,2.0,2640.0,2641.93883619085,2630.0,4.137554978212217,0.07,2639.6150000000002,2636.95,3.0,1.0,1.0,1.0,0.0,1.0,16.266853335948326,3598.0171006928945,3616.6721006928974,1.9388361908501424,0.29,48.0,BREAK_SHORT,TIME,2639.76,2024-12-18 14:35:00,2024-12-18 14:40:00,2024-12-18 18:39:00
428337.0,2133932.0,2134122.0,428376.0,1.0,3.0,2590.0,2585.6351224428777,2600.0,1.9710943839646493,0.01,2590.47,2600.0,2.0,-1.0,-1.0,-1.0,1.0,1.0,4.834877557122127,3616.6721006928974,3626.2021006928976,2.8097551142445454,0.29,39.0,REV_LONG,TARGET,2590.325,2024-12-19 15:45:00,2024-12-19 15:50:00,2024-12-19 19:00:00
428591.0,2135197.0,2135213.0,428595.0,-1.0,4.0,2610.0,2615.5741782032255,2600.0,1.5597833730395065,0.02,2609.4900000000002,2615.5741782032255,1.0,1.0,-1.0,1.0,1.0,1.0,12.168356406450584,3626.2021006928976,3614.033744286447,2.7283564064514225,0.29,4.0,REV_SHORT,STOP,2609.635,2024-12-20 13:55:00,2024-12-20 14:00:00,2024-12-20 14:16:00
428895.0,2136712.0,2136951.0,428943.0,1.0,3.0,2610.0,2607.307744538004,2620.0,3.4112368990661275,0.03,2610.185,2611.15,3.0,-1.0,-1.0,-1.0,1.0,1.0,8.631766385987701,3614.033744286447,3616.9287442864475,1.8945109239924767,0.29,48.0,REV_LONG,TIME,2610.04,2024-12-23 16:15:00,2024-12-23 16:20:00,2024-12-23 20:19:00
429522.0,2139832.0,2139879.0,429532.0,-1.0,4.0,2620.0,2620.6251024156945,2610.0,6.3780186047182985,0.12,2619.185,2620.6251024156945,1.0,-1.0,0.0,1.0,0.0,0.0,17.281228988334988,3616.9287442864475,3599.6475152981125,0.6702048313887369,0.29,10.0,REV_SHORT,STOP,2619.33,2024-12-25 23:30:00,2024-12-25 23:35:00,2024-12-26 00:22:00
429687.0,2140657.0,2140763.0,429709.0,-1.0,4.0,2630.0,2631.8716491113623,2620.0,3.670845026675878,0.07,2629.33,2631.8716491113623,1.0,-1.0,-1.0,1.0,1.0,0.0,17.791543779536827,3599.6475152981125,3581.8559715185756,1.3932982227245017,0.29,22.0,REV_SHORT,STOP,2629.475,2024-12-26 13:15:00,2024-12-26 13:20:00,2024-12-26 15:06:00
430044.0,2142437.0,2142549.0,430067.0,-1.0,4.0,2620.0,2622.1439784142476,2610.0,1.8750095817927828,0.02,2617.92,2622.1439784142476,1.0,1.0,1.0,-1.0,1.0,1.0,8.44795682849508,3581.8559715185756,3573.4080146900806,1.317956828495322,0.29,23.0,REV_SHORT,STOP,2618.065,2024-12-27 20:00:00,2024-12-27 20:05:00,2024-12-27 21:57:00
430881.0,2146603.0,2146647.0,430890.0,-1.0,4.0,2650.0,2652.5287529440666,2640.0,1.9179026150957375,0.04,2648.235,2652.5287529440666,1.0,-1.0,-1.0,1.0,1.0,0.0,17.17501177626582,3573.4080146900806,3556.2330029138147,2.827505888133596,0.29,9.0,REV_SHORT,STOP,2648.38,2025-01-02 14:45:00,2025-01-02 14:50:00,2025-01-02 15:34:00
431349.0,2148933.0,2149000.0,431363.0,-1.0,2.0,2630.0,2631.7841602206236,2620.0,1.3955634075952712,0.03,2626.8650000000002,2631.7841602206236,1.0,1.0,1.0,1.0,0.0,0.0,14.757480661869977,3556.2330029138147,3541.4755222519448,1.7841602206233904,0.29,14.0,BREAK_SHORT,STOP,2627.01,2025-01-06 07:45:00,2025-01-06 07:50:00,2025-01-06 08:57:00
431555.0,2149958.0,2150160.0,431596.0,-1.0,4.0,2640.0,2642.0240365816585,2630.0,2.848878291711756,0.02,2638.9,2642.0240365816585,1.0,-1.0,-1.0,-1.0,0.0,1.0,6.248073163316803,3541.4755222519448,3535.227449088628,1.518073163317519,0.29,41.0,REV_SHORT,STOP,2639.045,2025-01-07 01:55:00,2025-01-07 02:00:00,2025-01-07 05:22:00
431688.0,2150623.0,2150638.0,431692.0,1.0,1.0,2650.0,2648.048614278936,2660.0,1.3612872797513547,0.03,2653.11,2660.0,2.0,1.0,1.0,1.0,0.0,0.0,15.184157163192594,3535.227449088628,3555.8974490886276,1.9513857210640095,0.29,4.0,BREAK_LONG,TARGET,2652.965,2025-01-07 13:00:00,2025-01-07 13:05:00,2025-01-07 13:20:00
431962.0,2151988.0,2152051.0,431975.0,1.0,1.0,2650.0,2648.371150636632,2660.0,2.573874529745126,0.02,2651.625,2660.0,2.0,1.0,1.0,-1.0,0.0,1.0,6.507698726735725,3555.8974490886276,3572.6474490886276,1.628849363368082,0.29,13.0,BREAK_LONG,TARGET,2651.48,2025-01-08 12:50:00,2025-01-08 12:55:00,2025-01-08 13:58:00
432123.0,2152788.0,2152804.0,432127.0,-1.0,4.0,2660.0,2661.9585985941985,2650.0,4.12453110998965,0.07,2659.625,2661.9585985941985,1.0,-1.0,1.0,1.0,0.0,1.0,16.335190159389644,3572.6474490886276,3556.312258929238,1.1971971883969699,0.29,4.0,REV_SHORT,STOP,2659.77,2025-01-09 03:15:00,2025-01-09 03:20:00,2025-01-09 03:36:00
432224.0,2153293.0,2153295.0,432225.0,-1.0,4.0,2670.0,2671.508264979708,2660.0,3.5973019528480386,0.07,2669.005,2671.508264979708,1.0,-1.0,-1.0,1.0,1.0,0.0,17.522854857956645,3556.312258929238,3538.7894040712813,1.7765299594168005,0.29,1.0,REV_SHORT,STOP,2669.15,2025-01-09 11:40:00,2025-01-09 11:45:00,2025-01-09 11:47:00
432307.0,2153708.0,2153905.0,432347.0,1.0,1.0,2670.0,2667.9296783178042,2680.0,4.092271556581873,0.03,2670.3,2669.975,4.0,1.0,1.0,-1.0,0.0,1.0,7.110965046587807,3538.7894040712813,3537.8144040712805,2.0703216821959596,0.29,40.0,BREAK_LONG,SESSION,2670.155,2025-01-09 18:35:00,2025-01-09 18:40:00,2025-01-09 21:57:00
432788.0,2156103.0,2156295.0,432827.0,1.0,3.0,2670.0,2662.934355998798,2680.0,1.019448931794419,0.01,2671.3849999999998,2662.934355998798,1.0,-1.0,-1.0,-1.0,1.0,1.0,8.450644001201908,3537.8144040712805,3529.3637600700786,2.6512880024050665,0.29,39.0,REV_LONG,STOP,2671.24,2025-01-13 12:40:00,2025-01-13 12:45:00,2025-01-13 15:57:00
433057.0,2157443.0,2157455.0,433060.0,-1.0,4.0,2670.0,2671.4639822611766,2660.0,2.3142645424487607,0.05,2668.005,2671.4639822611766,1.0,1.0,1.0,1.0,0.0,0.0,17.29491130588258,3529.3637600700786,3512.068848764196,1.607964522353352,0.29,3.0,REV_SHORT,STOP,2668.15,2025-01-14 12:05:00,2025-01-14 12:10:00,2025-01-14 12:22:00
433212.0,2158213.0,2158452.0,433260.0,1.0,3.0,2670.0,2668.78440196192,2680.0,4.178984207071539,0.08,2670.95,2679.295,3.0,-1.0,-1.0,1.0,0.0,0.0,17.324784304637433,3512.068848764196,3578.828848764198,1.1411960761594808,0.29,48.0,REV_LONG,TIME,2670.805,2025-01-15 02:00:00,2025-01-15 02:05:00,2025-01-15 06:04:00
433395.0,2159128.0,2159179.0,433406.0,-1.0,4.0,2690.0,2694.2429376994464,2680.0,2.21297944278008,0.02,2689.81,2694.2429376994464,1.0,-1.0,-1.0,-1.0,1.0,1.0,8.865875398892967,3578.828848764198,3569.962973365305,2.50587539889285,0.29,11.0,REV_SHORT,STOP,2689.955,2025-01-15 17:15:00,2025-01-15 17:20:00,2025-01-15 18:11:00
433603.0,2160163.0,2160273.0,433626.0,-1.0,4.0,2710.0,2712.027413573342,2700.0,2.6641980983205564,0.02,2708.745,2712.027413573342,1.0,-1.0,-1.0,-1.0,1.0,1.0,6.564827146684365,3569.962973365305,3563.3981462186207,1.614827146684719,0.29,23.0,REV_SHORT,STOP,2708.89,2025-01-16 11:35:00,2025-01-16 11:40:00,2025-01-16 13:30:00
433994.0,2162113.0,2162155.0,434003.0,1.0,3.0,2700.0,2698.603403407283,2710.0,5.188432709849214,0.04,2700.445,2702.885,4.0,-1.0,-1.0,-1.0,1.0,0.0,7.366386370867986,3563.3981462186207,3573.158146218621,1.3931931854343542,0.29,9.0,REV_LONG,SESSION,2700.3,2025-01-17 21:10:00,2025-01-17 21:15:00,2025-01-17 21:57:00
434151.0,2162893.0,2163132.0,434199.0,-1.0,4.0,2710.0,2713.4004059005797,2700.0,1.9975814721525533,0.01,2708.93,2709.915,3.0,-1.0,-1.0,-1.0,1.0,1.0,4.470405900579863,3573.158146218621,3572.173146218621,1.7008118011587317,0.29,48.0,REV_SHORT,TIME,2709.075,2025-01-20 11:15:00,2025-01-20 11:20:00,2025-01-20 15:19:00
434386.0,2164063.0,2164068.0,434388.0,1.0,1.0,2730.0,2728.071257031532,2740.0,3.921620453841907,0.07,2730.495,2728.071257031532,1.0,1.0,1.0,1.0,0.0,1.0,16.966200779276736,3572.173146218621,3555.206945439344,1.9287429684684367,0.29,2.0,BREAK_LONG,STOP,2730.35,2025-01-21 07:50:00,2025-01-21 07:55:00,2025-01-21 08:00:00
434976.0,2167003.0,2167070.0,434990.0,1.0,1.0,2750.0,2748.2947697377294,2760.0,1.3316122270806607,0.03,2753.315,2748.2947697377294,1.0,1.0,1.0,1.0,0.0,0.0,15.060690786811845,3555.206945439344,3540.146254652532,1.7052302622704179,0.29,14.0,BREAK_LONG,STOP,2753.17,2025-01-23 11:00:00,2025-01-23 11:05:00,2025-01-23 12:12:00
435149.0,2167863.0,2167873.0,435152.0,-1.0,4.0,2770.0,2772.5762993610224,2760.0,2.0814449636136354,0.02,2768.495,2772.5762993610224,1.0,-1.0,-1.0,-1.0,1.0,1.0,8.162598722045004,3540.146254652532,3531.983655930487,1.932598722044167,0.29,3.0,REV_SHORT,STOP,2768.64,2025-01-24 02:25:00,2025-01-24 02:30:00,2025-01-24 02:40:00
435280.0,2168518.0,2168568.0,435291.0,1.0,1.0,2780.0,2778.3720869772087,2790.0,2.0656946133275955,0.04,2782.165,2778.3720869772087,1.0,1.0,1.0,1.0,0.0,0.0,15.171652091165017,3531.983655930487,3516.812003839322,1.6279130227911152,0.29,11.0,BREAK_LONG,STOP,2782.02,2025-01-24 13:20:00,2025-01-24 13:25:00,2025-01-24 14:15:00
435411.0,2169168.0,2169174.0,435413.0,1.0,1.0,2770.0,2768.251816386749,2780.0,3.6285790956641484,0.06,2770.79,2768.251816386749,1.0,1.0,1.0,1.0,0.0,1.0,15.22910167950613,3516.812003839322,3501.582902159816,1.748183613250858,0.29,2.0,BREAK_LONG,STOP,2770.645,2025-01-27 01:15:00,2025-01-27 01:20:00,2025-01-27 01:26:00
435571.0,2169968.0,2169992.0,435576.0,1.0,3.0,2750.0,2743.4421374426915,2760.0,1.1692860880161773,0.02,2751.075,2743.4421374426915,1.0,-1.0,-1.0,1.0,1.0,0.0,15.265725114616544,3501.582902159816,3486.3171770451995,3.0657251146167357,0.29,5.0,REV_LONG,STOP,2750.93,2025-01-27 14:35:00,2025-01-27 14:40:00,2025-01-27 15:04:00
436324.0,2173718.0,2173957.0,436372.0,1.0,1.0,2770.0,2768.647377311201,2780.0,1.7470745683046758,0.04,2772.78,2777.79,3.0,1.0,1.0,1.0,0.0,0.0,16.530490755196297,3486.3171770451995,3506.3571770451986,1.3526226887990593,0.29,48.0,BREAK_LONG,TIME,2772.635,2025-01-30 08:20:00,2025-01-30 08:25:00,2025-01-30 12:24:00
436379.0,2173993.0,2174023.0,436386.0,1.0,1.0,2780.0,2778.813872351344,2790.0,5.754387355186351,0.05,2780.47,2778.813872351344,1.0,1.0,1.0,-1.0,0.0,1.0,8.280638243279554,3506.3571770451986,3498.076538801919,1.186127648656113,0.29,7.0,BREAK_LONG,STOP,2780.325,2025-01-30 12:55:00,2025-01-30 13:00:00,2025-01-30 13:30:00
436591.0,2175048.0,2175287.0,436639.0,-1.0,4.0,2800.0,2801.7325447228777,2790.0,4.873482875505348,0.08,2799.735,2797.785,3.0,-1.0,-1.0,1.0,0.0,0.0,15.980357783020734,3498.076538801919,3513.676538801921,1.4350894457554526,0.29,48.0,REV_SHORT,TIME,2799.88,2025-01-31 07:35:00,2025-01-31 07:40:00,2025-01-31 11:39:00
436754.0,2175863.0,2175904.0,436763.0,1.0,1.0,2800.0,2797.798407660779,2810.0,1.9930862161097662,0.02,2801.875,2797.798407660779,1.0,1.0,1.0,-1.0,0.0,1.0,8.153184678441903,3513.676538801921,3505.5233541234793,2.2015923392210057,0.29,9.0,BREAK_LONG,STOP,2801.73,2025-01-31 21:10:00,2025-01-31 21:15:00,2025-01-31 21:56:00
436995.0,2177063.0,2177280.0,437039.0,-1.0,4.0,2820.0,2823.381321318113,2810.0,2.1888218998754616,0.04,2819.185,2815.115,4.0,-1.0,-1.0,1.0,1.0,0.0,16.7852852724518,3505.5233541234793,3521.80335412348,3.3926426362254913,0.29,44.0,REV_SHORT,SESSION,2819.33,2025-02-03 18:15:00,2025-02-03 18:20:00,2025-02-03 21:57:00
437172.0,2177943.0,2178112.0,437206.0,-1.0,4.0,2820.0,2822.9261938199215,2810.0,2.8457150978051677,0.02,2819.565,2822.9261938199215,1.0,-1.0,-1.0,-1.0,0.0,1.0,6.722387639842964,3521.80335412348,3515.080966483637,2.0523876398426006,0.29,34.0,REV_SHORT,STOP,2819.71,2025-02-04 10:00:00,2025-02-04 10:05:00,2025-02-04 12:54:00
437366.0,2178908.0,2179061.0,437397.0,1.0,1.0,2850.0,2847.926008742058,2860.0,1.4396873279107056,0.03,2852.875,2860.0,2.0,1.0,1.0,1.0,0.0,1.0,14.846973773825994,3515.080966483637,3536.455966483637,2.073991257941944,0.29,31.0,BREAK_LONG,TARGET,2852.73,2025-02-05 03:10:00,2025-02-05 03:15:00,2025-02-05 05:48:00
437495.0,2179553.0,2179588.0,437503.0,1.0,3.0,2860.0,2857.2312273488296,2870.0,1.614530520398187,0.03,2862.115,2870.0,2.0,1.0,1.0,1.0,0.0,0.0,14.651317953510443,3536.455966483637,3560.1109664836376,2.8175453023401063,0.29,8.0,REV_LONG,TARGET,2861.97,2025-02-05 13:55:00,2025-02-05 14:00:00,2025-02-05 14:35:00
437616.0,2180153.0,2180204.0,437627.0,-1.0,4.0,2870.0,2871.51723230672,2860.0,1.6251703811259681,0.02,2867.13,2871.51723230672,1.0,-1.0,1.0,-1.0,0.0,0.0,8.774464613439704,3560.1109664836376,3551.336501870198,1.304464613440762,0.29,11.0,REV_SHORT,STOP,2867.275,2025-02-06 01:00:00,2025-02-06 01:05:00,2025-02-06 01:56:00
437688.0,2180513.0,2180554.0,437697.0,1.0,3.0,2860.0,2857.334017204645,2870.0,2.5173683172531405,0.04,2860.935,2857.334017204645,1.0,1.0,-1.0,1.0,1.0,1.0,14.403931181419466,3551.336501870198,3536.9325706887785,1.9719655907101945,0.29,9.0,REV_LONG,STOP,2860.79,2025-02-06 07:00:00,2025-02-06 07:05:00,2025-02-06 07:46:00
437990.0,2182018.0,2182257.0,438038.0,-1.0,4.0,2870.0,2871.6998762114035,2860.0,1.9323907789329327,0.02,2867.71,2861.755,3.0,-1.0,-1.0,-1.0,0.0,0.0,7.979752422806996,3536.9325706887785,3548.8425706887783,1.8897524228069802,0.29,48.0,REV_SHORT,TIME,2867.855,2025-02-07 09:10:00,2025-02-07 09:15:00,2025-02-07 13:14:00
438075.0,2182443.0,2182464.0,438080.0,1.0,3.0,2870.0,2863.236223425663,2880.0,1.2340452715063104,0.01,2870.74,2863.236223425663,1.0,1.0,1.0,-1.0,0.0,0.0,7.503776574336826,3548.8425706887783,3541.3387941144415,4.827553148674007,0.29,5.0,REV_LONG,STOP,2870.595,2025-02-07 16:15:00,2025-02-07 16:20:00,2025-02-07 16:41:00
438182.0,2182973.0,2183200.0,438228.0,1.0,1.0,2870.0,2867.783243877539,2880.0,1.5180070502523004,0.01,2872.6349999999998,2880.0,2.0,1.0,1.0,-1.0,0.0,0.0,4.851756122460756,3541.3387941144415,3548.7037941144417,2.2167561224610246,0.29,46.0,BREAK_LONG,TARGET,2872.49,2025-02-10 02:10:00,2025-02-10 02:15:00,2025-02-10 06:02:00
438269.0,2183408.0,2183412.0,438270.0,-1.0,4.0,2900.0,2902.546039966424,2890.0,3.5521981245804466,0.06,2899.79,2902.546039966424,1.0,-1.0,-1.0,1.0,1.0,1.0,16.536239798543647,3548.7037941144417,3532.167554315898,2.0820799328472424,0.29,1.0,REV_SHORT,STOP,2899.935,2025-02-10 09:25:00,2025-02-10 09:30:00,2025-02-10 09:34:00
438429.0,2184203.0,2184264.0,438442.0,-1.0,4.0,2920.0,2922.5913062694217,2910.0,2.2608929183199677,0.04,2918.73,2922.5913062694217,1.0,-1.0,0.0,1.0,0.0,1.0,15.4452250776867,3532.167554315898,3516.7223292382114,1.8726125388427333,0.29,13.0,REV_SHORT,STOP,2918.875,2025-02-10 23:45:00,2025-02-10 23:50:00,2025-02-11 00:51:00
438579.0,2184953.0,2184982.0,438585.0,1.0,3.0,2900.0,2896.988881895505,2910.0,1.8620281755616261,0.01,2901.535,2896.988881895505,1.0,1.0,-1.0,-1.0,1.0,0.0,4.546118104494781,3516.7223292382114,3512.1762111337166,2.4122362089901177,0.29,6.0,REV_LONG,STOP,2901.39,2025-02-11 12:15:00,2025-02-11 12:20:00,2025-02-11 12:49:00
438719.0,2185648.0,2185679.0,438726.0,1.0,3.0,2890.0,2888.559026286719,2900.0,1.9517676226953544,0.04,2892.435,2888.559026286719,1.0,-1.0,-1.0,1.0,0.0,0.0,15.503894853123711,3512.1762111337166,3496.672316280593,1.5519474265616877,0.29,7.0,REV_LONG,STOP,2892.29,2025-02-12 00:55:00,2025-02-12 01:00:00,2025-02-12 01:31:00
438748.0,2185793.0,2185860.0,438762.0,1.0,3.0,2890.0,2886.0873732565965,2900.0,1.7562709072309737,0.03,2891.1349999999998,2886.0873732565965,1.0,-1.0,-1.0,1.0,0.0,1.0,15.142880230209812,3496.672316280593,3481.529436050383,2.6152534868066772,0.29,14.0,REV_LONG,STOP,2890.99,2025-02-12 03:20:00,2025-02-12 03:25:00,2025-02-12 04:32:00
439152.0,2187808.0,2187913.0,439174.0,1.0,3.0,2910.0,2904.9835855026113,2920.0,1.906544665546715,0.03,2910.15,2920.0,2.0,1.0,-1.0,1.0,0.0,1.0,15.499243492166443,3481.529436050383,3511.079436050383,3.2528289947776674,0.29,22.0,REV_LONG,TARGET,2910.005,2025-02-13 14:00:00,2025-02-13 14:05:00,2025-02-13 15:50:00
439427.0,2189178.0,2189179.0,439428.0,1.0,3.0,2920.0,2916.100099593631,2930.0,1.9449562934870723,0.03,2920.82,2916.100099593631,1.0,1.0,-1.0,1.0,1.0,0.0,14.159701219107317,3511.079436050383,3496.9197348312755,3.2598008127382627,0.29,1.0,REV_LONG,STOP,2920.675,2025-02-14 13:55:00,2025-02-14 14:00:00,2025-02-14 14:01:00
439509.0,2189588.0,2189655.0,439523.0,1.0,3.0,2880.0,2876.0748271358757,2890.0,2.0172592173893107,0.03,2880.69,2882.67,4.0,-1.0,-1.0,1.0,1.0,1.0,13.845518592373082,3496.9197348312755,3502.8597348312755,1.8903457282486662,0.29,14.0,REV_LONG,SESSION,2880.545,2025-02-14 20:45:00,2025-02-14 20:50:00,2025-02-14 21:57:00
440100.0,2192528.0,2192632.0,440121.0,1.0,3.0,2930.0,2927.609643041146,2940.0,1.9428281449622045,0.02,2931.82,2927.609643041146,1.0,1.0,-1.0,-1.0,0.0,1.0,8.420713917708781,3502.8597348312755,3494.4390209135668,1.1607139177085872,0.29,21.0,REV_LONG,STOP,2931.675,2025-02-19 01:00:00,2025-02-19 01:05:00,2025-02-19 02:49:00
440424.0,2194143.0,2194290.0,440454.0,1.0,3.0,2940.0,2938.739881422623,2950.0,1.8433791456910753,0.04,2942.7,2950.0,2.0,1.0,1.0,1.0,0.0,0.0,15.840474309507044,3494.4390209135668,3523.6390209135675,1.5002371547537905,0.29,30.0,REV_LONG,TARGET,2942.555,2025-02-20 05:00:00,2025-02-20 05:05:00,2025-02-20 07:32:00
440742.0,2195728.0,2195814.0,440760.0,1.0,3.0,2920.0,2915.6464507596147,2930.0,1.4008415191141297,0.02,2921.625,2930.0,2.0,-1.0,-1.0,1.0,1.0,0.0,11.957098480770583,3523.6390209135675,3540.3890209135675,2.337098480771125,0.29,18.0,REV_LONG,TARGET,2921.48,2025-02-21 08:30:00,2025-02-21 08:35:00,2025-02-21 10:01:00
440805.0,2196043.0,2196133.0,440824.0,1.0,3.0,2930.0,2926.113650570423,2940.0,2.1514408131971803,0.02,2930.52,2926.113650570423,1.0,-1.0,-1.0,-1.0,0.0,0.0,8.812698859153898,3540.3890209135675,3531.5763220544136,2.322698859153684,0.29,19.0,REV_LONG,STOP,2930.375,2025-02-21 13:45:00,2025-02-21 13:50:00,2025-02-21 15:20:00
441003.0,2197028.0,2197110.0,441020.0,1.0,1.0,2940.0,2938.188971649419,2950.0,4.6082000735276365,0.08,2940.295,2938.188971649419,1.0,1.0,1.0,1.0,0.0,1.0,16.84822680465004,3531.5763220544136,3514.7280952497636,1.811028350581049,0.29,17.0,BREAK_LONG,STOP,2940.15,2025-02-24 07:15:00,2025-02-24 07:20:00,2025-02-24 08:42:00
441192.0,2197968.0,2197990.0,441197.0,1.0,3.0,2950.0,2948.468454931032,2960.0,2.2332537079938675,0.02,2952.035,2948.468454931032,1.0,1.0,1.0,-1.0,0.0,0.0,7.133090137936052,3514.7280952497636,3507.5950051118275,1.3730901379368665,0.29,5.0,REV_LONG,STOP,2951.89,2025-02-25 00:00:00,2025-02-25 00:05:00,2025-02-25 00:27:00
441340.0,2198708.0,2198716.0,441342.0,-1.0,4.0,2940.0,2942.278291521954,2930.0,1.588559329555058,0.01,2937.535,2930.0,2.0,1.0,1.0,-1.0,0.0,1.0,4.743291521954234,3507.5950051118275,3515.1300051118274,1.7465830439077674,0.29,2.0,REV_SHORT,TARGET,2937.68,2025-02-25 12:20:00,2025-02-25 12:25:00,2025-02-25 12:33:00
441494.0,2199473.0,2199514.0,441503.0,-1.0,2.0,2920.0,2922.634923467612,2910.0,1.1616918574938573,0.01,2916.79,2922.634923467612,1.0,1.0,1.0,-1.0,0.0,1.0,5.8449234676122614,3515.1300051118274,3509.285081644215,2.634923467612366,0.29,9.0,BREAK_SHORT,STOP,2916.935,2025-02-26 02:10:00,2025-02-26 02:15:00,2025-02-26 02:56:00
441654.0,2200273.0,2200294.0,441659.0,-1.0,4.0,2910.0,2914.1341393509842,2900.0,1.4670615401520137,0.03,2908.405,2914.1341393509842,1.0,1.0,1.0,1.0,0.0,1.0,17.187418052952125,3509.285081644215,3492.097663591263,3.8082787019687037,0.29,5.0,REV_SHORT,STOP,2908.55,2025-02-26 15:30:00,2025-02-26 15:35:00,2025-02-26 15:56:00
441858.0,2201288.0,2201527.0,441906.0,-1.0,4.0,2890.0,2895.3998210965865,2880.0,1.3857858902907065,0.02,2888.945,2887.37,3.0,1.0,1.0,1.0,1.0,1.0,12.909642193172658,3492.097663591263,3495.2476635912635,3.7296421931735453,0.29,48.0,REV_SHORT,TIME,2889.09,2025-02-27 09:30:00,2025-02-27 09:35:00,2025-02-27 13:34:00
442111.0,2202548.0,2202583.0,442119.0,1.0,3.0,2860.0,2856.466383661121,2870.0,2.52106327626517,0.02,2860.31,2856.466383661121,1.0,-1.0,-1.0,-1.0,1.0,1.0,7.687232677757493,3495.2476635912635,3487.560430913506,1.997232677757459,0.29,8.0,REV_LONG,STOP,2860.165,2025-02-28 07:35:00,2025-02-28 07:40:00,2025-02-28 08:15:00
442215.0,2203068.0,2203196.0,442241.0,-1.0,4.0,2850.0,2855.814325997372,2840.0,1.398171701501203,0.02,2849.22,2840.0,2.0,1.0,1.0,1.0,1.0,1.0,13.18865199474476,3487.560430913506,3506.0004309135056,3.5286519947440045,0.29,26.0,REV_SHORT,TARGET,2849.365,2025-02-28 16:15:00,2025-02-28 16:20:00,2025-02-28 18:28:00
442315.0,2203563.0,2203665.0,442336.0,-1.0,4.0,2870.0,2873.4137112827566,2860.0,2.3545085739497034,0.04,2869.415,2860.0,2.0,1.0,-1.0,1.0,0.0,1.0,15.994845131026523,3506.0004309135056,3543.6604309135055,2.6974225655129267,0.29,21.0,REV_SHORT,TARGET,2869.56,2025-03-03 01:35:00,2025-03-03 01:40:00,2025-03-03 03:22:00
443223.0,2208088.0,2208131.0,443232.0,-1.0,2.0,2910.0,2912.866342876131,2900.0,1.5546995493711924,0.01,2907.83,2900.0,2.0,1.0,1.0,-1.0,0.0,1.0,5.03634287613113,3543.6604309135055,3551.4904309135054,2.8663428761309326,0.29,9.0,BREAK_SHORT,TARGET,2907.975,2025-03-06 08:15:00,2025-03-06 08:20:00,2025-03-06 09:03:00
443467.0,2209303.0,2209324.0,443472.0,1.0,1.0,2910.0,2908.4891713641387,2920.0,3.677623003941137,0.07,2910.95,2908.4891713641387,1.0,1.0,1.0,1.0,0.0,0.0,17.225800451028135,3551.4904309135054,3534.2646304624773,1.510828635861221,0.29,5.0,BREAK_LONG,STOP,2910.805,2025-03-07 05:35:00,2025-03-07 05:40:00,2025-03-07 06:01:00
443610.0,2210018.0,2210257.0,443658.0,-1.0,2.0,2910.0,2913.878416409724,2900.0,2.2212337643132076,0.02,2909.57,2911.73,3.0,1.0,1.0,-1.0,0.0,0.0,8.616832819448064,3534.2646304624773,3529.9446304624776,3.8784164097241343,0.29,48.0,BREAK_SHORT,TIME,2909.715,2025-03-07 17:30:00,2025-03-07 17:35:00,2025-03-07 21:34:00
443785.0,2210888.0,2210907.0,443789.0,1.0,3.0,2910.0,2903.15557544108,2920.0,1.2566273429331232,0.02,2910.62,2903.15557544108,1.0,-1.0,-1.0,1.0,0.0,1.0,14.92884911783949,3529.9446304624776,3515.015781344638,2.4188491178389153,0.29,4.0,REV_LONG,STOP,2910.475,2025-03-10 08:05:00,2025-03-10 08:10:00,2025-03-10 08:29:00
443802.0,2210973.0,2211000.0,443808.0,1.0,1.0,2910.0,2906.9500374752015,2920.0,1.0358874914340366,0.02,2913.36,2906.9500374752015,1.0,1.0,1.0,1.0,0.0,0.0,12.81992504959726,3515.015781344638,3502.195856295041,3.049962524798529,0.29,6.0,BREAK_LONG,STOP,2913.215,2025-03-10 09:30:00,2025-03-10 09:35:00,2025-03-10 10:02:00
444124.0,2212578.0,2212591.0,444127.0,1.0,3.0,2910.0,2905.7429403631036,2920.0,1.328801168641424,0.02,2911.865,2920.0,2.0,1.0,1.0,1.0,1.0,1.0,12.244119273792421,3502.195856295041,3518.4658562950412,2.2741192737931106,0.29,3.0,REV_LONG,TARGET,2911.72,2025-03-11 13:20:00,2025-03-11 13:25:00,2025-03-11 13:38:00
444198.0,2212948.0,2212971.0,444203.0,1.0,1.0,2920.0,2918.4742711512167,2930.0,3.5363868144777864,0.06,2921.015,2918.4742711512167,1.0,1.0,1.0,1.0,0.0,0.0,15.24437309269888,3518.4658562950412,3503.2214832023424,1.5257288487832108,0.29,5.0,BREAK_LONG,STOP,2920.87,2025-03-11 19:30:00,2025-03-11 19:35:00,2025-03-11 19:58:00
444328.0,2213593.0,2213677.0,444345.0,1.0,3.0,2910.0,2908.163680592266,2920.0,2.003136306209341,0.02,2912.105,2920.0,2.0,1.0,-1.0,-1.0,0.0,0.0,7.882638815468454,3503.2214832023424,3519.0114832023423,1.8626388154677906,0.29,17.0,REV_LONG,TARGET,2911.96,2025-03-12 07:20:00,2025-03-12 07:25:00,2025-03-12 08:49:00
444453.0,2214218.0,2214405.0,444491.0,-1.0,4.0,2940.0,2941.7806410773305,2930.0,4.043857633637654,0.03,2939.445,2933.475,4.0,-1.0,-1.0,-1.0,1.0,0.0,7.006923231991095,3519.0114832023423,3536.921483202343,2.1712821546608114,0.29,38.0,REV_SHORT,SESSION,2939.59,2025-03-12 17:45:00,2025-03-12 17:50:00,2025-03-12 20:57:00
444532.0,2214608.0,2214685.0,444548.0,-1.0,4.0,2940.0,2942.059196969257,2930.0,2.6551915758985283,0.02,2938.76,2942.059196969257,1.0,-1.0,-1.0,-1.0,0.0,1.0,6.598393938513254,3536.921483202343,3530.32308926383,1.2583939385135883,0.29,16.0,REV_SHORT,STOP,2938.905,2025-03-13 01:20:00,2025-03-13 01:25:00,2025-03-13 02:42:00
444841.0,2216148.0,2216177.0,444847.0,1.0,1.0,2990.0,2988.340499554751,3000.0,2.105473182192347,0.02,2992.095,2988.340499554751,1.0,1.0,1.0,-1.0,0.0,0.0,7.509000890497192,3530.32308926383,3522.8140883733327,1.6595004452486466,0.29,6.0,BREAK_LONG,STOP,2991.95,2025-03-14 04:05:00,2025-03-14 04:10:00,2025-03-14 04:39:00
444917.0,2216528.0,2216534.0,444919.0,1.0,1.0,3000.0,2998.160952326199,3010.0,1.7004833329142106,0.02,3002.545,2998.160952326199,1.0,1.0,1.0,-1.0,0.0,0.0,8.768095347601957,3522.8140883733327,3514.0459930257307,1.839047673800747,0.29,2.0,BREAK_LONG,STOP,3002.4,2025-03-14 10:25:00,2025-03-14 10:30:00,2025-03-14 10:36:00
445181.0,2217843.0,2217945.0,445202.0,1.0,1.0,2990.0,2988.610825644378,3000.0,1.5342083894397107,0.03,2993.105,3000.0,2.0,1.0,1.0,1.0,0.0,0.0,13.482523066865722,3514.0459930257307,3534.7309930257306,1.3891743556217484,0.29,21.0,BREAK_LONG,TARGET,2992.96,2025-03-17 09:25:00,2025-03-17 09:30:00,2025-03-17 11:12:00
445235.0,2218113.0,2218126.0,445238.0,-1.0,4.0,2990.0,2993.0549927984093,2980.0,1.7368998969479341,0.01,2988.285,2993.0549927984093,1.0,-1.0,1.0,-1.0,0.0,0.0,4.769992798409476,3534.7309930257306,3529.961000227321,3.0099855968186118,0.29,3.0,REV_SHORT,STOP,2988.43,2025-03-17 13:55:00,2025-03-17 14:00:00,2025-03-17 14:13:00
445492.0,2219393.0,2219407.0,445495.0,-1.0,4.0,3030.0,3032.6074823533704,3020.0,1.7011312306872637,0.01,3027.94,3032.6074823533704,1.0,-1.0,-1.0,-1.0,1.0,1.0,4.66748235337036,3529.961000227321,3525.293517873951,2.25496470674056,0.29,3.0,REV_SHORT,STOP,3028.085,2025-03-18 12:20:00,2025-03-18 12:25:00,2025-03-18 12:39:00
446089.0,2222368.0,2222374.0,446091.0,-1.0,4.0,3040.0,3043.132549405386,3030.0,2.3309790328678943,0.04,3039.19,3043.132549405386,1.0,-1.0,1.0,1.0,0.0,1.0,15.770197621543048,3525.293517873951,3509.5233202524078,2.36509881077212,0.29,2.0,REV_SHORT,STOP,3039.335,2025-03-20 16:05:00,2025-03-20 16:10:00,2025-03-20 16:16:00
446398.0,2223908.0,2223997.0,446416.0,-1.0,4.0,3020.0,3022.653280321463,3010.0,1.541697032790763,0.03,3017.675,3022.653280321463,1.0,1.0,1.0,1.0,1.0,1.0,14.934840964388968,3509.5233202524078,3494.588479288019,1.8465606429259809,0.29,18.0,REV_SHORT,STOP,3017.82,2025-03-21 18:50:00,2025-03-21 18:55:00,2025-03-21 20:24:00
446460.0,2224213.0,2224313.0,446481.0,1.0,3.0,3020.0,3016.3283690473045,3030.0,2.1968227101939437,0.02,3020.605,3016.3283690473045,1.0,-1.0,-1.0,-1.0,0.0,1.0,8.553261905391082,3494.588479288019,3486.0352173826277,1.4432619053911722,0.29,21.0,REV_LONG,STOP,3020.46,2025-03-24 01:00:00,2025-03-24 01:05:00,2025-03-24 02:45:00
446557.0,2224698.0,2224775.0,446573.0,-1.0,4.0,3030.0,3031.735310308574,3020.0,5.2081396135570275,0.09,3029.845,3031.735310308574,1.0,-1.0,-1.0,1.0,1.0,0.0,17.012792777166396,3486.0352173826277,3469.0224246054613,1.7906206171471513,0.29,16.0,REV_SHORT,STOP,3029.99,2025-03-24 09:05:00,2025-03-24 09:10:00,2025-03-24 10:27:00
446832.0,2226068.0,2226248.0,446869.0,1.0,1.0,3020.0,3018.3385629341033,3030.0,2.9645373348624515,0.02,3021.28,3018.3385629341033,1.0,1.0,1.0,-1.0,0.0,0.0,5.882874131793869,3469.0224246054613,3463.1395504736674,1.6614370658965265,0.29,37.0,BREAK_LONG,STOP,3021.135,2025-03-25 09:00:00,2025-03-25 09:05:00,2025-03-25 12:05:00
447010.0,2226953.0,2226993.0,447019.0,-1.0,2.0,3020.0,3020.8915412461033,3010.0,2.728012144490306,0.05,3017.97,3020.8915412461033,1.0,1.0,1.0,1.0,0.0,0.0,14.607706230517579,3463.1395504736674,3448.53184424315,0.891541246103131,0.29,9.0,BREAK_SHORT,STOP,3018.115,2025-03-26 00:50:00,2025-03-26 00:55:00,2025-03-26 01:35:00
447072.0,2227263.0,2227369.0,447094.0,1.0,1.0,3020.0,3018.414145537901,3030.0,1.1692885556640276,0.01,3023.755,3030.0,2.0,1.0,1.0,-1.0,0.0,1.0,5.340854462099287,3448.53184424315,3454.7768442431498,1.5858544620991115,0.29,22.0,BREAK_LONG,TARGET,3023.61,2025-03-26 06:00:00,2025-03-26 06:05:00,2025-03-26 07:51:00
447117.0,2227488.0,2227518.0,447124.0,-1.0,2.0,3020.0,3021.6175497097033,3010.0,3.421438599925106,0.06,3018.9900000000002,3021.6175497097033,1.0,1.0,1.0,1.0,0.0,1.0,15.765298258218536,3454.7768442431498,3439.011545984931,1.617549709703447,0.29,7.0,BREAK_SHORT,STOP,3019.135,2025-03-26 09:45:00,2025-03-26 09:50:00,2025-03-26 10:20:00
447178.0,2227793.0,2228032.0,447226.0,-1.0,4.0,3020.0,3022.978365854935,3010.0,1.6254107496369559,0.03,3018.035,3019.415,3.0,1.0,1.0,1.0,0.0,0.0,14.830097564805328,3439.011545984931,3434.871545984931,2.426731709870623,0.29,48.0,REV_SHORT,TIME,3018.18,2025-03-26 14:50:00,2025-03-26 14:55:00,2025-03-26 18:54:00
447403.0,2228913.0,2229030.0,447427.0,1.0,1.0,3050.0,3047.4365718529107,3060.0,1.4191011777317522,0.01,3052.63,3047.4365718529107,1.0,1.0,1.0,-1.0,0.0,0.0,5.193428147089435,3434.871545984931,3429.6781178378415,2.5634281470894886,0.29,24.0,BREAK_LONG,STOP,3052.485,2025-03-27 10:35:00,2025-03-27 10:40:00,2025-03-27 12:37:00
447627.0,2230028.0,2230055.0,447633.0,-1.0,4.0,3080.0,3083.8680784809403,3070.0,2.303434784247824,0.02,3079.67,3083.8680784809403,1.0,-1.0,-1.0,-1.0,1.0,1.0,8.396156961880479,3429.6781178378415,3421.281960875961,1.9761569618800758,0.29,6.0,REV_SHORT,STOP,3079.815,2025-03-28 06:15:00,2025-03-28 06:20:00,2025-03-28 06:47:00
447848.0,2231128.0,2231164.0,447856.0,1.0,1.0,3090.0,3087.02886605521,3100.0,1.4963047686243809,0.03,3092.225,3100.0,2.0,1.0,1.0,1.0,0.0,0.0,15.588401834369506,3421.281960875961,3444.6069608759612,2.9711339447897345,0.29,8.0,BREAK_LONG,TARGET,3092.08,2025-03-31 01:40:00,2025-03-31 01:45:00,2025-03-31 02:21:00
447884.0,2231308.0,2231335.0,447890.0,1.0,1.0,3110.0,3107.4347002192653,3120.0,1.8817513502746503,0.03,3111.795,3107.4347002192653,1.0,1.0,1.0,1.0,0.0,0.0,13.080899342204248,3444.6069608759612,3431.526061533757,2.565299780734537,0.29,6.0,BREAK_LONG,STOP,3111.65,2025-03-31 04:40:00,2025-03-31 04:45:00,2025-03-31 05:12:00
448361.0,2233683.0,2233795.0,448384.0,1.0,3.0,3110.0,3106.9146375811933,3120.0,1.8077993174955247,0.01,3111.575,3120.0,2.0,-1.0,0.0,-1.0,0.0,0.0,4.660362418806471,3431.526061533757,3439.951061533757,1.8307248376131668,0.29,23.0,REV_LONG,TARGET,3111.43,2025-04-01 22:25:00,2025-04-01 22:30:00,2025-04-02 00:22:00
448485.0,2234303.0,2234345.0,448494.0,1.0,1.0,3130.0,3127.3685343805,3140.0,1.1962168350053246,0.01,3133.12,3127.3685343805,1.0,1.0,1.0,-1.0,0.0,0.0,5.751465619499868,3439.951061533757,3434.1995959142573,2.631465619499866,0.29,9.0,BREAK_LONG,STOP,3132.975,2025-04-02 08:45:00,2025-04-02 08:50:00,2025-04-02 09:32:00
448548.0,2234618.0,2234744.0,448574.0,1.0,3.0,3120.0,3115.79437576667,3130.0,1.6774651970431806,0.03,3121.1,3130.0,2.0,1.0,-1.0,1.0,0.0,0.0,15.916872699990108,3434.1995959142573,3460.8995959142576,3.961248466660749,0.29,26.0,REV_LONG,TARGET,3120.955,2025-04-02 14:00:00,2025-04-02 14:05:00,2025-04-02 16:11:00
448840.0,2236073.0,2236131.0,448852.0,1.0,3.0,3110.0,3102.1707242689076,3120.0,1.0685352560165524,0.02,3110.79,3102.1707242689076,1.0,-1.0,-1.0,1.0,0.0,1.0,17.23855146218466,3460.8995959142576,3443.661044452073,7.638551462184297,0.29,12.0,REV_LONG,STOP,3110.645,2025-04-03 15:20:00,2025-04-03 15:25:00,2025-04-03 16:23:00
448953.0,2236633.0,2236644.0,448956.0,1.0,3.0,3110.0,3108.018741500283,3120.0,3.012130396900194,0.05,3111.005,3108.018741500283,1.0,-1.0,-1.0,1.0,0.0,0.0,14.931292498586119,3443.661044452073,3428.729751953487,2.4025169994336246,0.29,3.0,REV_LONG,STOP,3110.86,2025-04-04 01:45:00,2025-04-04 01:50:00,2025-04-04 02:01:00
449480.0,2239258.0,2239303.0,449490.0,1.0,3.0,2980.0,2977.4909227742583,2990.0,3.6174679359011277,0.03,2980.2,2990.0,2.0,-1.0,-1.0,-1.0,0.0,0.0,8.127231677224698,3428.729751953487,3458.1297519534874,2.458154451483085,0.29,10.0,REV_LONG,TARGET,2980.055,2025-04-07 23:40:00,2025-04-07 23:45:00,2025-04-08 00:30:00
449847.0,2241088.0,2241145.0,449859.0,1.0,1.0,3040.0,3034.3319260848248,3050.0,1.049970219974795,0.02,3041.975,3050.0,2.0,1.0,1.0,1.0,0.0,0.0,15.286147830350275,3458.1297519534874,3474.1797519534875,5.668073915175264,0.29,12.0,BREAK_LONG,TARGET,3041.83,2025-04-09 07:15:00,2025-04-09 07:20:00,2025-04-09 08:17:00
450106.0,2242378.0,2242479.0,450127.0,1.0,3.0,3120.0,3110.7465270421458,3130.0,1.0334295766122326,0.01,3120.215,3110.7465270421458,1.0,1.0,1.0,1.0,0.0,1.0,9.468472957854374,3474.1797519534875,3464.711278995633,4.256945915708536,0.29,21.0,REV_LONG,STOP,3120.07,2025-04-10 05:50:00,2025-04-10 05:55:00,2025-04-10 07:36:00
450262.0,2243158.0,2243280.0,450287.0,1.0,1.0,3170.0,3165.8793794839385,3180.0,1.0286439238395582,0.02,3172.84,3175.645,4.0,1.0,1.0,1.0,0.0,0.0,13.921241032123364,3464.711278995633,3470.321278995633,4.120620516061683,0.29,25.0,BREAK_LONG,SESSION,3172.695,2025-04-10 18:50:00,2025-04-10 18:55:00,2025-04-10 20:57:00
450545.0,2244568.0,2244655.0,450563.0,1.0,3.0,3230.0,3225.863009202671,3240.0,1.481483874602218,0.03,3231.56,3237.505,4.0,1.0,1.0,1.0,0.0,1.0,17.090972391986725,3470.321278995633,3488.1562789956333,3.1239815946581033,0.29,18.0,REV_LONG,SESSION,3231.415,2025-04-11 19:25:00,2025-04-11 19:30:00,2025-04-11 20:57:00
450768.0,2245678.0,2245714.0,450776.0,-1.0,4.0,3210.0,3218.125681899439,3200.0,1.085645534973389,0.01,3209.435,3200.0,2.0,-1.0,1.0,-1.0,0.0,1.0,8.690681899438914,3488.1562789956333,3497.5912789956333,4.901363798877353,0.29,8.0,REV_SHORT,TARGET,3209.58,2025-04-14 15:00:00,2025-04-14 15:05:00,2025-04-14 15:41:00
450963.0,2246648.0,2246802.0,450994.0,-1.0,4.0,3230.0,3233.1343972114,3220.0,2.898144501028405,0.02,3229.765,3220.0,2.0,-1.0,-1.0,-1.0,0.0,1.0,6.738794422800311,3497.5912789956333,3517.121278995633,2.88879442279958,0.29,31.0,REV_SHORT,TARGET,3229.91,2025-04-15 08:15:00,2025-04-15 08:20:00,2025-04-15 10:54:00
451077.0,2247218.0,2247302.0,451094.0,-1.0,4.0,3230.0,3231.8084650295696,3220.0,2.709311998054562,0.05,3228.625,3231.8084650295696,1.0,-1.0,-1.0,1.0,0.0,0.0,15.917325147847805,3517.121278995633,3501.203953847785,2.1169300591393982,0.29,17.0,REV_SHORT,STOP,3228.77,2025-04-15 17:45:00,2025-04-15 17:50:00,2025-04-15 19:14:00
451129.0,2247473.0,2247484.0,451132.0,-1.0,4.0,3240.0,3243.3750692719223,3230.0,1.8732266891483982,0.03,3238.72,3243.3750692719223,1.0,-1.0,-1.0,1.0,0.0,1.0,13.965207815767371,3501.203953847785,3487.238746032018,2.180138543844558,0.29,3.0,REV_SHORT,STOP,3238.865,2025-04-15 23:05:00,2025-04-15 23:10:00,2025-04-15 23:21:00
451155.0,2247603.0,2247613.0,451158.0,-1.0,4.0,3270.0,3275.761885597886,3260.0,1.1352113073115446,0.01,3268.38,3260.0,2.0,-1.0,-1.0,-1.0,1.0,0.0,7.3818855978856845,3487.238746032018,3495.618746032018,4.44377119577162,0.29,3.0,REV_SHORT,TARGET,3268.525,2025-04-16 01:15:00,2025-04-16 01:20:00,2025-04-16 01:30:00
451490.0,2249273.0,2249326.0,451501.0,1.0,3.0,3330.0,3323.596154164552,3340.0,1.2021996692942973,0.01,3331.045,3323.596154164552,1.0,1.0,-1.0,-1.0,0.0,1.0,7.448845835448083,3495.618746032018,3488.16990019657,3.3076916708957835,0.29,11.0,REV_LONG,STOP,3330.9,2025-04-17 06:10:00,2025-04-17 06:15:00,2025-04-17 07:08:00
451552.0,2249583.0,2249632.0,451562.0,-1.0,4.0,3330.0,3334.1555869888703,3320.0,1.7088989273394775,0.01,3328.93,3334.1555869888703,1.0,-1.0,1.0,-1.0,0.0,1.0,5.225586988870418,3488.16990019657,3482.9443132076995,2.911173977740481,0.29,10.0,REV_SHORT,STOP,3329.075,2025-04-17 11:20:00,2025-04-17 11:25:00,2025-04-17 12:14:00
452176.0,2252693.0,2252708.0,452180.0,1.0,3.0,3410.0,3406.336177751612,3420.0,1.1420603547685728,0.02,3412.715,3420.0,2.0,1.0,1.0,1.0,1.0,1.0,12.757644496776265,3482.9443132076995,3497.514313207699,4.037644496775919,0.29,4.0,REV_LONG,TARGET,3412.57,2025-04-21 17:20:00,2025-04-21 17:25:00,2025-04-21 17:40:00
452205.0,2252838.0,2252905.0,452219.0,1.0,3.0,3420.0,3415.972270829293,3430.0,1.6304972035261864,0.03,3421.305,3424.53,4.0,1.0,1.0,1.0,1.0,1.0,15.998187512120692,3497.514313207699,3507.1893132077003,3.025458341414827,0.29,14.0,REV_LONG,SESSION,3421.16,2025-04-21 19:45:00,2025-04-21 19:50:00,2025-04-21 20:57:00
452240.0,2253008.0,2253011.0,452241.0,1.0,1.0,3440.0,3436.6253211671306,3450.0,1.5212985091568831,0.03,3441.93,3436.6253211671306,1.0,1.0,1.0,1.0,0.0,1.0,15.914036498607857,3507.1893132077003,3491.2752767090924,3.374678832869622,0.29,1.0,BREAK_LONG,STOP,3441.785,2025-04-21 23:40:00,2025-04-21 23:45:00,2025-04-21 23:48:00
452837.0,2255983.0,2255987.0,452838.0,1.0,3.0,3330.0,3323.224971357662,3340.0,1.3895954699055817,0.01,3330.245,3323.224971357662,1.0,-1.0,-1.0,-1.0,0.0,0.0,7.020028642337821,3491.2752767090924,3484.2552480667546,6.320057284676454,0.29,1.0,REV_LONG,STOP,3330.1,2025-04-24 03:25:00,2025-04-24 03:30:00,2025-04-24 03:34:00
452935.0,2256473.0,2256564.0,452954.0,-1.0,4.0,3340.0,3346.0441708001813,3330.0,1.1182742274305202,0.02,3338.47,3330.0,2.0,1.0,-1.0,1.0,0.0,1.0,15.148341600362983,3484.2552480667546,3501.195248066754,3.9083416003620073,0.29,19.0,REV_SHORT,TARGET,3338.615,2025-04-24 11:35:00,2025-04-24 11:40:00,2025-04-24 13:11:00
453252.0,2258053.0,2258061.0,453254.0,1.0,3.0,3280.0,3271.93420651412,3290.0,1.15433322038025,0.01,3280.32,3271.93420651412,1.0,-1.0,-1.0,-1.0,1.0,1.0,8.385793485880185,3501.195248066754,3492.809454580874,5.491586971759804,0.29,2.0,REV_LONG,STOP,3280.175,2025-04-25 15:00:00,2025-04-25 15:05:00,2025-04-25 15:13:00
453301.0,2258298.0,2258304.0,453303.0,-1.0,2.0,3290.0,3292.718319242767,3280.0,2.099519800996872,0.02,3288.6150000000002,3292.718319242767,1.0,1.0,1.0,-1.0,0.0,1.0,8.206638485533404,3492.809454580874,3484.6028160953406,2.7183192427670613,0.29,2.0,BREAK_SHORT,STOP,3288.76,2025-04-25 19:05:00,2025-04-25 19:10:00,2025-04-25 19:16:00
453684.0,2260203.0,2260285.0,453701.0,1.0,3.0,3310.0,3304.889197367983,3320.0,1.3298277004950345,0.02,3311.375,3320.0,2.0,-1.0,-1.0,1.0,1.0,1.0,12.971605264034224,3484.6028160953406,3501.8528160953406,3.621605264033755,0.29,17.0,REV_LONG,TARGET,3311.23,2025-04-29 05:00:00,2025-04-29 05:05:00,2025-04-29 06:27:00
454441.0,2263973.0,2264046.0,454456.0,-1.0,4.0,3240.0,3243.1323599478383,3230.0,2.2011720362955787,0.04,3239.03,3243.1323599478383,1.0,1.0,-1.0,1.0,0.0,1.0,16.40943979135227,3501.8528160953406,3485.4433763039883,3.174719895676261,0.29,15.0,REV_SHORT,STOP,3239.175,2025-05-01 23:05:00,2025-05-01 23:10:00,2025-05-02 00:23:00
454534.0,2264438.0,2264476.0,454542.0,1.0,3.0,3250.0,3244.7261173654742,3260.0,1.7700775745365485,0.01,3250.24,3260.0,2.0,-1.0,1.0,-1.0,0.0,0.0,5.513882634525544,3485.4433763039883,3495.2033763039885,3.327765269051156,0.29,8.0,REV_LONG,TARGET,3250.095,2025-05-02 06:50:00,2025-05-02 06:55:00,2025-05-02 07:33:00
454727.0,2265398.0,2265463.0,454741.0,-1.0,4.0,3250.0,3253.855444037592,3240.0,1.3622157075904517,0.02,3248.01,3253.855444037592,1.0,1.0,-1.0,1.0,0.0,1.0,11.690888075183466,3495.2033763039885,3483.512488228805,2.7908880751842142,0.29,14.0,REV_SHORT,STOP,3248.135,2025-05-04 23:55:00,2025-05-05 00:00:00,2025-05-05 01:05:00
455355.0,2268528.0,2268601.0,455370.0,1.0,1.0,3390.0,3386.1036758092987,3400.0,1.1325403377768313,0.02,3392.62,3386.1036758092987,1.0,1.0,1.0,1.0,0.0,0.0,13.032648381402396,3483.512488228805,3470.4798398474027,3.8963241907011192,0.29,15.0,BREAK_LONG,STOP,3392.475,2025-05-07 06:15:00,2025-05-07 06:20:00,2025-05-07 07:33:00
455409.0,2268798.0,2268973.0,455445.0,-1.0,4.0,3390.0,3395.1464380321218,3380.0,1.4287001577033642,0.01,3388.91,3395.1464380321218,1.0,-1.0,-1.0,-1.0,0.0,1.0,6.236438032121896,3470.4798398474027,3464.243401815281,4.252876064243387,0.29,36.0,REV_SHORT,STOP,3389.055,2025-05-07 10:45:00,2025-05-07 10:50:00,2025-05-07 13:45:00
455562.0,2269558.0,2269585.0,455568.0,1.0,1.0,3380.0,3377.066894654696,3390.0,1.627021856772027,0.01,3381.99,3390.0,2.0,1.0,1.0,-1.0,0.0,0.0,4.923105345303611,3464.243401815281,3472.253401815281,2.933105345303754,0.29,6.0,BREAK_LONG,TARGET,3381.845,2025-05-08 00:30:00,2025-05-08 00:35:00,2025-05-08 01:02:00
455672.0,2270108.0,2270120.0,455675.0,1.0,3.0,3340.0,3334.020765147479,3350.0,1.4158856177341352,0.01,3340.6349999999998,3334.020765147479,1.0,-1.0,-1.0,-1.0,1.0,1.0,6.6142348525208945,3472.253401815281,3465.63916696276,3.998469705042667,0.29,3.0,REV_LONG,STOP,3340.49,2025-05-08 09:40:00,2025-05-08 09:45:00,2025-05-08 09:57:00
455879.0,2271138.0,2271153.0,455883.0,-1.0,4.0,3310.0,3315.4857884555922,3300.0,1.0756235815780326,0.02,3308.025,3315.4857884555922,1.0,1.0,-1.0,1.0,0.0,0.0,14.921576911184275,3465.63916696276,3450.717590051576,5.051576911184651,0.29,4.0,REV_SHORT,STOP,3308.17,2025-05-09 03:55:00,2025-05-09 04:00:00,2025-05-09 04:15:00
457796.0,2280688.0,2280703.0,457800.0,1.0,3.0,3210.0,3205.9192525304757,3220.0,2.077256243554968,0.03,3210.495,3205.9192525304757,1.0,-1.0,-1.0,1.0,1.0,0.0,13.727242408572693,3450.717590051576,3436.990347643003,4.461494939048602,0.29,4.0,REV_LONG,STOP,3210.35,2025-05-20 02:40:00,2025-05-20 02:45:00,2025-05-20 03:00:00
458050.0,2281953.0,2281958.0,458052.0,1.0,1.0,3300.0,3297.0148224385543,3310.0,1.3651653186288104,0.03,3302.505,3310.0,2.0,1.0,1.0,1.0,0.0,0.0,16.470532684337286,3436.990347643003,3459.475347643003,2.985177561445679,0.29,2.0,BREAK_LONG,TARGET,3302.36,2025-05-21 00:50:00,2025-05-21 00:55:00,2025-05-21 01:00:00
458075.0,2282078.0,2282239.0,458108.0,1.0,1.0,3300.0,3295.684453954467,3310.0,1.2685114635470225,0.02,3301.995,3310.0,2.0,1.0,1.0,1.0,0.0,0.0,12.621092091066203,3459.475347643003,3475.485347643003,4.315546045533435,0.29,33.0,BREAK_LONG,TARGET,3301.85,2025-05-21 02:55:00,2025-05-21 03:00:00,2025-05-21 05:41:00
458128.0,2282343.0,2282387.0,458137.0,1.0,3.0,3310.0,3306.4766855251487,3320.0,1.0762569544380016,0.02,3312.99,3306.4766855251487,1.0,1.0,1.0,1.0,0.0,0.0,13.026628949702172,3475.485347643003,3462.458718693301,3.726628949702945,0.29,9.0,REV_LONG,STOP,3312.845,2025-05-21 07:20:00,2025-05-21 07:25:00,2025-05-21 08:09:00
458272.0,2283063.0,2283096.0,458279.0,1.0,1.0,3320.0,3317.2225960315386,3330.0,1.0650670351557783,0.02,3323.41,3317.2225960315386,1.0,1.0,1.0,1.0,0.0,0.0,12.37480793692248,3462.458718693301,3450.0839107563784,2.7774039684615826,0.29,7.0,BREAK_LONG,STOP,3323.265,2025-05-21 19:20:00,2025-05-21 19:25:00,2025-05-21 19:58:00
458351.0,2283453.0,2283506.0,458362.0,1.0,1.0,3340.0,3336.744041953222,3350.0,1.8686601160600913,0.03,3341.365,3336.744041953222,1.0,1.0,1.0,1.0,0.0,1.0,13.862874140332679,3450.0839107563784,3436.2210366160457,3.2559580467779967,0.29,11.0,BREAK_LONG,STOP,3341.22,2025-05-22 02:55:00,2025-05-22 03:00:00,2025-05-22 03:53:00
458658.0,2284983.0,2285001.0,458662.0,-1.0,4.0,3320.0,3323.372062585767,3310.0,1.595477512774823,0.01,3318.22,3323.372062585767,1.0,-1.0,-1.0,-1.0,1.0,1.0,5.152062585766998,3436.2210366160457,3431.0689740302787,2.664125171533235,0.29,4.0,REV_SHORT,STOP,3318.365,2025-05-23 05:30:00,2025-05-23 05:35:00,2025-05-23 05:53:00
458707.0,2285228.0,2285352.0,458732.0,-1.0,4.0,3330.0,3335.4996723715376,3320.0,1.7075212982668413,0.01,3329.775,3335.4996723715376,1.0,-1.0,-1.0,-1.0,1.0,1.0,5.724672371537508,3431.0689740302787,3425.344301658741,2.879344743075497,0.29,25.0,REV_SHORT,STOP,3329.92,2025-05-23 09:35:00,2025-05-23 09:40:00,2025-05-23 11:44:00
458902.0,2286198.0,2286214.0,458906.0,1.0,1.0,3350.0,3346.155037831209,3360.0,1.6246562014613726,0.03,3351.43,3346.155037831209,1.0,1.0,1.0,1.0,0.0,0.0,15.82488650637242,3425.344301658741,3409.5194151523688,3.8449621687908264,0.29,4.0,BREAK_LONG,STOP,3351.285,2025-05-26 02:50:00,2025-05-26 02:55:00,2025-05-26 03:11:00
458984.0,2286608.0,2286633.0,458990.0,-1.0,2.0,3330.0,3333.1189899911683,3320.0,1.9388484331559614,0.01,3328.655,3333.1189899911683,1.0,1.0,1.0,-1.0,0.0,0.0,4.463989991168091,3409.5194151523688,3405.0554251612007,3.118989991168381,0.29,6.0,BREAK_SHORT,STOP,3328.8,2025-05-26 09:40:00,2025-05-26 09:45:00,2025-05-26 10:10:00
459068.0,2287028.0,2287267.0,459116.0,1.0,1.0,3340.0,3338.2922097326727,3350.0,1.3686601361011694,0.03,3343.235,3342.33,3.0,1.0,1.0,1.0,0.0,1.0,14.828370801982146,3405.0554251612007,3402.3404251612,1.7077902673271619,0.29,48.0,BREAK_LONG,TIME,3343.09,2025-05-26 16:40:00,2025-05-26 16:45:00,2025-05-26 20:44:00
459249.0,2287928.0,2287975.0,459259.0,1.0,3.0,3300.0,3294.9786055622644,3310.0,1.6769450275530569,0.01,3300.59,3294.9786055622644,1.0,-1.0,-1.0,-1.0,1.0,0.0,5.611394437735726,3402.3404251612,3396.7290307234643,4.882788875471544,0.29,10.0,REV_LONG,STOP,3300.445,2025-05-27 08:45:00,2025-05-27 08:50:00,2025-05-27 09:37:00
459603.0,2289693.0,2289778.0,459621.0,-1.0,2.0,3300.0,3303.644078723492,3290.0,1.9666982332349794,0.03,3299.045,3290.0,2.0,1.0,1.0,1.0,0.0,1.0,13.797236170475571,3396.7290307234643,3423.8640307234646,3.644078723492033,0.29,18.0,BREAK_SHORT,TARGET,3299.19,2025-05-28 15:15:00,2025-05-28 15:20:00,2025-05-28 16:45:00
459988.0,2291608.0,2291628.0,459993.0,-1.0,4.0,3320.0,3324.2810979214883,3310.0,1.1832875906923352,0.01,3317.7400000000002,3310.0,2.0,-1.0,-1.0,-1.0,0.0,0.0,6.541097921488018,3423.8640307234646,3431.604030723465,2.722195842975965,0.29,5.0,REV_SHORT,TARGET,3317.885,2025-05-30 01:20:00,2025-05-30 01:25:00,2025-05-30 01:45:00
460672.0,2295018.0,2295033.0,460676.0,1.0,3.0,3350.0,3347.818970276314,3360.0,1.1612784745427975,0.01,3353.455,3360.0,2.0,1.0,-1.0,-1.0,1.0,0.0,5.636029723686079,3431.604030723465,3438.149030723465,2.5620594473722633,0.29,4.0,REV_LONG,TARGET,3353.31,2025-06-03 12:20:00,2025-06-03 12:25:00,2025-06-03 12:40:00
460792.0,2295613.0,2295708.0,460812.0,-1.0,4.0,3360.0,3362.3362019431784,3350.0,2.0908488517506187,0.04,3358.345,3350.0,2.0,-1.0,-1.0,1.0,0.0,1.0,15.964807772714268,3438.149030723465,3471.529030723464,1.2524038863568168,0.29,20.0,REV_SHORT,TARGET,3358.49,2025-06-03 23:20:00,2025-06-03 23:25:00,2025-06-04 01:00:00
461083.0,2297063.0,2297087.0,461088.0,-1.0,4.0,3380.0,3382.898207078979,3370.0,1.1272912026536184,0.01,3376.835,3382.898207078979,1.0,-1.0,-1.0,-1.0,0.0,1.0,6.063207078978849,3471.529030723464,3465.465823644485,2.1564141579576583,0.29,5.0,REV_SHORT,STOP,3376.98,2025-06-05 00:35:00,2025-06-05 00:40:00,2025-06-05 01:04:00
461164.0,2297468.0,2297583.0,461188.0,1.0,1.0,3370.0,3367.549829950142,3380.0,1.3076510906611953,0.03,3372.945,3380.0,2.0,1.0,1.0,1.0,0.0,0.0,16.18551014957484,3465.465823644485,3486.6308236444847,2.450170049858297,0.29,24.0,BREAK_LONG,TARGET,3372.8,2025-06-05 07:20:00,2025-06-05 07:25:00,2025-06-05 09:20:00
461399.0,2298638.0,2298658.0,461404.0,-1.0,4.0,3370.0,3373.048469389133,3360.0,2.8170502361709193,0.02,3369.73,3373.048469389133,1.0,-1.0,-1.0,-1.0,0.0,1.0,6.636938778266085,3486.6308236444847,3479.9938848662187,2.1569387782660687,0.29,5.0,REV_SHORT,STOP,3369.775,2025-06-06 03:55:00,2025-06-06 04:00:00,2025-06-06 04:20:00
461526.0,2299273.0,2299336.0,461539.0,-1.0,2.0,3330.0,3336.645277332161,3320.0,1.3559269579400044,0.02,3329.58,3336.645277332161,1.0,1.0,1.0,1.0,0.0,1.0,14.130554664322517,3479.9938848662187,3465.863330201896,6.645277332161378,0.29,13.0,BREAK_SHORT,STOP,3329.725,2025-06-06 14:30:00,2025-06-06 14:35:00,2025-06-06 15:38:00
461633.0,2299803.0,2299816.0,461636.0,1.0,3.0,3310.0,3303.440477192511,3320.0,1.405326159930205,0.01,3310.325,3303.440477192511,1.0,-1.0,-1.0,-1.0,0.0,1.0,6.884522807488793,3465.863330201896,3458.9788073944073,2.8590456149773384,0.29,3.0,REV_LONG,STOP,3310.18,2025-06-09 00:25:00,2025-06-09 00:30:00,2025-06-09 00:43:00
462042.0,2301843.0,2301850.0,462044.0,1.0,1.0,3340.0,3337.77597857936,3350.0,3.7582403643780675,0.06,3340.345,3337.77597857936,1.0,1.0,1.0,1.0,0.0,1.0,15.414128523838372,3458.9788073944073,3443.564678870569,2.2240214206398425,0.29,2.0,BREAK_LONG,STOP,3340.2,2025-06-10 11:30:00,2025-06-10 11:35:00,2025-06-10 11:42:00
462205.0,2302653.0,2302734.0,462222.0,1.0,3.0,3330.0,3325.9528416477174,3340.0,2.1873504942264312,0.01,3330.36,3340.0,2.0,1.0,1.0,-1.0,0.0,1.0,4.4071583522827495,3443.564678870569,3453.204678870569,2.494316704564933,0.29,17.0,REV_LONG,TARGET,3330.215,2025-06-11 02:05:00,2025-06-11 02:10:00,2025-06-11 03:31:00
462585.0,2304548.0,2304595.0,462595.0,1.0,1.0,3380.0,3376.0954258356105,3390.0,1.239215410958359,0.02,3382.305,3376.0954258356105,1.0,1.0,1.0,1.0,0.0,0.0,12.419148328778647,3453.204678870569,3440.78553054179,3.9045741643895626,0.29,10.0,BREAK_LONG,STOP,3382.16,2025-06-12 10:45:00,2025-06-12 10:50:00,2025-06-12 11:37:00
463362.0,2308418.0,2308557.0,463390.0,-1.0,2.0,3390.0,3392.5906423255365,3380.0,1.18563167335055,0.02,3386.83,3380.0,2.0,1.0,1.0,1.0,0.0,1.0,11.521284651073074,3440.78553054179,3454.44553054179,2.59064232553636,0.29,28.0,BREAK_SHORT,TARGET,3386.975,2025-06-17 06:30:00,2025-06-17 06:35:00,2025-06-17 08:54:00
463394.0,2308578.0,2308637.0,463406.0,1.0,3.0,3380.0,3374.2055764500733,3390.0,1.3951181525338596,0.01,3380.8,3390.0,2.0,-1.0,-1.0,-1.0,1.0,1.0,6.594423549926887,3454.44553054179,3463.64553054179,3.128847099852961,0.29,12.0,REV_LONG,TARGET,3380.655,2025-06-17 09:10:00,2025-06-17 09:15:00,2025-06-17 10:14:00
463753.0,2310368.0,2310454.0,463771.0,1.0,1.0,3390.0,3387.022359886636,3400.0,2.030289674088557,0.02,3391.305,3387.022359886636,1.0,1.0,1.0,-1.0,0.0,0.0,8.565280226727737,3463.64553054179,3455.080250315062,2.9776401133642425,0.29,18.0,BREAK_LONG,STOP,3391.16,2025-06-18 16:05:00,2025-06-18 16:10:00,2025-06-18 17:36:00
463916.0,2311178.0,2311231.0,463927.0,1.0,3.0,3350.0,3345.578045952093,3360.0,1.21468916116536,0.01,3352.09,3360.0,2.0,-1.0,-1.0,-1.0,1.0,0.0,6.511954047907238,3455.080250315062,3462.990250315062,3.903908095814197,0.29,11.0,REV_LONG,TARGET,3351.945,2025-06-19 06:40:00,2025-06-19 06:45:00,2025-06-19 07:38:00
464140.0,2312293.0,2312337.0,464149.0,-1.0,2.0,3360.0,3362.6487144142975,3350.0,1.6777051500009077,0.01,3357.925,3350.0,2.0,1.0,1.0,-1.0,0.0,0.0,4.723714414297319,3462.990250315062,3470.915250315062,2.648714414297613,0.29,9.0,BREAK_SHORT,TARGET,3358.07,2025-06-20 02:20:00,2025-06-20 02:25:00,2025-06-20 03:09:00
464257.0,2312878.0,2312940.0,464270.0,-1.0,2.0,3350.0,3352.5250040975006,3340.0,1.0702472090349007,0.01,3346.475,3352.5250040975006,1.0,1.0,1.0,-1.0,0.0,1.0,6.050004097500732,3470.915250315062,3464.8652462175614,2.5250040975007013,0.29,13.0,BREAK_SHORT,STOP,3346.62,2025-06-20 12:05:00,2025-06-20 12:10:00,2025-06-20 13:12:00
464375.0,2313463.0,2313527.0,464388.0,-1.0,4.0,3380.0,3386.6311258614783,3370.0,1.2141987989806908,0.02,3379.12,3370.0,2.0,-1.0,1.0,1.0,0.0,1.0,15.022251722956753,3464.8652462175614,3483.105246217561,3.852251722956745,0.29,13.0,REV_SHORT,TARGET,3379.265,2025-06-22 22:55:00,2025-06-22 23:00:00,2025-06-23 00:04:00
464956.0,2316358.0,2316383.0,464962.0,-1.0,4.0,3330.0,3334.0992410518047,3320.0,2.294799447172772,0.02,3329.82,3334.0992410518047,1.0,1.0,-1.0,-1.0,0.0,1.0,8.558482103609094,3483.105246217561,3474.546764113952,1.8484821036091996,0.29,6.0,REV_SHORT,STOP,3329.965,2025-06-25 01:20:00,2025-06-25 01:25:00,2025-06-25 01:50:00
465094.0,2317048.0,2317058.0,465097.0,1.0,3.0,3320.0,3317.0128866379446,3330.0,1.9602867056917026,0.03,3321.4,3317.0128866379446,1.0,-1.0,-1.0,1.0,0.0,0.0,13.161340086166545,3474.546764113952,3461.3854240277856,2.5042267241103824,0.29,3.0,REV_LONG,STOP,3321.255,2025-06-25 12:50:00,2025-06-25 12:55:00,2025-06-25 13:05:00
465111.0,2317133.0,2317163.0,465118.0,-1.0,4.0,3320.0,3324.6177087072865,3310.0,1.878800173454209,0.01,3319.54,3324.6177087072865,1.0,1.0,1.0,-1.0,0.0,0.0,5.077708707286547,3461.3854240277856,3456.307715320499,3.1054174145726954,0.29,7.0,REV_SHORT,STOP,3319.685,2025-06-25 14:15:00,2025-06-25 14:20:00,2025-06-25 14:50:00
465329.0,2318218.0,2318270.0,465340.0,1.0,3.0,3340.0,3338.306939372903,3350.0,3.7473702021205217,0.07,3340.77,3338.306939372903,1.0,1.0,1.0,1.0,0.0,0.0,17.24142438967965,3456.307715320499,3439.0662909308194,2.076121254194096,0.29,11.0,REV_LONG,STOP,3340.625,2025-06-26 09:25:00,2025-06-26 09:30:00,2025-06-26 10:22:00
465449.0,2318818.0,2318905.0,465467.0,1.0,3.0,3330.0,3327.588765078214,3340.0,2.480206771002358,0.04,3331.155,3328.155,4.0,-1.0,-1.0,1.0,0.0,1.0,14.26493968714567,3439.0662909308194,3427.0662909308194,1.652469843572296,0.29,18.0,REV_LONG,SESSION,3331.01,2025-06-26 19:25:00,2025-06-26 19:30:00,2025-06-26 20:57:00
465489.0,2319013.0,2319020.0,465491.0,1.0,3.0,3320.0,3317.37007835184,3330.0,3.0032441552157705,0.05,3320.525,3317.37007835184,1.0,-1.0,-1.0,1.0,0.0,1.0,15.774608240799354,3427.0662909308194,3411.29168269002,1.7498432963193358,0.29,2.0,REV_LONG,STOP,3320.38,2025-06-26 23:45:00,2025-06-26 23:50:00,2025-06-26 23:57:00
465561.0,2319373.0,2319421.0,465571.0,-1.0,4.0,3300.0,3302.465861734783,3290.0,1.2620530753115402,0.01,3296.955,3290.0,2.0,1.0,1.0,-1.0,1.0,1.0,5.510861734783248,3411.29168269002,3418.24668269002,2.961723469565852,0.29,10.0,REV_SHORT,TARGET,3297.1,2025-06-27 05:45:00,2025-06-27 05:50:00,2025-06-27 06:38:00
465906.0,2321093.0,2321122.0,465912.0,-1.0,2.0,3280.0,3282.3487868233906,3270.0,1.62249859391562,0.01,3277.64,3282.3487868233906,1.0,1.0,1.0,-1.0,0.0,0.0,4.70878682339071,3418.24668269002,3413.5378958666292,2.348786823390656,0.29,6.0,BREAK_SHORT,STOP,3277.785,2025-06-30 11:30:00,2025-06-30 11:35:00,2025-06-30 12:04:00
465929.0,2321208.0,2321301.0,465948.0,1.0,3.0,3280.0,3277.3707066717916,3290.0,1.1572703348080302,0.02,3283.225,3290.0,2.0,-1.0,1.0,1.0,0.0,0.0,11.708586656416628,3413.5378958666292,3427.0878958666294,2.9085866564164644,0.29,19.0,REV_LONG,TARGET,3283.08,2025-06-30 13:25:00,2025-06-30 13:30:00,2025-06-30 15:03:00
466142.0,2322268.0,2322338.0,466157.0,-1.0,4.0,3340.0,3343.4639264012026,3330.0,1.3666902068475753,0.01,3337.775,3343.4639264012026,1.0,-1.0,-1.0,-1.0,1.0,1.0,5.68892640120248,3427.0878958666294,3421.398969465427,2.5378528024049274,0.29,15.0,REV_SHORT,STOP,3337.92,2025-07-01 08:10:00,2025-07-01 08:15:00,2025-07-01 09:25:00
466436.0,2323733.0,2323748.0,466440.0,-1.0,4.0,3340.0,3342.9698907173324,3330.0,2.663924045402613,0.04,3339.43,3342.9698907173324,1.0,-1.0,-1.0,1.0,0.0,1.0,14.15956286933033,3421.398969465427,3407.2394065960966,2.179781434664984,0.29,4.0,REV_SHORT,STOP,3339.575,2025-07-02 09:40:00,2025-07-02 09:45:00,2025-07-02 10:00:00
466589.0,2324493.0,2324524.0,466596.0,1.0,3.0,3350.0,3347.840429226389,3360.0,3.289739697739108,0.06,3350.675,3347.840429226389,1.0,1.0,-1.0,1.0,1.0,0.0,17.007424641667058,3407.2394065960966,3390.2319819544296,2.179141547222004,0.29,7.0,REV_LONG,STOP,3350.53,2025-07-02 23:25:00,2025-07-02 23:30:00,2025-07-03 00:01:00
466633.0,2324713.0,2324834.0,466658.0,-1.0,4.0,3350.0,3352.484696484735,3340.0,3.4276738834560847,0.03,3349.665,3352.484696484735,1.0,-1.0,1.0,-1.0,0.0,1.0,8.459089454205696,3390.2319819544296,3381.772892500224,1.7793929694705373,0.29,25.0,REV_SHORT,STOP,3349.81,2025-07-03 03:05:00,2025-07-03 03:10:00,2025-07-03 05:11:00
466670.0,2324898.0,2325096.0,466710.0,-1.0,4.0,3360.0,3364.85745165466,3350.0,1.3743613973581632,0.01,3358.6,3350.0,2.0,-1.0,-1.0,-1.0,1.0,1.0,6.257451654660144,3381.772892500224,3390.3728925002238,2.2149033093202317,0.29,40.0,REV_SHORT,TARGET,3358.745,2025-07-03 06:10:00,2025-07-03 06:15:00,2025-07-03 09:33:00
466983.0,2326458.0,2326463.0,466985.0,1.0,3.0,3340.0,3338.6191488414033,3350.0,2.3913456290940194,0.02,3341.975,3338.6191488414033,1.0,1.0,1.0,-1.0,0.0,0.0,6.711702317193158,3390.3728925002238,3383.6611901830306,1.7117023171932157,0.29,2.0,REV_LONG,STOP,3341.83,2025-07-04 09:15:00,2025-07-04 09:20:00,2025-07-04 09:25:00
467184.0,2327458.0,2327462.0,467185.0,-1.0,2.0,3310.0,3312.741794287235,3300.0,1.958533293545226,0.03,3308.435,3312.741794287235,1.0,1.0,1.0,1.0,0.0,0.0,12.920382861704638,3383.6611901830306,3370.740807321326,2.7417942872346197,0.29,1.0,BREAK_SHORT,STOP,3308.58,2025-07-07 03:00:00,2025-07-07 03:05:00,2025-07-07 03:09:00
467234.0,2327708.0,2327739.0,467241.0,1.0,3.0,3310.0,3304.643972612499,3320.0,1.2595593737222335,0.01,3311.44,3304.643972612499,1.0,-1.0,-1.0,-1.0,0.0,1.0,6.796027387501,3370.740807321326,3363.944779933825,2.672054775001902,0.29,7.0,REV_LONG,STOP,3311.295,2025-07-07 07:10:00,2025-07-07 07:15:00,2025-07-07 07:46:00
467357.0,2328323.0,2328451.0,467383.0,1.0,1.0,3330.0,3327.968508476035,3340.0,1.548239568555004,0.01,3332.69,3340.0,2.0,1.0,1.0,-1.0,0.0,0.0,4.721491523965142,3363.944779933825,3371.254779933825,2.0314915239652476,0.29,26.0,BREAK_LONG,TARGET,3332.545,2025-07-07 17:25:00,2025-07-07 17:30:00,2025-07-07 19:38:00
467525.0,2329158.0,2329397.0,467573.0,-1.0,2.0,3330.0,3332.3650061873273,3320.0,2.1909642435581733,0.02,3328.4900000000002,3327.565,3.0,1.0,1.0,-1.0,0.0,0.0,7.750012374654035,3371.254779933825,3373.1047799338253,2.365006187327433,0.29,48.0,BREAK_SHORT,TIME,3328.635,2025-07-08 08:25:00,2025-07-08 08:30:00,2025-07-08 12:29:00
467777.0,2330413.0,2330442.0,467783.0,-1.0,2.0,3290.0,3292.333119669293,3280.0,1.497533574567814,0.03,3287.395,3292.333119669293,1.0,1.0,1.0,1.0,0.0,0.0,14.814359007878918,3373.1047799338253,3358.2904209259464,2.3331196692930773,0.29,6.0,BREAK_SHORT,STOP,3287.54,2025-07-09 06:25:00,2025-07-09 06:30:00,2025-07-09 06:59:00
467959.0,2331318.0,2331440.0,467984.0,-1.0,4.0,3320.0,3321.943785882753,3310.0,3.9790962872621845,0.06,3319.545,3321.943785882753,1.0,-1.0,0.0,1.0,0.0,1.0,14.39271529651887,3358.2904209259464,3343.8977056294275,1.417571765506509,0.29,25.0,REV_SHORT,STOP,3319.69,2025-07-09 22:35:00,2025-07-09 22:40:00,2025-07-10 00:42:00
468037.0,2331708.0,2331934.0,468083.0,1.0,1.0,3320.0,3318.4723610808946,3330.0,1.125835610866604,0.03,3323.895,3330.0,2.0,1.0,1.0,1.0,0.0,0.0,16.267916757316016,3343.8977056294275,3362.2127056294275,1.5276389191055644,0.29,46.0,BREAK_LONG,TARGET,3323.75,2025-07-10 05:05:00,2025-07-10 05:10:00,2025-07-10 08:56:00
468349.0,2333263.0,2333283.0,468354.0,1.0,1.0,3340.0,3337.8920966102296,3350.0,2.0361576513685598,0.02,3341.88,3337.8920966102296,1.0,1.0,1.0,-1.0,0.0,0.0,7.975806779541017,3362.2127056294275,3354.2368988498865,2.1079033897706236,0.29,5.0,BREAK_LONG,STOP,3341.735,2025-07-11 08:05:00,2025-07-11 08:10:00,2025-07-11 08:30:00
468375.0,2333393.0,2333478.0,468393.0,1.0,1.0,3340.0,3338.0064791219156,3350.0,1.1214250617835329,0.01,3343.66,3350.0,2.0,1.0,1.0,-1.0,0.0,0.0,5.653520878084237,3354.2368988498865,3360.5768988498867,1.9935208780841707,0.29,18.0,BREAK_LONG,TARGET,3343.515,2025-07-11 10:15:00,2025-07-11 10:20:00,2025-07-11 11:45:00
468614.0,2334583.0,2334596.0,468617.0,-1.0,4.0,3370.0,3373.6920487691023,3360.0,1.2850362700157354,0.02,3367.7,3373.6920487691023,1.0,-1.0,-1.0,1.0,0.0,1.0,11.984097538204878,3360.5768988498867,3348.592801311682,2.504097538204499,0.29,3.0,REV_SHORT,STOP,3367.845,2025-07-14 07:10:00,2025-07-14 07:15:00,2025-07-14 07:28:00
468760.0,2335313.0,2335405.0,468779.0,-1.0,4.0,3350.0,3351.160262529874,3340.0,3.402014544201005,0.06,3348.625,3342.895,4.0,-1.0,1.0,1.0,1.0,1.0,15.211575179245301,3348.592801311682,3382.972801311682,1.2705250597483795,0.29,19.0,REV_SHORT,SESSION,3348.77,2025-07-14 19:20:00,2025-07-14 19:25:00,2025-07-14 20:57:00
469408.0,2338538.0,2338610.0,469423.0,1.0,3.0,3340.0,3337.687759874578,3350.0,3.3937134486536658,0.03,3340.49,3337.687759874578,1.0,-1.0,-1.0,-1.0,0.0,1.0,8.406720376264728,3382.972801311682,3374.566080935417,1.5044802508432682,0.29,15.0,REV_LONG,STOP,3340.345,2025-07-17 04:20:00,2025-07-17 04:25:00,2025-07-17 05:37:00
469447.0,2338733.0,2338789.0,469459.0,-1.0,2.0,3330.0,3332.2594989663567,3320.0,3.1777145287519595,0.05,3329.325,3332.2594989663567,1.0,1.0,1.0,1.0,0.0,1.0,14.672494831784208,3374.566080935417,3359.893586103633,2.2594989663565395,0.29,12.0,BREAK_SHORT,STOP,3329.47,2025-07-17 07:35:00,2025-07-17 07:40:00,2025-07-17 08:36:00
469485.0,2338923.0,2339023.0,469506.0,-1.0,4.0,3330.0,3332.0280376213004,3320.0,4.44738799070701,0.07,3329.82,3320.0,2.0,1.0,1.0,1.0,0.0,1.0,15.456263349101848,3359.893586103633,3428.633586103634,1.6760752426010843,0.29,21.0,REV_SHORT,TARGET,3329.965,2025-07-17 10:45:00,2025-07-17 10:50:00,2025-07-17 12:30:00
469913.0,2341053.0,2341292.0,469961.0,1.0,1.0,3350.0,3348.7412853628052,3360.0,2.4870578240316092,0.05,3351.97,3354.695,3.0,1.0,1.0,1.0,0.0,0.0,16.143573185972855,3428.633586103634,3442.258586103636,1.2587146371946065,0.29,48.0,BREAK_LONG,TIME,3351.825,2025-07-21 00:25:00,2025-07-21 00:30:00,2025-07-21 04:29:00
470344.0,2343203.0,2343228.0,470350.0,1.0,1.0,3410.0,3407.011862023643,3420.0,1.004918392254032,0.02,3413.49,3420.0,2.0,1.0,1.0,1.0,0.0,1.0,12.956275952713442,3442.258586103636,3455.2785861036364,2.9881379763569544,0.29,6.0,BREAK_LONG,TARGET,3413.345,2025-07-22 13:20:00,2025-07-22 13:25:00,2025-07-22 13:50:00
470574.0,2344348.0,2344377.0,470580.0,1.0,1.0,3430.0,3427.965485089144,3440.0,1.96087360356627,0.04,3432.03,3427.965485089144,1.0,1.0,1.0,1.0,0.0,0.0,16.25805964342544,3455.2785861036364,3439.020526460211,2.0345149108560907,0.29,6.0,BREAK_LONG,STOP,3431.885,2025-07-23 09:30:00,2025-07-23 09:35:00,2025-07-23 10:04:00
470697.0,2344963.0,2345030.0,470711.0,1.0,3.0,3390.0,3387.60642012017,3400.0,3.0127114602944283,0.05,3390.695,3387.60642012017,1.0,-1.0,-1.0,1.0,1.0,0.0,15.442899399151885,3439.020526460211,3423.577627061059,1.9771597596604562,0.29,14.0,REV_LONG,STOP,3390.55,2025-07-23 19:45:00,2025-07-23 19:50:00,2025-07-23 20:57:00
471030.0,2346618.0,2346639.0,471035.0,-1.0,2.0,3370.0,3371.469370770918,3360.0,2.0108307803689094,0.04,3367.66,3371.469370770918,1.0,1.0,1.0,1.0,0.0,0.0,15.237483083672487,3423.577627061059,3408.3401439773866,1.469370770918081,0.29,5.0,BREAK_SHORT,STOP,3367.805,2025-07-25 01:30:00,2025-07-25 01:35:00,2025-07-25 01:56:00
471116.0,2347048.0,2347211.0,471149.0,-1.0,2.0,3350.0,3352.2107529887185,3340.0,1.7130466878155368,0.03,3347.71,3340.0,2.0,1.0,1.0,1.0,0.0,0.0,13.502258966155296,3408.3401439773866,3431.4701439773867,2.2107529887185686,0.29,33.0,BREAK_SHORT,TARGET,3347.855,2025-07-25 08:40:00,2025-07-25 08:45:00,2025-07-25 11:28:00
471203.0,2347483.0,2347553.0,471218.0,-1.0,2.0,3330.0,3333.174096461243,3320.0,1.4198866708241362,0.03,3327.73,3333.174096461243,1.0,1.0,1.0,1.0,0.0,0.0,16.332289383729403,3431.4701439773867,3415.1378545936573,3.1740964612432903,0.29,15.0,BREAK_SHORT,STOP,3327.875,2025-07-25 15:55:00,2025-07-25 16:00:00,2025-07-25 17:10:00
471699.0,2349953.0,2349972.0,471703.0,1.0,3.0,3320.0,3317.158924508064,3330.0,3.1677250445649636,0.02,3320.24,3317.158924508064,1.0,-1.0,1.0,-1.0,0.0,1.0,6.16215098387147,3415.1378545936573,3408.975703609786,2.0221509838721357,0.29,4.0,REV_LONG,STOP,3320.095,2025-07-29 11:15:00,2025-07-29 11:20:00,2025-07-29 11:39:00
471852.0,2350713.0,2350952.0,471900.0,-1.0,4.0,3330.0,3334.5946478169276,3320.0,1.2080825213637427,0.02,3327.985,3325.895,3.0,1.0,1.0,1.0,0.0,1.0,13.219295633854927,3408.975703609786,3413.155703609786,1.6592956338557014,0.29,48.0,REV_SHORT,TIME,3328.13,2025-07-30 01:00:00,2025-07-30 01:05:00,2025-07-30 05:04:00
471935.0,2351128.0,2351138.0,471938.0,-1.0,4.0,3330.0,3332.1231527392238,3320.0,1.698139467504146,0.03,3327.63,3332.1231527392238,1.0,1.0,1.0,1.0,0.0,0.0,13.479458217670981,3413.155703609786,3399.676245392115,2.096305478447759,0.29,3.0,REV_SHORT,STOP,3327.775,2025-07-30 07:55:00,2025-07-30 08:00:00,2025-07-30 08:10:00
471985.0,2351378.0,2351416.0,471993.0,-1.0,4.0,3330.0,3333.0280062628412,3320.0,2.518224204364268,0.04,3329.325,3320.0,2.0,-1.0,-1.0,1.0,0.0,1.0,14.81202505136571,3399.676245392115,3436.9762453921144,2.126012525681847,0.29,8.0,REV_SHORT,TARGET,3329.47,2025-07-30 12:05:00,2025-07-30 12:10:00,2025-07-30 12:48:00
471999.0,2351448.0,2351456.0,472001.0,1.0,3.0,3310.0,3305.6190099863497,3320.0,1.2769177884337723,0.01,3311.935,3305.6190099863497,1.0,-1.0,-1.0,-1.0,1.0,0.0,6.315990013650207,3436.9762453921144,3430.660255378464,3.521980027300347,0.29,2.0,REV_LONG,STOP,3311.79,2025-07-30 13:15:00,2025-07-30 13:20:00,2025-07-30 13:28:00
472218.0,2352538.0,2352592.0,472229.0,1.0,1.0,3310.0,3306.9501620346423,3320.0,1.1624172911134454,0.01,3312.985,3306.9501620346423,1.0,1.0,1.0,-1.0,0.0,0.0,6.034837965357838,3430.660255378464,3424.6254174131063,3.049837965357551,0.29,11.0,BREAK_LONG,STOP,3312.84,2025-07-31 08:30:00,2025-07-31 08:35:00,2025-07-31 09:29:00
472249.0,2352693.0,2352782.0,472267.0,1.0,3.0,3300.0,3292.583418460553,3310.0,1.049833978357899,0.01,3301.08,3310.0,2.0,-1.0,1.0,-1.0,0.0,1.0,8.496581539447106,3424.6254174131063,3433.5454174131064,2.5231630788943087,0.29,18.0,REV_LONG,TARGET,3300.935,2025-07-31 11:05:00,2025-07-31 11:10:00,2025-07-31 12:39:00
472270.0,2352798.0,2352863.0,472284.0,-1.0,4.0,3310.0,3312.516166363516,3300.0,1.9934628941651091,0.04,3308.335,3300.0,2.0,1.0,-1.0,1.0,1.0,0.0,16.724665454063143,3433.5454174131064,3466.8854174131066,2.572332727032039,0.29,14.0,REV_SHORT,TARGET,3308.48,2025-07-31 12:50:00,2025-07-31 12:55:00,2025-07-31 14:00:00
472384.0,2353363.0,2353398.0,472392.0,1.0,3.0,3290.0,3287.681792266381,3300.0,3.1085237675477524,0.02,3290.68,3287.681792266381,1.0,-1.0,-1.0,-1.0,0.0,1.0,5.996415467237966,3466.8854174131066,3460.8890019458686,1.526415467238434,0.29,8.0,REV_LONG,STOP,3290.535,2025-07-31 23:20:00,2025-07-31 23:25:00,2025-08-01 00:00:00
472485.0,2353868.0,2353928.0,472498.0,-1.0,2.0,3290.0,3292.0852420711867,3280.0,2.138826558887548,0.04,3288.235,3292.0852420711867,1.0,1.0,1.0,1.0,0.0,0.0,15.400968284746341,3460.8890019458686,3445.4880336611222,2.0852420711867725,0.29,13.0,BREAK_SHORT,STOP,3288.38,2025-08-01 07:45:00,2025-08-01 07:50:00,2025-08-01 08:50:00
472719.0,2355033.0,2355094.0,472732.0,1.0,1.0,3360.0,3358.5466773466073,3370.0,3.6120960712633843,0.06,3361.03,3358.5466773466073,1.0,1.0,1.0,1.0,0.0,0.0,14.899935920357166,3445.4880336611222,3430.588097740765,1.453322653392717,0.29,13.0,BREAK_LONG,STOP,3360.885,2025-08-04 04:15:00,2025-08-04 04:20:00,2025-08-04 05:21:00
472753.0,2355203.0,2355439.0,472801.0,-1.0,4.0,3360.0,3363.5927178644656,3350.0,2.349843019767265,0.02,3359.535,3363.5927178644656,1.0,-1.0,-1.0,-1.0,0.0,1.0,8.115435728931516,3430.588097740765,3422.4726620118336,1.9054357289310417,0.29,48.0,REV_SHORT,STOP,3359.68,2025-08-04 07:05:00,2025-08-04 07:10:00,2025-08-04 11:06:00
473341.0,2358133.0,2358306.0,473376.0,1.0,3.0,3360.0,3357.31748198641,3370.0,3.1412060132576736,0.05,3360.38,3370.0,2.0,-1.0,-1.0,1.0,1.0,1.0,15.312590067951534,3422.4726620118336,3470.572662011833,1.9650360271807066,0.29,35.0,REV_LONG,TARGET,3360.235,2025-08-06 10:05:00,2025-08-06 10:10:00,2025-08-06 13:03:00
473440.0,2358628.0,2358756.0,473466.0,1.0,3.0,3370.0,3368.193928345982,3380.0,4.686736115860149,0.08,3370.27,3368.193928345982,1.0,1.0,-1.0,1.0,0.0,0.0,16.60857323214441,3470.572662011833,3453.9640887796886,1.8321433080367506,0.29,26.0,REV_LONG,STOP,3370.125,2025-08-06 18:20:00,2025-08-06 18:25:00,2025-08-06 20:33:00
473691.0,2359878.0,2359898.0,473696.0,1.0,1.0,3390.0,3387.2509953094404,3400.0,2.028983246123325,0.04,3391.46,3387.2509953094404,1.0,1.0,1.0,1.0,0.0,0.0,16.836018762238382,3453.9640887796886,3437.12807001745,2.7490046905594863,0.29,5.0,BREAK_LONG,STOP,3391.315,2025-08-07 16:15:00,2025-08-07 16:20:00,2025-08-07 16:40:00
473869.0,2360763.0,2360799.0,473877.0,1.0,1.0,3400.0,3396.6449881549765,3410.0,1.5806727105109568,0.03,3401.82,3396.6449881549765,1.0,1.0,1.0,1.0,0.0,1.0,15.525035535070856,3437.12807001745,3421.6030344823794,3.355011845023246,0.29,8.0,BREAK_LONG,STOP,3401.675,2025-08-08 08:05:00,2025-08-08 08:10:00,2025-08-08 08:46:00
473885.0,2360843.0,2360901.0,473897.0,-1.0,4.0,3400.0,3402.868398361291,3390.0,2.5126942505799374,0.02,3399.205,3390.0,2.0,-1.0,-1.0,-1.0,0.0,0.0,7.326796722582003,3421.6030344823794,3440.013034482379,2.7067967225822276,0.29,12.0,REV_SHORT,TARGET,3399.35,2025-08-08 09:25:00,2025-08-08 09:30:00,2025-08-08 10:28:00
473924.0,2361038.0,2361041.0,473925.0,-1.0,4.0,3400.0,3404.0352004970146,3390.0,1.5966105243953164,0.01,3398.63,3390.0,2.0,-1.0,-1.0,-1.0,0.0,1.0,5.405200497014448,3440.013034482379,3448.6430344823793,3.4604009940298766,0.29,1.0,REV_SHORT,TARGET,3398.775,2025-08-08 12:40:00,2025-08-08 12:45:00,2025-08-08 12:48:00
474883.0,2365813.0,2365837.0,474888.0,1.0,1.0,3370.0,3368.2288421994103,3380.0,2.1296633708760755,0.04,3371.99,3368.2288421994103,1.0,1.0,1.0,1.0,0.0,1.0,15.044631202357778,3448.6430344823793,3433.5984032800216,1.7711578005896187,0.29,5.0,BREAK_LONG,STOP,3371.845,2025-08-14 00:35:00,2025-08-14 00:40:00,2025-08-14 01:04:00
474914.0,2365968.0,2365970.0,474915.0,1.0,3.0,3360.0,3357.714056049853,3370.0,3.9125227094447443,0.06,3360.215,3357.714056049853,1.0,1.0,-1.0,1.0,0.0,1.0,15.005663700883815,3433.5984032800216,3418.5927395791377,2.071887900293988,0.29,1.0,REV_LONG,STOP,3360.07,2025-08-14 03:10:00,2025-08-14 03:15:00,2025-08-14 03:17:00
475254.0,2367663.0,2367777.0,475277.0,1.0,3.0,3340.0,3337.82873921035,3350.0,2.8746419366875426,0.05,3340.97,3337.82873921035,1.0,-1.0,1.0,1.0,0.0,0.0,15.706303948250024,3418.5927395791377,3402.8864356308877,2.1225215792999297,0.29,23.0,REV_LONG,STOP,3340.825,2025-08-15 08:30:00,2025-08-15 08:35:00,2025-08-15 10:29:00
475422.0,2368498.0,2368532.0,475429.0,-1.0,2.0,3330.0,3331.8615301609643,3320.0,2.3445451251256886,0.02,3328.315,3331.8615301609643,1.0,1.0,1.0,-1.0,0.0,0.0,7.093060321928533,3402.8864356308877,3395.793375308959,1.8615301609643373,0.29,7.0,BREAK_SHORT,STOP,3328.46,2025-08-17 23:30:00,2025-08-17 23:35:00,2025-08-18 00:09:00
475551.0,2369143.0,2369340.0,475591.0,-1.0,4.0,3350.0,3352.459198605981,3340.0,2.805266602710593,0.05,3349.185,3340.0,2.0,-1.0,-1.0,1.0,0.0,0.0,16.37099302990464,3395.793375308959,3441.718375308959,1.8683972119618195,0.29,40.0,REV_SHORT,TARGET,3349.33,2025-08-18 10:15:00,2025-08-18 10:20:00,2025-08-18 13:37:00
475596.0,2369368.0,2369607.0,475644.0,-1.0,2.0,3340.0,3342.450579230309,3330.0,1.1975827579468346,0.03,3336.785,3333.425,3.0,1.0,1.0,1.0,0.0,0.0,16.996737690927148,3441.718375308959,3451.798375308958,2.450579230308785,0.29,48.0,BREAK_SHORT,TIME,3336.93,2025-08-18 14:00:00,2025-08-18 14:05:00,2025-08-18 18:04:00
475771.0,2370238.0,2370327.0,475789.0,-1.0,4.0,3340.0,3341.5762124247954,3330.0,2.6852688896228503,0.05,3338.435,3341.5762124247954,1.0,1.0,-1.0,1.0,0.0,0.0,15.706062123977063,3451.798375308958,3436.092313184981,1.5524248495900472,0.29,18.0,REV_SHORT,STOP,3338.58,2025-08-19 05:35:00,2025-08-19 05:40:00,2025-08-19 07:09:00
475827.0,2370518.0,2370623.0,475849.0,1.0,1.0,3340.0,3338.5420257112182,3350.0,1.0003536522889425,0.01,3344.27,3338.5420257112182,1.0,1.0,1.0,-1.0,0.0,0.0,5.727974288781752,3436.092313184981,3430.364338896199,1.4579742887818004,0.29,22.0,BREAK_LONG,STOP,3344.125,2025-08-19 10:15:00,2025-08-19 10:20:00,2025-08-19 12:05:00
476403.0,2373388.0,2373402.0,476406.0,-1.0,4.0,3340.0,3343.972163249337,3330.0,2.2214981189544942,0.03,3339.635,3343.972163249337,1.0,-1.0,1.0,1.0,0.0,1.0,13.011489748010263,3430.364338896199,3417.352849148189,2.2443264986736837,0.29,3.0,REV_SHORT,STOP,3339.78,2025-08-21 12:15:00,2025-08-21 12:20:00,2025-08-21 12:34:00
476490.0,2373823.0,2373840.0,476494.0,1.0,1.0,3340.0,3339.0190396168196,3350.0,2.6169643200934707,0.02,3342.055,3339.0190396168196,1.0,1.0,1.0,-1.0,0.0,0.0,6.071920766360563,3417.352849148189,3411.2809283818283,0.9809603831805207,0.29,4.0,BREAK_LONG,STOP,3341.91,2025-08-21 19:30:00,2025-08-21 19:35:00,2025-08-21 19:52:00
476669.0,2374713.0,2374833.0,476694.0,-1.0,2.0,3330.0,3331.248716827476,3320.0,4.728278471765652,0.08,3329.285,3331.248716827476,1.0,1.0,1.0,1.0,0.0,0.0,15.709734619809751,3411.2809283818283,3395.5711937620185,1.2487168274758769,0.29,25.0,BREAK_SHORT,STOP,3329.43,2025-08-22 11:25:00,2025-08-22 11:30:00,2025-08-22 13:30:00
476765.0,2375193.0,2375280.0,476783.0,1.0,3.0,3370.0,3368.1945928284053,3380.0,4.96110100029964,0.08,3370.175,3371.835,4.0,1.0,1.0,1.0,1.0,1.0,15.843257372758671,3395.5711937620185,3408.8511937620174,1.3608143431894457,0.29,18.0,REV_LONG,SESSION,3370.03,2025-08-22 19:25:00,2025-08-22 19:30:00,2025-08-22 20:57:00
477265.0,2377683.0,2377696.0,477268.0,-1.0,4.0,3380.0,3382.5029237295535,3370.0,3.1223996527579616,0.02,3379.47,3382.5029237295535,1.0,-1.0,-1.0,-1.0,0.0,0.0,6.065847459107317,3408.8511937620174,3402.78534630291,2.505847459106597,0.29,3.0,REV_SHORT,STOP,3379.615,2025-08-26 15:05:00,2025-08-26 15:10:00,2025-08-26 15:23:00
477687.0,2379783.0,2379863.0,477704.0,1.0,3.0,3390.0,3389.0952799505935,3400.0,4.68036993351115,0.08,3391.015,3389.0952799505935,1.0,1.0,-1.0,1.0,1.0,0.0,15.357760395250807,3402.78534630291,3387.4275859076592,0.8394400988123126,0.29,17.0,REV_LONG,STOP,3390.87,2025-08-28 04:15:00,2025-08-28 04:20:00,2025-08-28 05:40:00
477865.0,2380673.0,2380715.0,477874.0,-1.0,4.0,3420.0,3421.085094248179,3410.0,4.015665851043704,0.03,3418.875,3421.085094248179,1.0,-1.0,-1.0,-1.0,1.0,0.0,6.630282744536544,3387.4275859076592,3380.7973031631227,1.2501884963579024,0.29,9.0,REV_SHORT,STOP,3419.02,2025-08-28 19:05:00,2025-08-28 19:10:00,2025-08-28 19:52:00
478008.0,2381383.0,2381468.0,478026.0,1.0,1.0,3410.0,3408.43566820407,3420.0,1.4426534291220787,0.03,3413.17,3408.43566820407,1.0,1.0,1.0,1.0,0.0,0.0,14.20299538778954,3380.7973031631227,3366.594307775333,1.5643317959297303,0.29,18.0,BREAK_LONG,STOP,3413.025,2025-08-29 08:00:00,2025-08-29 08:05:00,2025-08-29 09:30:00
478602.0,2384343.0,2384368.0,478608.0,1.0,3.0,3480.0,3477.4056672388383,3490.0,3.4592241163471384,0.02,3480.23,3490.0,2.0,1.0,-1.0,-1.0,0.0,0.0,5.648665522323427,3366.594307775333,3386.134307775333,2.328665522323608,0.29,6.0,REV_LONG,TARGET,3480.085,2025-09-02 11:30:00,2025-09-02 11:35:00,2025-09-02 12:00:00
478726.0,2384958.0,2384975.0,478730.0,1.0,3.0,3530.0,3528.333938555495,3540.0,5.251702739402958,0.04,3530.2,3528.333938555495,1.0,1.0,0.0,-1.0,0.0,1.0,7.464245778019177,3386.134307775333,3378.670061997314,1.7221228890099491,0.29,4.0,REV_LONG,STOP,3530.055,2025-09-02 22:50:00,2025-09-02 22:55:00,2025-09-02 23:12:00
478740.0,2385028.0,2385042.0,478743.0,-1.0,4.0,3530.0,3533.8993595708753,3520.0,1.4603425213951735,0.02,3528.25,3533.8993595708753,1.0,-1.0,1.0,1.0,0.0,0.0,11.298719141750553,3378.670061997314,3367.3713428555634,1.8787191417505147,0.29,3.0,REV_SHORT,STOP,3528.395,2025-09-03 00:00:00,2025-09-03 00:05:00,2025-09-03 00:19:00
478965.0,2386153.0,2386183.0,478972.0,1.0,3.0,3570.0,3564.2741218880055,3580.0,1.4820360862408977,0.02,3570.61,3564.2741218880055,1.0,1.0,1.0,1.0,1.0,1.0,12.671756223989178,3367.3713428555634,3354.699586631574,2.541756223988821,0.29,7.0,REV_LONG,STOP,3570.465,2025-09-03 18:45:00,2025-09-03 18:50:00,2025-09-03 19:20:00
479291.0,2387773.0,2387924.0,479322.0,1.0,1.0,3550.0,3547.7894691246634,3560.0,1.3638482026382233,0.01,3552.955,3547.7894691246634,1.0,1.0,1.0,-1.0,0.0,0.0,5.165530875336572,3354.699586631574,3349.5340557562376,2.2105308753368518,0.29,31.0,BREAK_LONG,STOP,3552.81,2025-09-04 23:55:00,2025-09-05 00:00:00,2025-09-05 02:31:00
479369.0,2388163.0,2388230.0,479383.0,1.0,3.0,3550.0,3547.1800913778784,3560.0,1.8648425486826863,0.03,3551.655,3547.1800913778784,1.0,1.0,-1.0,1.0,0.0,1.0,13.424725866365407,3349.5340557562376,3336.1093298898722,2.3498172442435203,0.29,14.0,REV_LONG,STOP,3551.51,2025-09-05 06:25:00,2025-09-05 06:30:00,2025-09-05 07:37:00
479431.0,2388473.0,2388523.0,479442.0,1.0,3.0,3550.0,3547.697434970669,3560.0,2.3227141000554297,0.04,3551.4,3560.0,2.0,1.0,-1.0,1.0,0.0,1.0,14.810260117325017,3336.1093298898722,3370.509329889872,1.8751300586627266,0.29,11.0,REV_LONG,TARGET,3551.255,2025-09-05 11:35:00,2025-09-05 11:40:00,2025-09-05 12:30:00
479751.0,2390068.0,2390077.0,479753.0,1.0,1.0,3640.0,3636.3507088469114,3650.0,1.1480430821074787,0.02,3642.705,3636.3507088469114,1.0,1.0,1.0,1.0,0.0,0.0,12.70858230617705,3370.509329889872,3357.800747583695,3.6492911530885697,0.29,2.0,BREAK_LONG,STOP,3642.56,2025-09-08 15:15:00,2025-09-08 15:20:00,2025-09-08 15:29:00
479849.0,2390553.0,2390602.0,479859.0,-1.0,4.0,3640.0,3642.1109314271116,3630.0,1.21774098224073,0.01,3636.65,3642.1109314271116,1.0,-1.0,-1.0,-1.0,0.0,0.0,5.460931427111518,3357.800747583695,3352.3398161565833,2.1618628542231946,0.29,10.0,REV_SHORT,STOP,3636.795,2025-09-09 00:25:00,2025-09-09 00:30:00,2025-09-09 01:19:00
479988.0,2391248.0,2391282.0,479995.0,1.0,3.0,3650.0,3645.7211985325353,3660.0,1.6820687350432377,0.03,3651.045,3645.7211985325353,1.0,1.0,1.0,1.0,0.0,1.0,15.971404402394453,3352.3398161565833,3336.368411754189,2.3576029349299605,0.29,7.0,REV_LONG,STOP,3650.9,2025-09-09 12:00:00,2025-09-09 12:05:00,2025-09-09 12:39:00
480172.0,2392163.0,2392402.0,480220.0,1.0,1.0,3640.0,3638.113950493446,3650.0,2.832911884003135,0.02,3641.215,3642.78,3.0,1.0,1.0,-1.0,0.0,0.0,6.202099013108637,3336.368411754189,3339.498411754189,1.8860495065541016,0.29,48.0,BREAK_LONG,TIME,3641.07,2025-09-10 04:20:00,2025-09-10 04:25:00,2025-09-10 08:24:00
480378.0,2393188.0,2393423.0,480426.0,1.0,3.0,3640.0,3637.026557485355,3650.0,2.575485201234876,0.02,3640.655,3637.026557485355,1.0,1.0,0.0,-1.0,0.0,0.0,7.256885029290061,3339.498411754189,3332.241526724899,1.9768850292896165,0.29,48.0,REV_LONG,STOP,3640.51,2025-09-10 22:30:00,2025-09-10 22:35:00,2025-09-11 02:30:00
480509.0,2393843.0,2393862.0,480513.0,-1.0,2.0,3620.0,3622.7641292979574,3610.0,1.202941743543179,0.02,3616.97,3622.7641292979574,1.0,1.0,1.0,1.0,0.0,0.0,11.58825859591525,3332.241526724899,3320.6532681289837,2.7641292979576133,0.29,4.0,BREAK_SHORT,STOP,3617.115,2025-09-11 09:25:00,2025-09-11 09:30:00,2025-09-11 09:49:00
480977.0,2396173.0,2396412.0,481025.0,1.0,1.0,3640.0,3637.396577911214,3650.0,1.1550123943606259,0.02,3643.245,3641.655,3.0,1.0,1.0,1.0,0.0,0.0,11.69684417757162,3320.6532681289837,3317.4732681289843,2.603422088785887,0.29,48.0,BREAK_LONG,TIME,3643.1,2025-09-15 02:25:00,2025-09-15 02:30:00,2025-09-15 06:29:00
481429.0,2398428.0,2398612.0,481466.0,-1.0,4.0,3690.0,3692.6200911058404,3680.0,1.705218573339456,0.01,3687.955,3692.6200911058404,1.0,-1.0,-1.0,-1.0,0.0,0.0,4.6650911058404745,3317.4732681289843,3312.808177023144,2.65018221168093,0.29,37.0,REV_SHORT,STOP,3688.1,2025-09-16 17:05:00,2025-09-16 17:10:00,2025-09-16 20:14:00
481770.0,2400123.0,2400186.0,481783.0,-1.0,4.0,3670.0,3673.4595759532917,3660.0,1.8308677967323281,0.03,3668.705,3660.0,2.0,1.0,-1.0,1.0,0.0,1.0,14.263727859875416,3312.808177023144,3338.9231770231436,2.86915190658293,0.29,13.0,REV_SHORT,TARGET,3668.85,2025-09-17 23:30:00,2025-09-17 23:35:00,2025-09-18 00:38:00
481853.0,2400538.0,2400578.0,481862.0,-1.0,2.0,3640.0,3643.4494140565494,3630.0,1.7423080313924864,0.03,3638.545,3643.4494140565494,1.0,1.0,1.0,1.0,0.0,0.0,14.713242169647856,3338.9231770231436,3324.2099348534957,3.4494140565493376,0.29,9.0,BREAK_SHORT,STOP,3638.69,2025-09-18 06:25:00,2025-09-18 06:30:00,2025-09-18 07:10:00
481891.0,2400728.0,2400763.0,481899.0,1.0,1.0,3670.0,3667.2361842723208,3680.0,1.763439045898555,0.01,3671.855,3667.2361842723208,1.0,1.0,1.0,-1.0,0.0,0.0,4.618815727679248,3324.2099348534957,3319.5911191258165,2.76381572767926,0.29,8.0,BREAK_LONG,STOP,3671.71,2025-09-18 09:35:00,2025-09-18 09:40:00,2025-09-18 10:15:00
482613.0,2404323.0,2404338.0,482617.0,-1.0,4.0,3750.0,3751.654113765933,3740.0,2.3593922114568744,0.02,3748.185,3751.654113765933,1.0,-1.0,-1.0,-1.0,0.0,0.0,6.938227531865778,3319.5911191258165,3312.6528915939507,1.948227531866128,0.29,4.0,REV_SHORT,STOP,3748.33,2025-09-23 00:45:00,2025-09-23 00:50:00,2025-09-23 01:05:00
482813.0,2405323.0,2405351.0,482819.0,1.0,1.0,3780.0,3776.4916628862725,3790.0,1.209650287957198,0.02,3782.605,3776.4916628862725,1.0,1.0,1.0,1.0,0.0,1.0,12.226674227455078,3312.6528915939507,3300.4262173664956,3.5083371137275168,0.29,6.0,BREAK_LONG,STOP,3782.46,2025-09-23 17:25:00,2025-09-23 17:30:00,2025-09-23 17:58:00
483103.0,2406768.0,2406784.0,483107.0,1.0,3.0,3730.0,3725.3235938929106,3740.0,1.571917566269158,0.01,3731.03,3725.3235938929106,1.0,-1.0,-1.0,-1.0,1.0,1.0,5.706406107089606,3300.4262173664956,3294.719811259406,2.7728122141792815,0.29,4.0,REV_LONG,STOP,3730.885,2025-09-24 18:35:00,2025-09-24 18:40:00,2025-09-24 18:56:00
483250.0,2407498.0,2407519.0,483255.0,1.0,1.0,3750.0,3747.0442154531056,3760.0,1.1735032435695338,0.01,3753.005,3760.0,2.0,1.0,1.0,-1.0,0.0,1.0,5.9607845468945015,3294.719811259406,3301.714811259406,2.9557845468943698,0.29,5.0,BREAK_LONG,TARGET,3752.86,2025-09-25 07:50:00,2025-09-25 07:55:00,2025-09-25 08:16:00
483365.0,2408073.0,2408101.0,483371.0,-1.0,4.0,3740.0,3744.0149694790603,3730.0,2.259318361981397,0.03,3739.715,3744.0149694790603,1.0,1.0,1.0,1.0,0.0,0.0,12.89990843718033,3301.714811259406,3288.8149028222256,3.679938958120504,0.29,6.0,REV_SHORT,STOP,3739.86,2025-09-25 17:25:00,2025-09-25 17:30:00,2025-09-25 17:58:00
483414.0,2408313.0,2408357.0,483423.0,-1.0,4.0,3750.0,3752.1619245903235,3740.0,2.077468790802027,0.04,3748.21,3740.0,2.0,-1.0,0.0,1.0,0.0,0.0,15.80769836129366,3288.8149028222256,3321.6549028222257,2.0338491806471124,0.29,9.0,REV_SHORT,TARGET,3748.355,2025-09-25 22:30:00,2025-09-25 22:35:00,2025-09-25 23:19:00
483425.0,2408368.0,2408458.0,483444.0,1.0,3.0,3740.0,3737.282549368178,3750.0,1.068735707447738,0.01,3743.43,3750.0,2.0,-1.0,-1.0,-1.0,0.0,0.0,6.147450631821812,3321.6549028222257,3328.224902822226,2.5549012636439414,0.29,19.0,REV_LONG,TARGET,3743.285,2025-09-25 23:25:00,2025-09-25 23:30:00,2025-09-26 01:00:00
483688.0,2409678.0,2409760.0,483705.0,-1.0,4.0,3770.0,3772.667688691471,3760.0,1.2039622135883268,0.02,3766.92,3772.667688691471,1.0,-1.0,0.0,1.0,0.0,0.0,11.495377382942024,3328.224902822226,3316.729525439284,2.915377382941802,0.29,17.0,REV_SHORT,STOP,3767.065,2025-09-28 22:20:00,2025-09-28 22:25:00,2025-09-28 23:47:00
483851.0,2410493.0,2410517.0,483856.0,-1.0,4.0,3830.0,3832.8853993289727,3820.0,2.1310204184217487,0.02,3828.77,3820.0,2.0,-1.0,-1.0,-1.0,1.0,0.0,8.230798657945343,3316.729525439284,3334.269525439284,2.9207986579446614,0.29,5.0,REV_SHORT,TARGET,3828.915,2025-09-29 11:55:00,2025-09-29 12:00:00,2025-09-29 12:24:00
483900.0,2410738.0,2410977.0,483948.0,-1.0,4.0,3830.0,3835.3262130039457,3820.0,1.2517974378792938,0.01,3828.52,3828.835,3.0,-1.0,-1.0,-1.0,1.0,1.0,6.806213003945687,3334.269525439284,3333.9545254392838,4.052426007890704,0.29,48.0,REV_SHORT,TIME,3828.665,2025-09-29 16:00:00,2025-09-29 16:05:00,2025-09-29 20:04:00
483989.0,2411178.0,2411208.0,483996.0,-1.0,4.0,3840.0,3842.166649802381,3830.0,2.4160151832578904,0.02,3838.605,3842.166649802381,1.0,-1.0,-1.0,-1.0,0.0,0.0,7.123299604761997,3333.9545254392838,3326.831225834522,2.6632996047621194,0.29,7.0,REV_SHORT,STOP,3838.75,2025-09-30 00:25:00,2025-09-30 00:30:00,2025-09-30 01:00:00
484446.0,2413458.0,2413508.0,484457.0,1.0,3.0,3860.0,3855.170012148453,3870.0,1.0755791555805334,0.02,3862.315,3870.0,2.0,1.0,-1.0,1.0,0.0,0.0,14.28997570309366,3326.831225834522,3342.2012258345217,5.829975703093977,0.29,11.0,REV_LONG,TARGET,3862.17,2025-10-01 15:30:00,2025-10-01 15:35:00,2025-10-01 16:25:00
484540.0,2413923.0,2413958.0,484548.0,1.0,3.0,3860.0,3855.261122296676,3870.0,1.969226597475357,0.03,3860.225,3855.261122296676,1.0,1.0,-1.0,1.0,0.0,0.0,14.89163310997128,3342.2012258345217,3327.3095927245504,2.6577554066477673,0.29,8.0,REV_LONG,STOP,3860.08,2025-10-02 00:20:00,2025-10-02 00:25:00,2025-10-02 01:00:00
484613.0,2414288.0,2414304.0,484617.0,1.0,1.0,3870.0,3868.0557830465355,3880.0,1.9680847458240642,0.04,3872.08,3868.0557830465355,1.0,1.0,1.0,1.0,0.0,0.0,16.096867813857898,3327.3095927245504,3311.2127249106925,1.9442169534644531,0.29,4.0,BREAK_LONG,STOP,3871.935,2025-10-02 06:25:00,2025-10-02 06:30:00,2025-10-02 06:46:00
484811.0,2415273.0,2415279.0,484813.0,1.0,1.0,3860.0,3858.4579891551916,3870.0,1.8137445953894509,0.02,3862.56,3858.4579891551916,1.0,1.0,1.0,-1.0,0.0,0.0,8.204021689616638,3311.2127249106925,3303.008703221076,1.5420108448085346,0.29,2.0,BREAK_LONG,STOP,3862.415,2025-10-02 23:55:00,2025-10-03 00:00:00,2025-10-03 00:06:00
484856.0,2415498.0,2415587.0,484874.0,1.0,3.0,3840.0,3836.411310637413,3850.0,1.9710564678359253,0.01,3840.985,3850.0,2.0,-1.0,-1.0,-1.0,1.0,1.0,4.573689362587174,3303.008703221076,3312.0237032210757,3.3173787251745,0.29,18.0,REV_LONG,TARGET,3840.84,2025-10-03 03:40:00,2025-10-03 03:45:00,2025-10-03 05:14:00
485028.0,2416358.0,2416530.0,485063.0,1.0,3.0,3880.0,3876.330362613531,3890.0,1.5940375748755307,0.03,3881.6,3886.745,4.0,1.0,1.0,1.0,1.0,0.0,15.80891215940619,3312.0237032210757,3327.4587032210757,3.2692747729383274,0.29,35.0,REV_LONG,SESSION,3881.455,2025-10-03 18:00:00,2025-10-03 18:05:00,2025-10-03 20:57:00
485115.0,2416788.0,2416874.0,485133.0,1.0,1.0,3920.0,3916.010168734835,3930.0,1.2312931039933679,0.01,3922.28,3930.0,2.0,1.0,1.0,-1.0,0.0,1.0,6.269831265165067,3327.4587032210757,3335.1787032210755,3.9898312651649777,0.29,18.0,BREAK_LONG,TARGET,3922.135,2025-10-06 02:15:00,2025-10-06 02:20:00,2025-10-06 03:46:00
485240.0,2417413.0,2417468.0,485252.0,1.0,3.0,3930.0,3924.3960679953643,3940.0,1.104676977733158,0.01,3931.81,3940.0,2.0,1.0,1.0,-1.0,0.0,1.0,7.413932004635626,3335.1787032210755,3343.3687032210755,4.317864009270794,0.29,12.0,REV_LONG,TARGET,3931.665,2025-10-06 12:40:00,2025-10-06 12:45:00,2025-10-06 13:40:00
485330.0,2417863.0,2417881.0,485334.0,1.0,3.0,3960.0,3957.436697018806,3970.0,3.4577545654340778,0.02,3960.255,3957.436697018806,1.0,1.0,1.0,-1.0,1.0,0.0,5.6366059623878755,3343.3687032210755,3337.7320972586876,2.3566059623871425,0.29,4.0,REV_LONG,STOP,3960.11,2025-10-06 20:10:00,2025-10-06 20:15:00,2025-10-06 20:33:00
485477.0,2418593.0,2418727.0,485504.0,-1.0,4.0,3960.0,3965.4616024713027,3950.0,1.1219220524512539,0.02,3958.175,3965.4616024713027,1.0,-1.0,1.0,1.0,0.0,1.0,14.573204942605116,3337.7320972586876,3323.1588923160825,3.58320494260524,0.29,27.0,REV_SHORT,STOP,3958.32,2025-10-07 09:25:00,2025-10-07 09:30:00,2025-10-07 11:44:00
486267.0,2422528.0,2422559.0,486274.0,1.0,3.0,3970.0,3965.6785346554657,3980.0,1.6465041227694153,0.01,3971.09,3965.6785346554657,1.0,-1.0,-1.0,-1.0,0.0,0.0,5.411465344534463,3323.1588923160825,3317.747426971548,4.362930689069071,0.29,7.0,REV_LONG,STOP,3970.945,2025-10-10 06:15:00,2025-10-10 06:20:00,2025-10-10 06:51:00
486431.0,2423348.0,2423403.0,486443.0,1.0,1.0,4010.0,4004.1274164980937,4020.0,1.098830842384104,0.02,4011.69,4020.0,2.0,1.0,1.0,1.0,0.0,0.0,15.125167003812749,3317.747426971548,3334.367426971548,5.87258350190633,0.29,12.0,BREAK_LONG,TARGET,4011.545,2025-10-10 19:55:00,2025-10-10 20:00:00,2025-10-10 20:55:00
486630.0,2424338.0,2424357.0,486634.0,-1.0,4.0,4090.0,4095.705189189026,4080.0,1.2678353991994409,0.02,4088.78,4095.705189189026,1.0,-1.0,-1.0,1.0,1.0,1.0,13.850378378051573,3334.367426971548,3320.5170485934964,4.390378378051148,0.29,4.0,REV_SHORT,STOP,4088.925,2025-10-13 13:30:00,2025-10-13 13:35:00,2025-10-13 13:54:00
486846.0,2425413.0,2425485.0,486861.0,-1.0,4.0,4140.0,4148.864338319891,4130.0,1.0373311426979615,0.01,4139.605,4130.0,2.0,-1.0,-1.0,1.0,0.0,1.0,9.259338319891867,3320.5170485934964,3330.122048593496,7.588676639783421,0.29,15.0,REV_SHORT,TARGET,4139.75,2025-10-14 08:30:00,2025-10-14 08:35:00,2025-10-14 09:47:00
487334.0,2427843.0,2427866.0,487339.0,-1.0,4.0,4240.0,4244.21210950135,4230.0,1.5122563913528857,0.01,4238.554999999999,4230.0,2.0,-1.0,-1.0,-1.0,1.0,1.0,5.657109501350533,3330.122048593496,3338.6770485934953,3.904219002699427,0.29,5.0,REV_SHORT,TARGET,4238.7,2025-10-16 03:10:00,2025-10-16 03:15:00,2025-10-16 03:38:00
489162.0,2436953.0,2436960.0,489164.0,1.0,3.0,4120.0,4114.512579609215,4130.0,1.5050739697140485,0.01,4120.695000000001,4114.512579609215,1.0,1.0,1.0,-1.0,0.0,0.0,6.18242039078541,3338.6770485934953,3332.49462820271,5.654840781569767,0.29,2.0,REV_LONG,STOP,4120.55,2025-10-24 17:30:00,2025-10-24 17:35:00,2025-10-24 17:42:00
489295.0,2437613.0,2437714.0,489316.0,-1.0,4.0,4080.0,4087.0059364122453,4070.0,1.1005521222378978,0.02,4078.91,4070.0,2.0,1.0,-1.0,1.0,0.0,1.0,16.19187282449093,3332.49462820271,3350.3146282027096,4.73187282449045,0.29,21.0,REV_SHORT,TARGET,4079.055,2025-10-27 05:35:00,2025-10-27 05:40:00,2025-10-27 07:21:00
489331.0,2437793.0,2437802.0,489333.0,1.0,3.0,4060.0,4056.239642352166,4070.0,1.2894407378224424,0.01,4062.25,4056.239642352166,1.0,-1.0,-1.0,-1.0,0.0,0.0,6.010357647834098,3350.3146282027096,3344.3042705548755,4.290715295668441,0.29,2.0,REV_LONG,STOP,4062.105,2025-10-27 08:35:00,2025-10-27 08:40:00,2025-10-27 08:49:00
489501.0,2438638.0,2438657.0,489505.0,-1.0,4.0,4000.0,4006.984183138825,3990.0,1.0727121729012867,0.01,3998.79,3990.0,2.0,1.0,-1.0,-1.0,0.0,1.0,8.194183138824883,3344.3042705548755,3353.0942705548755,4.788366277649423,0.29,4.0,REV_SHORT,TARGET,3998.935,2025-10-27 23:45:00,2025-10-27 23:50:00,2025-10-28 00:09:00
489774.0,2439998.0,2440006.0,489776.0,-1.0,4.0,3950.0,3957.3913972493933,3940.0,1.2066388356116022,0.01,3949.51,3957.3913972493933,1.0,1.0,-1.0,-1.0,0.0,1.0,7.881397249393103,3353.0942705548755,3345.2128733054824,6.192794498786277,0.29,2.0,REV_SHORT,STOP,3949.655,2025-10-28 23:30:00,2025-10-28 23:35:00,2025-10-28 23:43:00
490288.0,2442563.0,2442655.0,490307.0,1.0,1.0,4020.0,4015.3336483410617,4030.0,1.226779318567733,0.01,4021.92,4024.47,4.0,1.0,1.0,-1.0,0.0,1.0,6.5863516589383835,3345.2128733054824,3347.762873305482,4.666351658938323,0.29,19.0,BREAK_LONG,SESSION,4021.775,2025-10-30 19:20:00,2025-10-30 19:25:00,2025-10-30 20:57:00
490405.0,2443143.0,2443197.0,490416.0,-1.0,4.0,4010.0,4016.166900787578,4000.0,1.1990096513399855,0.02,4008.815,4016.166900787578,1.0,-1.0,1.0,1.0,0.0,0.0,14.703801575155923,3347.762873305482,3333.059071730326,5.1438015751560044,0.29,11.0,REV_SHORT,STOP,4008.96,2025-10-31 06:05:00,2025-10-31 06:10:00,2025-10-31 07:04:00
491036.0,2446288.0,2446294.0,491038.0,1.0,3.0,3980.0,3973.2708287507758,3990.0,1.2950717821322628,0.01,3980.56,3973.2708287507758,1.0,-1.0,-1.0,-1.0,0.0,0.0,7.289171249224183,3333.059071730326,3325.769900481102,4.788342498448495,0.29,2.0,REV_LONG,STOP,3980.415,2025-11-04 13:40:00,2025-11-04 13:45:00,2025-11-04 13:51:00
491163.0,2446918.0,2446923.0,491165.0,-1.0,4.0,3940.0,3947.507546218112,3930.0,1.138314184948726,0.02,3939.32,3947.507546218112,1.0,1.0,-1.0,1.0,0.0,1.0,16.375092436223895,3325.769900481102,3309.394808044878,4.855092436224611,0.29,2.0,REV_SHORT,STOP,3939.465,2025-11-05 01:15:00,2025-11-05 01:20:00,2025-11-05 01:25:00
491205.0,2447128.0,2447161.0,491212.0,-1.0,4.0,3970.0,3975.6324870490234,3960.0,1.6108594341883393,0.02,3969.645,3975.6324870490234,1.0,1.0,-1.0,1.0,1.0,1.0,11.974974098046914,3309.394808044878,3297.419833946831,3.474974098046809,0.29,7.0,REV_SHORT,STOP,3969.79,2025-11-05 04:45:00,2025-11-05 04:50:00,2025-11-05 05:23:00
491287.0,2447538.0,2447618.0,491304.0,1.0,3.0,3960.0,3955.874027971654,3970.0,1.9392539001538625,0.01,3960.68,3970.0,2.0,-1.0,1.0,-1.0,0.0,1.0,4.805972028345877,3297.419833946831,3306.7398339468314,3.591944056691867,0.29,17.0,REV_LONG,TARGET,3960.535,2025-11-05 11:35:00,2025-11-05 11:40:00,2025-11-05 13:00:00
491457.0,2448383.0,2448431.0,491467.0,1.0,1.0,3980.0,3976.45703005564,3990.0,1.2337187993086471,0.02,3982.52,3990.0,2.0,1.0,1.0,1.0,0.0,1.0,12.125939888719586,3306.7398339468314,3321.6998339468314,3.5429699443598093,0.29,10.0,BREAK_LONG,TARGET,3982.375,2025-11-06 02:45:00,2025-11-06 02:50:00,2025-11-06 03:38:00
492049.0,2451333.0,2451350.0,492053.0,-1.0,4.0,4070.0,4073.0947551040513,4060.0,2.7958506355054324,0.02,4069.645,4073.0947551040513,1.0,-1.0,-1.0,-1.0,1.0,0.0,6.899510208102584,3321.6998339468314,3314.800323738729,3.4095102081029194,0.29,4.0,REV_SHORT,STOP,4069.79,2025-11-10 06:05:00,2025-11-10 06:10:00,2025-11-10 06:27:00
492135.0,2451763.0,2451782.0,492139.0,1.0,1.0,4100.0,4096.200123110377,4110.0,1.1783970122966851,0.02,4102.535000000001,4096.200123110377,1.0,1.0,1.0,1.0,0.0,1.0,12.669753779247914,3314.800323738729,3302.130569959481,3.7998768896233073,0.29,4.0,BREAK_LONG,STOP,4102.39,2025-11-10 13:15:00,2025-11-10 13:20:00,2025-11-10 13:39:00
492153.0,2451853.0,2451866.0,492156.0,1.0,3.0,4080.0,4075.466372673283,4090.0,1.677219571730319,0.03,4080.895,4090.0,2.0,1.0,1.0,1.0,1.0,0.0,16.285881980151316,3302.130569959481,3329.445569959481,5.22725465343384,0.29,3.0,REV_LONG,TARGET,4080.75,2025-11-10 14:45:00,2025-11-10 14:50:00,2025-11-10 15:03:00
492400.0,2453083.0,2453111.0,492406.0,1.0,3.0,4140.0,4135.479332657462,4150.0,1.9843115692664532,0.03,4140.345,4135.479332657462,1.0,1.0,1.0,1.0,0.0,1.0,14.597002027615416,3329.445569959481,3314.8485679318655,2.8913346850765156,0.29,6.0,REV_LONG,STOP,4140.2,2025-11-11 12:20:00,2025-11-11 12:25:00,2025-11-11 12:53:00
492572.0,2453938.0,2453943.0,492574.0,1.0,3.0,4120.0,4116.330461072951,4130.0,2.2982049795300954,0.03,4120.475,4116.330461072951,1.0,1.0,-1.0,1.0,1.0,0.0,12.433616781147975,3314.8485679318655,3302.4149511507176,3.3090778540964476,0.29,2.0,REV_LONG,STOP,4120.33,2025-11-12 03:40:00,2025-11-12 03:45:00,2025-11-12 03:50:00
493586.0,2458993.0,2459006.0,493589.0,1.0,3.0,4060.0,4054.538149033906,4070.0,1.4323129562992614,0.01,4060.895,4054.538149033906,1.0,-1.0,-1.0,-1.0,0.0,1.0,6.3568509660940435,3302.4149511507176,3296.0581001846235,4.373701932187954,0.29,3.0,REV_LONG,STOP,4060.75,2025-11-17 19:10:00,2025-11-17 19:15:00,2025-11-17 19:28:00
493793.0,2460023.0,2460028.0,493795.0,-1.0,4.0,4050.0,4055.4337922296036,4040.0,1.3585394658134227,0.02,4048.89,4055.4337922296036,1.0,1.0,-1.0,1.0,1.0,0.0,13.087584459207392,3296.0581001846235,3282.970515725416,5.537584459207158,0.29,2.0,REV_SHORT,STOP,4049.035,2025-11-18 13:25:00,2025-11-18 13:30:00,2025-11-18 13:35:00
493923.0,2460668.0,2460700.0,493930.0,-1.0,2.0,4070.0,4073.981524815463,4060.0,1.0436269972831016,0.02,4067.14,4060.0,2.0,1.0,1.0,1.0,0.0,0.0,13.68304963092669,3282.970515725416,3297.250515725416,3.981524815463249,0.29,7.0,BREAK_SHORT,TARGET,4067.285,2025-11-19 01:15:00,2025-11-19 01:20:00,2025-11-19 01:52:00
494006.0,2461083.0,2461140.0,494018.0,1.0,3.0,4080.0,4076.5795106425767,4090.0,1.2998053008786952,0.01,4082.415,4090.0,2.0,1.0,1.0,-1.0,0.0,0.0,5.835489357423285,3297.250515725416,3304.835515725416,3.740978714846295,0.29,12.0,REV_LONG,TARGET,4082.27,2025-11-19 08:10:00,2025-11-19 08:15:00,2025-11-19 09:12:00
494343.0,2462763.0,2462773.0,494346.0,-1.0,4.0,4090.0,4097.225091067676,4080.0,1.1639314074713163,0.02,4089.265,4080.0,2.0,-1.0,-1.0,1.0,0.0,0.0,15.920182135351752,3304.835515725416,3323.3655157254157,5.390182135351255,0.29,3.0,REV_SHORT,TARGET,4089.41,2025-11-20 13:15:00,2025-11-20 13:20:00,2025-11-20 13:30:00
494811.0,2465093.0,2465097.0,494812.0,-1.0,4.0,4050.0,4054.173480750412,4040.0,2.0295049838909973,0.01,4049.495,4054.173480750412,1.0,1.0,1.0,-1.0,0.0,0.0,4.678480750412291,3323.3655157254157,3318.6870349750034,4.156961500825153,0.29,1.0,REV_SHORT,STOP,4049.64,2025-11-24 06:15:00,2025-11-24 06:20:00,2025-11-24 06:24:00
494985.0,2465963.0,2466015.0,494996.0,-1.0,4.0,4130.0,4135.54239461465,4120.0,1.7136936880329687,0.01,4129.815,4135.54239461465,1.0,-1.0,-1.0,-1.0,1.0,1.0,5.7273946146506205,3318.6870349750034,3312.9596403603528,3.904789229299948,0.29,11.0,REV_SHORT,STOP,4129.96,2025-11-24 20:45:00,2025-11-24 20:50:00,2025-11-24 21:42:00
495091.0,2466488.0,2466537.0,495101.0,1.0,3.0,4140.0,4136.8058552105285,4150.0,1.8813556670687828,0.01,4141.385,4136.8058552105285,1.0,1.0,1.0,-1.0,0.0,0.0,4.579144789471684,3312.9596403603528,3308.380495570881,3.8982895789439147,0.29,10.0,REV_LONG,STOP,4141.24,2025-11-25 06:35:00,2025-11-25 06:40:00,2025-11-25 07:29:00
495369.0,2467873.0,2467935.0,495382.0,1.0,3.0,4150.0,4146.438474385033,4160.0,1.5701619976032226,0.03,4151.715,4160.0,2.0,1.0,-1.0,1.0,0.0,0.0,15.829576844900656,3308.380495570881,3333.2354955708806,3.5930512299332253,0.29,13.0,REV_LONG,TARGET,4151.57,2025-11-26 06:45:00,2025-11-26 06:50:00,2025-11-26 07:52:00
495474.0,2468398.0,2468410.0,495477.0,-1.0,4.0,4160.0,4164.6326066409165,4150.0,1.5109118618573756,0.01,4158.804999999999,4164.6326066409165,1.0,-1.0,-1.0,-1.0,0.0,0.0,5.827606640917111,3333.2354955708806,3327.4078889299635,5.755213281833405,0.29,3.0,REV_SHORT,STOP,4158.95,2025-11-26 15:30:00,2025-11-26 15:35:00,2025-11-26 15:47:00
495513.0,2468593.0,2468780.0,495551.0,1.0,3.0,4160.0,4156.370120759566,4170.0,2.1297949926794524,0.03,4160.725,4164.049999999999,4.0,1.0,1.0,1.0,0.0,0.0,13.06463772130337,3327.4078889299635,3337.3828889299602,3.489758480867706,0.29,38.0,REV_LONG,SESSION,4160.58,2025-11-26 18:45:00,2025-11-26 18:50:00,2025-11-26 21:57:00
495653.0,2469288.0,2469330.0,495662.0,-1.0,4.0,4160.0,4163.9017444468045,4150.0,2.0676364499344415,0.01,4159.37,4163.9017444468045,1.0,-1.0,-1.0,-1.0,0.0,1.0,4.531744446804623,3337.3828889299602,3332.8511444831556,3.023488893608949,0.29,9.0,REV_SHORT,STOP,4159.515,2025-11-27 07:25:00,2025-11-27 07:30:00,2025-11-27 08:12:00
495794.0,2469993.0,2470155.0,495827.0,-1.0,4.0,4160.0,4161.055927441185,4150.0,7.183953559702518,0.06,4159.705,4157.135,4.0,-1.0,-1.0,-1.0,0.0,1.0,8.10556464711226,3332.8511444831556,3348.271144483154,1.1718548823704646,0.29,33.0,REV_SHORT,SESSION,4159.85,2025-11-27 19:10:00,2025-11-27 19:15:00,2025-11-27 21:57:00
496066.0,2471348.0,2471399.0,496077.0,1.0,1.0,4220.0,4216.124595493413,4230.0,1.9551031198954327,0.03,4220.820000000001,4216.124595493413,1.0,1.0,1.0,1.0,0.0,0.0,14.086213519763078,3348.271144483154,3334.184930963391,3.8754045065868135,0.29,11.0,BREAK_LONG,STOP,4220.675,2025-11-28 18:50:00,2025-11-28 18:55:00,2025-11-28 19:46:00
496217.0,2472098.0,2472114.0,496221.0,-1.0,4.0,4250.0,4255.66201689744,4240.0,1.5751353805074038,0.01,4249.58,4240.0,2.0,-1.0,-1.0,-1.0,0.0,1.0,6.082016897439644,3334.184930963391,3343.7649309633907,3.8940337948792623,0.29,4.0,REV_SHORT,TARGET,4249.725,2025-12-01 08:25:00,2025-12-01 08:30:00,2025-12-01 08:46:00
496281.0,2472418.0,2472427.0,496283.0,-1.0,4.0,4260.0,4266.925551272259,4250.0,1.0280926592016422,0.01,4258.58,4250.0,2.0,-1.0,-1.0,-1.0,1.0,0.0,8.3455512722594,3343.7649309633907,3352.3449309633907,4.45110254451899,0.29,2.0,REV_SHORT,TARGET,4258.725,2025-12-01 13:45:00,2025-12-01 13:50:00,2025-12-01 13:59:00
496472.0,2473368.0,2473376.0,496474.0,-1.0,2.0,4210.0,4214.163628304553,4200.0,1.8972602174238726,0.01,4209.275,4214.163628304553,1.0,1.0,1.0,-1.0,0.0,1.0,4.8886283045530945,3352.3449309633907,3347.4563026588376,4.163628304552642,0.29,2.0,BREAK_SHORT,STOP,4209.42,2025-12-02 06:40:00,2025-12-02 06:45:00,2025-12-02 06:53:00
496580.0,2473908.0,2473917.0,496582.0,-1.0,2.0,4190.0,4196.450827341172,4180.0,1.2333984465285375,0.01,4189.084999999999,4180.0,2.0,1.0,1.0,-1.0,0.0,1.0,7.365827341172918,3347.4563026588376,3356.5413026588367,6.450827341172195,0.29,2.0,BREAK_SHORT,TARGET,4189.23,2025-12-02 15:40:00,2025-12-02 15:45:00,2025-12-02 15:54:00
496642.0,2474218.0,2474280.0,496655.0,-1.0,4.0,4210.0,4214.327770257767,4200.0,1.1898629622152668,0.01,4207.785,4205.8,4.0,1.0,-1.0,-1.0,0.0,1.0,6.542770257767189,3356.5413026588367,3358.5263026588364,3.6755405155337466,0.29,13.0,REV_SHORT,SESSION,4207.93,2025-12-02 20:50:00,2025-12-02 20:55:00,2025-12-02 21:57:00
496739.0,2474698.0,2474886.0,496777.0,-1.0,2.0,4210.0,4213.58261995112,4200.0,1.2552676511812144,0.01,4207.5599999999995,4200.0,2.0,1.0,1.0,-1.0,0.0,0.0,6.02261995112076,3358.5263026588364,3366.086302658836,3.582619951119905,0.29,38.0,BREAK_SHORT,TARGET,4207.705,2025-12-03 05:55:00,2025-12-03 06:00:00,2025-12-03 09:08:00
497015.0,2476073.0,2476118.0,497025.0,1.0,3.0,4180.0,4172.839329030946,4190.0,1.042773848930529,0.02,4181.240000000001,4190.0,2.0,-1.0,-1.0,1.0,1.0,1.0,16.801341938109545,3366.086302658836,3383.6063026588345,4.221341938107743,0.29,10.0,REV_LONG,TARGET,4181.095,2025-12-04 05:55:00,2025-12-04 06:00:00,2025-12-04 06:45:00
497063.0,2476313.0,2476382.0,497077.0,-1.0,4.0,4200.0,4203.893061466081,4190.0,2.3984473035329223,0.02,4199.804999999999,4203.893061466081,1.0,1.0,-1.0,-1.0,0.0,0.0,8.176122932163707,3383.6063026588345,3375.4301797266708,3.2861229321628223,0.29,14.0,REV_SHORT,STOP,4199.95,2025-12-04 09:55:00,2025-12-04 10:00:00,2025-12-04 11:09:00
497096.0,2476478.0,2476499.0,497101.0,1.0,3.0,4190.0,4187.117396206988,4200.0,1.1806817525999722,0.02,4193.025000000001,4187.117396206988,1.0,-1.0,-1.0,1.0,0.0,0.0,11.81520758602528,3375.4301797266708,3363.6149721406455,3.355207586024503,0.29,5.0,REV_LONG,STOP,4192.88,2025-12-04 12:40:00,2025-12-04 12:45:00,2025-12-04 13:06:00
497400.0,2477993.0,2478011.0,497404.0,-1.0,4.0,4240.0,4247.635873651199,4230.0,1.2293206071525924,0.01,4239.724999999999,4247.635873651199,1.0,-1.0,-1.0,-1.0,1.0,1.0,7.910873651199836,3363.6149721406455,3355.7040984894456,4.461747302399847,0.29,4.0,REV_SHORT,STOP,4239.87,2025-12-05 15:00:00,2025-12-05 15:05:00,2025-12-05 15:23:00
497638.0,2479178.0,2479252.0,497653.0,1.0,1.0,4210.0,4206.875448273178,4220.0,1.3821451140805319,0.03,4212.385,4206.875448273178,1.0,1.0,1.0,1.0,0.0,0.0,16.52865518046565,3355.7040984894456,3339.17544330898,3.1245517268220233,0.29,15.0,BREAK_LONG,STOP,4212.24,2025-12-08 11:50:00,2025-12-08 11:55:00,2025-12-08 13:09:00
497831.0,2480138.0,2480188.0,497842.0,-1.0,2.0,4190.0,4192.395893088518,4180.0,1.1517311462042767,0.02,4186.62,4180.0,2.0,1.0,1.0,1.0,0.0,1.0,11.551786177036774,3339.17544330898,3352.41544330898,2.3958930885181164,0.29,11.0,BREAK_SHORT,TARGET,4186.78,2025-12-09 04:55:00,2025-12-09 05:00:00,2025-12-09 05:50:00
498003.0,2480998.0,2481033.0,498011.0,-1.0,4.0,4210.0,4214.047074515699,4200.0,2.137556559856868,0.03,4209.57,4214.047074515699,1.0,-1.0,-1.0,1.0,1.0,1.0,13.431223547097943,3352.41544330898,3338.984219761882,3.1541490313978104,0.29,8.0,REV_SHORT,STOP,4209.715,2025-12-09 19:15:00,2025-12-09 19:20:00,2025-12-09 19:55:00
498046.0,2481208.0,2481285.0,498062.0,-1.0,4.0,4210.0,4213.891036755445,4200.0,2.252380522770259,0.03,4209.62,4213.891036755445,1.0,-1.0,0.0,1.0,0.0,1.0,12.81311026633648,3338.984219761882,3326.1711094955454,1.8920735108914717,0.29,16.0,REV_SHORT,STOP,4209.765,2025-12-09 23:50:00,2025-12-09 23:55:00,2025-12-10 01:12:00
498118.0,2481568.0,2481589.0,498123.0,1.0,1.0,4210.0,4207.7347904274375,4220.0,1.4383098548147688,0.01,4212.765,4207.7347904274375,1.0,1.0,1.0,-1.0,0.0,0.0,5.030209572562853,3326.1711094955454,3321.1408999229825,2.265209572562168,0.29,5.0,BREAK_LONG,STOP,4212.62,2025-12-10 05:50:00,2025-12-10 05:55:00,2025-12-10 06:16:00
498195.0,2481953.0,2482039.0,498213.0,-1.0,4.0,4200.0,4203.456076312372,4190.0,2.2376874968139595,0.03,4199.299999999999,4203.456076312372,1.0,1.0,1.0,1.0,0.0,1.0,12.468228937117601,3321.1408999229825,3308.672670985865,2.1621526247439977,0.29,18.0,REV_SHORT,STOP,4199.445,2025-12-10 12:15:00,2025-12-10 12:20:00,2025-12-10 13:46:00
498394.0,2482943.0,2482951.0,498396.0,1.0,3.0,4210.0,4204.464025000335,4220.0,1.6238879577340617,0.02,4210.385,4204.464025000335,1.0,1.0,-1.0,1.0,1.0,1.0,11.841949999330609,3308.672670985865,3296.8307209865343,3.271949999331518,0.29,2.0,REV_LONG,STOP,4210.24,2025-12-11 05:50:00,2025-12-11 05:55:00,2025-12-11 06:03:00
498443.0,2483188.0,2483193.0,498445.0,-1.0,4.0,4220.0,4223.141527476248,4210.0,1.7426593171785172,0.01,4218.349999999999,4223.141527476248,1.0,-1.0,1.0,-1.0,0.0,0.0,4.79152747624812,3296.8307209865343,3292.039193510286,3.033054952495818,0.29,2.0,REV_SHORT,STOP,4218.495,2025-12-11 09:55:00,2025-12-11 10:00:00,2025-12-11 10:05:00
498492.0,2483433.0,2483436.0,498493.0,-1.0,4.0,4220.0,4225.500941189274,4210.0,1.3626093790651659,0.01,4218.94,4225.500941189274,1.0,-1.0,1.0,-1.0,0.0,1.0,6.560941189274672,3292.039193510286,3285.4782523210115,3.9518823785488957,0.29,1.0,REV_SHORT,STOP,4219.085,2025-12-11 14:00:00,2025-12-11 14:05:00,2025-12-11 14:08:00
499005.0,2485988.0,2486005.0,499009.0,1.0,3.0,4340.0,4336.6262705290455,4350.0,2.3072760101825023,0.04,4340.67,4336.6262705290455,1.0,1.0,1.0,1.0,0.0,1.0,16.174917883818125,3285.4782523210115,3269.3033344371934,3.0274589419102473,0.29,4.0,REV_LONG,STOP,4340.525,2025-12-15 10:45:00,2025-12-15 10:50:00,2025-12-15 11:07:00
499161.0,2486763.0,2486780.0,499165.0,-1.0,4.0,4310.0,4314.834413057272,4300.0,1.8641108351928362,0.01,4309.655,4300.0,2.0,-1.0,-1.0,-1.0,0.0,1.0,5.179413057272541,3269.3033344371934,3278.958334437193,2.648826114543474,0.29,4.0,REV_SHORT,TARGET,4309.8,2025-12-16 00:45:00,2025-12-16 00:50:00,2025-12-16 01:07:00
499303.0,2487473.0,2487479.0,499305.0,-1.0,4.0,4290.0,4294.176940203043,4280.0,1.7814609625162452,0.01,4289.08,4294.176940203043,1.0,1.0,1.0,-1.0,0.0,1.0,5.096940203043232,3278.958334437193,3273.86139423415,3.1438804060866183,0.29,2.0,REV_SHORT,STOP,4289.225,2025-12-16 12:35:00,2025-12-16 12:40:00,2025-12-16 12:46:00
499392.0,2487918.0,2487965.0,499402.0,1.0,1.0,4310.0,4305.560045049066,4320.0,1.0806986577039808,0.02,4312.5,4305.560045049066,1.0,1.0,1.0,1.0,0.0,1.0,13.879909901868814,3273.86139423415,3259.981484332281,4.439954950934345,0.29,10.0,BREAK_LONG,STOP,4312.355,2025-12-16 20:00:00,2025-12-16 20:05:00,2025-12-16 20:52:00
499855.0,2490223.0,2490249.0,499861.0,1.0,3.0,4320.0,4317.522614329104,4330.0,1.1247558267050968,0.01,4323.395,4317.522614329104,1.0,1.0,-1.0,-1.0,0.0,0.0,5.87238567089662,3259.981484332281,3254.1090986613845,2.3147713417930587,0.29,6.0,REV_LONG,STOP,4323.25,2025-12-18 12:35:00,2025-12-18 12:40:00,2025-12-18 13:06:00
499984.0,2490863.0,2490885.0,499989.0,1.0,3.0,4330.0,4326.913920392939,4340.0,1.7087277940801522,0.01,4331.745000000001,4326.913920392939,1.0,1.0,-1.0,-1.0,0.0,1.0,4.831079607061838,3254.1090986613845,3249.2780190543226,2.452159214123077,0.29,5.0,REV_LONG,STOP,4331.6,2025-12-19 00:20:00,2025-12-19 00:25:00,2025-12-19 00:47:00
500511.0,2493493.0,2493530.0,500519.0,1.0,1.0,4440.0,4437.614162799872,4450.0,1.1574966800751725,0.02,4443.3550000000005,4443.6449999999995,4.0,1.0,1.0,1.0,0.0,0.0,11.481674400256452,3249.2780190543226,3249.8580190543207,2.385837200127824,0.29,8.0,BREAK_LONG,SESSION,4443.21,2025-12-22 21:15:00,2025-12-22 21:20:00,2025-12-22 21:57:00
500638.0,2494123.0,2494143.0,500643.0,-1.0,4.0,4490.0,4494.915490099576,4480.0,1.7670007409435369,0.01,4489.525,4480.0,2.0,-1.0,-1.0,-1.0,0.0,1.0,5.390490099576709,3249.8580190543207,3259.3830190543204,2.9009801991520474,0.29,5.0,REV_SHORT,TARGET,4489.67,2025-12-23 08:50:00,2025-12-23 08:55:00,2025-12-23 09:15:00
501486.0,2498348.0,2498349.0,501487.0,1.0,1.0,4520.0,4517.009044268333,4530.0,2.356007309872783,0.02,4520.88,4517.009044268333,1.0,1.0,1.0,-1.0,0.0,1.0,7.741911463333963,3259.3830190543204,3251.6411075909864,2.9909557316667357,0.29,1.0,BREAK_LONG,STOP,4520.735,2025-12-26 10:30:00,2025-12-26 10:35:00,2025-12-26 10:36:00
502077.0,2501293.0,2501303.0,502080.0,1.0,3.0,4380.0,4373.496918053509,4390.0,1.1980423314645217,0.01,4381.005,4390.0,2.0,-1.0,1.0,-1.0,0.0,0.0,7.508081946491075,3251.6411075909864,3260.6361075909863,5.75616389298263,0.29,3.0,REV_LONG,TARGET,4380.86,2025-12-30 13:45:00,2025-12-30 13:50:00,2025-12-30 14:00:00
502210.0,2501953.0,2501980.0,502216.0,-1.0,4.0,4370.0,4376.454189823397,4360.0,1.1440947125430123,0.02,4368.78,4360.0,2.0,1.0,-1.0,1.0,1.0,0.0,15.348379646795365,3260.6361075909863,3278.196107590986,5.978379646794973,0.29,6.0,REV_SHORT,TARGET,4368.925,2025-12-31 01:50:00,2025-12-31 01:55:00,2025-12-31 02:22:00
