ts_decision,ts_fill,ts_exit,i_decision,i_fill_m1,i_exit_m1,i_exit_m5,q,scenario,level,stop,target,r_est,lots,fill_px,exit_px,exit_reason,ctx_ema,ctx_vwap,ctx_dxy,extension_vwap,retest,risk_amount,equity_before,equity_after,atr,spread,bars_held,scenario_name,exit_reason_name,ts_decision_utc,ts_fill_utc,ts_exit_utc,m5_close
2019-01-03 00:55:00,2019-01-03 01:00:00,2019-01-03 01:22:00,359.0,1791.0,1813.0,364.0,-1.0,4.0,1290.0,1290.6546202782347,1280.0,11.983618076262223,0.68,1289.929,1290.6546202782347,1.0,0.0,-1.0,1.0,0.0,1.0,49.342178919952865,10000.0,9950.657821080047,0.5002405564691879,0.29,5.0,REV_SHORT,STOP,2019-01-03 05:55:00,2019-01-03 06:00:00,2019-01-03 06:22:00,1289.979
2019-01-03 10:20:00,2019-01-03 10:25:00,2019-01-03 10:55:00,472.0,2356.0,2386.0,479.0,-1.0,4.0,1290.0,1291.2799799674215,1280.0,6.720831372745944,0.15,1289.717,1291.2799799674215,1.0,0.0,-1.0,-1.0,0.0,1.0,23.44469951132055,9950.657821080047,9927.213121568726,1.1399599348430534,0.29,7.0,REV_SHORT,STOP,2019-01-03 15:20:00,2019-01-03 15:25:00,2019-01-03 15:55:00,1289.964
2019-01-04 08:55:00,2019-01-04 09:00:00,2019-01-04 09:46:00,731.0,3646.0,3692.0,741.0,-1.0,2.0,1290.0,1291.135964505091,1280.0,2.116729676218224,0.07,1287.6565,1280.0,2.0,1.0,1.0,-1.0,0.0,0.0,24.356251535635923,9927.213121568726,9980.808621568727,1.1359645050909686,0.29,10.0,BREAK_SHORT,TARGET,2019-01-04 13:55:00,2019-01-04 14:00:00,2019-01-04 14:46:00,1287.708
2019-01-08 08:25:00,2019-01-08 08:30:00,2019-01-08 12:29:00,1277.0,6366.0,6605.0,1325.0,1.0,3.0,1280.0,1279.0151790091506,1290.0,3.8934062161870036,0.23,1281.152,1284.321,3.0,-1.0,-1.0,1.0,1.0,0.0,49.14688278953622,9980.808621568727,10053.695621568724,0.7506419816985201,0.29,48.0,REV_LONG,TIME,2019-01-08 13:25:00,2019-01-08 13:30:00,2019-01-08 17:29:00,1281.115
2019-01-10 20:50:00,2019-01-10 20:55:00,2019-01-10 21:21:00,1966.0,9796.0,9822.0,1972.0,-1.0,4.0,1290.0,1290.5648398010592,1280.0,7.071912080080482,0.18,1289.2135,1290.5648398010592,1.0,-1.0,-1.0,-1.0,0.0,0.0,24.324116419064012,10053.695621568724,10029.37150514966,0.5686796021180249,0.29,6.0,REV_SHORT,STOP,2019-01-11 01:50:00,2019-01-11 01:55:00,2019-01-11 02:21:00,1289.401
2019-01-11 09:25:00,2019-01-11 09:30:00,2019-01-11 10:30:00,2117.0,10551.0,10611.0,2130.0,-1.0,2.0,1290.0,1291.0084892929776,1280.0,2.9936629977204525,0.08,1288.2095,1291.0084892929776,1.0,1.0,1.0,-1.0,0.0,0.0,22.391914343821554,10029.37150514966,10006.979590805839,1.0084892929775158,0.29,13.0,BREAK_SHORT,STOP,2019-01-11 14:25:00,2019-01-11 14:30:00,2019-01-11 15:30:00,1288.397
2019-01-16 00:35:00,2019-01-16 00:40:00,2019-01-16 02:59:00,2839.0,14146.0,14285.0,2867.0,1.0,1.0,1290.0,1289.6904921899177,1300.0,8.103255375635692,0.22,1290.7785,1289.6904921899177,1.0,1.0,1.0,-1.0,0.0,0.0,23.936171821808784,10006.979590805839,9983.04341898403,0.3095078100823034,0.29,28.0,BREAK_LONG,STOP,2019-01-16 05:35:00,2019-01-16 05:40:00,2019-01-16 07:59:00,1290.678
2019-01-22 10:35:00,2019-01-22 10:40:00,2019-01-22 14:39:00,4063.0,20246.0,20485.0,4111.0,1.0,3.0,1280.0,1278.9511073612373,1290.0,7.215445843266013,0.19,1280.2525,1284.9985,3.0,-1.0,-1.0,-1.0,0.0,1.0,24.726460136492506,9983.04341898403,10073.217418984028,0.7897852775254113,0.29,48.0,REV_LONG,TIME,2019-01-22 15:35:00,2019-01-22 15:40:00,2019-01-22 19:39:00,1280.151
2019-01-24 05:50:00,2019-01-24 05:55:00,2019-01-24 08:54:00,4558.0,22711.0,22890.0,4594.0,-1.0,4.0,1280.0,1280.5378924299598,1270.0,9.634749152728201,0.48,1279.506,1280.5378924299598,1.0,1.0,1.0,1.0,1.0,0.0,49.53083663806683,10073.217418984028,10023.686582345961,0.470784859919668,0.29,36.0,REV_SHORT,STOP,2019-01-24 10:50:00,2019-01-24 10:55:00,2019-01-24 13:54:00,1279.692
2019-01-25 16:15:00,2019-01-25 16:20:00,2019-01-25 16:58:00,4959.0,24711.0,24749.0,4967.0,1.0,1.0,1300.0,1299.1703508473606,1310.0,1.9431200376458688,0.13,1302.891,1302.599,4.0,1.0,1.0,1.0,0.0,0.0,48.36843898431289,10023.686582345961,10019.890582345959,0.8296491526394142,0.29,8.0,BREAK_LONG,SESSION,2019-01-25 21:15:00,2019-01-25 21:20:00,2019-01-25 21:58:00,1302.705
2019-01-30 09:15:00,2019-01-30 09:20:00,2019-01-30 13:19:00,5703.0,28416.0,28655.0,5751.0,1.0,3.0,1310.0,1309.1541947933454,1320.0,4.5610809885796595,0.13,1311.062,1310.876,3.0,1.0,-1.0,-1.0,1.0,0.0,24.80146768650889,10019.890582345959,10017.47258234596,0.7536104133089647,0.29,48.0,REV_LONG,TIME,2019-01-30 14:15:00,2019-01-30 14:20:00,2019-01-30 18:19:00,1310.9595
2019-01-30 18:25:00,2019-01-30 18:30:00,2019-01-30 19:10:00,5801.0,28901.0,28941.0,5810.0,-1.0,4.0,1320.0,1320.8829274406453,1310.0,9.335875978286516,0.24,1319.8785,1320.8829274406453,1.0,-1.0,0.0,-1.0,0.0,1.0,24.10625857548621,10017.47258234596,9993.366323770473,0.5938548812907598,0.29,9.0,REV_SHORT,STOP,2019-01-30 23:25:00,2019-01-30 23:30:00,2019-01-31 00:10:00,1319.975
2019-01-30 23:40:00,2019-01-30 23:45:00,2019-01-31 00:30:00,5864.0,29216.0,29261.0,5874.0,-1.0,4.0,1320.0,1320.241134845791,1310.0,21.75125985368125,0.5,1319.7485,1320.254,1.0,-1.0,-1.0,-1.0,0.0,1.0,24.631742289557224,9993.366323770473,9968.091323770474,0.3012696915823176,0.29,10.0,REV_SHORT,STOP,2019-01-31 04:40:00,2019-01-31 04:45:00,2019-01-31 05:30:00,1319.936
2019-01-31 02:30:00,2019-01-31 02:35:00,2019-01-31 06:34:00,5898.0,29386.0,29625.0,5946.0,1.0,1.0,1320.0,1319.516014937663,1330.0,4.272347909928523,0.25,1321.463,1322.412,3.0,1.0,1.0,1.0,0.0,0.0,48.67462655842587,9968.091323770474,9991.816323770476,0.4839850623370713,0.29,48.0,BREAK_LONG,TIME,2019-01-31 07:30:00,2019-01-31 07:35:00,2019-01-31 11:34:00,1321.3595
2019-01-31 13:40:00,2019-01-31 13:45:00,2019-01-31 14:02:00,6032.0,30056.0,30073.0,6036.0,1.0,3.0,1320.0,1319.0010749025773,1330.0,8.19315811839486,0.21,1320.1515,1319.0010749025773,1.0,1.0,-1.0,-1.0,0.0,1.0,24.15892704587486,9991.816323770476,9967.6573967246,0.6788501948455239,0.29,4.0,REV_LONG,STOP,2019-01-31 18:40:00,2019-01-31 18:45:00,2019-01-31 19:02:00,1320.0525
2019-02-01 05:40:00,2019-02-01 05:45:00,2019-02-01 08:31:00,6212.0,30951.0,31117.0,6246.0,1.0,1.0,1320.0,1319.652344472374,1330.0,5.927738917200012,0.32,1321.187,1319.652344472374,1.0,1.0,1.0,1.0,0.0,0.0,49.10897688403202,9967.6573967246,9918.548419840568,0.34765552762617036,0.29,34.0,BREAK_LONG,STOP,2019-02-01 10:40:00,2019-02-01 10:45:00,2019-02-01 13:31:00,1321.001
2019-02-07 15:55:00,2019-02-07 16:00:00,2019-02-07 16:58:00,7439.0,37066.0,37124.0,7451.0,1.0,3.0,1310.0,1309.5291917265756,1320.0,13.58719362967351,0.32,1310.287,1310.0665,4.0,1.0,1.0,-1.0,1.0,1.0,24.24986474958132,9918.548419840568,9911.492419840564,0.394616546848681,0.29,12.0,REV_LONG,SESSION,2019-02-07 20:55:00,2019-02-07 21:00:00,2019-02-07 21:58:00,1310.102
2019-02-08 04:05:00,2019-02-08 04:10:00,2019-02-08 05:14:00,7573.0,37731.0,37795.0,7586.0,-1.0,4.0,1310.0,1310.3917363447274,1300.0,7.450377505131858,0.38,1309.121,1310.3917363447274,1.0,1.0,1.0,1.0,0.0,0.0,48.28798109963782,9911.492419840564,9863.204438740926,0.4614726894545718,0.29,13.0,REV_SHORT,STOP,2019-02-08 09:05:00,2019-02-08 09:10:00,2019-02-08 10:14:00,1309.307
2019-02-11 11:20:00,2019-02-11 11:25:00,2019-02-11 15:24:00,7936.0,39541.0,39780.0,7984.0,-1.0,4.0,1310.0,1310.7943853294362,1300.0,5.678101522489095,0.31,1309.2185,1309.094,3.0,1.0,1.0,1.0,0.0,0.0,48.85244521252321,9863.204438740926,9867.063938740923,0.7517706588725239,0.29,48.0,REV_SHORT,TIME,2019-02-11 16:20:00,2019-02-11 16:25:00,2019-02-11 20:24:00,1309.323
2019-02-12 01:40:00,2019-02-12 01:45:00,2019-02-12 05:44:00,8096.0,40336.0,40575.0,8144.0,1.0,1.0,1310.0,1309.6533880849204,1320.0,5.052023751014455,0.14,1311.404,1313.166,3.0,1.0,1.0,-1.0,0.0,0.0,24.508566811114633,9867.063938740923,9891.731938740922,0.34661191507954253,0.29,48.0,BREAK_LONG,TIME,2019-02-12 06:40:00,2019-02-12 06:45:00,2019-02-12 10:44:00,1311.218
2019-02-12 19:55:00,2019-02-12 20:00:00,2019-02-12 23:59:00,8303.0,41366.0,41605.0,8351.0,1.0,3.0,1310.0,1309.577907325616,1320.0,15.848069991715063,0.86,1310.1495,1313.0865000000001,3.0,-1.0,-1.0,1.0,0.0,0.0,49.15696999702095,9891.731938740922,10144.313938740934,0.38218534876786514,0.29,48.0,REV_LONG,TIME,2019-02-13 00:55:00,2019-02-13 01:00:00,2019-02-13 04:59:00,1310.0515
2019-02-14 08:55:00,2019-02-14 09:00:00,2019-02-14 10:07:00,8735.0,43521.0,43588.0,8749.0,1.0,1.0,1310.0,1308.8339806504248,1320.0,3.6264469980489915,0.1,1311.2955,1308.8339806504248,1.0,1.0,1.0,-1.0,0.0,0.0,24.615193495751555,10144.313938740934,10119.698745245183,1.1660193495752424,0.29,14.0,BREAK_LONG,STOP,2019-02-14 13:55:00,2019-02-14 14:00:00,2019-02-14 15:07:00,1311.1025
2019-02-19 19:50:00,2019-02-19 19:55:00,2019-02-19 19:56:00,9682.0,48236.0,48237.0,9683.0,-1.0,4.0,1340.0,1340.2469169025344,1330.0,14.987902428558781,0.42,1339.6515,1340.2469169025344,1.0,-1.0,1.0,-1.0,0.0,1.0,25.007509906447012,10119.698745245183,10094.691235338736,0.2718338050684145,0.29,1.0,REV_SHORT,STOP,2019-02-20 00:50:00,2019-02-20 00:55:00,2019-02-20 00:56:00,1339.751
2019-02-20 18:55:00,2019-02-20 19:00:00,2019-02-20 20:13:00,9947.0,49556.0,49629.0,9962.0,1.0,1.0,1340.0,1339.6112453442208,1350.0,8.821516359223848,0.45,1340.713,1339.6112453442208,1.0,1.0,1.0,1.0,0.0,0.0,49.57895951006094,10094.691235338736,10045.112275828675,0.3887546557791319,0.29,15.0,BREAK_LONG,STOP,2019-02-20 23:55:00,2019-02-21 00:00:00,2019-02-21 01:13:00,1340.524
2019-02-25 09:05:00,2019-02-25 09:10:00,2019-02-25 10:51:00,10669.0,53156.0,53257.0,10690.0,1.0,1.0,1330.0,1329.1523191645226,1340.0,5.210453916449618,0.29,1330.858,1329.1523191645226,1.0,1.0,1.0,1.0,0.0,0.0,49.46474422884239,10045.112275828675,9995.647531599832,0.8476808354774714,0.29,21.0,BREAK_LONG,STOP,2019-02-25 14:05:00,2019-02-25 14:10:00,2019-02-25 15:51:00,1330.754
2019-03-04 03:35:00,2019-03-04 03:40:00,2019-03-04 03:42:00,11983.0,59701.0,59703.0,11984.0,1.0,3.0,1290.0,1289.2709878434925,1300.0,7.610680161082906,0.19,1290.561,1289.2709878434925,1.0,-1.0,-1.0,-1.0,1.0,0.0,24.51023097364009,9995.647531599832,9971.137300626193,0.6510243130151323,0.29,1.0,REV_LONG,STOP,2019-03-04 08:35:00,2019-03-04 08:40:00,2019-03-04 08:42:00,1290.372
2019-03-13 19:25:00,2019-03-13 19:30:00,2019-03-13 19:46:00,14093.0,70211.0,70227.0,14097.0,1.0,1.0,1310.0,1309.7461527795338,1320.0,15.025461848524941,0.8300000000000001,1310.3419999999999,1309.714,1.0,1.0,1.0,1.0,0.0,0.0,49.45531929868731,9971.137300626193,9919.013300626199,0.25384722046616665,0.29,4.0,BREAK_LONG,STOP,2019-03-13 23:25:00,2019-03-13 23:30:00,2019-03-13 23:46:00,1310.241
2019-03-15 02:25:00,2019-03-15 02:30:00,2019-03-15 06:29:00,14453.0,72006.0,72245.0,14501.0,1.0,1.0,1300.0,1299.544613608609,1310.0,3.689804527275456,0.22,1301.731,1302.7605,3.0,1.0,1.0,1.0,0.0,0.0,48.10050061059974,9919.013300626199,9941.662300626202,0.45538639139096826,0.29,48.0,BREAK_LONG,TIME,2019-03-15 06:25:00,2019-03-15 06:30:00,2019-03-15 10:29:00,1301.629
2019-03-17 20:30:00,2019-03-17 20:35:00,2019-03-17 20:42:00,14658.0,73026.0,73033.0,14660.0,1.0,3.0,1300.0,1299.7236186817092,1310.0,13.395083685471914,0.74,1300.391,1299.7185,1.0,-1.0,-1.0,1.0,0.0,0.0,49.386217553521874,9941.662300626202,9891.897300626191,0.3447626365812727,0.29,2.0,REV_LONG,STOP,2019-03-18 00:30:00,2019-03-18 00:35:00,2019-03-18 00:42:00,1300.2925
2019-03-19 09:20:00,2019-03-19 09:25:00,2019-03-19 13:24:00,15088.0,75171.0,75410.0,15136.0,-1.0,4.0,1310.0,1311.2941043446722,1300.0,5.4003607260588895,0.13,1309.488,1306.5235,3.0,-1.0,-1.0,-1.0,1.0,1.0,23.47935648073758,9891.897300626191,9930.435800626192,0.693208689344585,0.29,48.0,REV_SHORT,TIME,2019-03-19 13:20:00,2019-03-19 13:25:00,2019-03-19 17:24:00,1309.6745
2019-03-22 02:30:00,2019-03-22 02:35:00,2019-03-22 04:46:00,15834.0,78886.0,79017.0,15861.0,1.0,1.0,1310.0,1309.632102408227,1320.0,5.48237664299609,0.15,1311.2735,1309.632102408227,1.0,1.0,1.0,-1.0,0.0,0.0,24.62096387659585,9930.435800626192,9905.814836749596,0.36789759177305303,0.29,27.0,BREAK_LONG,STOP,2019-03-22 06:30:00,2019-03-22 06:35:00,2019-03-22 08:46:00,1311.0865
2019-03-25 10:20:00,2019-03-25 10:25:00,2019-03-25 10:52:00,16204.0,80731.0,80758.0,16210.0,1.0,1.0,1320.0,1319.321467783309,1330.0,3.083518416535171,0.18,1321.977,1319.321467783309,1.0,1.0,1.0,1.0,0.0,0.0,47.799579900441586,9905.814836749596,9858.015256849154,0.678532216691013,0.29,6.0,BREAK_LONG,STOP,2019-03-25 14:20:00,2019-03-25 14:25:00,2019-03-25 14:52:00,1321.7915
2019-03-27 13:45:00,2019-03-27 13:50:00,2019-03-27 14:05:00,16797.0,83686.0,83701.0,16801.0,1.0,3.0,1310.0,1309.2643126354933,1320.0,11.135007003851602,0.29,1310.108,1309.2643126354933,1.0,-1.0,-1.0,-1.0,1.0,0.0,24.46693357069284,9858.015256849154,9833.54832327846,0.6983747290130415,0.29,4.0,REV_LONG,STOP,2019-03-27 17:45:00,2019-03-27 17:50:00,2019-03-27 18:05:00,1310.004
2019-03-27 21:50:00,2019-03-27 21:55:00,2019-03-27 22:57:00,16882.0,84106.0,84168.0,16895.0,-1.0,2.0,1310.0,1310.4757644173617,1300.0,3.59914306216795,0.21,1308.1580000000001,1310.495,1.0,1.0,1.0,1.0,0.0,0.0,48.67305276459274,9833.54832327846,9784.471323278465,0.47576441736174546,0.29,13.0,BREAK_SHORT,STOP,2019-03-28 01:50:00,2019-03-28 01:55:00,2019-03-28 02:57:00,1308.343
2019-03-28 04:10:00,2019-03-28 04:15:00,2019-03-28 08:14:00,16958.0,84486.0,84725.0,17006.0,-1.0,2.0,1310.0,1310.5131108402143,1300.0,10.339648275263928,0.55,1309.627,1303.924,3.0,1.0,1.0,1.0,0.0,0.0,48.736096211787306,9784.471323278465,10098.136323278464,0.5131108402142032,0.29,48.0,BREAK_SHORT,TIME,2019-03-28 08:10:00,2019-03-28 08:15:00,2019-03-28 12:14:00,1309.731
2019-03-28 23:40:00,2019-03-28 23:45:00,2019-03-29 01:36:00,17180.0,85591.0,85702.0,17203.0,-1.0,2.0,1290.0,1290.4417077016437,1280.0,6.993910683962783,0.38,1289.129,1290.4417077016437,1.0,1.0,1.0,1.0,0.0,0.0,49.882892662465565,10098.136323278464,10048.253430615998,0.4417077016438267,0.29,23.0,BREAK_SHORT,STOP,2019-03-29 03:40:00,2019-03-29 03:45:00,2019-03-29 05:36:00,1289.2805
2019-04-03 09:20:00,2019-04-03 09:25:00,2019-04-03 10:01:00,18124.0,90296.0,90332.0,18132.0,-1.0,2.0,1290.0,1290.9321218108046,1280.0,4.102217178821597,0.11,1288.8310000000001,1290.9321218108046,1.0,1.0,1.0,-1.0,0.0,1.0,23.112339918848875,10048.253430615998,10025.141090697149,0.9321218108045656,0.29,8.0,BREAK_SHORT,STOP,2019-04-03 13:20:00,2019-04-03 13:25:00,2019-04-03 14:01:00,1288.9345
2019-04-04 23:20:00,2019-04-04 23:25:00,2019-04-05 01:21:00,18556.0,92446.0,92562.0,18580.0,-1.0,2.0,1290.0,1290.255908805252,1280.0,10.034873725425033,0.56,1289.367,1290.264,1.0,1.0,1.0,1.0,0.0,0.0,49.77889309410967,10025.141090697149,9974.909090697152,0.2559088052520038,0.29,24.0,BREAK_SHORT,STOP,2019-04-05 03:20:00,2019-04-05 03:25:00,2019-04-05 05:21:00,1289.4715
2019-04-11 08:20:00,2019-04-11 08:25:00,2019-04-11 12:24:00,19768.0,98486.0,98725.0,19816.0,-1.0,2.0,1300.0,1300.743612233964,1290.0,4.433992086743052,0.24,1298.723,1293.4895,3.0,1.0,1.0,1.0,0.0,0.0,48.49469361513911,9974.909090697152,10100.513090697154,0.743612233964017,0.29,48.0,BREAK_SHORT,TIME,2019-04-11 12:20:00,2019-04-11 12:25:00,2019-04-11 16:24:00,1298.9115
2019-04-14 20:00:00,2019-04-14 20:05:00,2019-04-14 20:18:00,20172.0,100496.0,100509.0,20175.0,1.0,3.0,1290.0,1289.265096915071,1300.0,10.415214663760793,0.56,1290.1645,1289.265096915071,1.0,-1.0,-1.0,1.0,0.0,1.0,50.366572756034664,10100.513090697154,10050.146517941119,0.3588061698583801,0.29,3.0,REV_LONG,STOP,2019-04-15 00:00:00,2019-04-15 00:05:00,2019-04-15 00:18:00,1290.0605
2019-04-26 00:10:00,2019-04-26 00:15:00,2019-04-26 00:20:00,22706.0,113121.0,113126.0,22708.0,1.0,3.0,1280.0,1279.719498372395,1290.0,17.9501765607452,0.68,1280.0875,1279.719498372395,1.0,1.0,1.0,-1.0,0.0,1.0,25.024110677143657,10050.146517941119,10025.122407263974,0.277003255209921,0.29,2.0,REV_LONG,STOP,2019-04-26 04:10:00,2019-04-26 04:15:00,2019-04-26 04:20:00,1280.117
2019-04-29 16:20:00,2019-04-29 16:25:00,2019-04-29 16:58:00,23176.0,115466.0,115499.0,23183.0,-1.0,2.0,1280.0,1280.2272496469127,1270.0,16.625602533886592,0.43,1279.647,1280.074,4.0,1.0,1.0,-1.0,0.0,0.0,24.950734817248758,10025.122407263974,10006.761407263968,0.22724964691272198,0.29,7.0,BREAK_SHORT,SESSION,2019-04-29 20:20:00,2019-04-29 20:25:00,2019-04-29 20:58:00,1279.792
2019-05-01 00:20:00,2019-05-01 00:25:00,2019-05-01 00:41:00,23536.0,117256.0,117272.0,23540.0,1.0,3.0,1280.0,1279.5960260744328,1290.0,13.77891942827912,0.8,1280.2185,1279.5960260744328,1.0,-1.0,-1.0,1.0,1.0,1.0,49.79791404537537,10006.761407263968,9956.963493218593,0.28494785113435156,0.29,4.0,REV_LONG,STOP,2019-05-01 04:20:00,2019-05-01 04:25:00,2019-05-01 04:41:00,1280.155
2019-05-02 10:05:00,2019-05-02 10:10:00,2019-05-02 11:33:00,23929.0,119216.0,119299.0,23946.0,-1.0,4.0,1270.0,1270.9202300751247,1260.0,3.6603319883317886,0.2,1268.5365,1270.9202300751247,1.0,1.0,1.0,1.0,1.0,0.0,47.67460150249463,9956.963493218593,9909.288891716098,1.0704601502495394,0.29,17.0,REV_SHORT,STOP,2019-05-02 14:05:00,2019-05-02 14:10:00,2019-05-02 15:33:00,1268.722
2019-05-16 11:00:00,2019-05-16 11:05:00,2019-05-16 15:04:00,26700.0,133021.0,133260.0,26748.0,-1.0,2.0,1290.0,1290.9015322337882,1280.0,2.0987584846683314,0.13,1287.3425,1286.619,3.0,1.0,1.0,1.0,0.0,0.0,46.26741903924699,9909.288891716098,9918.694391716099,0.9015322337881148,0.29,48.0,BREAK_SHORT,TIME,2019-05-16 15:00:00,2019-05-16 15:05:00,2019-05-16 19:04:00,1287.5285
2019-06-05 23:05:00,2019-06-05 23:10:00,2019-06-06 03:09:00,30697.0,152931.0,153170.0,30745.0,1.0,1.0,1330.0,1329.5117780634116,1340.0,5.62042463518373,0.15,1331.137,1333.0330000000001,3.0,1.0,1.0,-1.0,0.0,0.0,24.37832904882498,9918.694391716099,9947.134391716101,0.4882219365883053,0.29,48.0,BREAK_LONG,TIME,2019-06-06 03:05:00,2019-06-06 03:10:00,2019-06-06 07:09:00,1330.951
2019-06-14 02:40:00,2019-06-14 02:45:00,2019-06-14 06:44:00,32396.0,161396.0,161635.0,32444.0,1.0,1.0,1350.0,1349.0953821866176,1360.0,1.3889443233149448,0.05,1353.7024999999999,1354.268,3.0,1.0,1.0,-1.0,0.0,0.0,23.03558906691137,9947.134391716101,9949.961891716102,0.9046178133823459,0.29,48.0,BREAK_LONG,TIME,2019-06-14 06:40:00,2019-06-14 06:45:00,2019-06-14 10:44:00,1353.515
2019-06-19 23:25:00,2019-06-19 23:30:00,2019-06-20 00:28:00,33461.0,166701.0,166759.0,33473.0,1.0,1.0,1380.0,1378.5018935563844,1390.0,3.025797592144386,0.17,1381.399,1378.4950000000001,1.0,1.0,1.0,1.0,0.0,0.0,49.25080954146324,9949.961891716102,9900.593891716106,1.498106443615528,0.29,12.0,BREAK_LONG,STOP,2019-06-20 03:25:00,2019-06-20 03:30:00,2019-06-20 04:28:00,1381.213
2019-06-20 01:40:00,2019-06-20 01:45:00,2019-06-20 04:38:00,33488.0,166836.0,167009.0,33523.0,1.0,1.0,1380.0,1379.1916038663287,1390.0,4.965240464292425,0.27,1380.9605,1379.1916038663287,1.0,1.0,1.0,1.0,0.0,0.0,47.760195609122555,9900.593891716106,9852.833696106984,0.8083961336713519,0.29,35.0,BREAK_LONG,STOP,2019-06-20 05:40:00,2019-06-20 05:45:00,2019-06-20 08:38:00,1380.8585
2019-06-20 12:20:00,2019-06-20 12:25:00,2019-06-20 13:25:00,33616.0,167476.0,167536.0,33629.0,-1.0,4.0,1390.0,1391.5613206130631,1380.0,3.6631002671251585,0.09,1389.041,1391.5613206130631,1.0,-1.0,-1.0,-1.0,1.0,0.0,22.682885517568593,9852.833696106984,9830.150810589415,1.4066412261264976,0.29,13.0,REV_SHORT,STOP,2019-06-20 16:20:00,2019-06-20 16:25:00,2019-06-20 17:25:00,1389.227
2019-06-21 10:25:00,2019-06-21 10:30:00,2019-06-21 14:29:00,33869.0,168736.0,168975.0,33917.0,1.0,3.0,1390.0,1388.227137627026,1400.0,2.402696727169118,0.14,1391.646,1397.3175,3.0,1.0,-1.0,1.0,0.0,0.0,47.86407322163587,9830.150810589415,9909.551810589417,2.1137247459482187,0.29,48.0,REV_LONG,TIME,2019-06-21 14:25:00,2019-06-21 14:30:00,2019-06-21 18:29:00,1391.542
2019-06-25 04:50:00,2019-06-25 04:55:00,2019-06-25 07:05:00,34354.0,171151.0,171281.0,34381.0,1.0,3.0,1430.0,1427.1296103676427,1440.0,2.921639992236146,0.15,1430.3715,1427.1296103676427,1.0,1.0,1.0,1.0,0.0,1.0,48.62834448535864,9909.551810589417,9860.92346610406,1.7667792647145557,0.29,27.0,REV_LONG,STOP,2019-06-25 08:50:00,2019-06-25 08:55:00,2019-06-25 11:05:00,1430.2665
2019-06-25 18:15:00,2019-06-25 18:20:00,2019-06-25 18:23:00,34503.0,171891.0,171894.0,34504.0,1.0,3.0,1420.0,1418.3395708939981,1430.0,4.51078439864864,0.11,1420.496,1418.3395708939981,1.0,1.0,0.0,-1.0,0.0,1.0,23.720720166021465,9860.92346610406,9837.202745938037,1.263858212003919,0.29,1.0,REV_LONG,STOP,2019-06-25 22:15:00,2019-06-25 22:20:00,2019-06-25 22:23:00,1420.3105
2019-06-25 23:05:00,2019-06-25 23:10:00,2019-06-26 03:09:00,34561.0,172181.0,172420.0,34609.0,-1.0,2.0,1410.0,1411.5582793637504,1400.0,2.038630335371029,0.13,1407.7965,1407.932,3.0,1.0,1.0,1.0,0.0,0.0,48.90313172875677,9837.202745938037,9835.441245938036,1.5582793637504557,0.29,48.0,BREAK_SHORT,TIME,2019-06-26 03:05:00,2019-06-26 03:10:00,2019-06-26 07:09:00,1407.8995
2019-06-26 08:35:00,2019-06-26 08:40:00,2019-06-26 08:46:00,34675.0,172751.0,172757.0,34677.0,-1.0,4.0,1410.0,1411.9124616054478,1400.0,4.222561211462778,0.21,1409.673,1411.9124616054478,1.0,1.0,1.0,1.0,0.0,0.0,47.028693714403516,9835.441245938036,9788.412552223634,1.7449232108955035,0.29,2.0,REV_SHORT,STOP,2019-06-26 12:35:00,2019-06-26 12:40:00,2019-06-26 12:46:00,1409.7765
2019-06-26 15:45:00,2019-06-26 15:50:00,2019-06-26 16:53:00,34761.0,173181.0,173244.0,34774.0,1.0,3.0,1410.0,1408.6167674578937,1420.0,5.522473233491015,0.13,1410.4035,1408.6167674578937,1.0,-1.0,-1.0,-1.0,0.0,1.0,23.227523047380146,9788.412552223634,9765.185029176253,0.8814650842122146,0.29,13.0,REV_LONG,STOP,2019-06-26 19:45:00,2019-06-26 19:50:00,2019-06-26 20:53:00,1410.217
2019-07-02 20:05:00,2019-07-02 20:10:00,2019-07-02 20:50:00,35905.0,178876.0,178916.0,35914.0,-1.0,4.0,1430.0,1433.5929379408292,1420.0,2.0879440200078654,0.1,1429.1475,1433.5929379408292,1.0,-1.0,-1.0,1.0,0.0,1.0,44.454379408291516,9765.185029176253,9720.730649767962,2.404875881658424,0.29,9.0,REV_SHORT,STOP,2019-07-03 00:05:00,2019-07-03 00:10:00,2019-07-03 00:50:00,1429.336
2019-07-03 10:20:00,2019-07-03 10:25:00,2019-07-03 14:24:00,36076.0,179731.0,179970.0,36124.0,-1.0,4.0,1420.0,1422.102585669731,1410.0,4.154235139605082,0.21,1419.7955,1417.801,3.0,-1.0,1.0,1.0,0.0,0.0,48.44879906435358,9720.730649767962,9762.615149767962,2.0461713394620307,0.29,48.0,REV_SHORT,TIME,2019-07-03 14:20:00,2019-07-03 14:25:00,2019-07-03 18:24:00,1419.8995
2019-07-04 20:15:00,2019-07-04 20:20:00,2019-07-05 00:19:00,36459.0,181636.0,181875.0,36507.0,-1.0,4.0,1420.0,1421.6872723346698,1410.0,2.0681115204861116,0.06,1417.919,1418.3695,3.0,-1.0,1.0,-1.0,0.0,0.0,22.60963400801847,9762.615149767962,9759.912149767963,0.6615446693397119,0.29,48.0,REV_SHORT,TIME,2019-07-05 00:15:00,2019-07-05 00:20:00,2019-07-05 04:19:00,1418.023
2019-07-05 10:00:00,2019-07-05 10:05:00,2019-07-05 11:37:00,36624.0,182461.0,182553.0,36643.0,1.0,3.0,1390.0,1385.2577446792707,1400.0,1.4630954789298833,0.04,1391.2835,1400.0,2.0,-1.0,-1.0,-1.0,1.0,1.0,24.103021282917325,9759.912149767963,9794.778149767963,2.704510641458382,0.29,19.0,REV_LONG,TARGET,2019-07-05 14:00:00,2019-07-05 14:05:00,2019-07-05 15:37:00,1391.098
2019-07-08 10:20:00,2019-07-08 10:25:00,2019-07-08 10:27:00,36904.0,183856.0,183858.0,36905.0,1.0,3.0,1400.0,1399.015063616118,1410.0,5.710667862260035,0.14,1400.6955,1399.015063616118,1.0,-1.0,-1.0,-1.0,0.0,0.0,23.526109374349748,9794.778149767963,9771.252040393612,1.1518727677638385,0.29,1.0,REV_LONG,STOP,2019-07-08 14:20:00,2019-07-08 14:25:00,2019-07-08 14:27:00,1400.507
2019-07-09 06:55:00,2019-07-09 07:00:00,2019-07-09 07:49:00,37139.0,185026.0,185075.0,37149.0,-1.0,4.0,1390.0,1391.5959916282247,1380.0,4.408599304012354,0.23,1389.4925,1391.5959916282247,1.0,1.0,1.0,1.0,1.0,1.0,48.3803074491675,9771.252040393612,9722.871732944444,0.9219832564494373,0.29,10.0,REV_SHORT,STOP,2019-07-09 10:55:00,2019-07-09 11:00:00,2019-07-09 11:49:00,1389.597
2019-07-11 02:25:00,2019-07-11 02:30:00,2019-07-11 06:29:00,37637.0,187506.0,187745.0,37685.0,1.0,3.0,1420.0,1419.0981058696345,1430.0,8.538848648106482,0.44,1420.196,1421.422,3.0,1.0,-1.0,1.0,0.0,0.0,48.30734173607652,9722.871732944444,9776.81573294445,0.7517882607309014,0.29,48.0,REV_LONG,TIME,2019-07-11 06:25:00,2019-07-11 06:30:00,2019-07-11 10:29:00,1420.096
2019-07-11 12:35:00,2019-07-11 12:40:00,2019-07-11 13:03:00,37759.0,188116.0,188139.0,37764.0,1.0,3.0,1410.0,1408.3905950789033,1420.0,4.130310519396763,0.21,1410.613,1408.3905950789033,1.0,-1.0,-1.0,1.0,1.0,1.0,46.670503343032124,9776.81573294445,9730.145229601418,1.163809842193555,0.29,5.0,REV_LONG,STOP,2019-07-11 16:35:00,2019-07-11 16:40:00,2019-07-11 17:03:00,1410.5085
2019-07-18 14:15:00,2019-07-18 14:20:00,2019-07-18 15:09:00,39159.0,195091.0,195140.0,39169.0,1.0,1.0,1430.0,1428.8412898535162,1440.0,1.9918437916694074,0.12,1432.6115,1440.0,2.0,1.0,1.0,1.0,0.0,1.0,45.24252175780566,9730.145229601418,9818.807229601418,1.1587101464839271,0.29,10.0,BREAK_LONG,TARGET,2019-07-18 18:15:00,2019-07-18 18:20:00,2019-07-18 19:09:00,1432.426
2019-07-19 09:50:00,2019-07-19 09:55:00,2019-07-19 10:44:00,39382.0,196201.0,196250.0,39392.0,-1.0,4.0,1440.0,1442.6516882260648,1430.0,2.9094413990404133,0.15,1439.4615000000001,1430.0,2.0,-1.0,1.0,1.0,0.0,1.0,47.8528233909708,9818.807229601418,9960.72972960142,1.570376452129409,0.29,10.0,REV_SHORT,TARGET,2019-07-19 13:50:00,2019-07-19 13:55:00,2019-07-19 14:44:00,1439.5605
2019-07-24 01:20:00,2019-07-24 01:25:00,2019-07-24 01:39:00,40108.0,199816.0,199830.0,40111.0,-1.0,2.0,1420.0,1420.3987671402717,1410.0,6.084752652485971,0.34,1418.974,1420.3987671402717,1.0,1.0,1.0,1.0,0.0,0.0,48.442082769241104,9960.72972960142,9912.28764683218,0.3987671402716958,0.29,3.0,BREAK_SHORT,STOP,2019-07-24 05:20:00,2019-07-24 05:25:00,2019-07-24 05:39:00,1419.076
2019-07-25 07:45:00,2019-07-25 07:50:00,2019-07-25 07:57:00,40461.0,201576.0,201583.0,40463.0,-1.0,4.0,1430.0,1433.6348941156464,1420.0,1.8006964497441653,0.1,1428.8075000000001,1433.6348941156464,1.0,-1.0,-1.0,1.0,1.0,0.0,48.27394115646258,9912.28764683218,9864.013705675716,0.997788231292696,0.29,2.0,REV_SHORT,STOP,2019-07-25 11:45:00,2019-07-25 11:50:00,2019-07-25 11:57:00,1428.9115
2019-07-25 09:50:00,2019-07-25 09:55:00,2019-07-25 10:40:00,40486.0,201701.0,201746.0,40496.0,-1.0,2.0,1420.0,1422.2237767414301,1410.0,1.9050440393079677,0.05,1417.974,1422.2237767414301,1.0,1.0,1.0,-1.0,0.0,0.0,21.24888370715098,9864.013705675716,9842.764821968565,2.223776741430089,0.29,10.0,BREAK_SHORT,STOP,2019-07-25 13:50:00,2019-07-25 13:55:00,2019-07-25 14:40:00,1418.161
2019-07-26 08:00:00,2019-07-26 08:05:00,2019-07-26 08:15:00,40740.0,202966.0,202976.0,40743.0,1.0,1.0,1420.0,1419.4585044755174,1430.0,6.240060389765287,0.17,1420.874,1419.4585044755174,1.0,1.0,1.0,-1.0,0.0,0.0,24.0634239162041,9842.764821968565,9818.70139805236,0.5414955244824681,0.29,3.0,BREAK_LONG,STOP,2019-07-26 12:00:00,2019-07-26 12:05:00,2019-07-26 12:15:00,1420.7695
2019-07-31 01:30:00,2019-07-31 01:35:00,2019-07-31 05:34:00,41490.0,206701.0,206940.0,41538.0,1.0,1.0,1430.0,1429.662781362252,1440.0,8.069974198345156,0.41000000000000003,1430.844,1430.633,3.0,1.0,1.0,1.0,0.0,0.0,48.429964147671626,9818.70139805236,9810.05039805236,0.33721863774794436,0.29,48.0,BREAK_LONG,TIME,2019-07-31 05:30:00,2019-07-31 05:35:00,2019-07-31 09:34:00,1430.6575
2019-07-31 08:35:00,2019-07-31 08:40:00,2019-07-31 09:55:00,41575.0,207126.0,207201.0,41591.0,1.0,3.0,1430.0,1428.7854091916358,1440.0,4.237793168115119,0.11,1430.9669999999999,1428.7854091916358,1.0,1.0,1.0,-1.0,0.0,1.0,23.997498892004387,9810.05039805236,9786.052899160357,0.7281816167282783,0.29,16.0,REV_LONG,STOP,2019-07-31 12:35:00,2019-07-31 12:40:00,2019-07-31 13:55:00,1430.7815
2019-08-04 21:55:00,2019-08-04 22:00:00,2019-08-04 22:54:00,42275.0,210611.0,210665.0,42286.0,-1.0,4.0,1450.0,1452.0253345665221,1440.0,3.536433438130291,0.09,1449.3305,1452.0253345665221,1.0,-1.0,-1.0,-1.0,1.0,1.0,24.253511098698937,9786.052899160357,9761.799388061658,1.8806691330441005,0.29,11.0,REV_SHORT,STOP,2019-08-05 01:55:00,2019-08-05 02:00:00,2019-08-05 02:54:00,1449.5195
2019-08-06 00:15:00,2019-08-06 00:20:00,2019-08-06 04:19:00,42579.0,212126.0,212365.0,42627.0,1.0,3.0,1460.0,1455.6835841927575,1470.0,2.158323784520399,0.1,1460.1675,1462.099,3.0,1.0,-1.0,1.0,1.0,1.0,44.839158072425114,9761.799388061658,9781.114388061656,1.6068316144852082,0.29,48.0,REV_LONG,TIME,2019-08-06 04:15:00,2019-08-06 04:20:00,2019-08-06 08:19:00,1460.0715
2019-08-07 03:25:00,2019-08-07 03:30:00,2019-08-07 07:21:00,42893.0,213691.0,213922.0,42940.0,-1.0,4.0,1490.0,1491.774764629667,1480.0,3.0753500073214854,0.08,1488.845,1491.774764629667,1.0,-1.0,-1.0,-1.0,1.0,1.0,23.43811703733627,9781.114388061656,9757.67627102432,1.567529259334301,0.29,47.0,REV_SHORT,STOP,2019-08-07 07:25:00,2019-08-07 07:30:00,2019-08-07 11:21:00,1489.0305
2019-08-07 20:05:00,2019-08-07 20:10:00,2019-08-07 21:23:00,43081.0,214626.0,214699.0,43096.0,1.0,1.0,1500.0,1498.629796833646,1510.0,1.6761585173555655,0.11,1502.9189999999999,1498.629796833646,1.0,1.0,1.0,1.0,0.0,0.0,47.1812348298929,9757.67627102432,9710.495036194427,1.3702031663541043,0.29,15.0,BREAK_LONG,STOP,2019-08-08 00:05:00,2019-08-08 00:10:00,2019-08-08 01:23:00,1502.7335
2019-08-08 01:40:00,2019-08-08 01:45:00,2019-08-08 02:41:00,43148.0,214961.0,215017.0,43160.0,1.0,3.0,1500.0,1498.627606729255,1510.0,3.7466193129747922,0.2,1500.9825,1498.627606729255,1.0,1.0,1.0,1.0,0.0,1.0,47.097865414903026,9710.495036194427,9663.397170779524,0.9337865414898784,0.29,12.0,REV_LONG,STOP,2019-08-08 05:40:00,2019-08-08 05:45:00,2019-08-08 06:41:00,1500.8785
2019-08-08 08:00:00,2019-08-08 08:05:00,2019-08-08 12:04:00,43224.0,215341.0,215580.0,43272.0,-1.0,4.0,1500.0,1501.8510027930897,1490.0,1.5929319660427195,0.1,1497.237,1497.831,3.0,-1.0,1.0,1.0,0.0,0.0,46.1400279308964,9663.397170779524,9657.457170779526,1.2640055861793904,0.29,48.0,REV_SHORT,TIME,2019-08-08 12:00:00,2019-08-08 12:05:00,2019-08-08 16:04:00,1497.4255
2019-08-08 13:55:00,2019-08-08 14:00:00,2019-08-08 16:58:00,43295.0,215696.0,215874.0,43331.0,1.0,1.0,1500.0,1498.494611619533,1510.0,1.7319703957561707,0.11,1502.6615,1500.8595,4.0,1.0,1.0,1.0,0.0,1.0,45.83577218513528,9657.457170779526,9637.635170779527,1.505388380467,0.29,36.0,BREAK_LONG,SESSION,2019-08-08 17:55:00,2019-08-08 18:00:00,2019-08-08 20:58:00,1502.561
2019-08-08 21:05:00,2019-08-08 21:10:00,2019-08-09 01:09:00,43369.0,216061.0,216300.0,43417.0,1.0,3.0,1500.0,1498.3672323143085,1510.0,1.850981499690494,0.11,1502.4025,1506.3425,3.0,1.0,-1.0,1.0,0.0,0.0,44.387944542605965,9637.635170779527,9680.975170779528,1.6405353713831592,0.29,48.0,REV_LONG,TIME,2019-08-09 01:05:00,2019-08-09 01:10:00,2019-08-09 05:09:00,1502.3025
2019-08-12 03:35:00,2019-08-12 03:40:00,2019-08-12 04:51:00,43723.0,217826.0,217897.0,43738.0,1.0,3.0,1490.0,1488.012132891386,1500.0,4.219225380369569,0.21,1490.258,1500.0,2.0,-1.0,-1.0,1.0,1.0,0.0,47.16320928089385,9680.975170779528,9885.557170779526,1.2237342172280559,0.29,15.0,REV_LONG,TARGET,2019-08-12 07:35:00,2019-08-12 07:40:00,2019-08-12 08:51:00,1490.164
2019-08-13 14:30:00,2019-08-13 14:35:00,2019-08-13 16:58:00,44130.0,219856.0,219999.0,44159.0,1.0,3.0,1500.0,1497.0110204629518,1510.0,2.901790140940851,0.07,1500.383,1501.3525,4.0,-1.0,-1.0,-1.0,1.0,1.0,23.603856759337535,9885.557170779526,9892.343670779526,1.9579590740965853,0.29,29.0,REV_LONG,SESSION,2019-08-13 18:30:00,2019-08-13 18:35:00,2019-08-13 20:58:00,1500.195
2019-08-14 00:30:00,2019-08-14 00:35:00,2019-08-14 00:50:00,44238.0,220391.0,220406.0,44242.0,1.0,3.0,1500.0,1498.4775642730062,1510.0,4.838769192927431,0.12,1500.4095,1498.4775642730062,1.0,-1.0,-1.0,-1.0,0.0,1.0,23.183228723924913,9892.343670779526,9869.160442055601,0.9568714539873793,0.29,4.0,REV_LONG,STOP,2019-08-14 04:30:00,2019-08-14 04:35:00,2019-08-14 04:50:00,1500.306
2019-08-19 14:00:00,2019-08-19 14:05:00,2019-08-19 16:58:00,45228.0,225326.0,225499.0,45263.0,-1.0,2.0,1500.0,1500.9337398011762,1490.0,2.934075712556077,0.17,1498.114,1496.144,4.0,1.0,1.0,1.0,0.0,0.0,47.935576619995125,9869.160442055601,9902.650442055601,0.9337398011761437,0.29,35.0,BREAK_SHORT,SESSION,2019-08-19 18:00:00,2019-08-19 18:05:00,2019-08-19 20:58:00,1498.2995
2019-08-21 02:55:00,2019-08-21 03:00:00,2019-08-21 03:03:00,45647.0,227411.0,227414.0,45648.0,1.0,3.0,1500.0,1499.1379339354894,1510.0,9.005900533936389,0.43,1500.2655,1499.1379339354894,1.0,-1.0,-1.0,1.0,1.0,0.0,48.485340773954704,9902.650442055601,9854.165101281647,0.80813212902119,0.29,1.0,REV_LONG,STOP,2019-08-21 06:55:00,2019-08-21 07:00:00,2019-08-21 07:03:00,1500.0785
2019-08-22 03:35:00,2019-08-22 03:40:00,2019-08-22 07:39:00,45931.0,228826.0,229065.0,45979.0,-1.0,2.0,1500.0,1500.7890262421304,1490.0,2.654167772729423,0.16,1497.789,1493.9345,3.0,1.0,1.0,1.0,0.0,0.0,48.00041987408622,9854.165101281647,9915.837101281646,0.7890262421303132,0.29,48.0,BREAK_SHORT,TIME,2019-08-22 07:35:00,2019-08-22 07:40:00,2019-08-22 11:39:00,1497.9815
2019-08-22 10:00:00,2019-08-22 10:05:00,2019-08-22 10:20:00,46008.0,229211.0,229226.0,46012.0,1.0,1.0,1500.0,1498.4802826711004,1510.0,2.085321226579007,0.13,1502.2555,1498.4802826711004,1.0,1.0,1.0,1.0,0.0,0.0,49.07782527569407,9915.837101281646,9866.759276005952,1.5197173288994625,0.29,4.0,BREAK_LONG,STOP,2019-08-22 14:00:00,2019-08-22 14:05:00,2019-08-22 14:20:00,1502.069
2019-08-23 10:40:00,2019-08-23 10:45:00,2019-08-23 11:00:00,46292.0,230626.0,230641.0,46296.0,1.0,1.0,1510.0,1507.7216091799517,1520.0,1.111361248107167,0.04,1513.4955,1520.0,2.0,1.0,1.0,-1.0,0.0,0.0,23.095563280193346,9866.759276005952,9892.777276005952,2.278390820048251,0.29,4.0,BREAK_LONG,TARGET,2019-08-23 14:40:00,2019-08-23 14:45:00,2019-08-23 15:00:00,1513.392
2019-08-28 03:25:00,2019-08-28 03:30:00,2019-08-28 07:29:00,47033.0,234316.0,234555.0,47081.0,1.0,1.0,1540.0,1538.9998424781952,1550.0,3.839153211463964,0.1,1541.3195,1544.045,3.0,1.0,1.0,-1.0,0.0,0.0,23.196575218048565,9892.777276005952,9920.032276005953,1.0001575218048717,0.29,48.0,BREAK_LONG,TIME,2019-08-28 07:25:00,2019-08-28 07:30:00,2019-08-28 11:29:00,1541.128
2019-08-28 21:35:00,2019-08-28 21:40:00,2019-08-29 01:39:00,47239.0,235341.0,235580.0,47287.0,1.0,1.0,1540.0,1539.184583396318,1550.0,2.5944554230738,0.08,1542.234,1543.517,3.0,1.0,1.0,-1.0,0.0,1.0,24.395332829455583,9920.032276005953,9930.296276005954,0.8154166036820973,0.29,48.0,BREAK_LONG,TIME,2019-08-29 01:35:00,2019-08-29 01:40:00,2019-08-29 05:39:00,1542.0485
2019-08-29 03:00:00,2019-08-29 03:05:00,2019-08-29 04:01:00,47304.0,235666.0,235722.0,47316.0,-1.0,4.0,1550.0,1550.9596924224566,1540.0,3.6662953044289814,0.21,1548.6535000000001,1540.0,2.0,-1.0,-1.0,1.0,1.0,0.0,48.430040871585106,9930.296276005954,10112.019776005956,1.1153848449128558,0.29,12.0,REV_SHORT,TARGET,2019-08-29 07:00:00,2019-08-29 07:05:00,2019-08-29 08:01:00,1548.756
2019-09-02 12:50:00,2019-09-02 12:55:00,2019-09-02 16:54:00,47974.0,239006.0,239245.0,48022.0,-1.0,4.0,1530.0,1531.889821875755,1520.0,3.302727807453455,0.18,1529.1680000000001,1529.3325,3.0,-1.0,-1.0,1.0,0.0,1.0,48.992793763586626,10112.019776005956,10109.058776005959,1.0356437515095207,0.29,48.0,REV_SHORT,TIME,2019-09-02 16:50:00,2019-09-02 16:55:00,2019-09-02 20:54:00,1529.2715
2019-09-03 04:15:00,2019-09-03 04:20:00,2019-09-03 08:19:00,48147.0,239866.0,240105.0,48195.0,1.0,1.0,1530.0,1528.7256296088276,1540.0,3.6189959253661246,0.1,1531.2069999999999,1532.5335,3.0,1.0,1.0,-1.0,0.0,0.0,24.81370391172277,10109.058776005959,10122.32377600596,1.274370391172368,0.29,48.0,BREAK_LONG,TIME,2019-09-03 08:15:00,2019-09-03 08:20:00,2019-09-03 12:19:00,1531.0215
2019-09-04 13:30:00,2019-09-04 13:35:00,2019-09-04 16:58:00,48534.0,241796.0,241999.0,48575.0,1.0,1.0,1550.0,1548.7366923598586,1560.0,2.4674387059137475,0.15,1551.94,1552.3025,4.0,1.0,1.0,1.0,0.0,0.0,48.04961460212211,10122.32377600596,10127.76127600596,1.2633076401413315,0.29,41.0,BREAK_LONG,SESSION,2019-09-04 17:30:00,2019-09-04 17:35:00,2019-09-04 20:58:00,1551.84
2019-09-05 06:15:00,2019-09-05 06:20:00,2019-09-05 06:35:00,48723.0,242736.0,242751.0,48727.0,1.0,3.0,1540.0,1538.3854842526746,1550.0,4.501861254251983,0.23,1540.537,1538.3854842526746,1.0,-1.0,-1.0,1.0,1.0,1.0,49.484862188485295,10127.76127600596,10078.276413817475,1.1310314946507873,0.29,4.0,REV_LONG,STOP,2019-09-05 10:15:00,2019-09-05 10:20:00,2019-09-05 10:35:00,1540.3515
2019-09-05 14:15:00,2019-09-05 14:20:00,2019-09-05 16:58:00,48819.0,243216.0,243374.0,48851.0,-1.0,4.0,1520.0,1521.9310403879704,1510.0,4.4615792198994715,0.11,1519.787,1519.0919999999999,4.0,1.0,1.0,-1.0,1.0,1.0,23.58444426767369,10078.276413817475,10085.921413817478,1.5100807759408896,0.29,32.0,REV_SHORT,SESSION,2019-09-05 18:15:00,2019-09-05 18:20:00,2019-09-05 20:58:00,1519.8915
2019-09-06 03:00:00,2019-09-06 03:05:00,2019-09-06 03:18:00,48960.0,243916.0,243929.0,48963.0,-1.0,2.0,1510.0,1511.7652293985652,1500.0,4.018804646749262,0.1,1509.365,1511.7652293985652,1.0,1.0,1.0,-1.0,0.0,1.0,24.00229398565216,10085.921413817478,10061.919119831826,1.7652293985651686,0.29,3.0,BREAK_SHORT,STOP,2019-09-06 07:00:00,2019-09-06 07:05:00,2019-09-06 07:18:00,1509.566
2019-09-06 13:30:00,2019-09-06 13:35:00,2019-09-06 16:58:00,49086.0,244546.0,244749.0,49127.0,1.0,3.0,1510.0,1503.3026660299558,1520.0,1.2828235678638835,0.06,1510.5705,1506.2285,4.0,-1.0,-1.0,1.0,0.0,1.0,43.60700382026516,10061.919119831826,10035.867119831826,3.2276679400885957,0.29,41.0,REV_LONG,SESSION,2019-09-06 17:30:00,2019-09-06 17:35:00,2019-09-06 20:58:00,1510.472
2019-09-08 21:30:00,2019-09-08 21:35:00,2019-09-08 21:56:00,49170.0,244961.0,244982.0,49175.0,-1.0,4.0,1510.0,1512.7391052107575,1500.0,2.6668737525021666,0.14,1509.3125,1512.7391052107575,1.0,1.0,-1.0,1.0,0.0,1.0,47.972472950605614,10035.867119831826,9987.894646881221,1.2762104215148224,0.29,5.0,REV_SHORT,STOP,2019-09-09 01:30:00,2019-09-09 01:35:00,2019-09-09 01:56:00,1509.41
2019-09-09 09:30:00,2019-09-09 09:35:00,2019-09-09 10:11:00,49314.0,245681.0,245717.0,49322.0,1.0,3.0,1510.0,1508.1062297190958,1520.0,3.483528169220206,0.18,1510.8015,1508.1062297190958,1.0,-1.0,1.0,1.0,0.0,0.0,48.51486505627554,9987.894646881221,9939.379781824946,1.3255405618082197,0.29,8.0,REV_LONG,STOP,2019-09-09 13:30:00,2019-09-09 13:35:00,2019-09-09 14:11:00,1510.614
2019-09-09 21:15:00,2019-09-09 21:20:00,2019-09-09 21:24:00,49443.0,246321.0,246325.0,49444.0,1.0,3.0,1490.0,1488.4864647306367,1500.0,5.865410334354698,0.28,1490.205,1488.4864647306367,1.0,-1.0,-1.0,1.0,1.0,0.0,48.11898754216964,9939.379781824946,9891.260794282776,1.3010705387264276,0.29,1.0,REV_LONG,STOP,2019-09-10 01:15:00,2019-09-10 01:20:00,2019-09-10 01:24:00,1490.0185
2019-09-12 03:10:00,2019-09-12 03:15:00,2019-09-12 07:14:00,50066.0,249426.0,249665.0,50114.0,1.0,1.0,1500.0,1498.9158699883124,1510.0,3.066630453934844,0.08,1501.691,1502.6915,3.0,1.0,1.0,-1.0,0.0,0.0,22.201040093501433,9891.260794282776,9899.264794282775,1.0841300116875652,0.29,48.0,BREAK_LONG,TIME,2019-09-12 07:10:00,2019-09-12 07:15:00,2019-09-12 11:14:00,1501.4965
2019-09-12 08:05:00,2019-09-12 08:10:00,2019-09-12 08:37:00,50125.0,249721.0,249748.0,50131.0,1.0,1.0,1510.0,1508.6923507652975,1520.0,1.7203761001286422,0.05,1512.8905,1520.0,2.0,1.0,1.0,-1.0,0.0,0.0,20.99074617351221,9899.264794282775,9934.812294282776,1.3076492347024975,0.29,6.0,BREAK_LONG,TARGET,2019-09-12 12:05:00,2019-09-12 12:10:00,2019-09-12 12:37:00,1512.704
2019-09-13 11:55:00,2019-09-13 12:00:00,2019-09-13 12:41:00,50447.0,251326.0,251367.0,50456.0,1.0,3.0,1490.0,1488.3928608781878,1500.0,3.878713907647036,0.21,1490.7314999999999,1488.3928608781878,1.0,-1.0,-1.0,1.0,1.0,0.0,49.111421558053955,9934.812294282776,9885.700872724721,1.9252782436241456,0.29,9.0,REV_LONG,STOP,2019-09-13 15:55:00,2019-09-13 16:00:00,2019-09-13 16:41:00,1490.627
2019-09-18 11:45:00,2019-09-18 11:50:00,2019-09-18 13:57:00,51273.0,255441.0,255568.0,51299.0,-1.0,4.0,1510.0,1511.572475174498,1500.0,4.0634875861382165,0.1,1509.2465,1511.572475174498,1.0,-1.0,-1.0,-1.0,1.0,1.0,23.259751744981262,9885.700872724721,9862.44112097974,1.0089503489962173,0.29,26.0,REV_SHORT,STOP,2019-09-18 15:45:00,2019-09-18 15:50:00,2019-09-18 17:57:00,1509.432
2019-09-19 20:10:00,2019-09-19 20:15:00,2019-09-19 21:01:00,51638.0,257256.0,257302.0,51648.0,-1.0,4.0,1500.0,1500.7018958494261,1490.0,9.80567518091696,0.22,1499.6265,1500.7018958494261,1.0,-1.0,-1.0,-1.0,0.0,1.0,23.65870868737329,9862.44112097974,9838.782412292367,0.42379169885247797,0.29,10.0,REV_SHORT,STOP,2019-09-20 00:10:00,2019-09-20 00:15:00,2019-09-20 01:01:00,1499.8565
2019-09-23 09:10:00,2019-09-23 09:15:00,2019-09-23 10:00:00,52070.0,259411.0,259456.0,52080.0,-1.0,4.0,1520.0,1522.3911504227885,1510.0,3.612977113144931,0.18,1519.664,1522.3911504227885,1.0,-1.0,-1.0,1.0,1.0,1.0,49.08870761019398,9838.782412292367,9789.693704682173,1.1613008455771956,0.29,10.0,REV_SHORT,STOP,2019-09-23 13:10:00,2019-09-23 13:15:00,2019-09-23 14:00:00,1519.85
2019-09-24 23:50:00,2019-09-24 23:55:00,2019-09-25 03:14:00,52510.0,261601.0,261800.0,52550.0,-1.0,4.0,1530.0,1530.506479844572,1520.0,7.847712146524041,0.42,1529.3595,1530.506479844572,1.0,-1.0,1.0,1.0,0.0,0.0,48.173153472019294,9789.693704682173,9741.520551210153,0.6289596891440198,0.29,40.0,REV_SHORT,STOP,2019-09-25 03:50:00,2019-09-25 03:55:00,2019-09-25 07:14:00,1529.464
2019-09-25 10:00:00,2019-09-25 10:05:00,2019-09-25 10:45:00,52632.0,262211.0,262251.0,52641.0,-1.0,4.0,1530.0,1531.2260897933302,1520.0,3.110479933961442,0.17,1528.455,1520.0,2.0,-1.0,1.0,1.0,0.0,0.0,47.10852648661421,9741.520551210153,9885.255551210152,1.3891795866601324,0.29,9.0,REV_SHORT,TARGET,2019-09-25 14:00:00,2019-09-25 14:05:00,2019-09-25 14:45:00,1528.64
2019-09-30 02:35:00,2019-09-30 02:40:00,2019-09-30 02:49:00,53371.0,265891.0,265900.0,53373.0,-1.0,2.0,1490.0,1490.9064649977508,1480.0,4.890721677698611,0.26,1489.0115,1490.9064649977508,1.0,1.0,1.0,1.0,0.0,0.0,49.26908994152018,9885.255551210152,9835.986461268632,0.9064649977509004,0.29,2.0,BREAK_SHORT,STOP,2019-09-30 06:35:00,2019-09-30 06:40:00,2019-09-30 06:49:00,1489.2
2019-09-30 11:45:00,2019-09-30 11:50:00,2019-09-30 13:38:00,53481.0,266441.0,266549.0,53503.0,1.0,3.0,1470.0,1465.1428391160453,1480.0,1.8778107293721487,0.04,1470.2635,1465.1428391160453,1.0,-1.0,-1.0,-1.0,1.0,1.0,20.48264353581908,9835.986461268632,9815.503817732813,2.273321767909825,0.29,22.0,REV_LONG,STOP,2019-09-30 15:45:00,2019-09-30 15:50:00,2019-09-30 17:38:00,1470.1605
2019-10-01 03:45:00,2019-10-01 03:50:00,2019-10-01 06:52:00,53661.0,267336.0,267518.0,53698.0,1.0,3.0,1460.0,1458.561817289863,1470.0,5.873153194336584,0.15,1460.183,1470.0,2.0,-1.0,-1.0,-1.0,1.0,0.0,24.317740652054454,9815.503817732813,9962.758817732814,1.3063654202737447,0.29,37.0,REV_LONG,TARGET,2019-10-01 07:45:00,2019-10-01 07:50:00,2019-10-01 10:52:00,1460.081
2019-10-01 14:35:00,2019-10-01 14:40:00,2019-10-01 14:44:00,53791.0,267986.0,267990.0,53792.0,1.0,3.0,1480.0,1478.3637304138729,1490.0,4.899938663545816,0.24,1480.376,1478.3637304138729,1.0,1.0,1.0,1.0,1.0,1.0,48.29447006705049,9962.758817732814,9914.464347665764,1.3065391722541366,0.29,1.0,REV_LONG,STOP,2019-10-01 18:35:00,2019-10-01 18:40:00,2019-10-01 18:44:00,1480.191
2019-10-02 03:30:00,2019-10-02 03:35:00,2019-10-02 04:20:00,53934.0,268696.0,268741.0,53944.0,1.0,1.0,1480.0,1478.7544348083889,1490.0,1.6481555525925156,0.11,1482.9605,1478.7544348083889,1.0,1.0,1.0,1.0,0.0,0.0,46.26671710772166,9914.464347665764,9868.197630558043,1.2455651916111872,0.29,10.0,BREAK_LONG,STOP,2019-10-02 07:30:00,2019-10-02 07:35:00,2019-10-02 08:20:00,1482.856
2019-10-02 11:45:00,2019-10-02 11:50:00,2019-10-02 11:54:00,54033.0,269191.0,269195.0,54034.0,1.0,1.0,1500.0,1498.0628946552426,1510.0,3.8463641111269173,0.19,1500.566,1498.0628946552426,1.0,1.0,1.0,1.0,0.0,1.0,47.55900155039035,9868.197630558043,9820.638629007652,1.9371053447574094,0.29,1.0,BREAK_LONG,STOP,2019-10-02 15:45:00,2019-10-02 15:50:00,2019-10-02 15:54:00,1500.381
2019-10-03 09:35:00,2019-10-03 09:40:00,2019-10-03 10:01:00,54283.0,270436.0,270457.0,54288.0,1.0,3.0,1500.0,1497.5266936633982,1510.0,1.7874516567512138,0.11,1501.961,1510.0,2.0,1.0,1.0,1.0,0.0,1.0,48.777369702620035,9820.638629007652,9909.067629007652,1.6496126732037129,0.29,5.0,REV_LONG,TARGET,2019-10-03 13:35:00,2019-10-03 13:40:00,2019-10-03 14:01:00,1501.8565
2019-10-07 08:15:00,2019-10-07 08:20:00,2019-10-07 09:44:00,54819.0,273106.0,273190.0,54836.0,-1.0,4.0,1500.0,1500.7126255159421,1490.0,5.374189499280684,0.15,1499.0720000000001,1500.7126255159421,1.0,1.0,1.0,-1.0,1.0,0.0,24.609382739130297,9909.067629007652,9884.458246268521,0.8082510318840963,0.29,17.0,REV_SHORT,STOP,2019-10-07 12:15:00,2019-10-07 12:20:00,2019-10-07 13:44:00,1499.177
2019-10-08 13:00:00,2019-10-08 13:05:00,2019-10-08 13:21:00,55152.0,274766.0,274782.0,55156.0,1.0,3.0,1500.0,1498.967497999923,1510.0,7.936803666083904,0.2,1500.161,1498.967497999923,1.0,1.0,1.0,-1.0,0.0,0.0,23.870040001543202,9884.458246268521,9860.588206266977,1.1550040001543178,0.29,4.0,REV_LONG,STOP,2019-10-08 17:00:00,2019-10-08 17:05:00,2019-10-08 17:21:00,1500.057
2019-10-14 04:00:00,2019-10-14 04:05:00,2019-10-14 05:04:00,56148.0,279726.0,279785.0,56160.0,-1.0,4.0,1490.0,1490.9852261302174,1480.0,7.52079078506135,0.18,1489.654,1490.9852261302174,1.0,1.0,-1.0,-1.0,0.0,0.0,23.96207034391273,9860.588206266977,9836.626135923065,0.7684522604343501,0.29,12.0,REV_SHORT,STOP,2019-10-14 08:00:00,2019-10-14 08:05:00,2019-10-14 09:04:00,1489.841
2019-10-15 02:45:00,2019-10-15 02:50:00,2019-10-15 06:49:00,56409.0,281026.0,281265.0,56457.0,1.0,3.0,1490.0,1488.5282935135026,1500.0,4.702475268383218,0.23,1490.5835,1496.5695,3.0,-1.0,-1.0,1.0,1.0,1.0,47.26974918943915,9836.626135923065,9974.304135923066,0.7554129729947512,0.29,48.0,REV_LONG,TIME,2019-10-15 06:45:00,2019-10-15 06:50:00,2019-10-15 10:49:00,1490.395
2019-10-15 09:25:00,2019-10-15 09:30:00,2019-10-15 10:39:00,56489.0,281426.0,281495.0,56503.0,-1.0,2.0,1490.0,1491.1846628724084,1480.0,2.8652266575543477,0.16,1488.249,1480.0,2.0,1.0,1.0,1.0,0.0,0.0,46.97060595853327,9974.304135923066,10106.288135923067,1.1846628724082933,0.29,14.0,BREAK_SHORT,TARGET,2019-10-15 13:25:00,2019-10-15 13:30:00,2019-10-15 14:39:00,1488.436
2019-10-16 02:20:00,2019-10-16 02:25:00,2019-10-16 02:29:00,56680.0,282376.0,282380.0,56681.0,1.0,3.0,1480.0,1479.2636346811798,1490.0,6.834673843076786,0.37,1480.5935,1479.2636346811798,1.0,-1.0,-1.0,1.0,0.0,0.0,49.205016796344125,10106.288135923067,10057.083119126723,0.6667306376401461,0.29,1.0,REV_LONG,STOP,2019-10-16 06:20:00,2019-10-16 06:25:00,2019-10-16 06:29:00,1480.489
2019-10-16 13:40:00,2019-10-16 13:45:00,2019-10-16 16:58:00,56816.0,283056.0,283249.0,56855.0,-1.0,4.0,1490.0,1491.720388093462,1480.0,4.651408159587578,0.11,1489.6025,1489.6465,4.0,-1.0,-1.0,-1.0,1.0,0.0,23.29676902808137,10057.083119126723,10056.599119126722,1.0297761869239577,0.29,39.0,REV_SHORT,SESSION,2019-10-16 17:40:00,2019-10-16 17:45:00,2019-10-16 20:58:00,1489.7915
2019-10-22 20:20:00,2019-10-22 20:25:00,2019-10-23 00:24:00,57988.0,288891.0,289130.0,58036.0,-1.0,4.0,1490.0,1490.9302164841324,1480.0,9.081212233992709,0.48,1489.8875,1489.65,3.0,-1.0,-1.0,1.0,0.0,1.0,50.05039123835376,10056.599119126722,10067.99911912672,0.44243296826470313,0.29,48.0,REV_SHORT,TIME,2019-10-23 00:20:00,2019-10-23 00:25:00,2019-10-23 04:24:00,1489.991
2019-10-24 03:35:00,2019-10-24 03:40:00,2019-10-24 07:39:00,58351.0,290701.0,290940.0,58399.0,1.0,3.0,1490.0,1487.6037853929895,1500.0,2.772760598428568,0.15,1490.849,1490.547,3.0,-1.0,-1.0,1.0,0.0,1.0,48.678219105156586,10067.99911912672,10063.469119126721,0.9624292140212592,0.29,48.0,REV_LONG,TIME,2019-10-24 07:35:00,2019-10-24 07:40:00,2019-10-24 11:39:00,1490.7445
2019-10-31 04:15:00,2019-10-31 04:20:00,2019-10-31 04:24:00,59739.0,297616.0,297620.0,59740.0,1.0,1.0,1500.0,1499.4098509383452,1510.0,10.10487021638701,0.55,1500.323,1499.4098509383452,1.0,1.0,1.0,1.0,0.0,1.0,50.2231983910167,10063.469119126721,10013.245920735704,0.5901490616547228,0.29,1.0,BREAK_LONG,STOP,2019-10-31 08:15:00,2019-10-31 08:20:00,2019-10-31 08:24:00,1500.2185
2019-10-31 12:00:00,2019-10-31 12:05:00,2019-10-31 16:04:00,59832.0,298081.0,298320.0,59880.0,1.0,3.0,1510.0,1507.6247652732698,1520.0,3.4842116913870735,0.17,1510.426,1511.7555,3.0,1.0,1.0,1.0,1.0,1.0,47.62099035441293,10013.245920735704,10035.847420735705,1.269469453460087,0.29,48.0,REV_LONG,TIME,2019-10-31 16:00:00,2019-10-31 16:05:00,2019-10-31 20:04:00,1510.2395
2019-11-01 02:00:00,2019-11-01 02:05:00,2019-11-01 02:13:00,59988.0,298856.0,298864.0,59990.0,1.0,3.0,1510.0,1509.3352997916288,1520.0,10.659230107055166,0.5700000000000001,1510.208,1509.3352997916288,1.0,1.0,-1.0,1.0,0.0,1.0,49.743911877162425,10035.847420735705,9986.103508858543,0.33240041674274096,0.29,2.0,REV_LONG,STOP,2019-11-01 06:00:00,2019-11-01 06:05:00,2019-11-01 06:13:00,1510.105
2019-11-01 11:35:00,2019-11-01 11:40:00,2019-11-01 13:20:00,60103.0,299431.0,299531.0,60124.0,1.0,3.0,1510.0,1508.7853627095267,1520.0,4.8193245213569,0.25,1510.7575,1508.7853627095267,1.0,1.0,-1.0,1.0,0.0,0.0,49.303432261831404,9986.103508858543,9936.800076596712,1.3642745809465595,0.29,21.0,REV_LONG,STOP,2019-11-01 15:35:00,2019-11-01 15:40:00,2019-11-01 17:20:00,1510.5675
2019-11-01 15:30:00,2019-11-01 15:35:00,2019-11-01 16:58:00,60150.0,299666.0,299749.0,60167.0,1.0,1.0,1510.0,1509.088860785837,1520.0,1.9770053950474051,0.13,1512.7945,1513.8265000000001,4.0,1.0,1.0,1.0,0.0,0.0,48.17330978411974,9936.800076596712,9950.216076596715,0.9111392141631496,0.29,17.0,BREAK_LONG,SESSION,2019-11-01 19:30:00,2019-11-01 19:35:00,2019-11-01 20:58:00,1512.609
2019-11-04 03:30:00,2019-11-04 03:35:00,2019-11-04 07:34:00,60282.0,300321.0,300560.0,60330.0,1.0,3.0,1510.0,1508.229452867357,1520.0,3.1328484341901133,0.17,1511.0365,1512.4370000000001,3.0,1.0,-1.0,1.0,0.0,1.0,47.71980125493088,9950.216076596715,9974.024576596717,0.8890942652859012,0.29,48.0,REV_LONG,TIME,2019-11-04 08:30:00,2019-11-04 08:35:00,2019-11-04 12:34:00,1510.9325
2019-11-05 08:00:00,2019-11-05 08:05:00,2019-11-05 08:14:00,60612.0,301966.0,301975.0,60614.0,-1.0,2.0,1500.0,1500.9623764109213,1490.0,4.646703209770061,0.25,1498.9775,1500.9623764109213,1.0,1.0,1.0,1.0,0.0,1.0,49.6219102730322,9974.024576596717,9924.402666323685,0.962376410921285,0.29,2.0,BREAK_SHORT,STOP,2019-11-05 13:00:00,2019-11-05 13:05:00,2019-11-05 13:14:00,1499.166
2019-11-05 10:30:00,2019-11-05 10:35:00,2019-11-05 13:52:00,60642.0,302116.0,302313.0,60682.0,-1.0,2.0,1490.0,1491.8270498386,1480.0,1.1633330933066572,0.09,1486.4045,1480.0,2.0,1.0,1.0,1.0,0.0,0.0,48.80294854739941,9924.402666323685,9982.043166323687,1.827049838599981,0.29,40.0,BREAK_SHORT,TARGET,2019-11-05 15:30:00,2019-11-05 15:35:00,2019-11-05 18:52:00,1486.505
2019-11-06 12:55:00,2019-11-06 13:00:00,2019-11-06 16:58:00,60947.0,303636.0,303874.0,60995.0,1.0,3.0,1490.0,1488.897628974203,1500.0,7.155286703928764,0.18,1490.2115,1490.1715,4.0,-1.0,1.0,-1.0,1.0,0.0,23.64967846434547,9982.043166323687,9981.323166323687,1.1037420515940823,0.29,48.0,REV_LONG,SESSION,2019-11-06 17:55:00,2019-11-06 18:00:00,2019-11-06 21:58:00,1490.114
2019-11-11 09:35:00,2019-11-11 09:40:00,2019-11-11 10:01:00,61735.0,307561.0,307582.0,61740.0,1.0,3.0,1460.0,1459.1526779713574,1470.0,3.587920721979671,0.2,1461.5575,1459.1526779713574,1.0,-1.0,-1.0,1.0,0.0,0.0,48.09644057284913,9981.323166323687,9933.22672575084,0.9726440572848886,0.29,5.0,REV_LONG,STOP,2019-11-11 14:35:00,2019-11-11 14:40:00,2019-11-11 15:01:00,1461.372
2019-11-11 11:05:00,2019-11-11 11:10:00,2019-11-11 15:09:00,61753.0,307651.0,307890.0,61801.0,1.0,3.0,1450.0,1447.6490970669618,1460.0,1.647055266748907,0.1,1452.274,1456.536,3.0,-1.0,-1.0,1.0,1.0,0.0,46.24902933038129,9933.22672575084,9975.846725750842,1.6338058660761463,0.29,48.0,REV_LONG,TIME,2019-11-11 16:05:00,2019-11-11 16:10:00,2019-11-11 20:09:00,1452.17
2019-11-12 01:35:00,2019-11-12 01:40:00,2019-11-12 05:39:00,61915.0,308456.0,308695.0,61963.0,1.0,3.0,1450.0,1448.5285879809546,1460.0,4.776394880050918,0.12,1450.4745,1455.108,3.0,-1.0,-1.0,-1.0,1.0,1.0,23.350944228544904,9975.846725750842,10031.44872575084,0.8608240380909435,0.29,48.0,REV_LONG,TIME,2019-11-12 06:35:00,2019-11-12 06:40:00,2019-11-12 10:39:00,1450.3695
2019-11-14 15:50:00,2019-11-14 15:55:00,2019-11-14 16:58:00,62638.0,312061.0,312124.0,62651.0,1.0,3.0,1470.0,1469.4648750132003,1480.0,10.493386214118189,0.5700000000000001,1470.341,1470.9325000000001,4.0,1.0,1.0,1.0,0.0,0.0,49.93912424757696,10031.44872575084,10065.164225750854,0.6432499735990518,0.29,13.0,REV_LONG,SESSION,2019-11-14 20:50:00,2019-11-14 20:55:00,2019-11-14 21:58:00,1470.2365
2019-11-18 03:50:00,2019-11-18 03:55:00,2019-11-18 04:52:00,63046.0,314091.0,314148.0,63058.0,1.0,3.0,1460.0,1458.3480819425658,1470.0,5.466397297791222,0.28,1460.109,1458.3480819425658,1.0,-1.0,-1.0,1.0,1.0,0.0,49.30570560815431,10065.164225750854,10015.8585201427,0.8838361148683589,0.29,12.0,REV_LONG,STOP,2019-11-18 08:50:00,2019-11-18 08:55:00,2019-11-18 09:52:00,1460.005
2019-11-18 10:35:00,2019-11-18 10:40:00,2019-11-18 14:39:00,63127.0,314496.0,314735.0,63175.0,1.0,1.0,1470.0,1468.7767319543386,1480.0,4.646165844228102,0.25,1470.714,1471.263,3.0,1.0,1.0,1.0,0.0,0.0,48.43170114153281,10015.8585201427,10029.5835201427,1.2232680456614131,0.29,48.0,BREAK_LONG,TIME,2019-11-18 15:35:00,2019-11-18 15:40:00,2019-11-18 19:39:00,1470.6195
2019-11-20 10:50:00,2019-11-20 10:55:00,2019-11-20 12:56:00,63682.0,317261.0,317382.0,63707.0,-1.0,2.0,1470.0,1471.327835002153,1460.0,2.510509522363268,0.07,1468.06,1471.327835002153,1.0,1.0,1.0,-1.0,0.0,0.0,22.87484501507174,10029.5835201427,10006.708675127627,1.3278350021531593,0.29,25.0,BREAK_SHORT,STOP,2019-11-20 15:50:00,2019-11-20 15:55:00,2019-11-20 17:56:00,1468.246
2019-11-27 02:05:00,2019-11-27 02:10:00,2019-11-27 06:09:00,64957.0,323611.0,323850.0,65005.0,-1.0,4.0,1460.0,1460.523656148318,1450.0,9.655182136253337,0.48,1459.492,1459.624,3.0,-1.0,1.0,1.0,0.0,1.0,49.51949511926432,10006.708675127627,10000.372675127624,0.3833122966356177,0.29,48.0,REV_SHORT,TIME,2019-11-27 07:05:00,2019-11-27 07:10:00,2019-11-27 11:09:00,1459.681
2019-11-29 10:15:00,2019-11-29 10:20:00,2019-11-29 10:30:00,65607.0,326851.0,326861.0,65610.0,-1.0,4.0,1460.0,1461.4286967019993,1450.0,6.216468082285716,0.32,1459.887,1461.4286967019993,1.0,-1.0,-1.0,1.0,1.0,0.0,49.33429446398077,10000.372675127624,9951.038380663644,1.0593934039988082,0.29,3.0,REV_SHORT,STOP,2019-11-29 15:15:00,2019-11-29 15:20:00,2019-11-29 15:30:00,1459.99
2019-12-02 08:45:00,2019-12-02 08:50:00,2019-12-02 10:01:00,65865.0,328136.0,328207.0,65880.0,-1.0,4.0,1460.0,1462.2218106636526,1450.0,3.8234901048347103,0.09,1459.7295,1462.2218106636526,1.0,-1.0,-1.0,-1.0,0.0,1.0,22.430795972874193,9951.038380663644,9928.60758469077,0.916621327305385,0.29,15.0,REV_SHORT,STOP,2019-12-02 13:45:00,2019-12-02 13:50:00,2019-12-02 15:01:00,1459.833
2019-12-03 11:05:00,2019-12-03 11:10:00,2019-12-03 15:09:00,66169.0,329651.0,329890.0,66217.0,-1.0,4.0,1480.0,1481.911226052558,1470.0,3.698289543269483,0.09,1479.4180000000001,1477.9365,3.0,-1.0,-1.0,-1.0,1.0,1.0,22.439034473021366,9928.60758469077,9941.94108469077,1.6154521051161161,0.29,48.0,REV_SHORT,TIME,2019-12-03 16:05:00,2019-12-03 16:10:00,2019-12-03 20:09:00,1479.521
2019-12-12 10:15:00,2019-12-12 10:20:00,2019-12-12 14:19:00,68091.0,339226.0,339465.0,68139.0,-1.0,2.0,1470.0,1472.1470528213124,1460.0,1.17161671827429,0.04,1466.5945,1468.2115,3.0,1.0,1.0,-1.0,0.0,0.0,22.210211285249898,9941.94108469077,9935.47308469077,2.147052821312343,0.29,48.0,BREAK_SHORT,TIME,2019-12-12 15:15:00,2019-12-12 15:20:00,2019-12-12 19:19:00,1466.6985
2019-12-19 14:40:00,2019-12-19 14:45:00,2019-12-19 15:17:00,69524.0,346366.0,346398.0,69531.0,1.0,3.0,1480.0,1479.3586734049281,1490.0,12.279637366979268,0.32,1480.1265,1479.323,1.0,1.0,1.0,-1.0,1.0,1.0,24.57045104230201,9935.47308469077,9909.76108469077,0.5166531901438567,0.29,7.0,REV_LONG,STOP,2019-12-19 19:40:00,2019-12-19 19:45:00,2019-12-19 20:17:00,1480.015
2019-12-24 12:30:00,2019-12-24 12:35:00,2019-12-24 16:34:00,70326.0,350361.0,350600.0,70374.0,-1.0,4.0,1500.0,1500.9286163870404,1490.0,6.268221124239682,0.31,1499.376,1499.5475,3.0,-1.0,-1.0,1.0,1.0,1.0,48.1311079982529,9909.76108469077,9904.444584690773,0.7472327740805383,0.29,48.0,REV_SHORT,TIME,2019-12-24 17:30:00,2019-12-24 17:35:00,2019-12-24 21:34:00,1499.57
2019-12-26 13:50:00,2019-12-26 13:55:00,2019-12-26 16:58:00,70894.0,353191.0,353374.0,70931.0,1.0,1.0,1510.0,1509.2832767461443,1520.0,3.027748184004524,0.18,1511.9015,1510.865,4.0,1.0,1.0,1.0,0.0,0.0,47.128018569400865,9904.444584690773,9885.787584690774,0.716723253855713,0.29,37.0,BREAK_LONG,SESSION,2019-12-26 18:50:00,2019-12-26 18:55:00,2019-12-26 21:58:00,1511.799
2020-01-02 10:35:00,2020-01-02 10:40:00,2020-01-02 14:39:00,72020.0,358796.0,359035.0,72068.0,-1.0,4.0,1530.0,1532.029050348804,1520.0,4.33900645193726,0.22,1529.816,1526.529,3.0,-1.0,-1.0,1.0,1.0,1.0,48.68710767368839,9885.787584690774,9958.101584690774,1.230100697608167,0.29,48.0,REV_SHORT,TIME,2020-01-02 15:35:00,2020-01-02 15:40:00,2020-01-02 19:39:00,1529.921
2020-01-07 12:00:00,2020-01-07 12:05:00,2020-01-07 16:04:00,72865.0,363006.0,363245.0,72913.0,1.0,1.0,1570.0,1568.760127668198,1580.0,2.3093757791385507,0.07,1572.202,1571.6575,3.0,1.0,1.0,-1.0,0.0,0.0,24.093106322613725,9958.101584690774,9954.290084690774,1.2398723318019353,0.29,48.0,BREAK_LONG,TIME,2020-01-07 17:00:00,2020-01-07 17:05:00,2020-01-07 21:04:00,1572.0115
2020-01-09 10:35:00,2020-01-09 10:40:00,2020-01-09 12:13:00,73400.0,365671.0,365764.0,73419.0,-1.0,2.0,1550.0,1551.6246934761978,1540.0,1.8740604311813913,0.12,1547.63,1551.6246934761978,1.0,1.0,1.0,1.0,0.0,0.0,47.93632171437184,9954.290084690774,9906.353762976403,1.6246934761977632,0.29,19.0,BREAK_SHORT,STOP,2020-01-09 15:35:00,2020-01-09 15:40:00,2020-01-09 17:13:00,1547.725
2020-01-10 02:25:00,2020-01-10 02:30:00,2020-01-10 02:40:00,73578.0,366556.0,366566.0,73581.0,-1.0,4.0,1550.0,1551.8710532329812,1540.0,4.4804993027073765,0.23,1549.748,1551.8710532329812,1.0,1.0,-1.0,1.0,0.0,1.0,48.83022435856742,9906.353762976403,9857.523538617836,0.7931064659622743,0.29,3.0,REV_SHORT,STOP,2020-01-10 07:25:00,2020-01-10 07:30:00,2020-01-10 07:40:00,1549.85
2020-01-13 09:50:00,2020-01-13 09:55:00,2020-01-13 13:54:00,73943.0,368376.0,368615.0,73991.0,1.0,3.0,1550.0,1548.0981010319658,1560.0,4.095211364406969,0.1,1550.3925,1549.424,3.0,-1.0,-1.0,-1.0,1.0,0.0,22.94398968034102,9857.523538617836,9847.838538617836,1.2627979360681845,0.29,48.0,REV_LONG,TIME,2020-01-13 14:50:00,2020-01-13 14:55:00,2020-01-13 18:54:00,1550.289
2020-01-15 10:05:00,2020-01-15 10:10:00,2020-01-15 14:09:00,74498.0,371141.0,371380.0,74546.0,1.0,3.0,1550.0,1548.2618647588677,1560.0,4.331553120985996,0.21,1550.5049999999999,1555.4275,3.0,1.0,-1.0,1.0,0.0,0.0,47.10584006377667,9847.838538617836,9951.21103861784,1.4472704822648417,0.29,48.0,REV_LONG,TIME,2020-01-15 15:05:00,2020-01-15 15:10:00,2020-01-15 19:09:00,1550.3185
2020-01-22 21:15:00,2020-01-22 21:20:00,2020-01-23 01:19:00,76000.0,378621.0,378860.0,76048.0,-1.0,2.0,1560.0,1561.1537614534286,1550.0,1.7823460145998264,0.06,1557.1855,1557.704,3.0,1.0,1.0,-1.0,0.0,0.0,23.809568720571406,9951.21103861784,9948.10003861784,1.1537614534286205,0.29,48.0,BREAK_SHORT,TIME,2020-01-23 02:15:00,2020-01-23 02:20:00,2020-01-23 06:19:00,1557.29
2020-01-23 09:55:00,2020-01-23 10:00:00,2020-01-23 13:59:00,76152.0,379381.0,379620.0,76200.0,1.0,1.0,1560.0,1558.3825043819295,1570.0,1.2952693224891627,0.09,1563.4904999999999,1562.856,3.0,1.0,1.0,1.0,0.0,0.0,45.97196056263351,9948.10003861784,9942.389538617841,1.6174956180704316,0.29,48.0,BREAK_LONG,TIME,2020-01-23 14:55:00,2020-01-23 15:00:00,2020-01-23 18:59:00,1563.299
2020-01-23 20:30:00,2020-01-23 20:35:00,2020-01-23 23:44:00,76267.0,379951.0,380140.0,76305.0,1.0,3.0,1560.0,1559.3252630726267,1570.0,5.37207594516898,0.15,1560.96,1559.3252630726267,1.0,1.0,-1.0,-1.0,0.0,0.0,24.52105391059945,9942.389538617841,9917.868484707242,0.6254738547465226,0.29,38.0,REV_LONG,STOP,2020-01-24 01:30:00,2020-01-24 01:35:00,2020-01-24 04:44:00,1560.8555
2020-01-24 06:20:00,2020-01-24 06:25:00,2020-01-24 08:39:00,76385.0,380541.0,380675.0,76412.0,-1.0,2.0,1560.0,1560.5807121336916,1550.0,7.0479306933773325,0.36,1559.223,1560.5807121336916,1.0,1.0,1.0,1.0,0.0,0.0,48.877636812898345,9917.868484707242,9868.990847894343,0.5807121336916155,0.29,27.0,BREAK_SHORT,STOP,2020-01-24 11:20:00,2020-01-24 11:25:00,2020-01-24 13:39:00,1559.411
2020-01-24 10:35:00,2020-01-24 10:40:00,2020-01-24 14:39:00,76436.0,380796.0,381035.0,76484.0,1.0,1.0,1570.0,1568.097878709446,1580.0,2.4131652726833406,0.06,1571.632,1573.597,3.0,1.0,1.0,-1.0,0.0,0.0,21.20472774332484,9868.990847894343,9880.780847894343,1.9021212905541547,0.29,48.0,BREAK_LONG,TIME,2020-01-24 15:35:00,2020-01-24 15:40:00,2020-01-24 19:39:00,1571.44
2020-01-26 20:25:00,2020-01-26 20:30:00,2020-01-26 20:44:00,76542.0,381321.0,381335.0,76545.0,-1.0,4.0,1580.0,1581.5832740561784,1570.0,4.7677755785087275,0.25,1579.617,1581.5832740561784,1.0,-1.0,1.0,1.0,0.0,0.0,49.15685140446158,9880.780847894343,9831.623996489881,1.525548112356742,0.29,3.0,REV_SHORT,STOP,2020-01-27 01:25:00,2020-01-27 01:30:00,2020-01-27 01:44:00,1579.72
2020-01-27 04:15:00,2020-01-27 04:20:00,2020-01-27 08:19:00,76636.0,381791.0,382030.0,76684.0,1.0,1.0,1580.0,1578.869770138934,1590.0,3.1052328394944935,0.08,1581.622,1584.1125,3.0,1.0,1.0,-1.0,0.0,1.0,22.017838888528786,9831.623996489881,9851.54799648988,1.130229861066051,0.29,48.0,BREAK_LONG,TIME,2020-01-27 09:15:00,2020-01-27 09:20:00,2020-01-27 13:19:00,1581.436
2020-01-27 09:55:00,2020-01-27 10:00:00,2020-01-27 13:38:00,76704.0,382131.0,382349.0,76748.0,1.0,3.0,1580.0,1577.325181468617,1590.0,3.08691284146515,0.08,1580.385,1577.325181468617,1.0,1.0,-1.0,-1.0,0.0,1.0,24.47854825106333,9851.54799648988,9827.069448238817,1.647637062765679,0.29,44.0,REV_LONG,STOP,2020-01-27 14:55:00,2020-01-27 15:00:00,2020-01-27 18:38:00,1580.2815
2020-01-29 12:35:00,2020-01-29 12:40:00,2020-01-29 14:01:00,77288.0,385041.0,385122.0,77305.0,1.0,3.0,1570.0,1569.0443396322682,1580.0,6.074282131838448,0.16,1570.552,1569.0443396322682,1.0,-1.0,1.0,-1.0,0.0,1.0,24.122565883706557,9827.069448238817,9802.94688235511,0.7673207354637477,0.29,17.0,REV_LONG,STOP,2020-01-29 17:35:00,2020-01-29 17:40:00,2020-01-29 19:01:00,1570.448
2020-01-29 23:05:00,2020-01-29 23:10:00,2020-01-29 23:38:00,77402.0,385606.0,385634.0,77408.0,1.0,1.0,1580.0,1579.403781137728,1590.0,8.093758439174893,0.43,1580.5265,1579.403781137728,1.0,1.0,1.0,1.0,0.0,0.0,48.276911077695786,9802.94688235511,9754.669971277415,0.5962188622720018,0.29,6.0,BREAK_LONG,STOP,2020-01-30 04:05:00,2020-01-30 04:10:00,2020-01-30 04:38:00,1580.424
2020-02-03 01:35:00,2020-02-03 01:40:00,2020-02-03 05:39:00,77984.0,388506.0,388745.0,78032.0,-1.0,2.0,1580.0,1580.7331961976038,1570.0,9.795853196253645,0.23,1579.694,1579.259,3.0,1.0,1.0,-1.0,0.0,1.0,23.901512544887737,9754.669971277415,9764.674971277414,0.7331961976038203,0.29,48.0,BREAK_SHORT,TIME,2020-02-03 06:35:00,2020-02-03 06:40:00,2020-02-03 10:39:00,1579.884
2020-02-05 00:50:00,2020-02-05 00:55:00,2020-02-05 02:13:00,78527.0,391211.0,391289.0,78543.0,-1.0,4.0,1560.0,1561.1732844626324,1550.0,6.730854895016307,0.34,1559.7705,1561.199,1.0,1.0,-1.0,1.0,1.0,1.0,47.694671729499085,9764.674971277414,9716.105971277415,0.650568925264804,0.29,16.0,REV_SHORT,STOP,2020-02-05 05:50:00,2020-02-05 05:55:00,2020-02-05 07:13:00,1559.873
2020-02-07 13:45:00,2020-02-07 13:50:00,2020-02-07 16:58:00,79234.0,394736.0,394924.0,79272.0,1.0,1.0,1570.0,1569.0816621748625,1580.0,3.7484704969283658,0.1,1571.4555,1570.2555,4.0,1.0,1.0,-1.0,0.0,1.0,23.738378251375707,9716.105971277415,9704.105971277415,0.918337825137452,0.29,38.0,BREAK_LONG,SESSION,2020-02-07 18:45:00,2020-02-07 18:50:00,2020-02-07 21:58:00,1571.236
2020-02-10 21:20:00,2020-02-10 21:25:00,2020-02-11 01:24:00,79589.0,396501.0,396740.0,79637.0,-1.0,2.0,1570.0,1570.680050938592,1560.0,3.253219548218536,0.19,1568.209,1568.518,3.0,1.0,1.0,1.0,0.0,0.0,46.94996783324882,9704.105971277415,9698.234971277416,0.6800509385920913,0.29,48.0,BREAK_SHORT,TIME,2020-02-11 02:20:00,2020-02-11 02:25:00,2020-02-11 06:24:00,1568.314
2020-02-12 19:15:00,2020-02-12 19:20:00,2020-02-12 20:46:00,80116.0,399126.0,399212.0,80134.0,1.0,1.0,1570.0,1569.1075670256253,1580.0,8.251000448800983,0.21,1570.241,1569.1075670256253,1.0,1.0,1.0,-1.0,0.0,1.0,23.80209246186928,9698.234971277416,9674.432878815547,0.8924329743748352,0.29,18.0,BREAK_LONG,STOP,2020-02-13 00:15:00,2020-02-13 00:20:00,2020-02-13 01:46:00,1570.14
2020-02-18 08:50:00,2020-02-18 08:55:00,2020-02-18 09:42:00,81107.0,404066.0,404113.0,81117.0,1.0,1.0,1590.0,1589.1293085256887,1600.0,3.168703077568538,0.09,1591.785,1589.1293085256887,1.0,1.0,1.0,-1.0,0.0,0.0,23.901223268802823,9674.432878815547,9650.531655546743,0.8706914743112615,0.29,10.0,BREAK_LONG,STOP,2020-02-18 13:50:00,2020-02-18 13:55:00,2020-02-18 14:42:00,1591.592
2020-02-20 11:25:00,2020-02-20 11:30:00,2020-02-20 12:48:00,81690.0,406971.0,407049.0,81706.0,1.0,1.0,1620.0,1618.296725999252,1630.0,2.168807404589422,0.06,1622.031,1618.296725999252,1.0,1.0,1.0,-1.0,0.0,0.0,22.40564400448784,9650.531655546743,9628.126011542256,1.7032740007480967,0.29,16.0,BREAK_LONG,STOP,2020-02-20 16:25:00,2020-02-20 16:30:00,2020-02-20 17:48:00,1621.845
2020-02-20 15:25:00,2020-02-20 15:30:00,2020-02-20 15:56:00,81738.0,407211.0,407237.0,81744.0,1.0,1.0,1620.0,1619.2224950543077,1630.0,6.968551227866574,0.18,1620.529,1619.2224950543077,1.0,1.0,1.0,-1.0,0.0,0.0,23.517089022460823,9628.126011542256,9604.608922519794,0.7775049456922135,0.29,6.0,BREAK_LONG,STOP,2020-02-20 20:25:00,2020-02-20 20:30:00,2020-02-20 20:56:00,1620.43
2020-02-21 08:30:00,2020-02-21 08:35:00,2020-02-21 09:19:00,81931.0,408171.0,408215.0,81940.0,1.0,1.0,1640.0,1638.8240543898619,1650.0,2.281304779756832,0.06,1642.271,1638.8240543898619,1.0,1.0,1.0,-1.0,0.0,0.0,20.681673660828437,9604.608922519794,9583.927248858965,1.17594561013816,0.29,9.0,BREAK_LONG,STOP,2020-02-21 13:30:00,2020-02-21 13:35:00,2020-02-21 14:19:00,1642.085
2020-02-23 19:35:00,2020-02-23 19:40:00,2020-02-23 23:39:00,82052.0,408771.0,409010.0,82100.0,1.0,3.0,1660.0,1657.0885344286191,1670.0,1.8705123163976018,0.1,1661.636,1660.838,3.0,1.0,-1.0,1.0,0.0,0.0,45.47465571380827,9583.927248858965,9575.947248858965,2.936931142761636,0.29,48.0,REV_LONG,TIME,2020-02-24 00:35:00,2020-02-24 00:40:00,2020-02-24 04:39:00,1661.4415
2020-02-24 09:20:00,2020-02-24 09:25:00,2020-02-24 09:34:00,82217.0,409596.0,409605.0,82219.0,1.0,1.0,1680.0,1677.5397119506622,1690.0,1.543285457776199,0.04,1682.3985,1677.5397119506622,1.0,1.0,1.0,-1.0,0.0,0.0,19.43515219735127,9575.947248858965,9556.512096661614,2.4602880493377164,0.29,2.0,BREAK_LONG,STOP,2020-02-24 14:20:00,2020-02-24 14:25:00,2020-02-24 14:34:00,1682.294
2020-02-24 19:25:00,2020-02-24 19:30:00,2020-02-24 20:51:00,82326.0,410136.0,410217.0,82343.0,-1.0,2.0,1650.0,1652.68522536014,1640.0,2.3605690877783907,0.06,1648.9545,1652.68522536014,1.0,1.0,1.0,-1.0,0.0,0.0,22.38435216084008,9556.512096661614,9534.127744500774,2.6852253601400333,0.29,17.0,BREAK_SHORT,STOP,2020-02-25 00:25:00,2020-02-25 00:30:00,2020-02-25 01:51:00,1649.0555
2020-02-25 01:00:00,2020-02-25 01:05:00,2020-02-25 01:25:00,82393.0,410471.0,410491.0,82398.0,-1.0,2.0,1650.0,1651.6570781274609,1640.0,3.6543080447956804,0.09,1649.111,1640.0,2.0,1.0,1.0,-1.0,0.0,1.0,22.914703147146838,9534.127744500774,9616.126744500776,1.6570781274608952,0.29,5.0,BREAK_SHORT,TARGET,2020-02-25 06:00:00,2020-02-25 06:05:00,2020-02-25 06:25:00,1649.2975
2020-02-25 11:40:00,2020-02-25 11:45:00,2020-02-25 14:38:00,82521.0,411111.0,411284.0,82556.0,-1.0,2.0,1650.0,1652.7912388184911,1640.0,2.337362503486882,0.06,1648.915,1652.7912388184911,1.0,1.0,1.0,-1.0,0.0,1.0,23.257432910947045,9616.126744500776,9592.86931158983,2.7912388184911965,0.29,35.0,BREAK_SHORT,STOP,2020-02-25 16:40:00,2020-02-25 16:45:00,2020-02-25 19:38:00,1649.1035
2020-02-26 09:45:00,2020-02-26 09:50:00,2020-02-26 11:12:00,82774.0,412371.0,412453.0,82791.0,1.0,3.0,1630.0,1623.5004059497483,1640.0,1.1574882167952891,0.06,1631.108,1640.0,2.0,-1.0,-1.0,1.0,1.0,1.0,45.64556430151014,9592.86931158983,9646.22131158983,2.8961881005035632,0.29,17.0,REV_LONG,TARGET,2020-02-26 14:45:00,2020-02-26 14:50:00,2020-02-26 16:12:00,1631.003
2020-02-26 13:05:00,2020-02-26 13:10:00,2020-02-26 15:59:00,82814.0,412571.0,412740.0,82848.0,1.0,3.0,1640.0,1637.7975309113615,1650.0,1.8984699962689948,0.11,1641.9669999999999,1637.7975309113615,1.0,-1.0,-1.0,1.0,0.0,0.0,45.864159975022176,9646.22131158983,9600.357151614808,1.9689381772766559,0.29,34.0,REV_LONG,STOP,2020-02-26 18:05:00,2020-02-26 18:10:00,2020-02-26 20:59:00,1641.8625
2020-02-26 23:00:00,2020-02-26 23:05:00,2020-02-26 23:08:00,82921.0,413101.0,413104.0,82922.0,1.0,1.0,1650.0,1648.6916073045472,1660.0,6.727517521846091,0.31,1650.205,1648.6916073045472,1.0,1.0,1.0,1.0,0.0,1.0,46.91517355903352,9600.357151614808,9553.441978055775,1.3083926954527714,0.29,1.0,BREAK_LONG,STOP,2020-02-27 04:00:00,2020-02-27 04:05:00,2020-02-27 04:08:00,1650.01
2020-02-27 03:10:00,2020-02-27 03:15:00,2020-02-27 07:14:00,82971.0,413351.0,413590.0,83019.0,-1.0,4.0,1650.0,1651.9573141230555,1640.0,3.6529879401698824,0.09,1649.344,1649.319,3.0,-1.0,-1.0,-1.0,0.0,0.0,23.519827107499395,9553.441978055775,9553.666978055775,1.900628246110841,0.29,48.0,REV_SHORT,TIME,2020-02-27 08:10:00,2020-02-27 08:15:00,2020-02-27 12:14:00,1649.5325
2020-02-27 23:20:00,2020-02-27 23:25:00,2020-02-28 00:25:00,83201.0,414496.0,414556.0,83214.0,-1.0,2.0,1640.0,1641.923804130624,1630.0,1.1566696610896672,0.04,1636.3505,1641.923804130624,1.0,1.0,1.0,-1.0,0.0,0.0,22.29321652249564,9553.666978055775,9531.37376153328,1.9238041306238944,0.29,13.0,BREAK_SHORT,STOP,2020-02-28 04:20:00,2020-02-28 04:25:00,2020-02-28 05:25:00,1636.54
2020-02-28 09:50:00,2020-02-28 09:55:00,2020-02-28 10:05:00,83327.0,415126.0,415136.0,83330.0,-1.0,2.0,1620.0,1623.2327376548646,1610.0,2.361773047039089,0.05,1619.253,1610.0,2.0,1.0,1.0,-1.0,0.0,0.0,19.898688274323607,9531.37376153328,9577.638761533279,3.232737654864606,0.29,3.0,BREAK_SHORT,TARGET,2020-02-28 14:50:00,2020-02-28 14:55:00,2020-02-28 15:05:00,1619.4415
2020-03-02 12:20:00,2020-03-02 12:25:00,2020-03-02 15:49:00,83633.0,416651.0,416855.0,83674.0,-1.0,4.0,1600.0,1602.0041997858689,1590.0,1.6728269411747527,0.05,1597.555,1590.0,2.0,1.0,1.0,-1.0,0.0,0.0,22.24599892934407,9577.638761533279,9615.413761533278,2.314399571737916,0.29,41.0,REV_SHORT,TARGET,2020-03-02 17:20:00,2020-03-02 17:25:00,2020-03-02 20:49:00,1597.658
2020-03-09 11:20:00,2020-03-09 11:25:00,2020-03-09 12:01:00,85001.0,423466.0,423502.0,85009.0,1.0,3.0,1670.0,1663.939920065715,1680.0,1.177614355015354,0.06,1671.2745,1663.939920065715,1.0,1.0,-1.0,1.0,0.0,1.0,44.007479605710614,9615.413761533278,9571.406281927568,4.2711598685701695,0.29,8.0,REV_LONG,STOP,2020-03-09 15:20:00,2020-03-09 15:25:00,2020-03-09 16:01:00,1671.17
2020-03-10 09:35:00,2020-03-10 09:40:00,2020-03-10 09:50:00,85256.0,424736.0,424746.0,85259.0,1.0,3.0,1660.0,1655.8804672295487,1670.0,2.2276664757948414,0.05,1660.297,1655.8804672295487,1.0,-1.0,-1.0,-1.0,0.0,1.0,22.0826638522567,9571.406281927568,9549.323618075312,2.4340655409029255,0.29,3.0,REV_LONG,STOP,2020-03-10 13:35:00,2020-03-10 13:40:00,2020-03-10 13:50:00,1660.11
2020-03-11 09:40:00,2020-03-11 09:45:00,2020-03-11 10:12:00,85533.0,426116.0,426143.0,85539.0,1.0,3.0,1660.0,1657.5302046594952,1670.0,1.9680834908899478,0.05,1661.7745,1657.5302046594952,1.0,-1.0,1.0,-1.0,0.0,1.0,21.22147670252389,9549.323618075312,9528.102141372789,2.139590681009621,0.29,6.0,REV_LONG,STOP,2020-03-11 13:40:00,2020-03-11 13:45:00,2020-03-11 14:12:00,1661.5865
2020-03-11 18:35:00,2020-03-11 18:40:00,2020-03-11 19:36:00,85628.0,426586.0,426642.0,85640.0,-1.0,4.0,1640.0,1643.131429449135,1630.0,1.3701103984250245,0.08,1637.544,1643.131429449135,1.0,1.0,0.0,1.0,0.0,1.0,44.699435593080125,9528.102141372789,9483.402705779708,2.1518588982702096,0.29,12.0,REV_SHORT,STOP,2020-03-11 22:35:00,2020-03-11 22:40:00,2020-03-11 23:36:00,1637.736
2020-03-12 23:50:00,2020-03-12 23:55:00,2020-03-13 00:25:00,85967.0,428276.0,428306.0,85974.0,-1.0,2.0,1560.0,1563.0697424341206,1550.0,2.204748772356659,0.11,1559.035,1563.0697424341206,1.0,1.0,1.0,1.0,0.0,1.0,44.382166775325686,9483.402705779708,9439.020539004383,3.069742434120604,0.29,7.0,BREAK_SHORT,STOP,2020-03-13 03:50:00,2020-03-13 03:55:00,2020-03-13 04:25:00,1559.1365
2020-03-23 02:50:00,2020-03-23 02:55:00,2020-03-23 04:53:00,87659.0,436706.0,436824.0,87683.0,-1.0,2.0,1490.0,1491.9219943621129,1480.0,1.0924977901499398,0.08,1486.182,1491.9219943621129,1.0,1.0,1.0,1.0,0.0,0.0,45.91995489690271,9439.020539004383,9393.10058410748,1.9219943621128708,0.29,24.0,BREAK_SHORT,STOP,2020-03-23 06:50:00,2020-03-23 06:55:00,2020-03-23 08:53:00,1486.3695
2020-03-23 09:05:00,2020-03-23 09:10:00,2020-03-23 09:37:00,87734.0,437081.0,437108.0,87740.0,-1.0,4.0,1520.0,1524.651436512923,1510.0,1.4745133613483332,0.03,1518.642,1524.651436512923,1.0,-1.0,-1.0,-1.0,1.0,0.0,18.028309538769008,9393.10058410748,9375.07227456871,4.483873025846195,0.29,6.0,REV_SHORT,STOP,2020-03-23 13:05:00,2020-03-23 13:10:00,2020-03-23 13:37:00,1518.8755
2020-03-23 15:00:00,2020-03-23 15:05:00,2020-03-23 16:58:00,87805.0,437436.0,437549.0,87828.0,1.0,3.0,1550.0,1544.0180759811085,1560.0,1.1770997735112012,0.03,1551.275,1552.0185000000001,4.0,1.0,1.0,-1.0,1.0,1.0,21.770772056674787,9375.07227456871,9377.30277456871,3.815848037782666,0.29,23.0,REV_LONG,SESSION,2020-03-23 19:00:00,2020-03-23 19:05:00,2020-03-23 20:58:00,1551.214
2020-03-24 22:45:00,2020-03-24 22:50:00,2020-03-24 23:46:00,88162.0,439211.0,439267.0,88174.0,1.0,3.0,1610.0,1603.8738659763524,1620.0,1.1665784832589499,0.06,1611.4379999999999,1620.0,2.0,1.0,-1.0,1.0,0.0,0.0,45.38480414188506,9377.30277456871,9428.674774568712,5.536268047295391,0.29,12.0,REV_LONG,TARGET,2020-03-25 02:45:00,2020-03-25 02:50:00,2020-03-25 03:46:00,1611.172
2020-03-26 09:05:00,2020-03-26 09:10:00,2020-03-26 09:35:00,88562.0,441206.0,441231.0,88568.0,-1.0,4.0,1630.0,1634.1589875505372,1620.0,1.4263589679381068,0.04,1628.4415,1634.1589875505372,1.0,-1.0,-1.0,-1.0,1.0,0.0,22.869950202149084,9428.674774568712,9405.804824366562,4.445975101074684,0.29,6.0,REV_SHORT,STOP,2020-03-26 13:05:00,2020-03-26 13:10:00,2020-03-26 13:35:00,1628.4685
2020-03-26 15:25:00,2020-03-26 15:30:00,2020-03-26 15:47:00,88638.0,441586.0,441603.0,88642.0,1.0,3.0,1620.0,1613.6477198133223,1630.0,1.5004326934396273,0.07,1620.107,1630.0,2.0,1.0,1.0,1.0,0.0,1.0,45.214961306743824,9405.804824366562,9475.055824366562,4.215560373355192,0.29,4.0,REV_LONG,TARGET,2020-03-26 19:25:00,2020-03-26 19:30:00,2020-03-26 19:47:00,1620.0425
2020-03-30 08:15:00,2020-03-30 08:20:00,2020-03-30 09:34:00,89104.0,443906.0,443980.0,89119.0,-1.0,2.0,1620.0,1622.3541691188827,1610.0,2.0408996542352664,0.05,1618.3715,1622.3541691188827,1.0,1.0,1.0,-1.0,0.0,1.0,19.91334559441384,9475.055824366562,9455.142478772148,2.3541691188827096,0.29,15.0,BREAK_SHORT,STOP,2020-03-30 12:15:00,2020-03-30 12:20:00,2020-03-30 13:34:00,1618.4365
2020-03-30 16:10:00,2020-03-30 16:15:00,2020-03-30 16:58:00,89199.0,444381.0,444424.0,89208.0,1.0,1.0,1620.0,1617.5046071966642,1630.0,1.6445875755137083,0.09,1622.4995,1622.1905,4.0,1.0,1.0,1.0,0.0,0.0,44.95403523002119,9455.142478772148,9452.361478772149,2.4953928033357657,0.29,9.0,BREAK_LONG,SESSION,2020-03-30 20:10:00,2020-03-30 20:15:00,2020-03-30 20:58:00,1622.0845
2020-03-31 03:00:00,2020-03-31 03:05:00,2020-03-31 04:45:00,89317.0,444966.0,445066.0,89338.0,-1.0,4.0,1620.0,1621.5310493938423,1610.0,1.3903257310261852,0.09,1616.626,1610.0,2.0,1.0,-1.0,1.0,0.0,0.0,44.14544454458087,9452.361478772149,9511.995478772149,1.898098787684309,0.29,21.0,REV_SHORT,TARGET,2020-03-31 07:00:00,2020-03-31 07:05:00,2020-03-31 08:45:00,1616.852
2020-04-01 15:05:00,2020-04-01 15:10:00,2020-04-01 16:58:00,89738.0,447066.0,447174.0,89760.0,-1.0,4.0,1590.0,1594.51694291508,1580.0,1.5027300721016692,0.07,1588.523,1591.2265,4.0,1.0,-1.0,1.0,0.0,0.0,41.95760040556139,9511.995478772149,9493.070978772148,2.7378858301605162,0.29,22.0,REV_SHORT,SESSION,2020-04-01 19:05:00,2020-04-01 19:10:00,2020-04-01 20:58:00,1588.8615
2020-04-01 20:30:00,2020-04-01 20:35:00,2020-04-01 20:51:00,89791.0,447326.0,447342.0,89795.0,1.0,3.0,1590.0,1588.007762044624,1600.0,3.5611078795116162,0.09,1590.501,1588.007762044624,1.0,-1.0,-1.0,-1.0,0.0,1.0,22.439141598383003,9493.070978772148,9470.631837173765,2.153475910751783,0.29,4.0,REV_LONG,STOP,2020-04-02 00:30:00,2020-04-02 00:35:00,2020-04-02 00:51:00,1590.492
2020-04-02 08:30:00,2020-04-02 08:35:00,2020-04-02 10:02:00,89935.0,448046.0,448133.0,89953.0,-1.0,4.0,1610.0,1613.0199678544654,1600.0,1.5178976587954789,0.08,1607.7365,1613.0199678544654,1.0,-1.0,-1.0,1.0,1.0,0.0,42.267742835723766,9470.631837173765,9428.364094338041,3.0649357089310634,0.29,18.0,REV_SHORT,STOP,2020-04-02 12:30:00,2020-04-02 12:35:00,2020-04-02 14:02:00,1607.994
2020-04-02 14:35:00,2020-04-02 14:40:00,2020-04-02 15:16:00,90008.0,448411.0,448447.0,90016.0,1.0,3.0,1610.0,1607.1512169640998,1620.0,1.472449387849922,0.04,1612.2649999999999,1620.0,2.0,1.0,1.0,-1.0,1.0,0.0,20.455132143600167,9428.364094338041,9459.304094338042,2.82356607180067,0.29,8.0,REV_LONG,TARGET,2020-04-02 18:35:00,2020-04-02 18:40:00,2020-04-02 19:16:00,1612.203
2020-04-03 07:00:00,2020-04-03 07:05:00,2020-04-03 07:56:00,90193.0,449331.0,449382.0,90204.0,1.0,3.0,1610.0,1607.7835183791767,1620.0,2.9949493278949912,0.08,1610.725,1620.0,2.0,1.0,-1.0,-1.0,0.0,0.0,23.531852966585575,9459.304094338042,9533.504094338043,1.8959632416468297,0.29,11.0,REV_LONG,TARGET,2020-04-03 11:00:00,2020-04-03 11:05:00,2020-04-03 11:56:00,1610.6965
2020-04-03 11:00:00,2020-04-03 11:05:00,2020-04-03 14:55:00,90241.0,449571.0,449801.0,90288.0,-1.0,4.0,1620.0,1623.4837509928718,1610.0,1.2414077658548544,0.08,1617.6385,1623.4837509928718,1.0,-1.0,-1.0,1.0,0.0,1.0,46.76200794297438,9533.504094338043,9486.742086395068,3.3545019857435867,0.29,47.0,REV_SHORT,STOP,2020-04-03 15:00:00,2020-04-03 15:05:00,2020-04-03 18:55:00,1617.613
2020-04-07 21:40:00,2020-04-07 21:45:00,2020-04-08 01:16:00,90909.0,452896.0,453107.0,90952.0,-1.0,4.0,1650.0,1651.5282551280025,1640.0,5.283266334594731,0.12,1649.601,1651.5282551280025,1.0,-1.0,-1.0,-1.0,0.0,0.0,23.12706153602812,9486.742086395068,9463.61502485904,1.6975102560049824,0.29,43.0,REV_SHORT,STOP,2020-04-08 01:40:00,2020-04-08 01:45:00,2020-04-08 05:16:00,1649.8385
2020-04-13 23:40:00,2020-04-13 23:45:00,2020-04-14 00:02:00,92037.0,458516.0,458533.0,92041.0,1.0,3.0,1720.0,1718.4051077232386,1730.0,3.319373281296279,0.17,1721.1705,1718.4051077232386,1.0,1.0,1.0,1.0,0.0,0.0,47.011668704942174,9463.61502485904,9416.603356154097,1.9447845535227768,0.29,4.0,REV_LONG,STOP,2020-04-14 03:40:00,2020-04-14 03:45:00,2020-04-14 04:02:00,1720.9445
2020-04-15 06:45:00,2020-04-15 06:50:00,2020-04-15 07:02:00,92398.0,460316.0,460328.0,92401.0,-1.0,4.0,1720.0,1725.095741686433,1710.0,1.2252825039938668,0.07,1718.551,1725.095741686433,1.0,-1.0,1.0,1.0,0.0,1.0,45.81319180503169,9416.603356154097,9370.790164349066,2.49548337286604,0.29,3.0,REV_SHORT,STOP,2020-04-15 10:45:00,2020-04-15 10:50:00,2020-04-15 11:02:00,1718.457
2020-04-16 02:25:00,2020-04-16 02:30:00,2020-04-16 02:33:00,92622.0,461431.0,461434.0,92623.0,-1.0,4.0,1720.0,1722.3429576302046,1710.0,3.7749168055909714,0.17,1719.674,1722.3429576302046,1.0,-1.0,-1.0,1.0,0.0,0.0,45.37227971347921,9370.790164349066,9325.417884635586,1.715915260409586,0.29,1.0,REV_SHORT,STOP,2020-04-16 06:25:00,2020-04-16 06:30:00,2020-04-16 06:33:00,1719.903
2020-04-19 18:30:00,2020-04-19 18:35:00,2020-04-19 18:47:00,93079.0,463706.0,463718.0,93082.0,1.0,3.0,1680.0,1676.2679159058118,1690.0,2.3289222184670493,0.1,1680.684,1676.2679159058118,1.0,-1.0,0.0,1.0,0.0,0.0,44.16084094188136,9325.417884635586,9281.257043693706,2.2901681883761857,0.29,3.0,REV_LONG,STOP,2020-04-19 22:30:00,2020-04-19 22:35:00,2020-04-19 22:47:00,1680.248
2020-04-19 22:40:00,2020-04-19 22:45:00,2020-04-19 23:18:00,93129.0,463956.0,463989.0,93136.0,-1.0,4.0,1680.0,1682.236172106188,1670.0,3.058200220503483,0.14,1679.0735,1682.236172106188,1.0,1.0,-1.0,1.0,0.0,1.0,44.277409486631775,9281.257043693706,9236.979634207073,1.7073442123758258,0.29,7.0,REV_SHORT,STOP,2020-04-20 02:40:00,2020-04-20 02:45:00,2020-04-20 03:18:00,1679.366
2020-04-22 11:25:00,2020-04-22 11:30:00,2020-04-22 12:25:00,93834.0,467471.0,467526.0,93846.0,-1.0,4.0,1710.0,1713.2410077265163,1700.0,1.4297621713770758,0.08,1707.704,1713.2410077265163,1.0,-1.0,-1.0,1.0,1.0,0.0,44.296061812130574,9236.979634207073,9192.683572394943,3.407015453032768,0.29,12.0,REV_SHORT,STOP,2020-04-22 15:25:00,2020-04-22 15:30:00,2020-04-22 16:25:00,1707.9365
2020-04-23 07:20:00,2020-04-23 07:25:00,2020-04-23 09:35:00,94061.0,468601.0,468731.0,94088.0,-1.0,4.0,1730.0,1733.033910755781,1720.0,2.768757292346823,0.12,1729.489,1733.033910755781,1.0,-1.0,-1.0,1.0,1.0,1.0,42.53892906937289,9192.683572394943,9150.14464332557,2.269821511562403,0.29,27.0,REV_SHORT,STOP,2020-04-23 11:20:00,2020-04-23 11:25:00,2020-04-23 13:35:00,1729.7205
2020-04-24 10:15:00,2020-04-24 10:20:00,2020-04-24 11:18:00,94372.0,470151.0,470209.0,94384.0,1.0,3.0,1720.0,1715.0567055488775,1730.0,1.9085037545356656,0.08,1720.293,1715.0567055488775,1.0,1.0,-1.0,1.0,1.0,0.0,41.89035560897901,9150.14464332557,9108.25428771659,3.785588902244766,0.29,12.0,REV_LONG,STOP,2020-04-24 14:15:00,2020-04-24 14:20:00,2020-04-24 15:18:00,1720.0495
2020-04-27 10:20:00,2020-04-27 10:25:00,2020-04-27 14:24:00,94649.0,471531.0,471770.0,94697.0,1.0,3.0,1710.0,1706.8766279866577,1720.0,1.8688904127308799,0.09,1711.5315,1712.14,3.0,-1.0,-1.0,1.0,1.0,0.0,41.8938481200812,9108.25428771659,9113.730787716591,2.9767440266846137,0.29,48.0,REV_LONG,TIME,2020-04-27 14:20:00,2020-04-27 14:25:00,2020-04-27 18:24:00,1711.306
2020-04-28 21:20:00,2020-04-28 21:25:00,2020-04-28 21:53:00,95045.0,473501.0,473529.0,95051.0,-1.0,4.0,1710.0,1711.8539214822547,1700.0,3.5725286429679195,0.09,1709.3475,1711.8539214822547,1.0,1.0,-1.0,-1.0,0.0,0.0,22.557793340291482,9113.730787716591,9091.1729943763,1.1768429645096434,0.29,6.0,REV_SHORT,STOP,2020-04-29 01:20:00,2020-04-29 01:25:00,2020-04-29 01:53:00,1709.4065
2020-05-04 08:40:00,2020-05-04 08:45:00,2020-05-04 12:44:00,96009.0,478306.0,478545.0,96057.0,1.0,3.0,1700.0,1694.8809856033704,1710.0,1.7835725531743574,0.04,1700.2305,1705.3545,3.0,1.0,-1.0,-1.0,0.0,0.0,21.398057586518007,9091.1729943763,9111.668994376301,2.516028793259173,0.29,48.0,REV_LONG,TIME,2020-05-04 12:40:00,2020-05-04 12:45:00,2020-05-04 16:44:00,1700.1675
2020-05-04 20:35:00,2020-05-04 20:40:00,2020-05-04 20:47:00,96140.0,478956.0,478963.0,96142.0,1.0,3.0,1700.0,1699.02141186712,1710.0,5.867677738293517,0.15,1700.539,1699.02141186712,1.0,1.0,-1.0,-1.0,0.0,0.0,22.76382199320096,9111.668994376301,9088.9051723831,0.8811762657602176,0.29,2.0,REV_LONG,STOP,2020-05-05 00:35:00,2020-05-05 00:40:00,2020-05-05 00:47:00,1700.475
2020-05-04 21:35:00,2020-05-04 21:40:00,2020-05-05 01:06:00,96152.0,479016.0,479222.0,96194.0,-1.0,4.0,1700.0,1701.0241385956306,1690.0,6.625791556030217,0.33,1699.66,1701.0241385956306,1.0,1.0,1.0,1.0,0.0,0.0,45.01657365580627,9088.9051723831,9043.888598727293,1.1902771912610244,0.29,42.0,REV_SHORT,STOP,2020-05-05 01:35:00,2020-05-05 01:40:00,2020-05-05 05:06:00,1699.7235
2020-05-06 15:35:00,2020-05-06 15:40:00,2020-05-06 16:58:00,96644.0,481471.0,481549.0,96660.0,-1.0,4.0,1690.0,1691.6941636509127,1680.0,4.146708357126989,0.2,1689.512,1685.939,4.0,1.0,1.0,1.0,1.0,1.0,43.64327301825597,9043.888598727293,9115.34859872729,1.482327301825598,0.29,16.0,REV_SHORT,SESSION,2020-05-06 19:35:00,2020-05-06 19:40:00,2020-05-06 20:58:00,1689.567
2020-05-07 03:15:00,2020-05-07 03:20:00,2020-05-07 04:02:00,96772.0,482106.0,482148.0,96781.0,-1.0,4.0,1690.0,1691.2453247679898,1680.0,3.6156920110728863,0.19,1688.878,1691.2453247679898,1.0,1.0,1.0,1.0,0.0,0.0,44.979170591807815,9115.34859872729,9070.369428135484,1.511649535979829,0.29,9.0,REV_SHORT,STOP,2020-05-07 07:15:00,2020-05-07 07:20:00,2020-05-07 08:02:00,1688.954
2020-05-08 10:35:00,2020-05-08 10:40:00,2020-05-08 12:10:00,97136.0,483921.0,484011.0,97155.0,-1.0,4.0,1720.0,1723.257395521073,1710.0,1.8792912034593166,0.09,1718.5815,1710.0,2.0,-1.0,-1.0,1.0,0.0,0.0,42.08305968965715,9070.369428135484,9147.602928135484,3.016791042145802,0.29,19.0,REV_SHORT,TARGET,2020-05-08 14:35:00,2020-05-08 14:40:00,2020-05-08 16:10:00,1718.798
2020-05-08 12:20:00,2020-05-08 12:25:00,2020-05-08 13:39:00,97157.0,484026.0,484100.0,97172.0,1.0,3.0,1710.0,1707.4876378946856,1720.0,1.9052153979749924,0.11,1711.541,1707.4876378946856,1.0,1.0,-1.0,1.0,0.0,0.0,44.586983158458,9147.602928135484,9103.015944977025,2.649724210629036,0.29,15.0,REV_LONG,STOP,2020-05-08 16:20:00,2020-05-08 16:25:00,2020-05-08 17:39:00,1711.6495
2020-05-10 21:50:00,2020-05-10 21:55:00,2020-05-11 01:54:00,97259.0,484531.0,484770.0,97307.0,-1.0,4.0,1710.0,1713.3391555574697,1700.0,2.2098799751324867,0.05,1709.089,1706.016,3.0,-1.0,-1.0,-1.0,0.0,1.0,21.250777787348625,9103.015944977025,9118.380944977025,1.7083111149393375,0.29,48.0,REV_SHORT,TIME,2020-05-11 01:50:00,2020-05-11 01:55:00,2020-05-11 05:54:00,1709.3285
2020-05-13 12:05:00,2020-05-13 12:10:00,2020-05-13 12:25:00,97982.0,488136.0,488151.0,97986.0,1.0,3.0,1710.0,1707.9326084039496,1720.0,2.337782720199201,0.06,1711.628,1707.9326084039496,1.0,1.0,1.0,-1.0,1.0,0.0,22.172349576301713,9118.380944977025,9096.208595400723,2.3377831921007055,0.29,4.0,REV_LONG,STOP,2020-05-13 16:05:00,2020-05-13 16:10:00,2020-05-13 16:25:00,1711.403
2020-05-14 06:00:00,2020-05-14 06:05:00,2020-05-14 09:35:00,98185.0,489146.0,489356.0,98228.0,-1.0,4.0,1720.0,1721.4047270201759,1710.0,3.2002848879416694,0.17,1718.7795,1721.4047270201759,1.0,-1.0,-1.0,1.0,0.0,0.0,44.62885934298811,9096.208595400723,9051.579736057734,1.5544540403517253,0.29,43.0,REV_SHORT,STOP,2020-05-14 10:00:00,2020-05-14 10:05:00,2020-05-14 13:35:00,1718.8345
2020-05-18 05:35:00,2020-05-18 05:40:00,2020-05-18 08:08:00,98732.0,491871.0,492019.0,98762.0,1.0,3.0,1760.0,1757.5372428850083,1770.0,1.9243236483728838,0.05,1761.712,1757.5372428850083,1.0,1.0,1.0,-1.0,0.0,0.0,20.873785574958674,9051.579736057734,9030.705950482776,1.7835142299834488,0.29,30.0,REV_LONG,STOP,2020-05-18 09:35:00,2020-05-18 09:40:00,2020-05-18 12:08:00,1761.654
2020-05-20 05:30:00,2020-05-20 05:35:00,2020-05-20 06:26:00,99283.0,494616.0,494667.0,99294.0,-1.0,4.0,1750.0,1751.5382509483957,1740.0,4.013903831931034,0.1,1749.4235,1751.5382509483957,1.0,-1.0,-1.0,-1.0,0.0,1.0,21.147509483955673,9030.705950482776,9009.55844099882,1.6835018967912918,0.29,11.0,REV_SHORT,STOP,2020-05-20 09:30:00,2020-05-20 09:35:00,2020-05-20 10:26:00,1749.382
2020-05-20 13:45:00,2020-05-20 13:50:00,2020-05-20 14:12:00,99382.0,495111.0,495133.0,99387.0,-1.0,4.0,1750.0,1752.3426848711679,1740.0,3.188668083219832,0.07,1749.32,1752.3426848711679,1.0,-1.0,-1.0,-1.0,0.0,1.0,21.15879409817558,9009.55844099882,8988.399646900645,1.737369742335716,0.29,5.0,REV_SHORT,STOP,2020-05-20 17:45:00,2020-05-20 17:50:00,2020-05-20 18:12:00,1749.541
2020-05-20 23:00:00,2020-05-20 23:05:00,2020-05-21 02:04:00,99481.0,495601.0,495780.0,99517.0,1.0,3.0,1740.0,1738.4176344638643,1750.0,4.625605622538378,0.2,1740.614,1738.4176344638643,1.0,-1.0,-1.0,1.0,1.0,0.0,43.927310722715454,8988.399646900645,8944.472336177929,1.421731072271344,0.29,36.0,REV_LONG,STOP,2020-05-21 03:00:00,2020-05-21 03:05:00,2020-05-21 06:04:00,1740.3315
2020-05-27 00:05:00,2020-05-27 00:10:00,2020-05-27 04:09:00,100598.0,501166.0,501405.0,100646.0,-1.0,2.0,1710.0,1711.6917471848612,1700.0,1.1971817468137524,0.04,1706.227,1709.4075,3.0,1.0,1.0,-1.0,0.0,0.0,21.858988739444612,8944.472336177929,8931.750336177929,1.6917471848611656,0.29,48.0,BREAK_SHORT,TIME,2020-05-27 04:05:00,2020-05-27 04:10:00,2020-05-27 08:09:00,1706.5155
2020-05-27 07:45:00,2020-05-27 07:50:00,2020-05-27 09:13:00,100690.0,501626.0,501709.0,100707.0,1.0,3.0,1700.0,1697.266358667299,1710.0,1.6914523234992032,0.09,1701.9465,1697.266358667299,1.0,-1.0,-1.0,1.0,1.0,0.0,42.121271994308465,8931.750336177929,8889.62906418362,1.7232826654018367,0.29,17.0,REV_LONG,STOP,2020-05-27 11:45:00,2020-05-27 11:50:00,2020-05-27 13:13:00,1701.8525
2020-06-02 05:30:00,2020-06-02 05:35:00,2020-06-02 09:04:00,101767.0,506991.0,507200.0,101809.0,-1.0,4.0,1740.0,1743.0283799380436,1730.0,2.7347938497061044,0.06,1739.4945,1743.0283799380436,1.0,-1.0,-1.0,-1.0,0.0,1.0,21.203279628261498,8889.62906418362,8868.425784555358,1.3147598760869124,0.29,42.0,REV_SHORT,STOP,2020-06-02 09:30:00,2020-06-02 09:35:00,2020-06-02 13:04:00,1739.685
2020-06-04 13:35:00,2020-06-04 13:40:00,2020-06-04 16:58:00,102416.0,510226.0,510424.0,102456.0,-1.0,4.0,1720.0,1724.0530284527101,1710.0,2.2120998993744228,0.05,1719.759,1714.0895,4.0,-1.0,-1.0,-1.0,1.0,1.0,21.470142263550542,8868.425784555358,8896.773284555358,2.270056905420671,0.29,40.0,REV_SHORT,SESSION,2020-06-04 17:35:00,2020-06-04 17:40:00,2020-06-04 20:58:00,1719.823
2020-06-07 19:05:00,2020-06-07 19:10:00,2020-06-07 19:35:00,102746.0,511866.0,511891.0,102752.0,-1.0,2.0,1680.0,1681.9173943431288,1670.0,3.0612790748572998,0.07,1679.0715,1681.9173943431288,1.0,1.0,1.0,-1.0,0.0,0.0,19.92126040190124,8896.773284555358,8876.852024153457,1.9173943431287859,0.29,6.0,BREAK_SHORT,STOP,2020-06-07 23:05:00,2020-06-07 23:10:00,2020-06-07 23:35:00,1679.128
2020-06-08 02:20:00,2020-06-08 02:25:00,2020-06-08 06:24:00,102833.0,512301.0,512540.0,102881.0,1.0,3.0,1690.0,1688.8487388860299,1700.0,3.155087073854249,0.16,1691.5774999999999,1694.621,3.0,-1.0,1.0,1.0,0.0,0.0,43.660177823519916,8876.852024153457,8925.54802415346,1.4155222279400175,0.29,48.0,REV_LONG,TIME,2020-06-08 06:20:00,2020-06-08 06:25:00,2020-06-08 10:24:00,1691.3875
2020-06-08 09:15:00,2020-06-08 09:20:00,2020-06-08 09:36:00,102916.0,512716.0,512732.0,102920.0,1.0,3.0,1690.0,1686.573818765435,1700.0,2.127691179688776,0.1,1690.961,1686.573818765435,1.0,-1.0,1.0,1.0,0.0,1.0,43.87181234565105,8925.54802415346,8881.67621180781,2.092362469129852,0.29,4.0,REV_LONG,STOP,2020-06-08 13:15:00,2020-06-08 13:20:00,2020-06-08 13:36:00,1690.7215
2020-06-09 07:35:00,2020-06-09 07:40:00,2020-06-09 08:24:00,103172.0,513991.0,514035.0,103181.0,-1.0,4.0,1710.0,1711.871338745064,1700.0,2.289061953882496,0.12,1708.1735,1711.871338745064,1.0,-1.0,-1.0,1.0,1.0,1.0,44.37406494076549,8881.67621180781,8837.302146867045,1.8126774901280707,0.29,9.0,REV_SHORT,STOP,2020-06-09 11:35:00,2020-06-09 11:40:00,2020-06-09 12:24:00,1708.407
2020-06-11 02:55:00,2020-06-11 03:00:00,2020-06-11 06:59:00,103668.0,516461.0,516700.0,103716.0,1.0,1.0,1730.0,1728.185342145619,1740.0,1.0668879613473246,0.03,1733.8195,1732.1185,3.0,1.0,1.0,-1.0,0.0,0.0,16.902473563143303,8837.302146867045,8832.199146867046,1.814657854380946,0.29,48.0,BREAK_LONG,TIME,2020-06-11 06:55:00,2020-06-11 07:00:00,2020-06-11 10:59:00,1733.7565
2020-06-15 06:25:00,2020-06-15 06:30:00,2020-06-15 08:44:00,104262.0,519421.0,519555.0,104289.0,1.0,3.0,1710.0,1706.775364344333,1720.0,1.8320487144682969,0.04,1711.485,1706.775364344333,1.0,-1.0,-1.0,-1.0,1.0,0.0,18.838542622667774,8832.199146867046,8813.360604244379,2.0032713113342573,0.29,27.0,REV_LONG,STOP,2020-06-15 10:25:00,2020-06-15 10:30:00,2020-06-15 12:44:00,1711.3
2020-06-15 22:20:00,2020-06-15 22:25:00,2020-06-15 23:57:00,104441.0,520311.0,520403.0,104460.0,1.0,1.0,1730.0,1728.6811291351423,1740.0,3.6534313613069127,0.17,1731.1585,1728.6811291351423,1.0,1.0,1.0,1.0,0.0,0.0,42.11530470258049,8813.360604244379,8771.245299541799,1.318870864857742,0.29,19.0,BREAK_LONG,STOP,2020-06-16 02:20:00,2020-06-16 02:25:00,2020-06-16 03:57:00,1730.9685
2020-06-16 12:45:00,2020-06-16 12:50:00,2020-06-16 16:49:00,104614.0,521176.0,521415.0,104662.0,-1.0,4.0,1730.0,1732.0350319585846,1720.0,1.8975416774415943,0.1,1727.7635,1727.2415,3.0,-1.0,-1.0,1.0,0.0,0.0,42.71531958584547,8771.245299541799,8776.465299541798,2.40806391716934,0.29,48.0,REV_SHORT,TIME,2020-06-16 16:45:00,2020-06-16 16:50:00,2020-06-16 20:49:00,1728.0265
2020-06-17 05:05:00,2020-06-17 05:10:00,2020-06-17 05:27:00,104798.0,522091.0,522108.0,104802.0,1.0,3.0,1720.0,1717.5214877541314,1730.0,2.9050115555032394,0.06,1720.762,1717.5214877541314,1.0,-1.0,-1.0,-1.0,1.0,0.0,19.44307347521135,8776.465299541798,8757.022226066587,1.9930244917371347,0.29,4.0,REV_LONG,STOP,2020-06-17 09:05:00,2020-06-17 09:10:00,2020-06-17 09:27:00,1720.572
2020-06-18 04:55:00,2020-06-18 05:00:00,2020-06-18 05:48:00,105072.0,523456.0,523504.0,105082.0,1.0,1.0,1730.0,1728.5244209509763,1740.0,1.5886249539247261,0.04,1732.905,1728.5244209509763,1.0,1.0,1.0,-1.0,0.0,1.0,17.522316196094835,8757.022226066587,8739.499909870492,1.4755790490236826,0.29,10.0,BREAK_LONG,STOP,2020-06-18 08:55:00,2020-06-18 09:00:00,2020-06-18 09:48:00,1732.8125
2020-06-23 02:50:00,2020-06-23 02:55:00,2020-06-23 03:03:00,105875.0,527456.0,527464.0,105877.0,1.0,3.0,1750.0,1748.1050881652068,1760.0,4.620320033768841,0.21,1750.172,1748.1050881652068,1.0,1.0,-1.0,1.0,0.0,1.0,43.40514853065815,8739.499909870492,8696.094761339835,1.6018236695865,0.29,2.0,REV_LONG,STOP,2020-06-23 06:50:00,2020-06-23 06:55:00,2020-06-23 07:03:00,1750.0765
2020-06-23 08:50:00,2020-06-23 08:55:00,2020-06-23 09:06:00,105947.0,527816.0,527827.0,105950.0,1.0,1.0,1760.0,1758.4799096723923,1770.0,5.810212933707267,0.25,1760.2145,1758.4799096723923,1.0,1.0,1.0,1.0,0.0,1.0,43.3647581901937,8696.094761339835,8652.730003149642,1.5200903276076887,0.29,3.0,BREAK_LONG,STOP,2020-06-23 12:50:00,2020-06-23 12:55:00,2020-06-23 13:06:00,1760.0265
2020-06-25 06:20:00,2020-06-25 06:25:00,2020-06-25 07:00:00,106469.0,530416.0,530451.0,106477.0,1.0,3.0,1760.0,1758.6417710272908,1770.0,2.520589849260268,0.06,1761.868,1758.6417710272908,1.0,-1.0,-1.0,-1.0,0.0,0.0,19.357373836254737,8652.730003149642,8633.372629313388,1.5494579454185347,0.29,8.0,REV_LONG,STOP,2020-06-25 10:20:00,2020-06-25 10:25:00,2020-06-25 11:00:00,1761.723
2020-06-25 07:45:00,2020-06-25 07:50:00,2020-06-25 08:13:00,106486.0,530501.0,530524.0,106491.0,1.0,3.0,1760.0,1758.0859808437112,1770.0,3.7827890549178926,0.08,1760.577,1758.0859808437112,1.0,-1.0,-1.0,-1.0,0.0,0.0,19.92815325031006,8633.372629313388,8613.444476063078,1.5140383125778325,0.29,5.0,REV_LONG,STOP,2020-06-25 11:45:00,2020-06-25 11:50:00,2020-06-25 12:13:00,1760.432
2020-07-02 08:20:00,2020-07-02 08:25:00,2020-07-02 09:02:00,107873.0,537411.0,537448.0,107881.0,-1.0,2.0,1770.0,1771.3151738453932,1760.0,1.77185006664091,0.05,1767.233,1760.0,2.0,1.0,1.0,-1.0,0.0,1.0,20.4108692269665,8613.444476063078,8649.609476063077,1.315173845393259,0.29,8.0,BREAK_SHORT,TARGET,2020-07-02 12:20:00,2020-07-02 12:25:00,2020-07-02 13:02:00,1767.378
2020-07-02 10:05:00,2020-07-02 10:10:00,2020-07-02 14:09:00,107894.0,537516.0,537755.0,107942.0,1.0,1.0,1770.0,1767.31777201106,1780.0,1.2022620296178643,0.07,1773.0765,1776.6295,3.0,1.0,1.0,1.0,0.0,0.0,40.31109592257918,8649.609476063077,8674.480476063078,2.6822279889400593,0.29,48.0,BREAK_LONG,TIME,2020-07-02 14:05:00,2020-07-02 14:10:00,2020-07-02 18:09:00,1772.9315
2020-07-07 10:20:00,2020-07-07 10:25:00,2020-07-07 14:24:00,108725.0,541656.0,541895.0,108773.0,1.0,1.0,1790.0,1787.8749578586649,1800.0,1.626149333310809,0.09,1792.492,1796.6125,3.0,1.0,1.0,1.0,0.0,0.0,41.553379272015945,8674.480476063078,8711.564976063077,2.125042141335236,0.29,48.0,BREAK_LONG,TIME,2020-07-07 14:20:00,2020-07-07 14:25:00,2020-07-07 18:24:00,1792.347
2020-07-08 04:30:00,2020-07-08 04:35:00,2020-07-08 05:42:00,108931.0,542681.0,542748.0,108945.0,-1.0,4.0,1800.0,1801.9586990057173,1790.0,1.3646882379351575,0.04,1796.9015,1801.9586990057173,1.0,-1.0,-1.0,-1.0,0.0,0.0,20.228796022869574,8711.564976063077,8691.336180040207,1.3023980114348002,0.29,14.0,REV_SHORT,STOP,2020-07-08 08:30:00,2020-07-08 08:35:00,2020-07-08 09:42:00,1797.0465
2020-07-09 00:30:00,2020-07-09 00:35:00,2020-07-09 04:34:00,109159.0,543816.0,544055.0,109207.0,1.0,1.0,1810.0,1809.3097493402065,1820.0,4.946459038441374,0.24,1811.1075,1814.823,3.0,1.0,1.0,1.0,0.0,1.0,43.146015835045546,8691.336180040207,8780.508180040208,0.6902506597935182,0.29,48.0,BREAK_LONG,TIME,2020-07-09 04:30:00,2020-07-09 04:35:00,2020-07-09 08:34:00,1810.9625
2020-07-09 08:55:00,2020-07-09 09:00:00,2020-07-09 10:46:00,109260.0,544321.0,544427.0,109282.0,1.0,1.0,1810.0,1808.0087547646183,1820.0,3.0534993826618617,0.14,1810.9669999999999,1808.0087547646183,1.0,1.0,1.0,1.0,0.0,1.0,41.415433295342154,8780.508180040208,8739.092746744866,1.9912452353816992,0.29,22.0,BREAK_LONG,STOP,2020-07-09 12:55:00,2020-07-09 13:00:00,2020-07-09 14:46:00,1810.822
2020-07-09 11:10:00,2020-07-09 11:15:00,2020-07-09 15:14:00,109287.0,544456.0,544695.0,109335.0,1.0,3.0,1800.0,1794.1020311881598,1810.0,1.0429237377116582,0.02,1801.884,1803.9255,3.0,-1.0,-1.0,-1.0,1.0,0.0,15.563937623680433,8739.092746744866,8743.175746744866,3.2459376236800868,0.29,48.0,REV_LONG,TIME,2020-07-09 15:10:00,2020-07-09 15:15:00,2020-07-09 19:14:00,1801.739
2020-07-10 13:45:00,2020-07-10 13:50:00,2020-07-10 16:58:00,109594.0,545986.0,546174.0,109632.0,-1.0,4.0,1800.0,1801.2746321782536,1790.0,4.9523998946308065,0.11,1799.3805,1798.9759999999999,4.0,1.0,1.0,-1.0,0.0,0.0,20.835453960789437,8743.175746744866,8747.625246744867,1.5762643565073018,0.29,38.0,REV_SHORT,SESSION,2020-07-10 17:45:00,2020-07-10 17:50:00,2020-07-10 20:58:00,1799.5255
2020-07-13 20:35:00,2020-07-13 20:40:00,2020-07-14 00:39:00,109940.0,547706.0,547945.0,109988.0,-1.0,2.0,1800.0,1800.787974726891,1790.0,5.711131781061024,0.13,1799.1805,1798.054,3.0,1.0,1.0,-1.0,0.0,0.0,20.89717144958354,8747.625246744867,8762.269746744865,0.7879747268909165,0.29,48.0,BREAK_SHORT,TIME,2020-07-14 00:35:00,2020-07-14 00:40:00,2020-07-14 04:39:00,1799.3255
2020-07-14 04:40:00,2020-07-14 04:45:00,2020-07-14 06:09:00,110037.0,548191.0,548275.0,110054.0,1.0,3.0,1800.0,1797.986592092166,1810.0,4.234810454408074,0.09,1800.2815,1797.986592092166,1.0,-1.0,1.0,-1.0,0.0,1.0,20.654171170507425,8762.269746744865,8741.615575574358,1.130815815667958,0.29,17.0,REV_LONG,STOP,2020-07-14 08:40:00,2020-07-14 08:45:00,2020-07-14 10:09:00,1800.1365
2020-07-15 10:40:00,2020-07-15 10:45:00,2020-07-15 11:00:00,110385.0,549926.0,549941.0,110389.0,1.0,1.0,1810.0,1807.9890626104077,1820.0,4.025628471230216,0.18,1810.379,1807.9890626104077,1.0,1.0,1.0,1.0,0.0,0.0,43.0188730126597,8741.615575574358,8698.5967025617,2.0109373895921956,0.29,4.0,BREAK_LONG,STOP,2020-07-15 14:40:00,2020-07-15 14:45:00,2020-07-15 15:00:00,1810.234
2020-07-16 13:20:00,2020-07-16 13:25:00,2020-07-16 16:58:00,110693.0,551461.0,551674.0,110736.0,-1.0,2.0,1800.0,1801.4719652672993,1790.0,2.4533670114576585,0.06,1798.15,1797.0265,4.0,1.0,1.0,-1.0,0.0,0.0,19.93179160379532,8698.5967025617,8705.337702561701,1.471965267299207,0.29,43.0,BREAK_SHORT,SESSION,2020-07-16 17:20:00,2020-07-16 17:25:00,2020-07-16 20:58:00,1798.295
2020-07-19 19:25:00,2020-07-19 19:30:00,2020-07-19 23:29:00,111030.0,553136.0,553375.0,111078.0,-1.0,4.0,1810.0,1811.2347952971504,1800.0,6.963448219485391,0.15,1809.824,1808.232,3.0,-1.0,-1.0,-1.0,0.0,1.0,21.161929457255155,8705.337702561701,8729.217702561702,0.656590594300904,0.29,48.0,REV_SHORT,TIME,2020-07-19 23:25:00,2020-07-19 23:30:00,2020-07-20 03:29:00,1809.969
2020-07-21 10:05:00,2020-07-21 10:10:00,2020-07-21 13:01:00,111482.0,555391.0,555562.0,111517.0,-1.0,4.0,1840.0,1842.1792529602515,1830.0,3.507907695275609,0.08,1839.4775,1842.1792529602515,1.0,-1.0,-1.0,-1.0,1.0,1.0,21.614023682011975,8729.217702561702,8707.60367887969,2.068505920503095,0.29,35.0,REV_SHORT,STOP,2020-07-21 14:05:00,2020-07-21 14:10:00,2020-07-21 17:01:00,1839.6225
2020-07-21 15:30:00,2020-07-21 15:35:00,2020-07-21 15:39:00,111547.0,555716.0,555720.0,111548.0,1.0,3.0,1840.0,1839.3173525044272,1850.0,7.659400301877038,0.35000000000000003,1840.551,1839.3173525044272,1.0,1.0,1.0,1.0,1.0,0.0,43.17766234504688,8707.60367887969,8664.426016534642,0.7362949911457604,0.29,1.0,REV_LONG,STOP,2020-07-21 19:30:00,2020-07-21 19:35:00,2020-07-21 19:39:00,1840.406
2020-07-22 02:00:00,2020-07-22 02:05:00,2020-07-22 04:12:00,111661.0,556281.0,556408.0,111687.0,-1.0,4.0,1860.0,1861.5295191781195,1850.0,1.8990353482708533,0.05,1857.5525,1850.0,2.0,-1.0,-1.0,-1.0,1.0,1.0,19.885095890597317,8664.426016534642,8702.188516534643,1.1590383562390487,0.29,26.0,REV_SHORT,TARGET,2020-07-22 06:00:00,2020-07-22 06:05:00,2020-07-22 08:12:00,1857.6975
2020-07-22 09:25:00,2020-07-22 09:30:00,2020-07-22 11:27:00,111750.0,556726.0,556843.0,111774.0,1.0,3.0,1850.0,1845.9723204948182,1860.0,1.704819509460841,0.08,1851.1585,1860.0,2.0,1.0,-1.0,1.0,0.0,1.0,41.48943604145461,8702.188516534643,8772.920516534643,2.777359010363721,0.29,24.0,REV_LONG,TARGET,2020-07-22 13:25:00,2020-07-22 13:30:00,2020-07-22 15:27:00,1851.0135
2020-07-22 20:15:00,2020-07-22 20:20:00,2020-07-22 21:22:00,111868.0,557311.0,557373.0,111881.0,1.0,1.0,1870.0,1868.450320733844,1880.0,1.8127557316727332,0.1,1872.5565,1868.450320733844,1.0,1.0,1.0,1.0,0.0,0.0,41.06179266156005,8772.920516534643,8731.858723873083,1.549679266156072,0.29,13.0,BREAK_LONG,STOP,2020-07-23 00:15:00,2020-07-23 00:20:00,2020-07-23 01:22:00,1872.4115
2020-07-23 01:30:00,2020-07-23 01:35:00,2020-07-23 02:04:00,111931.0,557626.0,557655.0,111937.0,-1.0,4.0,1870.0,1871.6976546902931,1860.0,5.215033626418248,0.11,1869.8155,1871.6976546902931,1.0,-1.0,-1.0,-1.0,0.0,1.0,20.703701593225105,8731.858723873083,8711.155022279858,0.9773093805861809,0.29,6.0,REV_SHORT,STOP,2020-07-23 05:30:00,2020-07-23 05:35:00,2020-07-23 06:04:00,1869.9605
2020-07-23 18:10:00,2020-07-23 18:15:00,2020-07-23 22:14:00,112119.0,558561.0,558800.0,112167.0,-1.0,4.0,1890.0,1892.5357243768199,1880.0,1.072457529203981,0.03,1886.487,1884.9255,3.0,-1.0,0.0,-1.0,0.0,0.0,18.146173130459374,8711.155022279858,8715.839522279857,2.1164487536400327,0.29,48.0,REV_SHORT,TIME,2020-07-23 22:10:00,2020-07-23 22:15:00,2020-07-24 02:14:00,1886.632
2020-07-26 19:35:00,2020-07-26 19:40:00,2020-07-26 21:52:00,112412.0,560021.0,560153.0,112439.0,1.0,1.0,1910.0,1908.2647335914019,1920.0,1.9866303753084158,0.11,1912.194,1920.0,2.0,1.0,1.0,1.0,0.0,0.0,43.221930494579055,8715.839522279857,8801.705522279857,1.7352664085981946,0.29,27.0,BREAK_LONG,TARGET,2020-07-26 23:35:00,2020-07-26 23:40:00,2020-07-27 01:52:00,1912.049
2020-07-26 22:10:00,2020-07-26 22:15:00,2020-07-26 22:52:00,112443.0,560176.0,560213.0,112451.0,1.0,1.0,1920.0,1918.134576411959,1930.0,2.842525000940198,0.14,1921.2225,1930.0,2.0,1.0,1.0,1.0,0.0,1.0,43.2309302325757,8801.705522279857,8924.590522279856,1.865423588041043,0.29,8.0,BREAK_LONG,TARGET,2020-07-27 02:10:00,2020-07-27 02:15:00,2020-07-27 02:52:00,1921.0775
2020-07-27 04:25:00,2020-07-27 04:30:00,2020-07-27 04:37:00,112518.0,560551.0,560558.0,112520.0,-1.0,4.0,1940.0,1941.7274105876218,1930.0,3.158050830999827,0.07,1938.907,1941.7274105876218,1.0,-1.0,-1.0,-1.0,1.0,0.0,19.74287411335286,8924.590522279856,8904.847648166502,1.9818211752434989,0.29,2.0,REV_SHORT,STOP,2020-07-27 08:25:00,2020-07-27 08:30:00,2020-07-27 08:37:00,1939.052
2020-07-27 14:05:00,2020-07-27 14:10:00,2020-07-27 16:47:00,112634.0,561131.0,561288.0,112666.0,-1.0,4.0,1940.0,1941.9734592038944,1930.0,3.135253982439046,0.07,1939.078,1941.9734592038944,1.0,-1.0,-1.0,-1.0,1.0,0.0,20.26821442726123,8904.847648166502,8884.57943373924,1.9209184077890444,0.29,32.0,REV_SHORT,STOP,2020-07-27 18:05:00,2020-07-27 18:10:00,2020-07-27 20:47:00,1939.223
2020-07-28 13:55:00,2020-07-28 14:00:00,2020-07-28 14:10:00,112908.0,562496.0,562506.0,112911.0,1.0,1.0,1950.0,1947.8707921946532,1960.0,1.0350310260098703,0.07,1953.831,1947.8707921946532,1.0,1.0,1.0,1.0,0.0,0.0,41.721454637427094,8884.57943373924,8842.857979101813,2.1292078053467645,0.29,3.0,BREAK_LONG,STOP,2020-07-28 17:55:00,2020-07-28 18:00:00,2020-07-28 18:10:00,1953.686
2020-07-28 20:35:00,2020-07-28 20:40:00,2020-07-28 20:46:00,112976.0,562831.0,562837.0,112978.0,1.0,1.0,1960.0,1957.5857237300513,1970.0,1.9915531494670518,0.1,1961.7355,1957.5857237300513,1.0,1.0,1.0,1.0,0.0,0.0,41.497762699486884,8842.857979101813,8801.360216402325,2.41427626994871,0.29,2.0,BREAK_LONG,STOP,2020-07-29 00:35:00,2020-07-29 00:40:00,2020-07-29 00:46:00,1961.5905
2020-08-04 11:05:00,2020-08-04 11:10:00,2020-08-04 12:12:00,114254.0,569201.0,569263.0,114267.0,1.0,1.0,1990.0,1986.769979213958,2000.0,1.4607029922377386,0.04,1992.1465,2000.0,2.0,1.0,1.0,-1.0,0.0,0.0,21.50608314416786,8801.360216402325,8832.774216402326,3.230020786041834,0.29,13.0,BREAK_LONG,TARGET,2020-08-04 15:05:00,2020-08-04 15:10:00,2020-08-04 16:12:00,1992.0015
2020-08-05 06:10:00,2020-08-05 06:15:00,2020-08-05 06:46:00,114471.0,570281.0,570312.0,114478.0,-1.0,4.0,2040.0,2042.86630463106,2030.0,3.05646189713775,0.06,2039.6945,2042.86630463106,1.0,-1.0,-1.0,-1.0,1.0,1.0,19.030827786360078,8832.774216402326,8813.743388615965,2.0816092621200997,0.29,7.0,REV_SHORT,STOP,2020-08-05 10:10:00,2020-08-05 10:15:00,2020-08-05 10:46:00,2039.8395
2020-08-05 10:45:00,2020-08-05 10:50:00,2020-08-05 10:55:00,114526.0,570556.0,570561.0,114528.0,1.0,1.0,2050.0,2046.4454382376891,2060.0,1.4599654862355111,0.07,2051.9555,2046.4454382376891,1.0,1.0,1.0,1.0,0.0,0.0,38.57043233617629,8813.743388615965,8775.172956279788,3.5545617623108545,0.29,2.0,BREAK_LONG,STOP,2020-08-05 14:45:00,2020-08-05 14:50:00,2020-08-05 14:55:00,2051.8105
2020-08-05 21:00:00,2020-08-05 21:05:00,2020-08-05 22:13:00,114637.0,571106.0,571174.0,114651.0,1.0,1.0,2040.0,2038.601140952425,2050.0,4.858008606420367,0.22,2040.547,2038.601140952425,1.0,1.0,1.0,1.0,0.0,0.0,42.808899046648094,8775.172956279788,8732.36405723314,1.3988590475748774,0.29,14.0,BREAK_LONG,STOP,2020-08-06 01:00:00,2020-08-06 01:05:00,2020-08-06 02:13:00,2040.402
2020-08-06 02:45:00,2020-08-06 02:50:00,2020-08-06 03:09:00,114706.0,571451.0,571470.0,114710.0,1.0,1.0,2050.0,2047.7144615116233,2060.0,1.0140099954756374,0.07,2053.8145,2047.7144615116233,1.0,1.0,1.0,1.0,0.0,0.0,42.70026941863648,8732.36405723314,8689.663787814505,2.285538488376799,0.29,4.0,BREAK_LONG,STOP,2020-08-06 06:45:00,2020-08-06 06:50:00,2020-08-06 07:09:00,2053.6695
2020-08-06 14:45:00,2020-08-06 14:50:00,2020-08-06 15:02:00,114850.0,572171.0,572183.0,114853.0,-1.0,4.0,2060.0,2061.8475633220614,2050.0,3.662443166686101,0.08,2059.3065,2061.8475633220614,1.0,-1.0,-1.0,-1.0,1.0,0.0,20.328506576490327,8689.663787814505,8669.335281238014,2.0931266441227585,0.29,3.0,REV_SHORT,STOP,2020-08-06 18:45:00,2020-08-06 18:50:00,2020-08-06 19:02:00,2059.4515
2020-08-06 18:40:00,2020-08-06 18:45:00,2020-08-06 22:44:00,114885.0,572341.0,572580.0,114933.0,-1.0,4.0,2070.0,2073.259419970977,2060.0,1.8709861931790182,0.04,2068.641,2066.3535,3.0,-1.0,0.0,-1.0,0.0,0.0,18.473679883907607,8669.335281238014,8678.485281238014,2.4918399419536703,0.29,48.0,REV_SHORT,TIME,2020-08-06 22:40:00,2020-08-06 22:45:00,2020-08-07 02:44:00,2068.786
2020-08-07 09:00:00,2020-08-07 09:05:00,2020-08-07 09:32:00,115057.0,573201.0,573228.0,115063.0,-1.0,4.0,2060.0,2067.4888085997336,2050.0,1.031029768827395,0.05,2058.878,2050.0,2.0,-1.0,1.0,1.0,0.0,1.0,43.05404299866723,8678.485281238014,8722.875281238015,4.237617199467245,0.29,6.0,REV_SHORT,TARGET,2020-08-07 13:00:00,2020-08-07 13:05:00,2020-08-07 13:32:00,2059.023
2020-08-07 13:35:00,2020-08-07 13:40:00,2020-08-07 14:01:00,115112.0,573476.0,573497.0,115117.0,-1.0,2.0,2020.0,2024.2218396855817,2010.0,1.502153556803948,0.07,2018.538,2024.2218396855817,1.0,1.0,1.0,1.0,0.0,1.0,39.786877799071824,8722.875281238015,8683.088403438944,4.221839685581631,0.29,5.0,BREAK_SHORT,STOP,2020-08-07 17:35:00,2020-08-07 17:40:00,2020-08-07 18:01:00,2018.683
2020-08-10 07:05:00,2020-08-10 07:10:00,2020-08-10 07:15:00,115310.0,574461.0,574466.0,115312.0,1.0,3.0,2030.0,2028.472255756751,2040.0,5.55266844696944,0.12,2030.2314999999999,2028.472255756751,1.0,-1.0,-1.0,-1.0,0.0,1.0,21.110930918985105,8683.088403438944,8661.977472519959,1.2184884864979932,0.29,2.0,REV_LONG,STOP,2020-08-10 11:05:00,2020-08-10 11:10:00,2020-08-10 11:15:00,2030.0865
2020-08-10 08:35:00,2020-08-10 08:40:00,2020-08-10 09:46:00,115328.0,574551.0,574617.0,115342.0,1.0,3.0,2030.0,2027.7252653205496,2040.0,1.8903935861232124,0.05,2031.972,2040.0,2.0,-1.0,1.0,-1.0,0.0,0.0,21.233673397251778,8661.977472519959,8702.117472519958,1.912469358900772,0.29,14.0,REV_LONG,TARGET,2020-08-10 12:35:00,2020-08-10 12:40:00,2020-08-10 13:46:00,2031.827
2020-08-10 12:30:00,2020-08-10 12:35:00,2020-08-10 12:44:00,115375.0,574786.0,574795.0,115377.0,-1.0,2.0,2030.0,2032.6428119288064,2020.0,2.653134636867363,0.12,2029.182,2032.6428119288064,1.0,1.0,1.0,1.0,0.0,1.0,41.52974314567655,8702.117472519958,8660.587729374281,2.642811928806344,0.29,2.0,BREAK_SHORT,STOP,2020-08-10 16:30:00,2020-08-10 16:35:00,2020-08-10 16:44:00,2029.327
2020-08-11 04:35:00,2020-08-11 04:40:00,2020-08-11 05:03:00,115556.0,575686.0,575709.0,115561.0,-1.0,2.0,1990.0,1994.0320890479957,1980.0,1.0169483172043567,0.06,1987.075,1994.0320890479957,1.0,1.0,1.0,1.0,0.0,0.0,41.74253428797374,8660.587729374281,8618.845195086307,4.032089047995641,0.29,5.0,BREAK_SHORT,STOP,2020-08-11 08:35:00,2020-08-11 08:40:00,2020-08-11 09:03:00,1987.22
2020-08-11 20:40:00,2020-08-11 20:45:00,2020-08-11 21:42:00,115737.0,576586.0,576643.0,115749.0,-1.0,4.0,1920.0,1927.385179132138,1910.0,1.1949101639022246,0.05,1919.4645,1910.0,2.0,1.0,-1.0,1.0,0.0,1.0,39.603395660690246,8618.845195086307,8666.167695086308,3.7893582642759247,0.29,12.0,REV_SHORT,TARGET,2020-08-12 00:40:00,2020-08-12 00:45:00,2020-08-12 01:42:00,1919.6095
2020-08-12 03:15:00,2020-08-12 03:20:00,2020-08-12 03:32:00,115816.0,576981.0,576993.0,115819.0,-1.0,4.0,1920.0,1925.4611694404298,1910.0,1.3732853342455662,0.06,1918.9465,1925.4611694404298,1.0,1.0,-1.0,1.0,0.0,0.0,39.08801664257862,8666.167695086308,8627.07967844373,6.322338880859835,0.29,3.0,REV_SHORT,STOP,2020-08-12 07:15:00,2020-08-12 07:20:00,2020-08-12 07:32:00,1919.0915
2020-08-13 03:40:00,2020-08-13 03:45:00,2020-08-13 07:07:00,116097.0,578381.0,578583.0,116138.0,1.0,3.0,1930.0,1923.4750804550247,1940.0,1.086237519665005,0.05,1931.396,1940.0,2.0,-1.0,1.0,1.0,0.0,1.0,39.60459772487639,8627.07967844373,8670.09967844373,2.748839089950691,0.29,41.0,REV_LONG,TARGET,2020-08-13 07:40:00,2020-08-13 07:45:00,2020-08-13 11:07:00,1931.251
2020-08-13 19:15:00,2020-08-13 19:20:00,2020-08-13 19:54:00,116272.0,579251.0,579285.0,116279.0,1.0,1.0,1960.0,1957.5342815286285,1970.0,1.8864392421052065,0.1,1961.853,1957.5342815286285,1.0,1.0,1.0,1.0,0.0,1.0,43.187184713715396,8670.09967844373,8626.912493730015,2.4657184713715474,0.29,7.0,BREAK_LONG,STOP,2020-08-13 23:15:00,2020-08-13 23:20:00,2020-08-13 23:54:00,1961.708
2020-08-17 09:55:00,2020-08-17 10:00:00,2020-08-17 10:25:00,116724.0,581506.0,581531.0,116730.0,1.0,1.0,1970.0,1967.2875669875955,1980.0,1.432334439613555,0.08,1972.514,1980.0,2.0,1.0,1.0,1.0,0.0,0.0,41.81146409923531,8626.912493730015,8686.800493730016,2.7124330124044738,0.29,6.0,BREAK_LONG,TARGET,2020-08-17 13:55:00,2020-08-17 14:00:00,2020-08-17 14:25:00,1972.369
2020-08-20 04:30:00,2020-08-20 04:35:00,2020-08-20 06:18:00,117487.0,585306.0,585409.0,117508.0,1.0,3.0,1930.0,1925.919710404933,1940.0,1.9553807160769776,0.04,1930.684,1925.919710404933,1.0,-1.0,-1.0,-1.0,0.0,1.0,19.057158380267538,8686.800493730016,8667.743335349747,3.3865791901341495,0.29,21.0,REV_LONG,STOP,2020-08-20 08:30:00,2020-08-20 08:35:00,2020-08-20 10:18:00,1930.539
2020-08-21 03:30:00,2020-08-21 03:35:00,2020-08-21 03:52:00,117751.0,586621.0,586638.0,117755.0,-1.0,2.0,1940.0,1942.812039479025,1930.0,1.2461344326485468,0.03,1937.108,1942.812039479025,1.0,1.0,1.0,-1.0,0.0,1.0,17.112118437075424,8667.743335349747,8650.631216912672,2.8120394790250756,0.29,4.0,BREAK_SHORT,STOP,2020-08-21 07:30:00,2020-08-21 07:35:00,2020-08-21 07:52:00,1937.253
2020-08-21 11:10:00,2020-08-21 11:15:00,2020-08-21 15:14:00,117843.0,587081.0,587320.0,117891.0,-1.0,4.0,1940.0,1948.6986995916895,1930.0,1.0567912301455276,0.04,1939.6075,1940.347,3.0,1.0,1.0,1.0,0.0,1.0,36.364798366757896,8650.631216912672,8647.673216912674,4.354399183379083,0.29,48.0,REV_SHORT,TIME,2020-08-21 15:10:00,2020-08-21 15:15:00,2020-08-21 19:14:00,1939.7525
2020-08-24 12:45:00,2020-08-24 12:50:00,2020-08-24 14:54:00,118138.0,588551.0,588675.0,118163.0,1.0,3.0,1930.0,1925.9850778389603,1940.0,2.073500306821861,0.04,1930.545,1925.9850778389603,1.0,-1.0,-1.0,-1.0,1.0,1.0,18.239688644159287,8647.673216912674,8629.433528268513,2.83984432207934,0.29,25.0,REV_LONG,STOP,2020-08-24 16:45:00,2020-08-24 16:50:00,2020-08-24 18:54:00,1930.4
2020-08-24 18:10:00,2020-08-24 18:15:00,2020-08-24 20:58:00,118191.0,588811.0,588974.0,118224.0,-1.0,4.0,1930.0,1932.0806066027362,1920.0,2.879939935931581,0.13,1928.967,1932.0806066027362,1.0,1.0,0.0,1.0,0.0,1.0,40.47688583556965,8629.433528268513,8588.956642432944,1.7032132054723115,0.29,33.0,REV_SHORT,STOP,2020-08-24 22:10:00,2020-08-24 22:15:00,2020-08-25 00:58:00,1929.112
2020-08-25 04:30:00,2020-08-25 04:35:00,2020-08-25 07:33:00,118315.0,589431.0,589609.0,118351.0,-1.0,2.0,1930.0,1931.972748046195,1920.0,1.7215442094815268,0.04,1927.5735,1931.972748046195,1.0,1.0,1.0,-1.0,0.0,0.0,17.596992184779992,8588.956642432944,8571.359650248163,1.9727480461950082,0.29,36.0,BREAK_SHORT,STOP,2020-08-25 08:30:00,2020-08-25 08:35:00,2020-08-25 11:33:00,1927.7185
2020-08-25 10:15:00,2020-08-25 10:20:00,2020-08-25 10:33:00,118384.0,589776.0,589789.0,118387.0,-1.0,2.0,1920.0,1923.46932731982,1910.0,1.51512681026429,0.04,1918.114,1923.46932731982,1.0,1.0,1.0,-1.0,0.0,1.0,21.42130927927974,8571.359650248163,8549.938340968883,3.4693273198199166,0.29,3.0,BREAK_SHORT,STOP,2020-08-25 14:15:00,2020-08-25 14:20:00,2020-08-25 14:33:00,1918.259
2020-08-25 12:10:00,2020-08-25 12:15:00,2020-08-25 14:11:00,118407.0,589891.0,590007.0,118431.0,-1.0,4.0,1920.0,1923.3125782794282,1910.0,1.5632767165865549,0.08,1918.119,1923.3125782794282,1.0,1.0,1.0,1.0,1.0,1.0,41.54862623542613,8549.938340968883,8508.389714733457,2.8311565588565553,0.29,24.0,REV_SHORT,STOP,2020-08-25 16:10:00,2020-08-25 16:15:00,2020-08-25 18:11:00,1918.264
2020-08-26 03:45:00,2020-08-26 03:50:00,2020-08-26 04:41:00,118582.0,590761.0,590812.0,118593.0,-1.0,4.0,1920.0,1921.594611355947,1910.0,3.3537839039491275,0.15,1918.9315,1921.594611355947,1.0,1.0,1.0,1.0,1.0,0.0,39.94667033920791,8508.389714733457,8468.44304439425,1.9752227118942625,0.29,11.0,REV_SHORT,STOP,2020-08-26 07:45:00,2020-08-26 07:50:00,2020-08-26 08:41:00,1919.0765
2020-08-26 10:40:00,2020-08-26 10:45:00,2020-08-26 11:33:00,118665.0,591176.0,591224.0,118675.0,-1.0,4.0,1940.0,1945.780938209874,1930.0,1.147815028735686,0.02,1938.4335,1945.780938209874,1.0,-1.0,-1.0,-1.0,1.0,0.0,14.694876419747743,8468.44304439425,8453.748167974501,3.8648764197477474,0.29,10.0,REV_SHORT,STOP,2020-08-26 14:40:00,2020-08-26 14:45:00,2020-08-26 15:33:00,1938.5785
2020-08-27 18:50:00,2020-08-27 18:55:00,2020-08-27 21:01:00,119027.0,592976.0,593102.0,119053.0,-1.0,4.0,1930.0,1931.1252042181702,1920.0,3.007343604391777,0.15,1928.349,1931.1252042181702,1.0,1.0,0.0,1.0,0.0,0.0,41.64306327255417,8453.748167974501,8412.105104701946,1.3754084363403112,0.29,26.0,REV_SHORT,STOP,2020-08-27 22:50:00,2020-08-27 22:55:00,2020-08-28 01:01:00,1928.494
2020-08-31 11:55:00,2020-08-31 12:00:00,2020-08-31 12:03:00,119508.0,595376.0,595379.0,119509.0,-1.0,4.0,1970.0,1972.2539182171668,1960.0,3.2205143388280013,0.07,1969.3505,1972.2539182171668,1.0,-1.0,-1.0,-1.0,0.0,0.0,20.32392752016722,8412.105104701946,8391.78117718178,2.684836434333741,0.29,1.0,REV_SHORT,STOP,2020-08-31 15:55:00,2020-08-31 16:00:00,2020-08-31 16:03:00,1969.4955
2020-08-31 22:25:00,2020-08-31 22:30:00,2020-09-01 02:29:00,119622.0,595941.0,596180.0,119670.0,1.0,1.0,1980.0,1978.009674366687,1990.0,1.3481318063794654,0.08,1983.116,1985.7740000000001,3.0,1.0,1.0,1.0,0.0,0.0,40.850605066503704,8391.78117718178,8413.04517718178,1.9903256333129133,0.29,48.0,BREAK_LONG,TIME,2020-09-01 02:25:00,2020-09-01 02:30:00,2020-09-01 06:29:00,1982.971
2020-09-01 03:55:00,2020-09-01 04:00:00,2020-09-01 07:59:00,119688.0,596271.0,596510.0,119736.0,-1.0,4.0,1990.0,1993.3532965483066,1980.0,2.6446610427858466,0.05,1989.6895,1989.1165,3.0,-1.0,-1.0,-1.0,1.0,0.0,18.31898274153332,8413.04517718178,8415.91017718178,1.9125930966135465,0.29,48.0,REV_SHORT,TIME,2020-09-01 07:55:00,2020-09-01 08:00:00,2020-09-01 11:59:00,1989.8345
2020-09-01 15:45:00,2020-09-01 15:50:00,2020-09-01 16:58:00,119830.0,596981.0,597049.0,119844.0,-1.0,4.0,1970.0,1971.8288232638806,1960.0,4.3431651283426165,0.19,1969.615,1970.6505,4.0,1.0,1.0,1.0,1.0,0.0,42.06264201373165,8415.91017718178,8396.235677181781,1.9446465277610012,0.29,14.0,REV_SHORT,SESSION,2020-09-01 19:45:00,2020-09-01 19:50:00,2020-09-01 20:58:00,1969.76
2020-09-01 19:30:00,2020-09-01 19:35:00,2020-09-01 20:48:00,119863.0,597141.0,597214.0,119878.0,1.0,3.0,1970.0,1968.9161443648275,1980.0,2.6241225538661213,0.06,1971.9745,1968.9161443648275,1.0,1.0,1.0,-1.0,0.0,0.0,18.350133811035445,8396.235677181781,8377.885543370747,1.2597112703452367,0.29,15.0,REV_LONG,STOP,2020-09-01 23:30:00,2020-09-01 23:35:00,2020-09-02 00:48:00,1971.8295
2020-09-02 05:25:00,2020-09-02 05:30:00,2020-09-02 06:29:00,119982.0,597736.0,597795.0,119994.0,1.0,1.0,1970.0,1967.846929357749,1980.0,2.3446633735247007,0.05,1971.4805,1967.846929357749,1.0,1.0,1.0,-1.0,0.0,1.0,18.16785321125394,8377.885543370747,8359.717690159492,2.153070642250845,0.29,12.0,BREAK_LONG,STOP,2020-09-02 09:25:00,2020-09-02 09:30:00,2020-09-02 10:29:00,1971.3355
2020-09-02 07:40:00,2020-09-02 07:45:00,2020-09-02 08:16:00,120009.0,597871.0,597902.0,120016.0,-1.0,2.0,1960.0,1962.4573377644924,1950.0,2.0455523435332013,0.1,1958.367,1962.4573377644924,1.0,1.0,1.0,1.0,0.0,0.0,40.9033776449246,8359.717690159492,8318.814312514567,2.457337764492375,0.29,7.0,BREAK_SHORT,STOP,2020-09-02 11:40:00,2020-09-02 11:45:00,2020-09-02 12:16:00,1958.512
2020-09-02 13:55:00,2020-09-02 14:00:00,2020-09-02 14:59:00,120084.0,598246.0,598305.0,120096.0,-1.0,4.0,1940.0,1942.1385181974238,1930.0,2.331080565405905,0.11,1938.4945,1942.1385181974238,1.0,1.0,1.0,1.0,1.0,0.0,40.08420017166122,8318.814312514567,8278.730112342906,2.387036394847751,0.29,12.0,REV_SHORT,STOP,2020-09-02 17:55:00,2020-09-02 18:00:00,2020-09-02 18:59:00,1938.6395
2020-09-02 22:20:00,2020-09-02 22:25:00,2020-09-03 00:50:00,120173.0,598686.0,598831.0,120203.0,-1.0,4.0,1950.0,1951.9231663224448,1940.0,2.301292328238632,0.11,1948.3115,1940.0,2.0,1.0,-1.0,1.0,0.0,1.0,39.72832954689238,8278.730112342906,8370.156612342906,1.4903326448895513,0.29,30.0,REV_SHORT,TARGET,2020-09-03 02:20:00,2020-09-03 02:25:00,2020-09-03 04:50:00,1948.4565
2020-09-03 09:35:00,2020-09-03 09:40:00,2020-09-03 09:49:00,120308.0,599361.0,599370.0,120310.0,-1.0,4.0,1940.0,1942.6203004717202,1930.0,2.557719615897265,0.11,1939.073,1942.6203004717202,1.0,1.0,-1.0,1.0,0.0,0.0,39.0203051889207,8370.156612342906,8331.136307153985,2.6046009434402877,0.29,2.0,REV_SHORT,STOP,2020-09-03 13:35:00,2020-09-03 13:40:00,2020-09-03 13:49:00,1939.218
2020-09-03 20:00:00,2020-09-03 20:05:00,2020-09-03 21:43:00,120421.0,599921.0,600019.0,120441.0,1.0,3.0,1930.0,1924.9589428006673,1940.0,1.2789283100233473,0.03,1931.559,1940.0,2.0,-1.0,1.0,-1.0,0.0,1.0,19.800171597998087,8331.136307153985,8356.459307153986,1.6721143986654032,0.29,20.0,REV_LONG,TARGET,2020-09-04 00:00:00,2020-09-04 00:05:00,2020-09-04 01:43:00,1931.414
2020-09-04 11:20:00,2020-09-04 11:25:00,2020-09-04 13:58:00,120605.0,600841.0,600994.0,120636.0,1.0,3.0,1920.0,1916.1800284843973,1930.0,2.3082144220458196,0.05,1920.3575,1930.0,2.0,-1.0,-1.0,-1.0,1.0,0.0,20.887357578013734,8356.459307153986,8404.671807153985,3.897943031205358,0.29,31.0,REV_LONG,TARGET,2020-09-04 15:20:00,2020-09-04 15:25:00,2020-09-04 17:58:00,1920.2125
2020-09-08 04:30:00,2020-09-08 04:35:00,2020-09-08 05:42:00,121075.0,603181.0,603248.0,121089.0,-1.0,2.0,1930.0,1931.415036570874,1920.0,2.9580068734753957,0.14,1928.531,1920.0,2.0,1.0,1.0,1.0,0.0,0.0,40.37651199223683,8404.671807153985,8524.105807153985,1.4150365708740982,0.29,14.0,BREAK_SHORT,TARGET,2020-09-08 08:30:00,2020-09-08 08:35:00,2020-09-08 09:42:00,1928.676
2020-09-08 16:20:00,2020-09-08 16:25:00,2020-09-08 16:58:00,121217.0,603891.0,603924.0,121224.0,1.0,3.0,1930.0,1926.92752634023,1940.0,2.7798390115943987,0.06,1930.386,1931.1375,4.0,-1.0,1.0,-1.0,0.0,1.0,20.750841958619276,8524.105807153985,8528.614807153985,1.9109473195398032,0.29,7.0,REV_LONG,SESSION,2020-09-08 20:20:00,2020-09-08 20:25:00,2020-09-08 20:58:00,1930.241
2020-09-09 03:50:00,2020-09-09 03:55:00,2020-09-09 04:22:00,121343.0,604516.0,604543.0,121349.0,1.0,1.0,1930.0,1928.3827815093846,1940.0,2.708942567519702,0.06,1931.5149999999999,1928.3827815093846,1.0,1.0,1.0,-1.0,0.0,0.0,18.793310943691722,8528.614807153985,8509.821496210294,1.617218490615523,0.29,6.0,BREAK_LONG,STOP,2020-09-09 07:50:00,2020-09-09 07:55:00,2020-09-09 08:22:00,1931.37
2020-09-10 07:10:00,2020-09-10 07:15:00,2020-09-10 08:28:00,121659.0,606091.0,606164.0,121674.0,-1.0,4.0,1950.0,1953.4467862311908,1940.0,2.498773034925424,0.05,1949.6035,1953.4467862311908,1.0,-1.0,-1.0,-1.0,0.0,1.0,19.216431155954297,8509.821496210294,8490.60506505434,1.356572462381699,0.29,15.0,REV_SHORT,STOP,2020-09-10 11:10:00,2020-09-10 11:15:00,2020-09-10 12:28:00,1949.7485
2020-09-11 09:25:00,2020-09-11 09:30:00,2020-09-11 09:42:00,121962.0,607601.0,607613.0,121965.0,-1.0,4.0,1950.0,1951.6941117581744,1940.0,4.833604292945008,0.21,1949.6895,1951.6941117581744,1.0,-1.0,-1.0,1.0,1.0,0.0,42.09684692166252,8490.60506505434,8448.508218132678,1.9252235163483413,0.29,3.0,REV_SHORT,STOP,2020-09-11 13:25:00,2020-09-11 13:30:00,2020-09-11 13:42:00,1949.8345
2020-09-11 13:20:00,2020-09-11 13:25:00,2020-09-11 16:58:00,122009.0,607836.0,608049.0,122052.0,1.0,3.0,1940.0,1937.197914740063,1950.0,2.33250061984737,0.05,1941.0395,1939.974,4.0,-1.0,-1.0,-1.0,0.0,0.0,19.207926299685596,8448.508218132678,8443.180718132677,1.7981705198742135,0.29,43.0,REV_LONG,SESSION,2020-09-11 17:20:00,2020-09-11 17:25:00,2020-09-11 20:58:00,1940.8945
2020-09-13 22:25:00,2020-09-13 22:30:00,2020-09-13 23:05:00,122106.0,608316.0,608351.0,122114.0,-1.0,4.0,1950.0,1950.9481974552639,1940.0,5.428025958721442,0.12,1949.2450000000001,1950.9481974552639,1.0,-1.0,-1.0,-1.0,1.0,0.0,20.43836946316514,8443.180718132677,8422.742348669512,1.1843949105277014,0.29,8.0,REV_SHORT,STOP,2020-09-14 02:25:00,2020-09-14 02:30:00,2020-09-14 03:05:00,1949.39
2020-09-17 05:40:00,2020-09-17 05:45:00,2020-09-17 05:52:00,123021.0,612876.0,612883.0,123023.0,-1.0,2.0,1940.0,1941.488574932302,1930.0,5.049563783339342,0.22,1939.5895,1941.488574932302,1.0,1.0,1.0,1.0,0.0,1.0,41.77964851064462,8422.742348669512,8380.962700158867,1.4885749323020927,0.29,2.0,BREAK_SHORT,STOP,2020-09-17 09:40:00,2020-09-17 09:45:00,2020-09-17 09:52:00,1939.7345
2020-09-17 09:20:00,2020-09-17 09:25:00,2020-09-17 10:06:00,123065.0,613096.0,613137.0,123074.0,-1.0,2.0,1940.0,1942.7156832885037,1930.0,1.3511931105467523,0.07,1937.3075000000001,1942.7156832885037,1.0,1.0,1.0,1.0,0.0,0.0,37.857283019524864,8380.962700158867,8343.105417139343,2.7156832885037145,0.29,9.0,BREAK_SHORT,STOP,2020-09-17 13:20:00,2020-09-17 13:25:00,2020-09-17 14:06:00,1937.4525
2020-09-18 10:30:00,2020-09-18 10:35:00,2020-09-18 14:34:00,123355.0,614541.0,614780.0,123403.0,1.0,1.0,1950.0,1947.754024327896,1960.0,1.134942052083729,0.07,1953.49,1953.3745000000001,3.0,1.0,1.0,1.0,0.0,0.0,40.15182970472734,8343.105417139343,8342.296917139343,2.245975672103979,0.29,48.0,BREAK_LONG,TIME,2020-09-18 14:30:00,2020-09-18 14:35:00,2020-09-18 18:34:00,1953.345
2020-09-22 22:50:00,2020-09-22 22:55:00,2020-09-22 23:04:00,124043.0,617966.0,617975.0,124045.0,1.0,3.0,1900.0,1898.4535222214124,1910.0,4.258012121604452,0.09,1900.6495,1898.4535222214124,1.0,-1.0,-1.0,-1.0,1.0,0.0,19.763800007288182,8342.296917139343,8322.533117132056,1.834955557175193,0.29,2.0,REV_LONG,STOP,2020-09-23 02:50:00,2020-09-23 02:55:00,2020-09-23 03:04:00,1900.5045
2020-09-23 00:25:00,2020-09-23 00:30:00,2020-09-23 02:11:00,124062.0,618061.0,618162.0,124083.0,-1.0,2.0,1890.0,1892.101925830507,1880.0,1.736799823057965,0.09,1887.68,1880.0,2.0,1.0,1.0,1.0,0.0,1.0,39.79733247456306,8322.533117132056,8391.653117132057,2.101925830507123,0.29,21.0,BREAK_SHORT,TARGET,2020-09-23 04:25:00,2020-09-23 04:30:00,2020-09-23 06:11:00,1887.825
2020-09-23 22:55:00,2020-09-23 23:00:00,2020-09-24 01:45:00,124320.0,619346.0,619511.0,124354.0,-1.0,2.0,1860.0,1862.3580342702057,1850.0,2.9595958263512925,0.13,1859.237,1850.0,2.0,1.0,1.0,1.0,0.0,1.0,40.573445512673516,8391.653117132057,8511.734117132059,2.358034270205648,0.29,34.0,BREAK_SHORT,TARGET,2020-09-24 02:55:00,2020-09-24 03:00:00,2020-09-24 05:45:00,1859.382
2020-09-24 11:05:00,2020-09-24 11:10:00,2020-09-24 11:14:00,124466.0,620076.0,620080.0,124467.0,-1.0,4.0,1860.0,1863.3367213663835,1850.0,2.54114112500779,0.11,1859.5705,1863.3367213663835,1.0,1.0,-1.0,1.0,0.0,0.0,41.42843503021777,8511.734117132059,8470.30568210184,3.276442732766797,0.29,1.0,REV_SHORT,STOP,2020-09-24 15:05:00,2020-09-24 15:10:00,2020-09-24 15:14:00,1859.7155
2020-09-24 23:40:00,2020-09-24 23:45:00,2020-09-25 00:25:00,124605.0,620766.0,620806.0,124614.0,-1.0,4.0,1870.0,1871.313120127545,1860.0,5.475296088221246,0.24,1869.566,1871.313120127545,1.0,1.0,-1.0,1.0,0.0,1.0,41.93088306108075,8470.30568210184,8428.37479904076,1.2932402550900728,0.29,9.0,REV_SHORT,STOP,2020-09-25 03:40:00,2020-09-25 03:45:00,2020-09-25 04:25:00,1869.711
2020-09-25 04:20:00,2020-09-25 04:25:00,2020-09-25 05:43:00,124661.0,621046.0,621124.0,124677.0,1.0,3.0,1870.0,1868.4684768645288,1880.0,2.8819839501575695,0.14,1871.439,1868.4684768645288,1.0,-1.0,1.0,1.0,0.0,0.0,41.587323896597354,8428.37479904076,8386.787475144161,1.7580462709425937,0.29,16.0,REV_LONG,STOP,2020-09-25 08:20:00,2020-09-25 08:25:00,2020-09-25 09:43:00,1871.294
2020-09-28 02:05:00,2020-09-28 02:10:00,2020-09-28 03:02:00,124910.0,622286.0,622338.0,124921.0,-1.0,2.0,1860.0,1861.3027784885614,1850.0,1.8058582644314018,0.1,1857.2745,1861.3027784885614,1.0,1.0,1.0,1.0,0.0,0.0,40.28278488561455,8386.787475144161,8346.504690258547,1.3027784885613596,0.29,11.0,BREAK_SHORT,STOP,2020-09-28 06:05:00,2020-09-28 06:10:00,2020-09-28 07:02:00,1857.4195
2020-09-28 06:30:00,2020-09-28 06:35:00,2020-09-28 07:43:00,124963.0,622551.0,622619.0,124977.0,-1.0,4.0,1860.0,1862.4864353928224,1850.0,1.6801048608785956,0.04,1857.8275,1862.4864353928224,1.0,1.0,1.0,-1.0,0.0,1.0,18.635741571289145,8346.504690258547,8327.868948687257,2.0788707856450532,0.29,14.0,REV_SHORT,STOP,2020-09-28 10:30:00,2020-09-28 10:35:00,2020-09-28 11:43:00,1857.9725
2020-09-28 08:40:00,2020-09-28 08:45:00,2020-09-28 09:15:00,124989.0,622681.0,622711.0,124996.0,-1.0,4.0,1870.0,1873.805948569143,1860.0,1.032543703291494,0.03,1867.0135,1873.805948569143,1.0,-1.0,-1.0,-1.0,1.0,0.0,20.377345707429185,8327.868948687257,8307.491602979828,2.4458971382859085,0.29,7.0,REV_SHORT,STOP,2020-09-28 12:40:00,2020-09-28 12:45:00,2020-09-28 13:15:00,1867.1585
2020-09-29 10:35:00,2020-09-29 10:40:00,2020-09-29 12:36:00,125288.0,624171.0,624287.0,125312.0,-1.0,4.0,1890.0,1893.3804514068847,1880.0,1.2441191539833438,0.03,1887.4180000000001,1893.3804514068847,1.0,-1.0,-1.0,-1.0,0.0,1.0,17.887354220653833,8307.491602979828,8289.604248759173,2.4649028137698217,0.29,24.0,REV_SHORT,STOP,2020-09-29 14:35:00,2020-09-29 14:40:00,2020-09-29 16:36:00,1887.563
2020-09-30 14:55:00,2020-09-30 15:00:00,2020-09-30 15:21:00,125616.0,625806.0,625827.0,125621.0,1.0,3.0,1890.0,1885.8444681879764,1900.0,1.925886468303952,0.08,1890.6825,1885.8444681879764,1.0,1.0,-1.0,1.0,0.0,1.0,38.70425449618779,8289.604248759173,8250.899994262985,2.7160636240471736,0.29,5.0,REV_LONG,STOP,2020-09-30 18:55:00,2020-09-30 19:00:00,2020-09-30 19:21:00,1890.5375
2020-10-01 10:15:00,2020-10-01 10:20:00,2020-10-01 11:34:00,125836.0,626901.0,626975.0,125851.0,1.0,3.0,1900.0,1894.9142838375803,1910.0,1.0092277361335558,0.05,1902.4225,1910.0,2.0,1.0,1.0,1.0,1.0,1.0,37.541080812097796,8250.899994262985,8288.787494262986,2.9864323248395803,0.29,15.0,REV_LONG,TARGET,2020-10-01 14:15:00,2020-10-01 14:20:00,2020-10-01 15:34:00,1902.2775
2020-10-02 13:45:00,2020-10-02 13:50:00,2020-10-02 16:58:00,126154.0,628486.0,628674.0,126192.0,1.0,3.0,1900.0,1897.518769836733,1910.0,2.3117866290665567,0.1,1901.2875,1899.0875,4.0,1.0,-1.0,1.0,0.0,0.0,37.687301632668095,8288.787494262986,8266.787494262988,2.415460326533638,0.29,38.0,REV_LONG,SESSION,2020-10-02 17:45:00,2020-10-02 17:50:00,2020-10-02 20:58:00,1901.1425
2020-10-04 20:35:00,2020-10-04 20:40:00,2020-10-04 21:03:00,126224.0,628831.0,628854.0,126229.0,1.0,3.0,1900.0,1897.924561034311,1910.0,2.7138753312351374,0.12,1901.176,1897.924561034311,1.0,1.0,-1.0,1.0,0.0,0.0,39.017267588267714,8266.787494262988,8227.77022667472,1.6298779313777585,0.29,5.0,REV_LONG,STOP,2020-10-05 00:35:00,2020-10-05 00:40:00,2020-10-05 01:03:00,1901.031
2020-10-05 03:25:00,2020-10-05 03:30:00,2020-10-05 03:48:00,126306.0,629241.0,629259.0,126310.0,-1.0,2.0,1890.0,1891.5906654396845,1880.0,2.5921497460294334,0.06,1888.364,1891.5906654396845,1.0,1.0,1.0,-1.0,0.0,0.0,19.359992638106633,8227.77022667472,8208.410234036613,1.5906654396845459,0.29,4.0,BREAK_SHORT,STOP,2020-10-05 07:25:00,2020-10-05 07:30:00,2020-10-05 07:48:00,1888.509
2020-10-05 07:55:00,2020-10-05 08:00:00,2020-10-05 09:33:00,126360.0,629511.0,629604.0,126379.0,1.0,1.0,1900.0,1898.847603566524,1910.0,1.7767170442943343,0.1,1902.864,1910.0,2.0,1.0,1.0,1.0,0.0,0.0,40.16396433476075,8208.410234036613,8279.770234036612,1.1523964334761048,0.29,19.0,BREAK_LONG,TARGET,2020-10-05 11:55:00,2020-10-05 12:00:00,2020-10-05 13:33:00,1902.719
2020-10-08 02:45:00,2020-10-08 02:50:00,2020-10-08 06:49:00,127126.0,633326.0,633565.0,127174.0,1.0,1.0,1890.0,1888.7778650436226,1900.0,1.2149089194302676,0.08,1893.8445,1893.324,3.0,1.0,1.0,1.0,0.0,0.0,40.53307965101885,8279.770234036612,8275.606234036613,1.2221349563773631,0.29,48.0,BREAK_LONG,TIME,2020-10-08 06:45:00,2020-10-08 06:50:00,2020-10-08 10:49:00,1893.6995
2020-10-08 13:45:00,2020-10-08 13:50:00,2020-10-08 16:58:00,127258.0,633986.0,634174.0,127296.0,1.0,1.0,1890.0,1888.1759329108995,1900.0,2.0956563435792535,0.05,1891.9955,1893.243,4.0,1.0,1.0,-1.0,0.0,1.0,19.09783544550237,8275.606234036613,8281.843734036613,1.8240670891005175,0.29,38.0,BREAK_LONG,SESSION,2020-10-08 17:45:00,2020-10-08 17:50:00,2020-10-08 20:58:00,1891.8505
2020-10-09 00:35:00,2020-10-09 00:40:00,2020-10-09 01:00:00,127376.0,634571.0,634591.0,127381.0,1.0,3.0,1910.0,1909.0322387713722,1920.0,7.383464241412728,0.31,1910.3405,1909.0322387713722,1.0,1.0,1.0,1.0,1.0,1.0,40.556098087460896,8281.843734036613,8241.287635949151,0.8225224572555317,0.29,5.0,REV_LONG,STOP,2020-10-09 04:35:00,2020-10-09 04:40:00,2020-10-09 05:00:00,1910.1955
2020-10-09 03:15:00,2020-10-09 03:20:00,2020-10-09 03:53:00,127408.0,634731.0,634764.0,127415.0,-1.0,4.0,1910.0,1911.1623785392408,1900.0,3.1559506046747696,0.07,1908.4765,1911.1623785392408,1.0,-1.0,-1.0,-1.0,0.0,1.0,18.80114977468543,8241.287635949151,8222.486486174466,1.1677570784813411,0.29,7.0,REV_SHORT,STOP,2020-10-09 07:15:00,2020-10-09 07:20:00,2020-10-09 07:53:00,1908.6215
2020-10-13 21:30:00,2020-10-13 21:35:00,2020-10-13 22:14:00,128167.0,638511.0,638550.0,128175.0,-1.0,2.0,1890.0,1892.073629252047,1880.0,1.1041054883417878,0.07,1886.3355,1892.073629252047,1.0,1.0,1.0,1.0,0.0,0.0,40.16690476433041,8222.486486174466,8182.319581410136,2.0736292520470228,0.29,8.0,BREAK_SHORT,STOP,2020-10-14 01:30:00,2020-10-14 01:35:00,2020-10-14 02:14:00,1886.4805
2020-10-15 21:15:00,2020-10-15 21:20:00,2020-10-16 01:19:00,128716.0,641246.0,641485.0,128764.0,-1.0,4.0,1910.0,1911.09677524959,1900.0,4.306224157611437,0.19,1909.0055,1907.3725,3.0,-1.0,-1.0,1.0,0.0,0.0,39.73422974221239,8182.319581410136,8213.346581410136,1.0445504991804822,0.29,48.0,REV_SHORT,TIME,2020-10-16 01:15:00,2020-10-16 01:20:00,2020-10-16 05:19:00,1909.1505
2020-10-19 22:10:00,2020-10-19 22:15:00,2020-10-19 22:59:00,129279.0,644051.0,644095.0,129288.0,-1.0,2.0,1900.0,1901.4482301818857,1890.0,2.343300413169513,0.05,1898.0240000000001,1901.4482301818857,1.0,1.0,1.0,-1.0,0.0,0.0,17.121150909428025,8213.346581410136,8196.225430500708,1.448230181885793,0.29,9.0,BREAK_SHORT,STOP,2020-10-20 02:10:00,2020-10-20 02:15:00,2020-10-20 02:59:00,1898.169
2020-10-20 19:10:00,2020-10-20 19:15:00,2020-10-20 22:22:00,129519.0,645246.0,645433.0,129557.0,1.0,1.0,1910.0,1909.093119141879,1920.0,3.6583112782743115,0.17,1911.4345,1920.0,2.0,1.0,1.0,1.0,0.0,0.0,39.80347458805796,8196.225430500708,8341.838930500708,0.9068808581210885,0.29,38.0,BREAK_LONG,TARGET,2020-10-20 23:10:00,2020-10-20 23:15:00,2020-10-21 02:22:00,1911.2895
2020-10-22 03:45:00,2020-10-22 03:50:00,2020-10-22 07:49:00,129898.0,647136.0,647375.0,129946.0,-1.0,4.0,1920.0,1921.1266799468722,1910.0,4.416604306654939,0.1,1919.0725,1914.499,3.0,-1.0,-1.0,-1.0,0.0,1.0,20.541799468721823,8341.838930500708,8387.573930500708,1.1393598937442424,0.29,48.0,REV_SHORT,TIME,2020-10-22 07:45:00,2020-10-22 07:50:00,2020-10-22 11:49:00,1919.2175
2020-10-23 04:45:00,2020-10-23 04:50:00,2020-10-23 06:09:00,130186.0,648571.0,648650.0,130202.0,1.0,1.0,1910.0,1908.9032040475167,1920.0,4.893785748714297,0.22,1910.786,1908.9032040475167,1.0,1.0,1.0,1.0,0.0,0.0,41.42151095463305,8387.573930500708,8346.152419546075,1.0967959524832933,0.29,16.0,BREAK_LONG,STOP,2020-10-23 08:45:00,2020-10-23 08:50:00,2020-10-23 10:09:00,1910.641
2020-10-28 13:30:00,2020-10-28 13:35:00,2020-10-28 15:02:00,131119.0,653221.0,653308.0,131137.0,1.0,3.0,1880.0,1876.0973788750061,1890.0,2.175113974953398,0.04,1880.4759999999999,1876.0973788750061,1.0,-1.0,-1.0,-1.0,1.0,1.0,17.51448449997497,8346.152419546075,8328.6379350461,2.1112422499879333,0.29,18.0,REV_LONG,STOP,2020-10-28 17:30:00,2020-10-28 17:35:00,2020-10-28 19:02:00,1880.331
2020-10-29 04:20:00,2020-10-29 04:25:00,2020-10-29 05:11:00,131285.0,654046.0,654092.0,131295.0,-1.0,2.0,1880.0,1881.4248815593824,1870.0,5.315992056043283,0.23,1879.616,1881.4248815593824,1.0,1.0,1.0,1.0,0.0,0.0,41.604275865794534,8328.6379350461,8287.033659180304,1.4248815593823516,0.29,10.0,BREAK_SHORT,STOP,2020-10-29 08:20:00,2020-10-29 08:25:00,2020-10-29 09:11:00,1879.761
2020-11-03 04:50:00,2020-11-03 04:55:00,2020-11-03 08:25:00,132119.0,658201.0,658411.0,132162.0,-1.0,4.0,1900.0,1902.4125320766266,1890.0,3.3805863992208116,0.07,1899.579,1902.4125320766266,1.0,-1.0,-1.0,-1.0,1.0,1.0,19.83472453638638,8287.033659180304,8267.198934643919,1.522064153253044,0.29,43.0,REV_SHORT,STOP,2020-11-03 09:50:00,2020-11-03 09:55:00,2020-11-03 13:25:00,1899.724
2020-11-04 07:05:00,2020-11-04 07:10:00,2020-11-04 07:33:00,132422.0,659711.0,659734.0,132427.0,1.0,1.0,1900.0,1897.6852756248359,1910.0,1.2015250572303644,0.07,1903.279,1910.0,2.0,1.0,1.0,1.0,0.0,0.0,39.15607062614891,8267.198934643919,8314.24593464392,2.3147243751641082,0.29,5.0,BREAK_LONG,TARGET,2020-11-04 12:05:00,2020-11-04 12:10:00,2020-11-04 12:33:00,1903.134
2020-11-08 23:15:00,2020-11-08 23:20:00,2020-11-09 01:35:00,133156.0,663366.0,663501.0,133184.0,1.0,1.0,1960.0,1958.7301646694318,1970.0,1.26468567368055,0.08,1963.7065,1958.7301646694318,1.0,1.0,1.0,1.0,0.0,0.0,39.81068264454552,8314.24593464392,8274.435251999374,1.269835330568237,0.29,28.0,BREAK_LONG,STOP,2020-11-09 04:15:00,2020-11-09 04:20:00,2020-11-09 06:35:00,1963.5615
2020-11-09 03:30:00,2020-11-09 03:35:00,2020-11-09 03:37:00,133207.0,663621.0,663623.0,133208.0,1.0,1.0,1960.0,1958.346038549636,1970.0,4.015775686116171,0.17,1960.6695,1958.346038549636,1.0,1.0,1.0,1.0,0.0,0.0,39.498844656187885,8274.435251999374,8234.936407343186,1.6539614503641125,0.29,1.0,BREAK_LONG,STOP,2020-11-09 08:30:00,2020-11-09 08:35:00,2020-11-09 08:37:00,1960.5245
2020-11-10 06:55:00,2020-11-10 07:00:00,2020-11-10 08:01:00,133524.0,665201.0,665262.0,133537.0,-1.0,4.0,1880.0,1882.1100829861464,1870.0,2.3392543428365604,0.11,1878.4835,1882.1100829861464,1.0,1.0,1.0,1.0,0.0,1.0,39.89241284760965,8234.936407343186,8195.043994495576,2.246165972292477,0.29,13.0,REV_SHORT,STOP,2020-11-10 11:55:00,2020-11-10 12:00:00,2020-11-10 13:01:00,1878.6285
2020-11-10 22:45:00,2020-11-10 22:50:00,2020-11-11 02:15:00,133702.0,666086.0,666291.0,133744.0,1.0,3.0,1880.0,1877.6849367710292,1890.0,2.59977656205897,0.11,1881.106,1877.6849367710292,1.0,-1.0,1.0,1.0,0.0,1.0,37.63169551867827,8195.043994495576,8157.412298976898,1.3201264579415364,0.29,42.0,REV_LONG,STOP,2020-11-11 03:45:00,2020-11-11 03:50:00,2020-11-11 07:15:00,1880.961
2020-11-12 12:15:00,2020-11-12 12:20:00,2020-11-12 12:50:00,134140.0,668271.0,668301.0,134147.0,1.0,1.0,1880.0,1878.3916803157906,1890.0,2.114387996658211,0.1,1882.119,1878.3916803157906,1.0,1.0,1.0,1.0,0.0,0.0,37.27319684209306,8157.412298976898,8120.1391021348045,1.6083196842094232,0.29,7.0,BREAK_LONG,STOP,2020-11-12 17:15:00,2020-11-12 17:20:00,2020-11-12 17:50:00,1881.974
2020-11-12 20:35:00,2020-11-12 20:40:00,2020-11-13 00:39:00,134228.0,668706.0,668945.0,134276.0,-1.0,4.0,1880.0,1882.644016603627,1870.0,3.117208805935478,0.13,1879.573,1878.147,3.0,-1.0,-1.0,1.0,0.0,1.0,39.92321584715046,8120.1391021348045,8138.677102134807,1.2720332072539036,0.29,48.0,REV_SHORT,TIME,2020-11-13 01:35:00,2020-11-13 01:40:00,2020-11-13 05:39:00,1879.718
2020-11-13 03:15:00,2020-11-13 03:20:00,2020-11-13 07:15:00,134308.0,669106.0,669341.0,134356.0,-1.0,4.0,1880.0,1881.546446805459,1870.0,4.444005844814335,0.09,1879.4255,1881.546446805459,1.0,-1.0,-1.0,-1.0,0.0,0.0,19.088521249130736,8138.677102134807,8119.5885808856765,1.0698936109181179,0.29,48.0,REV_SHORT,STOP,2020-11-13 08:15:00,2020-11-13 08:20:00,2020-11-13 12:15:00,1879.5705
2020-11-16 20:45:00,2020-11-16 20:50:00,2020-11-16 21:43:00,134782.0,671466.0,671519.0,134793.0,-1.0,4.0,1890.0,1891.1067620407107,1880.0,4.363610990714816,0.09,1889.036,1891.1067620407107,1.0,-1.0,1.0,-1.0,0.0,0.0,18.636858366395696,8119.5885808856765,8100.951722519281,1.0875240814213802,0.29,11.0,REV_SHORT,STOP,2020-11-17 01:45:00,2020-11-17 01:50:00,2020-11-17 02:43:00,1889.181
2020-11-17 03:50:00,2020-11-17 03:55:00,2020-11-17 04:54:00,134867.0,671891.0,671950.0,134879.0,1.0,1.0,1890.0,1888.4065663149293,1900.0,3.8377861475140107,0.16,1890.8029999999999,1888.4065663149293,1.0,1.0,1.0,1.0,0.0,1.0,38.34293896113013,8100.951722519281,8062.608783558151,1.5934336850707447,0.29,12.0,BREAK_LONG,STOP,2020-11-17 08:50:00,2020-11-17 08:55:00,2020-11-17 09:54:00,1890.658
2020-11-18 04:50:00,2020-11-18 04:55:00,2020-11-18 06:46:00,135155.0,673326.0,673437.0,135178.0,-1.0,2.0,1880.0,1881.1375007712238,1870.0,2.5234096975280744,0.06,1877.9765,1870.0,2.0,1.0,1.0,-1.0,0.0,0.0,18.966004627342954,8062.608783558151,8110.4677835581515,1.1375007712238805,0.29,23.0,BREAK_SHORT,TARGET,2020-11-18 09:50:00,2020-11-18 09:55:00,2020-11-18 11:46:00,1878.1215
2020-11-18 07:15:00,2020-11-18 07:20:00,2020-11-18 07:28:00,135184.0,673471.0,673479.0,135186.0,-1.0,2.0,1870.0,1872.2837743407993,1860.0,3.0691263917220524,0.06,1869.265,1872.2837743407993,1.0,1.0,1.0,-1.0,0.0,0.0,18.11264604479493,8110.4677835581515,8092.355137513357,2.283774340799329,0.29,2.0,BREAK_SHORT,STOP,2020-11-18 12:15:00,2020-11-18 12:20:00,2020-11-18 12:28:00,1869.41
2020-11-18 15:55:00,2020-11-18 16:00:00,2020-11-18 16:58:00,135288.0,673991.0,674049.0,135300.0,1.0,3.0,1870.0,1868.5839705148187,1880.0,5.05776114141469,0.21,1870.4685,1872.1375,4.0,-1.0,-1.0,1.0,1.0,1.0,39.575119188806184,8092.355137513357,8127.404137513358,0.9550589703626828,0.29,12.0,REV_LONG,SESSION,2020-11-18 20:55:00,2020-11-18 21:00:00,2020-11-18 21:58:00,1870.3235
2020-11-19 03:40:00,2020-11-19 03:45:00,2020-11-19 04:11:00,135417.0,674631.0,674657.0,135423.0,-1.0,2.0,1860.0,1861.550583776298,1850.0,5.479686357454529,0.22,1859.768,1861.550583776298,1.0,1.0,1.0,1.0,0.0,1.0,39.21684307855594,8127.404137513358,8088.187294434802,1.5505837762979493,0.29,6.0,BREAK_SHORT,STOP,2020-11-19 08:40:00,2020-11-19 08:45:00,2020-11-19 09:11:00,1859.913
2020-11-25 05:30:00,2020-11-25 05:35:00,2020-11-25 06:07:00,136543.0,680241.0,680273.0,136550.0,1.0,3.0,1810.0,1807.4177840623731,1820.0,3.349620290732314,0.13,1810.3105,1807.4177840623731,1.0,-1.0,1.0,1.0,0.0,0.0,37.605307189149926,8088.187294434802,8050.581987245652,1.4564318752536436,0.29,7.0,REV_LONG,STOP,2020-11-25 10:30:00,2020-11-25 10:35:00,2020-11-25 11:07:00,1810.1655
2020-11-26 21:10:00,2020-11-26 21:15:00,2020-11-26 21:24:00,136995.0,682491.0,682500.0,136997.0,1.0,3.0,1810.0,1809.1847950474382,1820.0,7.324479468183094,0.3,1810.484,1809.1847950474382,1.0,-1.0,1.0,1.0,0.0,0.0,38.976148576850846,8050.581987245652,8011.605838668802,0.8134099051234462,0.29,2.0,REV_LONG,STOP,2020-11-27 02:10:00,2020-11-27 02:15:00,2020-11-27 02:24:00,1810.339
2020-11-27 09:20:00,2020-11-27 09:25:00,2020-11-27 13:24:00,137141.0,683221.0,683460.0,137189.0,1.0,3.0,1780.0,1772.6727705881929,1790.0,1.159229118219588,0.04,1780.6975,1786.7995,3.0,-1.0,-1.0,1.0,1.0,1.0,32.09891764722852,8011.605838668802,8036.013838668802,3.4694588236142607,0.29,48.0,REV_LONG,TIME,2020-11-27 14:20:00,2020-11-27 14:25:00,2020-11-27 18:24:00,1780.5525
2020-11-30 06:05:00,2020-11-30 06:10:00,2020-11-30 10:09:00,137378.0,684401.0,684640.0,137426.0,1.0,3.0,1770.0,1763.5699842701597,1780.0,1.4582893785203614,0.06,1770.2535,1773.4635,3.0,-1.0,-1.0,1.0,1.0,1.0,40.101094379042024,8036.013838668802,8055.2738386688025,2.1290314596806104,0.29,48.0,REV_LONG,TIME,2020-11-30 11:05:00,2020-11-30 11:10:00,2020-11-30 15:09:00,1770.1085
2020-12-02 07:55:00,2020-12-02 08:00:00,2020-12-02 08:48:00,137952.0,687261.0,687309.0,137962.0,1.0,3.0,1820.0,1815.5665112985055,1830.0,1.6142941929200312,0.07,1821.0875,1815.5665112985055,1.0,1.0,1.0,1.0,0.0,1.0,38.64692091046232,8055.2738386688025,8016.62691775834,1.8089774029889087,0.29,10.0,REV_LONG,STOP,2020-12-02 12:55:00,2020-12-02 13:00:00,2020-12-02 13:48:00,1820.9425
2020-12-02 10:15:00,2020-12-02 10:20:00,2020-12-02 14:19:00,137980.0,687401.0,687640.0,138028.0,1.0,1.0,1820.0,1817.68099003504,1830.0,1.1413155965297572,0.06,1823.434,1828.461,3.0,1.0,1.0,1.0,0.0,0.0,34.51805978976017,8016.62691775834,8046.78891775834,2.319009964960091,0.29,48.0,BREAK_LONG,TIME,2020-12-02 15:15:00,2020-12-02 15:20:00,2020-12-02 19:19:00,1823.289
2020-12-03 06:35:00,2020-12-03 06:40:00,2020-12-03 08:08:00,138212.0,688556.0,688644.0,138230.0,1.0,1.0,1840.0,1838.573627696484,1850.0,4.7873443033856855,0.2,1840.548,1838.573627696484,1.0,1.0,1.0,1.0,0.0,1.0,39.4874460703204,8046.78891775834,8007.30147168802,1.426372303515983,0.29,18.0,BREAK_LONG,STOP,2020-12-03 11:35:00,2020-12-03 11:40:00,2020-12-03 13:08:00,1840.403
2020-12-04 03:10:00,2020-12-04 03:15:00,2020-12-04 07:14:00,138447.0,689726.0,689965.0,138495.0,1.0,3.0,1840.0,1837.2386995636969,1850.0,1.5260895787960937,0.07,1842.2905,1842.5535,3.0,1.0,1.0,1.0,0.0,1.0,35.362603054122474,8007.30147168802,8009.142471688019,1.3456008726063382,0.29,48.0,REV_LONG,TIME,2020-12-04 08:10:00,2020-12-04 08:15:00,2020-12-04 12:14:00,1842.1455
2020-12-07 00:35:00,2020-12-07 00:40:00,2020-12-07 01:56:00,138692.0,690946.0,691022.0,138708.0,1.0,1.0,1840.0,1839.1709815073152,1850.0,4.869327887833993,0.21,1841.016,1839.1709815073152,1.0,1.0,1.0,1.0,0.0,0.0,38.745388346382015,8009.142471688019,7970.397083341637,0.8290184926847866,0.29,16.0,BREAK_LONG,STOP,2020-12-07 05:35:00,2020-12-07 05:40:00,2020-12-07 06:56:00,1840.871
2020-12-07 02:45:00,2020-12-07 02:50:00,2020-12-07 02:59:00,138718.0,691076.0,691085.0,138720.0,1.0,3.0,1840.0,1837.8536910181028,1850.0,4.047692990914582,0.16,1840.26,1837.8536910181028,1.0,1.0,1.0,1.0,0.0,1.0,38.50094371035448,7970.397083341637,7931.8961396312825,1.1406179637944056,0.29,2.0,REV_LONG,STOP,2020-12-07 07:45:00,2020-12-07 07:50:00,2020-12-07 07:59:00,1840.115
2020-12-07 10:20:00,2020-12-07 10:25:00,2020-12-07 14:24:00,138809.0,691531.0,691770.0,138857.0,1.0,1.0,1860.0,1857.269845287301,1870.0,2.159510026402408,0.09,1861.299,1860.16,3.0,1.0,1.0,1.0,0.0,1.0,36.262392414290844,7931.8961396312825,7921.645139631283,2.7301547126990586,0.29,48.0,BREAK_LONG,TIME,2020-12-07 15:20:00,2020-12-07 15:25:00,2020-12-07 19:24:00,1861.154
2020-12-08 15:35:00,2020-12-08 15:40:00,2020-12-08 16:51:00,139148.0,693221.0,693292.0,139163.0,1.0,3.0,1870.0,1868.7892596514541,1880.0,5.04111472670756,0.1,1870.645,1868.7892596514541,1.0,1.0,1.0,-1.0,0.0,1.0,18.557403485458508,7921.645139631283,7903.087736145824,0.7304806970918599,0.29,15.0,REV_LONG,STOP,2020-12-08 20:35:00,2020-12-08 20:40:00,2020-12-08 21:51:00,1870.5
2020-12-09 03:10:00,2020-12-09 03:15:00,2020-12-09 05:21:00,139275.0,693851.0,693977.0,139301.0,1.0,3.0,1860.0,1857.3039889137067,1870.0,3.199095265054414,0.13,1860.3274999999999,1857.3039889137067,1.0,1.0,-1.0,1.0,0.0,1.0,39.30564412181138,7903.087736145824,7863.782092024013,1.572022172586342,0.29,26.0,REV_LONG,STOP,2020-12-09 08:10:00,2020-12-09 08:15:00,2020-12-09 10:21:00,1860.1825
2020-12-10 04:15:00,2020-12-10 04:20:00,2020-12-10 08:18:00,139564.0,695291.0,695529.0,139612.0,1.0,3.0,1830.0,1827.845651119473,1840.0,1.6223829932390557,0.04,1832.4805,1840.0,2.0,-1.0,-1.0,-1.0,0.0,0.0,18.539395522107952,7863.782092024013,7893.860092024013,1.849697761054503,0.29,48.0,REV_LONG,TARGET,2020-12-10 09:15:00,2020-12-10 09:20:00,2020-12-10 13:18:00,1832.3355
2020-12-11 09:00:00,2020-12-11 09:05:00,2020-12-11 09:10:00,139897.0,696951.0,696956.0,139899.0,-1.0,4.0,1840.0,1842.1127323273947,1830.0,2.425805803664958,0.11,1838.577,1842.1127323273947,1.0,1.0,-1.0,1.0,0.0,0.0,38.893055601341985,7893.860092024013,7854.967036422671,2.045464654789589,0.29,2.0,REV_SHORT,STOP,2020-12-11 14:00:00,2020-12-11 14:05:00,2020-12-11 14:10:00,1838.722
2020-12-14 03:40:00,2020-12-14 03:45:00,2020-12-14 05:30:00,140109.0,698006.0,698111.0,140131.0,-1.0,2.0,1830.0,1831.446279396257,1820.0,1.8187395273940832,0.04,1827.3855,1820.0,2.0,1.0,1.0,-1.0,0.0,1.0,16.243117585027903,7854.967036422671,7884.509036422672,1.4462793962571097,0.29,22.0,BREAK_SHORT,TARGET,2020-12-14 08:40:00,2020-12-14 08:45:00,2020-12-14 10:30:00,1827.5305
2020-12-14 10:25:00,2020-12-14 10:30:00,2020-12-14 14:29:00,140190.0,698411.0,698650.0,140238.0,-1.0,2.0,1830.0,1832.4831306887827,1820.0,1.0879581527261648,0.03,1826.5045,1828.3965,3.0,1.0,1.0,-1.0,0.0,0.0,17.93589206634806,7884.509036422672,7878.833036422671,2.483130688782606,0.29,48.0,BREAK_SHORT,TIME,2020-12-14 15:25:00,2020-12-14 15:30:00,2020-12-14 19:29:00,1826.6495
2020-12-15 00:55:00,2020-12-15 01:00:00,2020-12-15 02:06:00,140352.0,699216.0,699282.0,140366.0,-1.0,4.0,1840.0,1841.459579181905,1830.0,3.6935111778616077,0.08,1839.018,1841.459579181905,1.0,-1.0,-1.0,-1.0,1.0,1.0,19.532633455239193,7878.833036422671,7859.300402967432,1.0511583638099617,0.29,14.0,REV_SHORT,STOP,2020-12-15 05:55:00,2020-12-15 06:00:00,2020-12-15 07:06:00,1839.163
2020-12-17 01:05:00,2020-12-17 01:10:00,2020-12-17 01:29:00,140906.0,701976.0,701995.0,140910.0,-1.0,4.0,1870.0,1870.997090068099,1860.0,6.177835231151722,0.12,1869.465,1870.997090068099,1.0,-1.0,-1.0,-1.0,0.0,0.0,18.385080817188282,7859.300402967432,7840.915322150244,0.9551801361978451,0.29,4.0,REV_SHORT,STOP,2020-12-17 06:05:00,2020-12-17 06:10:00,2020-12-17 06:29:00,1869.61
2020-12-17 03:45:00,2020-12-17 03:50:00,2020-12-17 04:04:00,140938.0,702136.0,702150.0,140941.0,1.0,1.0,1880.0,1878.344191829134,1890.0,3.7568743839867085,0.15,1880.7945,1878.344191829134,1.0,1.0,1.0,1.0,0.0,0.0,36.75462256299056,7840.915322150244,7804.1606995872535,1.6558081708660877,0.29,3.0,BREAK_LONG,STOP,2020-12-17 08:45:00,2020-12-17 08:50:00,2020-12-17 09:04:00,1880.6495
2020-12-17 09:45:00,2020-12-17 09:50:00,2020-12-17 11:11:00,141010.0,702496.0,702577.0,141027.0,1.0,1.0,1890.0,1887.433490312981,1900.0,1.435837583061431,0.07,1892.5925,1887.433490312981,1.0,1.0,1.0,1.0,0.0,1.0,36.11306780913356,7804.1606995872535,7768.0476317781195,2.566509687019141,0.29,17.0,BREAK_LONG,STOP,2020-12-17 14:45:00,2020-12-17 14:50:00,2020-12-17 16:11:00,1892.4475
2020-12-18 06:50:00,2020-12-18 06:55:00,2020-12-18 09:54:00,141251.0,703696.0,703875.0,141287.0,1.0,1.0,1880.0,1878.925399098765,1890.0,1.851999261134929,0.1,1882.8085,1878.925399098765,1.0,1.0,1.0,1.0,0.0,0.0,38.831009012351394,7768.0476317781195,7729.216622765768,1.0746009012350783,0.29,36.0,BREAK_LONG,STOP,2020-12-18 11:50:00,2020-12-18 11:55:00,2020-12-18 14:54:00,1882.6635
2020-12-22 02:00:00,2020-12-22 02:05:00,2020-12-22 02:15:00,141745.0,706156.0,706166.0,141748.0,1.0,3.0,1870.0,1867.0904167524784,1880.0,2.2329862533004587,0.04,1871.0835,1867.0904167524784,1.0,-1.0,-1.0,-1.0,1.0,1.0,15.972332990086215,7729.216622765768,7713.244289775682,1.905166495043141,0.29,3.0,REV_LONG,STOP,2020-12-22 07:00:00,2020-12-22 07:05:00,2020-12-22 07:15:00,1870.9385
2020-12-24 03:25:00,2020-12-24 03:30:00,2020-12-24 07:29:00,142314.0,708991.0,709230.0,142362.0,-1.0,4.0,1880.0,1881.2432565575782,1870.0,5.243629384695706,0.1,1879.4425,1874.6745,3.0,-1.0,-1.0,-1.0,0.0,0.0,18.007565575780973,7713.244289775682,7760.924289775682,1.0235131151563128,0.29,48.0,REV_SHORT,TIME,2020-12-24 08:25:00,2020-12-24 08:30:00,2020-12-24 12:29:00,1879.5875
2020-12-28 05:50:00,2020-12-28 05:55:00,2020-12-28 06:25:00,142895.0,711886.0,711916.0,142902.0,1.0,3.0,1880.0,1876.836515849865,1890.0,2.976902472357106,0.11,1880.1465,1876.836515849865,1.0,-1.0,-1.0,1.0,1.0,1.0,36.40982565148556,7760.924289775682,7724.514464124197,1.522968300269941,0.29,7.0,REV_LONG,STOP,2020-12-28 10:50:00,2020-12-28 10:55:00,2020-12-28 11:25:00,1880.0015
2020-12-30 13:20:00,2020-12-30 13:25:00,2020-12-30 14:16:00,143537.0,715086.0,715137.0,143548.0,-1.0,4.0,1890.0,1891.4640808493953,1880.0,3.5508983374420082,0.07,1888.945,1891.4640808493953,1.0,-1.0,-1.0,-1.0,1.0,1.0,17.63356594576726,7724.514464124197,7706.88089817843,1.0681616987903888,0.29,11.0,REV_SHORT,STOP,2020-12-30 18:20:00,2020-12-30 18:25:00,2020-12-30 19:16:00,1889.09
2021-01-05 00:30:00,2021-01-05 00:35:00,2021-01-05 01:37:00,144284.0,718798.0,718860.0,144297.0,-1.0,4.0,1940.0,1941.1454881531845,1930.0,3.994643658438855,0.08,1938.914,1941.1454881531845,1.0,-1.0,1.0,-1.0,0.0,1.0,17.851905225476003,7706.88089817843,7689.028992952954,1.167976306369149,0.29,13.0,REV_SHORT,STOP,2021-01-05 05:30:00,2021-01-05 05:35:00,2021-01-05 06:37:00,1939.059
2021-01-06 03:20:00,2021-01-06 03:25:00,2021-01-06 03:33:00,144594.0,720343.0,720351.0,144596.0,-1.0,4.0,1950.0,1951.493414759844,1940.0,3.466211564179056,0.07,1948.92,1951.493414759844,1.0,-1.0,-1.0,-1.0,0.0,0.0,18.0139033189073,7689.028992952954,7671.0150896340465,1.6688295196878686,0.29,2.0,REV_SHORT,STOP,2021-01-06 08:20:00,2021-01-06 08:25:00,2021-01-06 08:33:00,1949.065
2021-01-10 23:25:00,2021-01-10 23:30:00,2021-01-10 23:41:00,145375.0,724233.0,724244.0,145378.0,-1.0,2.0,1830.0,1832.373559773408,1820.0,3.370645893679853,0.13,1829.5425,1832.373559773408,1.0,1.0,1.0,1.0,0.0,1.0,36.80377705430419,7671.0150896340465,7634.211312579742,2.3735597734079867,0.29,3.0,BREAK_SHORT,STOP,2021-01-11 04:25:00,2021-01-11 04:30:00,2021-01-11 04:41:00,1829.6875
2021-01-11 00:45:00,2021-01-11 00:50:00,2021-01-11 01:10:00,145391.0,724313.0,724333.0,145396.0,-1.0,4.0,1840.0,1843.3047129058068,1830.0,2.6309879496145534,0.1,1839.6405,1843.3047129058068,1.0,1.0,-1.0,1.0,0.0,1.0,36.64212905806835,7634.211312579742,7597.569183521674,2.228425811613953,0.29,5.0,REV_SHORT,STOP,2021-01-11 05:45:00,2021-01-11 05:50:00,2021-01-11 06:10:00,1839.7855
2021-01-12 02:00:00,2021-01-12 02:05:00,2021-01-12 02:32:00,145682.0,725763.0,725790.0,145688.0,-1.0,4.0,1860.0,1861.3245778538817,1850.0,6.245050414961101,0.24,1859.7615,1861.3245778538817,1.0,1.0,-1.0,1.0,1.0,1.0,37.51386849315895,7597.569183521674,7560.055315028515,1.2981557077632313,0.29,6.0,REV_SHORT,STOP,2021-01-12 07:00:00,2021-01-12 07:05:00,2021-01-12 07:32:00,1859.9065
2021-01-12 06:00:00,2021-01-12 06:05:00,2021-01-12 07:08:00,145730.0,726003.0,726066.0,145743.0,1.0,3.0,1860.0,1858.7589771511605,1870.0,3.476670873000859,0.07,1861.27,1858.7589771511605,1.0,1.0,1.0,-1.0,1.0,0.0,17.57715994187652,7560.055315028515,7542.478155086638,1.356045697678978,0.29,13.0,REV_LONG,STOP,2021-01-12 11:00:00,2021-01-12 11:05:00,2021-01-12 12:08:00,1861.125
2021-01-12 21:55:00,2021-01-12 22:00:00,2021-01-13 01:59:00,145909.0,726893.0,727132.0,145957.0,1.0,3.0,1860.0,1856.6737270646595,1870.0,2.6688523061362432,0.1,1860.306,1859.133,3.0,1.0,1.0,1.0,0.0,1.0,36.32272935340553,7542.478155086638,7530.748155086638,1.3535458706809247,0.29,48.0,REV_LONG,TIME,2021-01-13 02:55:00,2021-01-13 03:00:00,2021-01-13 06:59:00,1860.161
2021-01-14 13:05:00,2021-01-14 13:10:00,2021-01-14 14:11:00,146367.0,729178.0,729239.0,146380.0,1.0,1.0,1850.0,1847.867001775387,1860.0,1.1662206874652579,0.06,1853.468,1847.867001775387,1.0,1.0,1.0,1.0,0.0,0.0,33.60598934767813,7530.748155086638,7497.14216573896,2.132998224612944,0.29,13.0,BREAK_LONG,STOP,2021-01-14 18:05:00,2021-01-14 18:10:00,2021-01-14 19:11:00,1853.323
2021-01-15 09:05:00,2021-01-15 09:10:00,2021-01-15 10:06:00,146595.0,730313.0,730369.0,146607.0,1.0,3.0,1840.0,1835.333323808446,1850.0,1.35848848529435,0.03,1841.552,1835.333323808446,1.0,-1.0,-1.0,-1.0,1.0,1.0,18.656028574661605,7497.14216573896,7478.486137164298,2.5553523831080978,0.29,12.0,REV_LONG,STOP,2021-01-15 14:05:00,2021-01-15 14:10:00,2021-01-15 15:06:00,1841.407
2021-01-15 11:05:00,2021-01-15 11:10:00,2021-01-15 11:44:00,146619.0,730433.0,730467.0,146626.0,-1.0,2.0,1830.0,1833.0877700729495,1820.0,2.3287221353539493,0.09,1829.156,1833.0877700729495,1.0,1.0,1.0,1.0,0.0,0.0,35.38593065654618,7478.486137164298,7443.100206507752,3.087770072949522,0.29,7.0,BREAK_SHORT,STOP,2021-01-15 16:05:00,2021-01-15 16:10:00,2021-01-15 16:44:00,1829.301
2021-01-15 13:50:00,2021-01-15 13:55:00,2021-01-15 16:58:00,146652.0,730598.0,730781.0,146689.0,-1.0,2.0,1830.0,1831.9304851009272,1820.0,2.6401340459342286,0.11,1828.653,1827.8025,4.0,1.0,1.0,1.0,0.0,0.0,36.05233611019867,7443.100206507752,7452.4557065077515,1.9304851009271855,0.29,37.0,BREAK_SHORT,SESSION,2021-01-15 18:50:00,2021-01-15 18:55:00,2021-01-15 21:58:00,1828.798
2021-01-18 20:15:00,2021-01-18 20:20:00,2021-01-18 22:02:00,146993.0,732293.0,732395.0,147014.0,1.0,1.0,1840.0,1837.8678596118893,1850.0,1.275285252271707,0.03,1843.2,1837.8678596118893,1.0,1.0,1.0,-1.0,0.0,0.0,15.996421164332105,7452.4557065077515,7436.45928534342,2.1321403881106162,0.29,21.0,BREAK_LONG,STOP,2021-01-19 01:15:00,2021-01-19 01:20:00,2021-01-19 03:02:00,1843.055
2021-01-19 21:55:00,2021-01-19 22:00:00,2021-01-19 23:38:00,147289.0,733768.0,733866.0,147309.0,-1.0,4.0,1850.0,1851.0257563942014,1840.0,7.382971139931455,0.14,1849.7105,1851.0257563942014,1.0,-1.0,-1.0,-1.0,1.0,1.0,18.413589518820576,7436.45928534342,7418.045695824599,1.0415127884025424,0.29,20.0,REV_SHORT,STOP,2021-01-20 02:55:00,2021-01-20 03:00:00,2021-01-20 04:38:00,1849.8555
2021-01-20 08:15:00,2021-01-20 08:20:00,2021-01-20 08:33:00,147413.0,734388.0,734401.0,147416.0,-1.0,2.0,1840.0,1842.481421738875,1830.0,1.706632020588115,0.08,1837.8700000000001,1842.481421738875,1.0,1.0,1.0,1.0,0.0,0.0,36.89137391099939,7418.045695824599,7381.154321913599,2.4814217388750666,0.29,3.0,BREAK_SHORT,STOP,2021-01-20 13:15:00,2021-01-20 13:20:00,2021-01-20 13:33:00,1838.015
2021-01-22 01:30:00,2021-01-22 01:35:00,2021-01-22 01:38:00,147884.0,736733.0,736736.0,147885.0,-1.0,2.0,1860.0,1861.1892129897128,1850.0,4.753657762817316,0.09,1859.2445,1861.1892129897128,1.0,1.0,1.0,-1.0,0.0,0.0,17.50241690741518,7381.154321913599,7363.651905006184,1.1892129897127142,0.29,1.0,BREAK_SHORT,STOP,2021-01-22 06:30:00,2021-01-22 06:35:00,2021-01-22 06:38:00,1859.3895
2021-01-22 03:30:00,2021-01-22 03:35:00,2021-01-22 04:46:00,147908.0,736853.0,736924.0,147923.0,1.0,3.0,1860.0,1858.3514683002138,1870.0,2.75937147926863,0.11,1861.45,1858.3514683002138,1.0,-1.0,-1.0,1.0,0.0,0.0,34.08384869764859,7363.651905006184,7329.568056308535,1.3170633995722432,0.29,15.0,REV_LONG,STOP,2021-01-22 08:30:00,2021-01-22 08:35:00,2021-01-22 09:46:00,1861.305
2021-01-25 21:50:00,2021-01-25 21:55:00,2021-01-25 23:34:00,148392.0,739263.0,739362.0,148412.0,1.0,1.0,1860.0,1859.0964978551476,1870.0,6.25206956450564,0.12,1860.6,1859.0964978551476,1.0,1.0,1.0,-1.0,0.0,0.0,18.042025738227494,7329.568056308535,7311.526030570308,0.9035021448522804,0.29,20.0,BREAK_LONG,STOP,2021-01-26 02:50:00,2021-01-26 02:55:00,2021-01-26 04:34:00,1860.455
2021-01-26 14:35:00,2021-01-26 14:40:00,2021-01-26 16:58:00,148593.0,740268.0,740406.0,148621.0,1.0,3.0,1850.0,1849.153678392952,1860.0,8.028657724471447,0.3,1850.355,1850.74,4.0,-1.0,-1.0,1.0,1.0,0.0,36.03964821143791,7311.526030570308,7323.076030570308,0.8726432140955852,0.29,28.0,REV_LONG,SESSION,2021-01-26 19:35:00,2021-01-26 19:40:00,2021-01-26 21:58:00,1850.21
2021-01-27 01:00:00,2021-01-27 01:05:00,2021-01-27 03:03:00,148706.0,740828.0,740946.0,148730.0,-1.0,4.0,1850.0,1851.7152744089137,1840.0,5.039503539730659,0.09,1849.7755,1851.7152744089137,1.0,1.0,-1.0,-1.0,0.0,1.0,17.45796968022387,7323.076030570308,7305.618060890084,0.9035488178273242,0.29,24.0,REV_SHORT,STOP,2021-01-27 06:00:00,2021-01-27 06:05:00,2021-01-27 08:03:00,1849.9205
2021-01-27 07:20:00,2021-01-27 07:25:00,2021-01-27 09:37:00,148782.0,741208.0,741340.0,148809.0,1.0,3.0,1840.0,1836.6379024414218,1850.0,2.2573817096659994,0.04,1840.74,1836.6379024414218,1.0,-1.0,-1.0,-1.0,1.0,1.0,16.40839023431272,7305.618060890084,7289.209670655771,1.9051951171563806,0.29,27.0,REV_LONG,STOP,2021-01-27 12:20:00,2021-01-27 12:25:00,2021-01-27 14:37:00,1840.595
2021-01-29 02:05:00,2021-01-29 02:10:00,2021-01-29 04:07:00,149271.0,743643.0,743760.0,149295.0,-1.0,4.0,1850.0,1852.325163574728,1840.0,2.9949789617927522,0.11,1849.24,1852.325163574728,1.0,-1.0,-1.0,1.0,1.0,0.0,33.93679932200894,7289.209670655771,7255.272871333762,1.3493271494560406,0.29,24.0,REV_SHORT,STOP,2021-01-29 07:05:00,2021-01-29 07:10:00,2021-01-29 09:07:00,1849.385
2021-01-29 06:45:00,2021-01-29 06:50:00,2021-01-29 08:38:00,149327.0,743923.0,744031.0,149349.0,1.0,1.0,1860.0,1857.865992559757,1870.0,1.3094766382138812,0.06,1863.12,1870.0,2.0,1.0,1.0,1.0,0.0,0.0,31.52404464145775,7255.272871333762,7296.552871333763,2.1340074402430536,0.29,22.0,BREAK_LONG,TARGET,2021-01-29 11:45:00,2021-01-29 11:50:00,2021-01-29 13:38:00,1862.975
2021-02-02 19:50:00,2021-02-02 19:55:00,2021-02-02 20:21:00,150024.0,747393.0,747419.0,150030.0,-1.0,4.0,1840.0,1841.0650891209236,1830.0,5.062766466617158,0.19,1839.24,1841.0650891209236,1.0,1.0,-1.0,1.0,0.0,1.0,34.67669329754881,7296.552871333763,7261.876178036214,0.9601782418471528,0.29,6.0,REV_SHORT,STOP,2021-02-03 00:50:00,2021-02-03 00:55:00,2021-02-03 01:21:00,1839.385
2021-02-05 03:35:00,2021-02-05 03:40:00,2021-02-05 07:39:00,150669.0,750608.0,750847.0,150717.0,-1.0,4.0,1810.0,1812.1980534997738,1800.0,3.616010045139163,0.13,1809.5555,1803.1254999999999,3.0,1.0,-1.0,1.0,1.0,1.0,34.353195497059914,7261.876178036214,7345.466178036215,1.7551069995476314,0.29,48.0,REV_SHORT,TIME,2021-02-05 08:35:00,2021-02-05 08:40:00,2021-02-05 12:39:00,1809.7005
2021-02-09 08:20:00,2021-02-09 08:25:00,2021-02-09 09:39:00,151278.0,753643.0,753717.0,151293.0,1.0,3.0,1840.0,1838.1969462137433,1850.0,1.5666882100045463,0.07,1842.7955,1838.1969462137433,1.0,1.0,1.0,1.0,0.0,0.0,32.18987650379631,7345.466178036215,7313.276301532418,1.6971075725134201,0.29,15.0,REV_LONG,STOP,2021-02-09 13:20:00,2021-02-09 13:25:00,2021-02-09 14:39:00,1842.6505
2021-02-09 21:15:00,2021-02-09 21:20:00,2021-02-09 21:28:00,151421.0,754353.0,754361.0,151423.0,1.0,1.0,1840.0,1838.8980236419688,1850.0,7.660047658820138,0.28,1840.18,1838.8980236419688,1.0,1.0,1.0,1.0,0.0,1.0,35.89533802487404,7313.276301532418,7277.380963507544,1.1019763580311492,0.29,2.0,BREAK_LONG,STOP,2021-02-10 02:15:00,2021-02-10 02:20:00,2021-02-10 02:28:00,1840.035
2021-02-10 05:05:00,2021-02-10 05:10:00,2021-02-10 07:50:00,151515.0,754823.0,754983.0,151548.0,1.0,3.0,1840.0,1838.4969397588054,1850.0,2.861953195407265,0.12,1841.4755,1838.4969397588054,1.0,1.0,-1.0,1.0,0.0,0.0,35.7427228943352,7277.380963507544,7241.638240613209,1.3321204823890596,0.29,33.0,REV_LONG,STOP,2021-02-10 10:05:00,2021-02-10 10:10:00,2021-02-10 12:50:00,1841.3305
2021-02-10 20:00:00,2021-02-10 20:05:00,2021-02-10 20:41:00,151682.0,755653.0,755689.0,151690.0,1.0,3.0,1840.0,1839.0322994850062,1850.0,6.419629748295018,0.24,1840.5105,1839.0322994850062,1.0,1.0,-1.0,1.0,0.0,0.0,35.476812359853284,7241.638240613209,7206.161428253356,0.6854010299876475,0.29,8.0,REV_LONG,STOP,2021-02-11 01:00:00,2021-02-11 01:05:00,2021-02-11 01:41:00,1840.3655
2021-02-11 12:20:00,2021-02-11 12:25:00,2021-02-11 16:24:00,151878.0,756633.0,756872.0,151926.0,-1.0,2.0,1830.0,1832.0822084765,1820.0,1.2077200947906213,0.03,1826.6095,1826.24,3.0,1.0,1.0,-1.0,0.0,0.0,16.418125429499923,7206.161428253356,7207.269928253356,2.0822084765000097,0.29,48.0,BREAK_SHORT,TIME,2021-02-11 17:20:00,2021-02-11 17:25:00,2021-02-11 21:24:00,1826.7545
2021-02-12 13:05:00,2021-02-12 13:10:00,2021-02-12 15:07:00,152163.0,758053.0,758170.0,152187.0,1.0,3.0,1820.0,1818.2892461482948,1830.0,5.063808670913682,0.18,1820.2205,1818.2892461482948,1.0,-1.0,-1.0,1.0,0.0,1.0,34.76256933069271,7207.269928253356,7172.507358922663,1.5995077034105618,0.29,24.0,REV_LONG,STOP,2021-02-12 18:05:00,2021-02-12 18:10:00,2021-02-12 20:07:00,1820.0755
2021-02-16 07:00:00,2021-02-16 07:05:00,2021-02-16 07:50:00,152642.0,760438.0,760483.0,152652.0,-1.0,2.0,1820.0,1821.3854031372946,1810.0,1.5178343700891719,0.03,1816.8635,1810.0,2.0,1.0,1.0,-1.0,0.0,0.0,13.565709411883972,7172.507358922663,7193.097858922663,1.3854031372946694,0.29,10.0,BREAK_SHORT,TARGET,2021-02-16 12:00:00,2021-02-16 12:05:00,2021-02-16 12:50:00,1817.0085
2021-02-16 08:10:00,2021-02-16 08:15:00,2021-02-16 08:28:00,152656.0,760508.0,760521.0,152659.0,1.0,3.0,1810.0,1803.4523698442247,1820.0,1.1787158108400175,0.04,1811.0475,1803.4523698442247,1.0,-1.0,-1.0,1.0,1.0,1.0,30.380520623100892,7193.097858922663,7162.7173382995625,2.35526031155087,0.29,3.0,REV_LONG,STOP,2021-02-16 13:10:00,2021-02-16 13:15:00,2021-02-16 13:28:00,1810.9025
2021-02-16 08:45:00,2021-02-16 08:50:00,2021-02-16 08:59:00,152663.0,760543.0,760552.0,152665.0,1.0,3.0,1800.0,1796.3298111817899,1810.0,1.781213362051142,0.07,1801.245,1796.3298111817899,1.0,-1.0,-1.0,1.0,1.0,0.0,34.40632172747019,7162.7173382995625,7128.311016572092,3.000377636420043,0.29,2.0,REV_LONG,STOP,2021-02-16 13:45:00,2021-02-16 13:50:00,2021-02-16 13:59:00,1801.1
2021-02-17 08:40:00,2021-02-17 08:45:00,2021-02-17 09:26:00,152938.0,761913.0,761954.0,152947.0,-1.0,2.0,1780.0,1782.6768767779488,1770.0,2.071784659451225,0.08,1778.55,1782.6768767779488,1.0,1.0,1.0,1.0,0.0,1.0,33.0150142235907,7128.311016572092,7095.296002348501,2.6768767779486895,0.29,9.0,BREAK_SHORT,STOP,2021-02-17 13:40:00,2021-02-17 13:45:00,2021-02-17 14:26:00,1778.695
2021-02-19 07:05:00,2021-02-19 07:10:00,2021-02-19 09:00:00,153471.0,764568.0,764678.0,153494.0,1.0,3.0,1770.0,1767.3148405951995,1780.0,3.246562598706699,0.11,1770.302,1780.0,2.0,-1.0,-1.0,1.0,0.0,1.0,32.85875345280465,7095.296002348501,7201.974002348502,1.356318809600831,0.29,23.0,REV_LONG,TARGET,2021-02-19 12:05:00,2021-02-19 12:10:00,2021-02-19 14:00:00,1770.157
2021-02-22 02:25:00,2021-02-22 02:30:00,2021-02-22 06:29:00,153691.0,765663.0,765902.0,153739.0,1.0,3.0,1790.0,1788.4360730675844,1800.0,1.965545228270823,0.09,1792.3355,1797.6395,3.0,1.0,1.0,1.0,1.0,0.0,35.094842391739576,7201.974002348502,7249.710002348503,1.7258538648309523,0.29,48.0,REV_LONG,TIME,2021-02-22 07:25:00,2021-02-22 07:30:00,2021-02-22 11:29:00,1792.1905
2021-02-22 08:15:00,2021-02-22 08:20:00,2021-02-22 08:26:00,153761.0,766013.0,766019.0,153763.0,-1.0,4.0,1800.0,1802.1277393989528,1790.0,3.098954914125071,0.06,1799.169,1802.1277393989528,1.0,-1.0,-1.0,-1.0,1.0,0.0,17.75243639371638,7249.710002348503,7231.957565954786,1.4554787979056378,0.29,2.0,REV_SHORT,STOP,2021-02-22 13:15:00,2021-02-22 13:20:00,2021-02-22 13:26:00,1799.314
2021-02-23 07:15:00,2021-02-23 07:20:00,2021-02-23 07:58:00,154025.0,767328.0,767366.0,154033.0,1.0,1.0,1810.0,1808.7095757329332,1820.0,2.315423683402465,0.1,1812.115,1808.7095757329332,1.0,1.0,1.0,1.0,0.0,0.0,34.054242670667925,7231.957565954786,7197.903323284118,1.2904242670666852,0.29,8.0,BREAK_LONG,STOP,2021-02-23 12:15:00,2021-02-23 12:20:00,2021-02-23 12:58:00,1811.97
2021-02-24 20:10:00,2021-02-24 20:15:00,2021-02-24 20:52:00,154444.0,769413.0,769450.0,154452.0,1.0,3.0,1800.0,1797.9783383622967,1810.0,2.1983888938320675,0.09,1801.737,1797.9783383622967,1.0,-1.0,-1.0,1.0,0.0,1.0,33.827954739330835,7197.903323284118,7164.075368544787,1.2573232754068542,0.29,8.0,REV_LONG,STOP,2021-02-25 01:10:00,2021-02-25 01:15:00,2021-02-25 01:52:00,1801.592
2021-02-25 06:35:00,2021-02-25 06:40:00,2021-02-25 08:31:00,154569.0,770038.0,770149.0,154592.0,-1.0,2.0,1790.0,1791.7459780510876,1780.0,1.4648058232913532,0.03,1786.9805000000001,1780.0,2.0,1.0,1.0,-1.0,0.0,0.0,14.296434153262453,7164.075368544787,7185.016868544788,1.745978051087589,0.29,23.0,BREAK_SHORT,TARGET,2021-02-25 11:35:00,2021-02-25 11:40:00,2021-02-25 13:31:00,1787.1255
2021-02-25 23:45:00,2021-02-25 23:50:00,2021-02-26 00:32:00,154763.0,771003.0,771045.0,154772.0,-1.0,2.0,1770.0,1771.3285943639637,1760.0,1.4229206988691745,0.07,1766.653,1760.0,2.0,1.0,1.0,1.0,0.0,0.0,32.729160547745785,7185.016868544788,7231.587868544788,1.3285943639637112,0.29,9.0,BREAK_SHORT,TARGET,2021-02-26 04:45:00,2021-02-26 04:50:00,2021-02-26 05:32:00,1766.798
2021-02-26 06:35:00,2021-02-26 06:40:00,2021-02-26 07:25:00,154845.0,771413.0,771458.0,154855.0,-1.0,2.0,1760.0,1761.8857071050766,1750.0,2.6229101606433054,0.11,1758.605,1761.8857071050766,1.0,1.0,1.0,1.0,0.0,1.0,36.08777815584199,7231.587868544788,7195.500090388946,1.8857071050764591,0.29,10.0,BREAK_SHORT,STOP,2021-02-26 11:35:00,2021-02-26 11:40:00,2021-02-26 12:25:00,1758.75
2021-02-28 22:30:00,2021-02-28 22:35:00,2021-02-28 22:57:00,155024.0,772303.0,772325.0,155029.0,-1.0,4.0,1750.0,1751.6452120807146,1740.0,5.467003917746072,0.19,1749.8445,1751.6452120807146,1.0,1.0,-1.0,1.0,0.0,1.0,34.21352953357882,7195.500090388946,7161.2865608553675,1.2254241614291705,0.29,5.0,REV_SHORT,STOP,2021-03-01 03:30:00,2021-03-01 03:35:00,2021-03-01 03:57:00,1749.9895
2021-03-01 07:50:00,2021-03-01 07:55:00,2021-03-01 09:20:00,155136.0,772863.0,772948.0,155154.0,-1.0,2.0,1740.0,1741.9231409186755,1730.0,2.211066097359073,0.09,1738.21,1741.9231409186755,1.0,1.0,1.0,1.0,0.0,0.0,33.41826826807892,7161.2865608553675,7127.868292587289,1.9231409186754753,0.29,18.0,BREAK_SHORT,STOP,2021-03-01 12:50:00,2021-03-01 12:55:00,2021-03-01 14:20:00,1738.355
2021-03-08 09:40:00,2021-03-08 09:45:00,2021-03-08 09:55:00,156538.0,779848.0,779858.0,156541.0,1.0,3.0,1690.0,1687.4090056767288,1700.0,1.4491360097942514,0.03,1692.55,1687.4090056767288,1.0,-1.0,-1.0,-1.0,1.0,0.0,15.422982969813345,7127.868292587289,7112.445309617476,2.4319886465421985,0.29,3.0,REV_LONG,STOP,2021-03-08 14:40:00,2021-03-08 14:45:00,2021-03-08 14:55:00,1692.405
2021-03-10 12:55:00,2021-03-10 13:00:00,2021-03-10 13:10:00,157129.0,782793.0,782803.0,157132.0,-1.0,4.0,1720.0,1721.2678283766022,1710.0,5.755987926981371,0.1,1719.6,1721.2678283766022,1.0,-1.0,-1.0,-1.0,1.0,0.0,16.678283766023018,7112.445309617476,7095.767025851453,1.417656753204438,0.29,3.0,REV_SHORT,STOP,2021-03-10 17:55:00,2021-03-10 18:00:00,2021-03-10 18:10:00,1719.745
2021-03-10 21:35:00,2021-03-10 21:40:00,2021-03-11 01:39:00,157221.0,783248.0,783487.0,157269.0,1.0,1.0,1730.0,1728.8217664191343,1740.0,3.5939829487677546,0.14,1731.2549999999999,1732.544,3.0,1.0,1.0,1.0,0.0,0.0,34.06527013211826,7095.767025851453,7113.813025851456,1.1782335808656552,0.29,48.0,BREAK_LONG,TIME,2021-03-11 02:35:00,2021-03-11 02:40:00,2021-03-11 06:39:00,1731.11
2021-03-15 05:30:00,2021-03-15 05:35:00,2021-03-15 06:03:00,157868.0,786473.0,786501.0,157874.0,1.0,1.0,1730.0,1728.5678774347434,1740.0,1.9410244656132005,0.04,1732.455,1728.5678774347434,1.0,1.0,1.0,-1.0,0.0,1.0,15.548490261026018,7113.813025851456,7098.26453559043,1.4321225652565464,0.29,6.0,BREAK_LONG,STOP,2021-03-15 09:30:00,2021-03-15 09:35:00,2021-03-15 10:03:00,1732.31
2021-03-17 07:30:00,2021-03-17 07:35:00,2021-03-17 08:18:00,158444.0,789343.0,789386.0,158453.0,-1.0,2.0,1730.0,1731.225391394429,1720.0,3.7963735557863316,0.15,1728.885,1731.225391394429,1.0,1.0,1.0,1.0,0.0,0.0,35.105870916434014,7098.26453559043,7063.158664673996,1.2253913944289134,0.29,9.0,BREAK_SHORT,STOP,2021-03-17 11:30:00,2021-03-17 11:35:00,2021-03-17 12:18:00,1729.03
2021-03-17 09:45:00,2021-03-17 09:50:00,2021-03-17 09:58:00,158471.0,789478.0,789486.0,158473.0,1.0,3.0,1730.0,1727.9565534361357,1740.0,4.280021353705325,0.07,1730.2375,1727.9565534361357,1.0,-1.0,-1.0,-1.0,0.0,0.0,15.966625947050034,7063.158664673996,7047.192038726946,1.6888931277283712,0.29,2.0,REV_LONG,STOP,2021-03-17 13:45:00,2021-03-17 13:50:00,2021-03-17 13:58:00,1730.0925
2021-03-19 02:40:00,2021-03-19 02:45:00,2021-03-19 05:52:00,158938.0,791803.0,791990.0,158976.0,1.0,1.0,1740.0,1738.4574390630673,1750.0,3.193389792777843,0.06,1741.21,1738.4574390630673,1.0,1.0,1.0,-1.0,0.0,1.0,16.515365621596175,7047.192038726946,7030.676673105349,1.5425609369327224,0.29,38.0,BREAK_LONG,STOP,2021-03-19 06:40:00,2021-03-19 06:45:00,2021-03-19 09:52:00,1741.065
2021-03-19 07:55:00,2021-03-19 08:00:00,2021-03-19 08:48:00,159001.0,792118.0,792166.0,159011.0,1.0,1.0,1740.0,1738.6261652921885,1750.0,4.718843633982525,0.08,1740.615,1738.6261652921885,1.0,1.0,1.0,-1.0,0.0,0.0,15.910677662492162,7030.676673105349,7014.765995442857,1.373834707811487,0.29,10.0,BREAK_LONG,STOP,2021-03-19 11:55:00,2021-03-19 12:00:00,2021-03-19 12:48:00,1740.47
2021-03-21 19:05:00,2021-03-21 19:10:00,2021-03-21 20:01:00,159123.0,792723.0,792774.0,159134.0,1.0,3.0,1740.0,1737.3384922433895,1750.0,2.8643301640489844,0.05,1740.615,1737.3384922433895,1.0,1.0,-1.0,-1.0,0.0,1.0,16.382538783052496,7014.765995442857,6998.383456659805,1.3530155132212072,0.29,11.0,REV_LONG,STOP,2021-03-21 23:05:00,2021-03-21 23:10:00,2021-03-22 00:01:00,1740.47
2021-03-22 03:10:00,2021-03-22 03:15:00,2021-03-22 03:49:00,159220.0,793208.0,793242.0,159227.0,1.0,3.0,1730.0,1727.8765936094396,1740.0,4.3210026274455196,0.07,1730.155,1727.8765936094396,1.0,-1.0,-1.0,-1.0,1.0,1.0,15.948844733922444,6998.383456659805,6982.434611925883,1.4898127811206492,0.29,7.0,REV_LONG,STOP,2021-03-22 07:10:00,2021-03-22 07:15:00,2021-03-22 07:49:00,1730.01
2021-03-22 14:05:00,2021-03-22 14:10:00,2021-03-22 16:03:00,159351.0,793863.0,793976.0,159374.0,1.0,1.0,1740.0,1739.0821929965684,1750.0,4.518762752440963,0.17,1741.0605,1739.0821929965684,1.0,1.0,1.0,1.0,0.0,0.0,33.63121905833737,6982.434611925883,6948.803392867545,0.9178070034314647,0.29,23.0,BREAK_LONG,STOP,2021-03-22 18:05:00,2021-03-22 18:10:00,2021-03-22 20:03:00,1740.9155
2021-03-24 03:25:00,2021-03-24 03:30:00,2021-03-24 04:53:00,159775.0,795973.0,796056.0,159792.0,-1.0,2.0,1730.0,1730.9565815776195,1720.0,2.216770158886519,0.1,1727.5505,1730.9565815776195,1.0,1.0,1.0,1.0,0.0,1.0,34.060815776194886,6948.803392867545,6914.7425770913505,0.9565815776196227,0.29,17.0,BREAK_SHORT,STOP,2021-03-24 07:25:00,2021-03-24 07:30:00,2021-03-24 08:53:00,1727.6955
2021-03-29 09:55:00,2021-03-29 10:00:00,2021-03-29 13:59:00,160681.0,800488.0,800727.0,160729.0,1.0,3.0,1710.0,1704.687512644095,1720.0,1.365598218253313,0.02,1711.1605,1711.6105,3.0,-1.0,-1.0,-1.0,1.0,1.0,12.945974711809868,6914.7425770913505,6915.64257709135,2.8149747118099793,0.29,48.0,REV_LONG,TIME,2021-03-29 13:55:00,2021-03-29 14:00:00,2021-03-29 17:59:00,1711.0155
2021-03-30 08:45:00,2021-03-30 08:50:00,2021-03-30 12:49:00,160943.0,801793.0,802032.0,160991.0,1.0,3.0,1680.0,1677.6184248315762,1690.0,1.6936522769124627,0.03,1682.215,1685.0655,3.0,-1.0,-1.0,-1.0,1.0,0.0,13.789725505271008,6915.64257709135,6924.19407709135,2.3201503368475107,0.29,48.0,REV_LONG,TIME,2021-03-30 12:45:00,2021-03-30 12:50:00,2021-03-30 16:49:00,1682.07
2021-03-30 21:50:00,2021-03-30 21:55:00,2021-03-30 22:59:00,161088.0,802513.0,802577.0,161101.0,1.0,3.0,1680.0,1678.0477177431608,1690.0,2.4873936142809385,0.05,1681.475,1678.0477177431608,1.0,-1.0,-1.0,-1.0,0.0,0.0,17.136411284195674,6924.19407709135,6907.057665807154,1.3995645136782526,0.29,13.0,REV_LONG,STOP,2021-03-31 01:50:00,2021-03-31 01:55:00,2021-03-31 02:59:00,1681.33
2021-03-31 22:10:00,2021-03-31 22:15:00,2021-04-01 02:14:00,161368.0,803908.0,804147.0,161416.0,1.0,1.0,1710.0,1708.8828198100937,1720.0,7.2829267437503,0.12,1710.225,1712.335,3.0,1.0,1.0,-1.0,0.0,1.0,16.106162278874763,6907.057665807154,6932.377665807156,1.117180189906225,0.29,48.0,BREAK_LONG,TIME,2021-04-01 02:10:00,2021-04-01 02:15:00,2021-04-01 06:14:00,1710.08
2021-04-01 15:55:00,2021-04-01 16:00:00,2021-04-01 16:51:00,161581.0,804973.0,805024.0,161592.0,-1.0,4.0,1730.0,1730.6097458269928,1720.0,9.912616472532784,0.17,1729.6375,1730.6097458269928,1.0,-1.0,-1.0,-1.0,1.0,0.0,16.52817905887719,6932.377665807156,6915.849486748279,0.757491653985463,0.29,11.0,REV_SHORT,STOP,2021-04-01 19:55:00,2021-04-01 20:00:00,2021-04-01 20:51:00,1729.7825
2021-04-06 21:05:00,2021-04-06 21:10:00,2021-04-06 21:36:00,162459.0,809343.0,809369.0,162465.0,1.0,3.0,1740.0,1738.540496135403,1750.0,4.54804280980245,0.16,1740.606,1738.540496135403,1.0,1.0,-1.0,1.0,0.0,0.0,33.04806183355322,6915.849486748279,6882.801424914725,0.8460077291944248,0.29,6.0,REV_LONG,STOP,2021-04-07 01:05:00,2021-04-07 01:10:00,2021-04-07 01:36:00,1740.461
2021-04-07 02:45:00,2021-04-07 02:50:00,2021-04-07 04:06:00,162527.0,809683.0,809759.0,162543.0,1.0,1.0,1740.0,1739.0498254283934,1750.0,2.4590335563295964,0.1,1742.2155,1739.0498254283934,1.0,1.0,1.0,1.0,0.0,0.0,31.65674571606587,6882.801424914725,6851.14467919866,0.950174571606535,0.29,16.0,BREAK_LONG,STOP,2021-04-07 06:45:00,2021-04-07 06:50:00,2021-04-07 08:06:00,1742.0705
2021-04-08 07:50:00,2021-04-08 07:55:00,2021-04-08 09:06:00,162864.0,811363.0,811434.0,162879.0,-1.0,4.0,1750.0,1751.813265723355,1740.0,4.162541047040194,0.07,1749.525,1751.813265723355,1.0,-1.0,-1.0,-1.0,1.0,1.0,16.01786006348448,6851.14467919866,6835.1268191351755,1.1375314467101558,0.29,15.0,REV_SHORT,STOP,2021-04-08 11:50:00,2021-04-08 11:55:00,2021-04-08 13:06:00,1749.67
2021-04-11 22:05:00,2021-04-11 22:10:00,2021-04-12 02:09:00,163299.0,813528.0,813767.0,163347.0,-1.0,2.0,1740.0,1741.1123740145933,1730.0,3.902069520871609,0.15,1738.8455000000001,1739.296,3.0,1.0,1.0,1.0,0.0,0.0,34.0031102188982,6835.1268191351755,6828.369319135177,1.112374014593288,0.29,48.0,BREAK_SHORT,TIME,2021-04-12 02:05:00,2021-04-12 02:10:00,2021-04-12 06:09:00,1738.9905
2021-04-12 09:25:00,2021-04-12 09:30:00,2021-04-12 13:29:00,163435.0,814208.0,814447.0,163483.0,-1.0,2.0,1740.0,1741.3849935011283,1730.0,1.5512627633519245,0.03,1736.9225000000001,1733.179,3.0,1.0,1.0,-1.0,0.0,0.0,13.387480503384493,6828.369319135177,6839.599819135177,1.3849935011282273,0.29,48.0,BREAK_SHORT,TIME,2021-04-12 13:25:00,2021-04-12 13:30:00,2021-04-12 17:29:00,1737.0675
2021-04-12 20:25:00,2021-04-12 20:30:00,2021-04-12 21:01:00,163555.0,814803.0,814834.0,163562.0,1.0,3.0,1730.0,1729.4656439152327,1740.0,7.530837086779212,0.27,1730.7005,1729.4656439152327,1.0,-1.0,-1.0,1.0,0.0,0.0,33.341114288714834,6839.599819135177,6806.258704846463,0.5897121695345677,0.29,7.0,REV_LONG,STOP,2021-04-13 00:25:00,2021-04-13 00:30:00,2021-04-13 01:01:00,1730.5555
2021-04-13 00:45:00,2021-04-13 00:50:00,2021-04-13 00:52:00,163607.0,815063.0,815065.0,163608.0,-1.0,2.0,1730.0,1730.7448611611278,1720.0,4.777238315257935,0.18,1728.885,1730.7448611611278,1.0,1.0,1.0,1.0,0.0,0.0,33.47750090030058,6806.258704846463,6772.781203946162,0.7448611611278372,0.29,1.0,BREAK_SHORT,STOP,2021-04-13 04:45:00,2021-04-13 04:50:00,2021-04-13 04:52:00,1729.03
2021-04-14 09:30:00,2021-04-14 09:35:00,2021-04-14 13:34:00,163988.0,816963.0,817202.0,164036.0,-1.0,2.0,1740.0,1742.05652271712,1730.0,1.7898783614760325,0.03,1737.7350000000001,1735.36,3.0,1.0,1.0,-1.0,0.0,0.0,12.964568151359797,6772.781203946162,6779.906203946163,2.0565227171201528,0.29,48.0,BREAK_SHORT,TIME,2021-04-14 13:30:00,2021-04-14 13:35:00,2021-04-14 17:34:00,1737.88
2021-04-14 21:05:00,2021-04-14 21:10:00,2021-04-15 01:09:00,164115.0,817593.0,817832.0,164163.0,-1.0,4.0,1740.0,1740.925072662771,1730.0,4.2776276211224324,0.08,1738.855,1740.7245,3.0,1.0,-1.0,-1.0,0.0,0.0,16.56058130216843,6779.906203946163,6764.950203946163,0.7501453255422164,0.29,48.0,REV_SHORT,TIME,2021-04-15 01:05:00,2021-04-15 01:10:00,2021-04-15 05:09:00,1739.0
2021-04-15 08:25:00,2021-04-15 08:30:00,2021-04-15 09:33:00,164251.0,818273.0,818336.0,164264.0,-1.0,4.0,1750.0,1752.998362883933,1740.0,2.7102530667166014,0.04,1749.4950000000001,1752.998362883933,1.0,-1.0,-1.0,-1.0,1.0,1.0,14.013451535731292,6764.950203946163,6750.936752410432,1.4367257678659313,0.29,13.0,REV_SHORT,STOP,2021-04-15 12:25:00,2021-04-15 12:30:00,2021-04-15 13:33:00,1749.64
2021-04-16 10:30:00,2021-04-16 10:35:00,2021-04-16 14:34:00,164552.0,819773.0,820012.0,164600.0,-1.0,4.0,1780.0,1781.8769857298055,1770.0,4.4632307687079145,0.07,1779.703,1778.568,3.0,-1.0,-1.0,-1.0,1.0,0.0,15.21790010863856,6750.936752410432,6758.881752410432,2.1559714596108783,0.29,48.0,REV_SHORT,TIME,2021-04-16 14:30:00,2021-04-16 14:35:00,2021-04-16 18:34:00,1779.848
2021-04-19 13:30:00,2021-04-19 13:35:00,2021-04-19 16:58:00,164864.0,821328.0,821531.0,164905.0,1.0,3.0,1770.0,1769.1083513574986,1780.0,5.94554607089244,0.21,1770.6765,1771.145,4.0,-1.0,-1.0,1.0,1.0,0.0,32.931121492530565,6758.881752410432,6768.7202524104305,1.0212972850027562,0.29,41.0,REV_LONG,SESSION,2021-04-19 17:30:00,2021-04-19 17:35:00,2021-04-19 20:58:00,1770.5315
2021-04-20 03:50:00,2021-04-20 03:55:00,2021-04-20 04:08:00,165024.0,822123.0,822136.0,165027.0,1.0,1.0,1770.0,1768.6271773075812,1780.0,1.6647833127231408,0.07,1772.895,1768.6271773075812,1.0,1.0,1.0,1.0,0.0,0.0,29.87475884693163,6768.7202524104305,6738.845493563499,1.3728226924187226,0.29,3.0,BREAK_LONG,STOP,2021-04-20 07:50:00,2021-04-20 07:55:00,2021-04-20 08:08:00,1772.75
2021-04-23 10:10:00,2021-04-23 10:15:00,2021-04-23 10:18:00,165928.0,826628.0,826631.0,165929.0,1.0,3.0,1780.0,1775.520170757502,1790.0,1.8785052716166313,0.06,1780.5505,1775.520170757502,1.0,-1.0,-1.0,1.0,1.0,1.0,30.18197545498833,6738.845493563499,6708.663518108511,2.440658484996106,0.29,1.0,REV_LONG,STOP,2021-04-23 14:10:00,2021-04-23 14:15:00,2021-04-23 14:18:00,1780.4055
2021-04-25 22:15:00,2021-04-25 22:20:00,2021-04-26 02:03:00,166061.0,827288.0,827511.0,166106.0,1.0,3.0,1780.0,1778.7691164870619,1790.0,5.993585414168622,0.2,1780.375,1778.7691164870619,1.0,-1.0,1.0,1.0,0.0,0.0,32.1176702587627,6708.663518108511,6676.5458478497485,0.939767025876478,0.29,45.0,REV_LONG,STOP,2021-04-26 02:15:00,2021-04-26 02:20:00,2021-04-26 06:03:00,1780.23
2021-04-26 04:35:00,2021-04-26 04:40:00,2021-04-26 08:21:00,166137.0,827668.0,827889.0,166182.0,-1.0,4.0,1780.0,1782.497568844911,1770.0,3.381930985716153,0.05,1779.6455,1770.0,2.0,1.0,-1.0,-1.0,0.0,1.0,14.26034422455473,6676.5458478497485,6724.773347849749,1.2301376898222143,0.29,45.0,REV_SHORT,TARGET,2021-04-26 08:35:00,2021-04-26 08:40:00,2021-04-26 12:21:00,1779.7905
2021-04-26 08:25:00,2021-04-26 08:30:00,2021-04-26 09:27:00,166183.0,827898.0,827955.0,166195.0,1.0,3.0,1770.0,1768.0551313365897,1780.0,2.432563070269434,0.09,1771.535,1780.0,2.0,-1.0,-1.0,1.0,1.0,0.0,31.318817970693086,6724.773347849749,6800.958347849749,1.5567373268206335,0.29,12.0,REV_LONG,TARGET,2021-04-26 12:25:00,2021-04-26 12:30:00,2021-04-26 13:27:00,1771.39
2021-04-27 00:30:00,2021-04-27 00:35:00,2021-04-27 03:47:00,166364.0,828798.0,828990.0,166403.0,1.0,1.0,1780.0,1779.3075094135374,1790.0,4.825412925200211,0.09,1781.143,1779.3075094135374,1.0,1.0,1.0,-1.0,0.0,0.0,16.519415278163248,6800.958347849749,6784.438932571586,0.6924905864624683,0.29,39.0,BREAK_LONG,STOP,2021-04-27 04:30:00,2021-04-27 04:35:00,2021-04-27 07:47:00,1780.998
2021-04-27 10:50:00,2021-04-27 10:55:00,2021-04-27 11:23:00,166488.0,829418.0,829446.0,166494.0,1.0,3.0,1780.0,1778.1018345166776,1790.0,3.951038771942443,0.14,1780.5049999999999,1778.1018345166776,1.0,-1.0,-1.0,1.0,0.0,0.0,33.644316766511565,6784.438932571586,6750.7946158050745,1.874330966644704,0.29,6.0,REV_LONG,STOP,2021-04-27 14:50:00,2021-04-27 14:55:00,2021-04-27 15:23:00,1780.36
2021-04-28 04:00:00,2021-04-28 04:05:00,2021-04-28 08:04:00,166682.0,830383.0,830622.0,166730.0,-1.0,4.0,1770.0,1771.1382794301444,1760.0,4.654582061163962,0.17,1769.1685,1765.7915,3.0,1.0,1.0,1.0,0.0,0.0,33.48625031245479,6750.7946158050745,6808.203615805074,1.0785588602890683,0.29,48.0,REV_SHORT,TIME,2021-04-28 08:00:00,2021-04-28 08:05:00,2021-04-28 12:04:00,1769.3135
2021-04-29 09:00:00,2021-04-29 09:05:00,2021-04-29 09:16:00,167018.0,832058.0,832069.0,167021.0,-1.0,4.0,1780.0,1782.2426114702525,1770.0,1.978294484616064,0.04,1778.132,1770.0,2.0,-1.0,1.0,-1.0,0.0,1.0,16.442445881009917,6808.203615805074,6840.731615805074,1.5722229405049173,0.29,3.0,REV_SHORT,TARGET,2021-04-29 13:00:00,2021-04-29 13:05:00,2021-04-29 13:16:00,1778.277
2021-04-30 09:15:00,2021-04-30 09:20:00,2021-04-30 10:52:00,167297.0,833448.0,833540.0,167316.0,-1.0,4.0,1770.0,1772.0759095688159,1760.0,4.208704161354575,0.14,1769.7575,1772.0759095688159,1.0,1.0,-1.0,1.0,0.0,0.0,32.45773396342293,6840.731615805074,6808.273881841651,1.721819137631697,0.29,19.0,REV_SHORT,STOP,2021-04-30 13:15:00,2021-04-30 13:20:00,2021-04-30 14:52:00,1769.9025
2021-04-30 13:50:00,2021-04-30 13:55:00,2021-04-30 16:58:00,167352.0,833723.0,833906.0,167389.0,-1.0,4.0,1770.0,1771.0815044291664,1760.0,7.854546712668371,0.27,1769.83,1769.725,4.0,1.0,-1.0,1.0,0.0,1.0,33.79061958749594,6808.273881841651,6811.108881841652,1.036008858333053,0.29,37.0,REV_SHORT,SESSION,2021-04-30 17:50:00,2021-04-30 17:55:00,2021-04-30 20:58:00,1769.975
2021-05-06 10:05:00,2021-05-06 10:10:00,2021-05-06 14:09:00,168411.0,838998.0,839237.0,168459.0,1.0,1.0,1810.0,1807.1345509611588,1820.0,2.6649012409785606,0.09,1810.645,1815.125,3.0,1.0,1.0,1.0,0.0,0.0,31.594041349570944,6811.108881841652,6851.428881841652,2.8654490388412084,0.29,48.0,BREAK_LONG,TIME,2021-05-06 14:05:00,2021-05-06 14:10:00,2021-05-06 18:09:00,1810.5
2021-05-10 08:05:00,2021-05-10 08:10:00,2021-05-10 08:22:00,168939.0,841628.0,841640.0,168942.0,1.0,1.0,1840.0,1838.7355333955493,1850.0,2.2244380381651454,0.09,1842.229,1838.7355333955493,1.0,1.0,1.0,1.0,0.0,0.0,31.441199440056835,6851.428881841652,6819.987682401595,1.2644666044506163,0.29,3.0,BREAK_LONG,STOP,2021-05-10 12:05:00,2021-05-10 12:10:00,2021-05-10 12:22:00,1842.084
2021-05-10 10:25:00,2021-05-10 10:30:00,2021-05-10 10:54:00,168967.0,841768.0,841792.0,168972.0,1.0,1.0,1840.0,1837.5109548096195,1850.0,2.303066893290418,0.09,1841.292,1837.5109548096195,1.0,1.0,1.0,1.0,0.0,0.0,34.02940671342344,6819.987682401595,6785.958275688171,2.489045190380492,0.29,5.0,BREAK_LONG,STOP,2021-05-10 14:25:00,2021-05-10 14:30:00,2021-05-10 14:54:00,1841.147
2021-05-11 08:00:00,2021-05-11 08:05:00,2021-05-11 08:30:00,169214.0,842998.0,843023.0,169220.0,1.0,3.0,1840.0,1838.6286631295031,1850.0,5.709399039190902,0.2,1840.3235,1838.6286631295031,1.0,1.0,1.0,1.0,0.0,1.0,33.89673740993658,6785.958275688171,6752.061538278234,1.0486737409939049,0.29,6.0,REV_LONG,STOP,2021-05-11 12:00:00,2021-05-11 12:05:00,2021-05-11 12:30:00,1840.1785
2021-05-11 22:20:00,2021-05-11 22:25:00,2021-05-12 01:17:00,169374.0,843793.0,843965.0,169409.0,-1.0,2.0,1830.0,1831.1608244574818,1820.0,4.036872131181935,0.15,1828.945,1831.1608244574818,1.0,1.0,1.0,1.0,0.0,0.0,33.23736686222787,6752.061538278234,6718.824171416007,1.1608244574818514,0.29,35.0,BREAK_SHORT,STOP,2021-05-12 02:20:00,2021-05-12 02:25:00,2021-05-12 05:17:00,1829.09
2021-05-12 23:00:00,2021-05-12 23:05:00,2021-05-12 23:20:00,169658.0,845208.0,845223.0,169662.0,1.0,3.0,1820.0,1818.0422815442928,1830.0,4.082511435526956,0.07,1820.395,1818.0422815442928,1.0,-1.0,1.0,-1.0,0.0,1.0,16.469029189950334,6718.824171416007,6702.355142226056,1.1554369114144116,0.29,4.0,REV_LONG,STOP,2021-05-13 03:00:00,2021-05-13 03:05:00,2021-05-13 03:20:00,1820.25
2021-05-13 02:30:00,2021-05-13 02:35:00,2021-05-13 02:47:00,169700.0,845418.0,845430.0,169703.0,-1.0,4.0,1820.0,1821.318938996225,1810.0,5.416853995772742,0.18,1819.555,1821.318938996225,1.0,1.0,-1.0,1.0,0.0,1.0,31.750901932047327,6702.355142226056,6670.604240294009,0.9828779924495976,0.29,3.0,REV_SHORT,STOP,2021-05-13 06:30:00,2021-05-13 06:35:00,2021-05-13 06:47:00,1819.7
2021-05-14 02:40:00,2021-05-14 02:45:00,2021-05-14 06:44:00,169978.0,846803.0,847042.0,170026.0,1.0,1.0,1830.0,1828.7779114549603,1840.0,1.2773996737889537,0.03,1833.7055,1834.095,3.0,1.0,1.0,-1.0,0.0,0.0,14.782765635119175,6670.604240294009,6671.772740294009,1.2220885450396146,0.29,48.0,BREAK_LONG,TIME,2021-05-14 06:40:00,2021-05-14 06:45:00,2021-05-14 10:44:00,1833.5605
2021-05-17 21:40:00,2021-05-17 21:45:00,2021-05-17 22:52:00,170470.0,849253.0,849320.0,170484.0,1.0,1.0,1870.0,1868.9376152764123,1880.0,1.6734395621336677,0.08,1873.0755,1868.9376152764123,1.0,1.0,1.0,1.0,0.0,0.0,33.10307778870083,6671.772740294009,6638.669662505308,1.0623847235876154,0.29,14.0,BREAK_LONG,STOP,2021-05-18 01:40:00,2021-05-18 01:45:00,2021-05-18 02:52:00,1872.9305
2021-05-18 01:30:00,2021-05-18 01:35:00,2021-05-18 02:21:00,170516.0,849483.0,849529.0,170526.0,1.0,1.0,1870.0,1869.1836389128302,1880.0,7.929097361416244,0.27,1870.395,1869.1836389128302,1.0,1.0,1.0,1.0,0.0,0.0,32.706749353582836,6638.669662505308,6605.962913151725,0.8163610871697957,0.29,10.0,BREAK_LONG,STOP,2021-05-18 05:30:00,2021-05-18 05:35:00,2021-05-18 06:21:00,1870.25
2021-05-19 02:05:00,2021-05-19 02:10:00,2021-05-19 03:52:00,170799.0,850893.0,850995.0,170820.0,1.0,1.0,1870.0,1868.945920983062,1880.0,1.2268136706164503,0.06,1873.91,1868.945920983062,1.0,1.0,1.0,1.0,0.0,0.0,29.784474101628344,6605.962913151725,6576.178439050097,1.0540790169379652,0.29,21.0,BREAK_LONG,STOP,2021-05-19 06:05:00,2021-05-19 06:10:00,2021-05-19 07:52:00,1873.765
2021-05-19 21:05:00,2021-05-19 21:10:00,2021-05-19 22:03:00,171015.0,851968.0,852021.0,171026.0,-1.0,4.0,1870.0,1873.2397442086356,1860.0,1.6718651293840197,0.06,1868.2845,1873.2397442086356,1.0,-1.0,1.0,1.0,0.0,1.0,29.73146525181346,6576.178439050097,6546.446973798284,1.4094884172710664,0.29,11.0,REV_SHORT,STOP,2021-05-20 01:05:00,2021-05-20 01:10:00,2021-05-20 02:03:00,1868.4295
2021-05-24 09:00:00,2021-05-24 09:05:00,2021-05-24 09:07:00,171710.0,855433.0,855435.0,171711.0,1.0,3.0,1880.0,1877.9014745226443,1890.0,3.0956063412784585,0.11,1880.8555,1877.9014745226443,1.0,1.0,-1.0,1.0,0.0,0.0,32.49428025091129,6546.446973798284,6513.952693547372,1.4370509547110093,0.29,1.0,REV_LONG,STOP,2021-05-24 13:00:00,2021-05-24 13:05:00,2021-05-24 13:07:00,1880.7105
2021-05-24 10:05:00,2021-05-24 10:10:00,2021-05-24 14:09:00,171723.0,855498.0,855737.0,171771.0,1.0,3.0,1880.0,1876.8539013042719,1890.0,2.8037393758393865,0.09,1880.31,1883.285,3.0,1.0,-1.0,1.0,0.0,1.0,31.104888261552787,6513.952693547372,6540.727693547374,2.152197391456616,0.29,48.0,REV_LONG,TIME,2021-05-24 14:05:00,2021-05-24 14:10:00,2021-05-24 18:09:00,1880.165
2021-05-25 20:25:00,2021-05-25 20:30:00,2021-05-25 21:01:00,172111.0,857428.0,857459.0,172118.0,-1.0,4.0,1900.0,1900.6297221724717,1890.0,8.622077330709761,0.14,1899.525,1900.6297221724717,1.0,-1.0,-1.0,-1.0,0.0,0.0,15.466110414602555,6540.727693547374,6525.261583132771,0.6554443449434375,0.29,7.0,REV_SHORT,STOP,2021-05-26 00:25:00,2021-05-26 00:30:00,2021-05-26 01:01:00,1899.67
2021-05-27 01:55:00,2021-05-27 02:00:00,2021-05-27 02:25:00,172453.0,859133.0,859158.0,172459.0,1.0,1.0,1900.0,1899.0520967753182,1910.0,2.3547503850828826,0.04,1902.3155,1899.0520967753182,1.0,1.0,1.0,-1.0,0.0,0.0,13.053612898726897,6525.261583132771,6512.207970234044,0.9479032246818034,0.29,6.0,BREAK_LONG,STOP,2021-05-27 05:55:00,2021-05-27 06:00:00,2021-05-27 06:25:00,1902.1705
2021-06-02 01:55:00,2021-06-02 02:00:00,2021-06-02 05:59:00,173557.0,864633.0,864872.0,173605.0,-1.0,4.0,1900.0,1901.1721146950465,1890.0,3.995100282489364,0.14,1898.9355,1897.535,3.0,1.0,-1.0,1.0,0.0,1.0,31.31260573065038,6512.207970234044,6531.814970234044,1.1272293900929156,0.29,48.0,REV_SHORT,TIME,2021-06-02 05:55:00,2021-06-02 06:00:00,2021-06-02 09:59:00,1899.0805
2021-06-03 11:45:00,2021-06-03 11:50:00,2021-06-03 13:26:00,173951.0,866598.0,866694.0,173971.0,-1.0,2.0,1870.0,1872.2500140905208,1860.0,3.0170380352065287,0.1,1869.2005,1872.2500140905208,1.0,1.0,1.0,1.0,0.0,1.0,30.495140905209155,6531.814970234044,6501.319829328835,2.250014090520754,0.29,20.0,BREAK_SHORT,STOP,2021-06-03 15:45:00,2021-06-03 15:50:00,2021-06-03 17:26:00,1869.3455
2021-06-03 20:25:00,2021-06-03 20:30:00,2021-06-03 21:01:00,174043.0,867053.0,867084.0,174050.0,1.0,3.0,1870.0,1868.427797703283,1880.0,4.048508289731203,0.07,1870.72,1868.427797703283,1.0,-1.0,-1.0,-1.0,0.0,1.0,16.045416077019357,6501.319829328835,6485.2744132518155,0.8254045934339854,0.29,7.0,REV_LONG,STOP,2021-06-04 00:25:00,2021-06-04 00:30:00,2021-06-04 01:01:00,1870.575
2021-06-04 04:35:00,2021-06-04 04:40:00,2021-06-04 08:33:00,174141.0,867543.0,867776.0,174188.0,1.0,3.0,1870.0,1867.6519628417477,1880.0,2.8605264054519477,0.05,1870.8505,1880.0,2.0,-1.0,1.0,-1.0,0.0,1.0,15.992685791261465,6485.2744132518155,6531.021913251816,1.4260743165046736,0.29,47.0,REV_LONG,TARGET,2021-06-04 08:35:00,2021-06-04 08:40:00,2021-06-04 12:33:00,1870.7055
2021-06-06 18:20:00,2021-06-06 18:25:00,2021-06-06 19:01:00,174294.0,868303.0,868339.0,174302.0,1.0,3.0,1890.0,1889.2678823119227,1900.0,10.96288717824559,0.36,1890.165,1889.2678823119227,1.0,1.0,0.0,1.0,0.0,1.0,32.29623677078234,6531.021913251816,6498.725676481034,0.5542353761547691,0.29,8.0,REV_LONG,STOP,2021-06-06 22:20:00,2021-06-06 22:25:00,2021-06-06 23:01:00,1890.02
2021-06-09 04:45:00,2021-06-09 04:50:00,2021-06-09 04:56:00,174971.0,871678.0,871684.0,174973.0,-1.0,2.0,1890.0,1891.1881789179808,1880.0,4.463834598157076,0.07,1889.1405,1891.1881789179808,1.0,1.0,1.0,-1.0,0.0,0.0,14.333752425866125,6498.725676481034,6484.391924055168,1.1881789179808666,0.29,2.0,BREAK_SHORT,STOP,2021-06-09 08:45:00,2021-06-09 08:50:00,2021-06-09 08:56:00,1889.2855
2021-06-13 21:20:00,2021-06-13 21:25:00,2021-06-14 01:24:00,175710.0,875358.0,875597.0,175758.0,-1.0,2.0,1870.0,1871.266736968867,1860.0,1.8692364826558636,0.08,1867.34,1864.395,3.0,1.0,1.0,1.0,0.0,0.0,31.413895750936717,6484.391924055168,6507.951924055167,1.266736968866922,0.29,48.0,BREAK_SHORT,TIME,2021-06-14 01:20:00,2021-06-14 01:25:00,2021-06-14 05:24:00,1867.485
2021-06-15 18:55:00,2021-06-15 19:00:00,2021-06-15 22:59:00,176233.0,877963.0,878202.0,176281.0,-1.0,4.0,1860.0,1861.1007812563826,1850.0,6.92470716309406,0.23,1859.7,1856.415,3.0,1.0,-1.0,1.0,0.0,1.0,32.217968896797856,6507.951924055167,6583.506924055169,0.4915625127650066,0.29,48.0,REV_SHORT,TIME,2021-06-15 22:55:00,2021-06-15 23:00:00,2021-06-16 02:59:00,1859.845
2021-06-16 00:50:00,2021-06-16 00:55:00,2021-06-16 01:31:00,176304.0,878318.0,878354.0,176312.0,-1.0,4.0,1860.0,1860.8660064492963,1850.0,8.4404392398834,0.28,1859.715,1860.8660064492963,1.0,1.0,-1.0,1.0,0.0,1.0,32.2281805802977,6583.506924055169,6551.278743474872,0.6740128985925501,0.29,8.0,REV_SHORT,STOP,2021-06-16 04:50:00,2021-06-16 04:55:00,2021-06-16 05:31:00,1859.86
2021-06-16 06:00:00,2021-06-16 06:05:00,2021-06-16 10:01:00,176366.0,878628.0,878864.0,176414.0,-1.0,4.0,1860.0,1860.9932468230618,1850.0,7.034549496312077,0.23,1859.625,1860.9932468230618,1.0,1.0,-1.0,1.0,0.0,1.0,31.469676930420974,6551.278743474872,6519.809066544451,0.7664936461239575,0.29,48.0,REV_SHORT,STOP,2021-06-16 10:00:00,2021-06-16 10:05:00,2021-06-16 14:01:00,1859.77
2021-06-16 16:10:00,2021-06-16 16:15:00,2021-06-16 16:40:00,176488.0,879238.0,879263.0,176494.0,-1.0,2.0,1830.0,1832.9460664223716,1820.0,2.6151427802330263,0.09,1829.365,1820.0,2.0,1.0,1.0,1.0,0.0,1.0,32.2295978013442,6519.809066544451,6604.0940665444505,2.946066422371528,0.29,6.0,BREAK_SHORT,TARGET,2021-06-16 20:10:00,2021-06-16 20:15:00,2021-06-16 20:40:00,1829.51
2021-06-17 14:35:00,2021-06-17 14:40:00,2021-06-17 16:37:00,176745.0,880518.0,880635.0,176769.0,-1.0,4.0,1780.0,1782.9170343367991,1770.0,2.8080494046497386,0.09,1779.525,1770.0,2.0,1.0,1.0,1.0,1.0,1.0,30.52830903119138,6604.0940665444505,6689.819066544451,1.8050686735981056,0.29,24.0,REV_SHORT,TARGET,2021-06-17 18:35:00,2021-06-17 18:40:00,2021-06-17 20:37:00,1779.67
2021-06-22 01:30:00,2021-06-22 01:35:00,2021-06-22 03:13:00,177416.0,883858.0,883956.0,177436.0,1.0,3.0,1780.0,1778.8879618367978,1790.0,2.7325816983311983,0.05,1781.865,1778.8879618367978,1.0,-1.0,-1.0,-1.0,1.0,0.0,14.885190816011118,6689.819066544451,6674.9338757284395,1.0940763264043571,0.29,20.0,REV_LONG,STOP,2021-06-22 05:30:00,2021-06-22 05:35:00,2021-06-22 07:13:00,1781.72
2021-06-25 12:00:00,2021-06-25 12:05:00,2021-06-25 16:04:00,178370.0,888613.0,888852.0,178418.0,-1.0,2.0,1780.0,1781.541320097285,1770.0,2.977954762070314,0.11,1778.64,1779.76,3.0,1.0,1.0,1.0,0.0,0.0,31.914521070134473,6674.9338757284395,6662.613875728441,1.5413200972851457,0.29,48.0,BREAK_SHORT,TIME,2021-06-25 16:00:00,2021-06-25 16:05:00,2021-06-25 20:04:00,1778.785
2021-06-28 09:20:00,2021-06-28 09:25:00,2021-06-28 09:37:00,178614.0,889828.0,889840.0,178617.0,-1.0,4.0,1780.0,1781.4931752813754,1770.0,4.4777002585985,0.15,1779.395,1781.4931752813754,1.0,1.0,-1.0,1.0,0.0,0.0,31.472629220631916,6662.613875728441,6631.141246507808,1.476350562750582,0.29,3.0,REV_SHORT,STOP,2021-06-28 13:20:00,2021-06-28 13:25:00,2021-06-28 13:37:00,1779.54
2021-06-29 04:30:00,2021-06-29 04:35:00,2021-06-29 05:24:00,178832.0,890913.0,890962.0,178842.0,-1.0,2.0,1770.0,1771.429495128437,1760.0,3.536422793374213,0.13,1768.91,1771.429495128437,1.0,1.0,1.0,1.0,0.0,0.0,32.75343666968138,6631.141246507808,6598.3878098381265,1.4294951284371773,0.29,10.0,BREAK_SHORT,STOP,2021-06-29 08:30:00,2021-06-29 08:35:00,2021-06-29 09:24:00,1769.055
2021-06-29 21:20:00,2021-06-29 21:25:00,2021-06-30 00:45:00,179022.0,891858.0,892058.0,179063.0,1.0,3.0,1760.0,1758.7620696052666,1770.0,4.355398217133083,0.07,1760.8605,1758.7620696052666,1.0,-1.0,-1.0,-1.0,0.0,1.0,14.689012763134087,6598.3878098381265,6583.698797074992,0.7558607894670664,0.29,41.0,REV_LONG,STOP,2021-06-30 01:20:00,2021-06-30 01:25:00,2021-06-30 04:45:00,1760.7155
2021-06-30 07:30:00,2021-06-30 07:35:00,2021-06-30 07:46:00,179144.0,892468.0,892479.0,179147.0,-1.0,4.0,1760.0,1761.979301770331,1750.0,2.072165858379804,0.08,1758.08,1761.979301770331,1.0,1.0,1.0,1.0,0.0,1.0,31.194414162648172,6583.698797074992,6552.504382912344,1.29860354066226,0.29,3.0,REV_SHORT,STOP,2021-06-30 11:30:00,2021-06-30 11:35:00,2021-06-30 11:46:00,1758.225
2021-07-01 11:30:00,2021-07-01 11:35:00,2021-07-01 15:34:00,179468.0,894083.0,894322.0,179516.0,1.0,3.0,1770.0,1767.3548058100425,1780.0,2.367387557153462,0.04,1771.11,1775.045,3.0,1.0,-1.0,-1.0,0.0,1.0,15.02077675982946,6552.504382912344,6568.244382912345,2.0903883799152254,0.29,48.0,REV_LONG,TIME,2021-07-01 15:30:00,2021-07-01 15:35:00,2021-07-01 19:34:00,1770.965
2021-07-06 01:05:00,2021-07-06 01:10:00,2021-07-06 05:09:00,180171.0,897583.0,897822.0,180219.0,1.0,1.0,1800.0,1799.0716930285591,1810.0,2.731954019172917,0.11,1802.0,1806.375,3.0,1.0,1.0,1.0,0.0,1.0,32.21137668584947,6568.244382912345,6616.369382912345,0.9283069714409606,0.29,48.0,BREAK_LONG,TIME,2021-07-06 05:05:00,2021-07-06 05:10:00,2021-07-06 09:09:00,1801.855
2021-07-06 21:35:00,2021-07-06 21:40:00,2021-07-06 21:54:00,180405.0,898748.0,898762.0,180408.0,-1.0,4.0,1800.0,1802.651076788993,1790.0,3.1127311367070774,0.1,1799.575,1802.651076788993,1.0,-1.0,-1.0,1.0,0.0,1.0,30.760767889928502,6616.369382912345,6585.608615022416,1.0821535779861662,0.29,3.0,REV_SHORT,STOP,2021-07-07 01:35:00,2021-07-07 01:40:00,2021-07-07 01:54:00,1799.72
2021-07-08 06:35:00,2021-07-08 06:40:00,2021-07-08 10:09:00,180789.0,900663.0,900872.0,180831.0,1.0,3.0,1810.0,1805.7121082598542,1820.0,1.3859313752573652,0.05,1811.7005,1805.7121082598542,1.0,1.0,1.0,1.0,1.0,1.0,29.941958700728723,6585.608615022416,6555.666656321688,1.816783480291441,0.29,42.0,REV_LONG,STOP,2021-07-08 10:35:00,2021-07-08 10:40:00,2021-07-08 14:09:00,1811.5555
2021-07-08 11:20:00,2021-07-08 11:25:00,2021-07-08 15:24:00,180846.0,900948.0,901187.0,180894.0,-1.0,2.0,1800.0,1802.586619209388,1790.0,1.4130236875596378,0.03,1797.3705,1797.615,3.0,1.0,1.0,-1.0,0.0,0.0,15.648357628163694,6555.666656321688,6554.933156321687,2.586619209387811,0.29,48.0,BREAK_SHORT,TIME,2021-07-08 15:20:00,2021-07-08 15:25:00,2021-07-08 19:24:00,1797.5155
2021-07-11 21:10:00,2021-07-11 21:15:00,2021-07-12 01:14:00,181228.0,902848.0,903087.0,181276.0,-1.0,4.0,1810.0,1811.387431293212,1800.0,3.4877791661489304,0.06,1808.85,1802.7355,3.0,-1.0,-1.0,-1.0,0.0,0.0,15.224587759273161,6554.933156321687,6591.620156321687,0.7688625864244589,0.29,48.0,REV_SHORT,TIME,2021-07-12 01:10:00,2021-07-12 01:15:00,2021-07-12 05:14:00,1808.995
2021-07-13 22:35:00,2021-07-13 22:40:00,2021-07-14 02:39:00,181797.0,905683.0,905922.0,181845.0,1.0,1.0,1810.0,1809.1555074759158,1820.0,3.605872566234695,0.06,1811.51,1814.135,3.0,1.0,1.0,-1.0,0.0,0.0,14.126955144505246,6591.620156321687,6607.370156321687,0.8444925240842884,0.29,48.0,BREAK_LONG,TIME,2021-07-14 02:35:00,2021-07-14 02:40:00,2021-07-14 06:39:00,1811.365
2021-07-15 04:10:00,2021-07-15 04:15:00,2021-07-15 06:07:00,182140.0,907393.0,907505.0,182163.0,1.0,3.0,1830.0,1828.9841845564404,1840.0,2.8231896712950184,0.11,1831.8654999999999,1828.9841845564404,1.0,1.0,1.0,1.0,1.0,0.0,31.694469879154667,6607.370156321687,6575.675686442532,1.182630887118909,0.29,23.0,REV_LONG,STOP,2021-07-15 08:10:00,2021-07-15 08:15:00,2021-07-15 10:07:00,1831.7205
2021-07-20 12:20:00,2021-07-20 12:25:00,2021-07-20 13:00:00,183066.0,912008.0,912043.0,183074.0,-1.0,4.0,1810.0,1812.1974152923476,1800.0,2.7097717574221205,0.09,1808.9095,1812.1974152923476,1.0,1.0,1.0,1.0,1.0,1.0,29.591237631128703,6575.675686442532,6546.0844488114035,2.0478305846950304,0.29,8.0,REV_SHORT,STOP,2021-07-20 16:20:00,2021-07-20 16:25:00,2021-07-20 17:00:00,1809.0545
2021-07-21 03:25:00,2021-07-21 03:30:00,2021-07-21 03:32:00,183235.0,912848.0,912850.0,183236.0,1.0,3.0,1810.0,1808.2111446789738,1820.0,4.486109374453796,0.07,1810.36,1808.2111446789738,1.0,-1.0,1.0,-1.0,0.0,0.0,15.041987247182535,6546.0844488114035,6531.0424615642205,1.1777106420521373,0.29,1.0,REV_LONG,STOP,2021-07-21 07:25:00,2021-07-21 07:30:00,2021-07-21 07:32:00,1810.215
2021-07-21 23:10:00,2021-07-21 23:15:00,2021-07-22 01:18:00,183460.0,913968.0,914091.0,183485.0,-1.0,2.0,1800.0,1800.651150210561,1790.0,3.530187038972568,0.06,1798.3,1800.651150210561,1.0,1.0,1.0,-1.0,0.0,0.0,14.106901263365671,6531.0424615642205,6516.935560300855,0.6511502105609221,0.29,25.0,BREAK_SHORT,STOP,2021-07-22 03:10:00,2021-07-22 03:15:00,2021-07-22 05:18:00,1798.445
2021-07-23 06:20:00,2021-07-23 06:25:00,2021-07-23 07:33:00,183822.0,915773.0,915841.0,183836.0,-1.0,2.0,1800.0,1801.3004532807136,1790.0,2.169874158477506,0.09,1797.7355,1790.0,2.0,1.0,1.0,1.0,0.0,0.0,32.084579526421976,6516.935560300855,6586.555060300855,1.30045328071358,0.29,14.0,BREAK_SHORT,TARGET,2021-07-23 10:20:00,2021-07-23 10:25:00,2021-07-23 11:33:00,1797.8805
2021-07-27 21:25:00,2021-07-27 21:30:00,2021-07-28 01:29:00,184543.0,919363.0,919602.0,184591.0,1.0,1.0,1800.0,1799.2133912896295,1810.0,1.9022718157744856,0.08,1802.93,1803.93,3.0,1.0,1.0,1.0,0.0,0.0,29.73286968296452,6586.555060300855,6594.555060300855,0.7866087103704943,0.29,48.0,BREAK_LONG,TIME,2021-07-28 01:25:00,2021-07-28 01:30:00,2021-07-28 05:29:00,1802.785
2021-07-28 06:55:00,2021-07-28 07:00:00,2021-07-28 10:59:00,184657.0,919933.0,920172.0,184705.0,-1.0,2.0,1800.0,1800.908831220281,1790.0,7.805744512805786,0.13,1799.67,1800.16,3.0,1.0,1.0,-1.0,0.0,1.0,16.104805863651336,6594.555060300855,6588.185060300855,0.9088312202809089,0.29,48.0,BREAK_SHORT,TIME,2021-07-28 10:55:00,2021-07-28 11:00:00,2021-07-28 14:59:00,1799.815
2021-07-29 19:20:00,2021-07-29 19:25:00,2021-07-29 20:02:00,185070.0,921988.0,922025.0,185078.0,1.0,1.0,1830.0,1829.5659179831262,1840.0,7.350057760096343,0.26,1830.8155,1829.5659179831262,1.0,1.0,1.0,1.0,0.0,0.0,32.489132438718116,6588.185060300855,6555.695927862137,0.4340820168739383,0.29,8.0,BREAK_LONG,STOP,2021-07-29 23:20:00,2021-07-29 23:25:00,2021-07-30 00:02:00,1830.6705
2021-07-30 03:30:00,2021-07-30 03:35:00,2021-07-30 07:34:00,185168.0,922478.0,922717.0,185216.0,-1.0,4.0,1830.0,1831.8823131913955,1820.0,4.747708301215259,0.07,1829.815,1827.925,3.0,-1.0,-1.0,-1.0,0.0,1.0,14.471192339768097,6555.695927862137,6568.9259278621375,0.9446263827908062,0.29,48.0,REV_SHORT,TIME,2021-07-30 07:30:00,2021-07-30 07:35:00,2021-07-30 11:34:00,1829.96
2021-07-30 12:35:00,2021-07-30 12:40:00,2021-07-30 16:39:00,185277.0,923023.0,923262.0,185325.0,-1.0,2.0,1820.0,1821.1740585164944,1810.0,2.935832407671546,0.11,1818.335,1814.345,3.0,1.0,1.0,1.0,0.0,0.0,31.229643681437665,6568.9259278621375,6612.815927862138,1.174058516494351,0.29,48.0,BREAK_SHORT,TIME,2021-07-30 16:35:00,2021-07-30 16:40:00,2021-07-30 20:39:00,1818.48
2021-08-01 21:45:00,2021-08-01 21:50:00,2021-08-02 01:49:00,185375.0,923508.0,923747.0,185423.0,1.0,3.0,1810.0,1807.9780130773622,1820.0,4.099492517730195,0.07,1810.3355,1812.185,3.0,-1.0,-1.0,-1.0,1.0,0.0,16.502408458463837,6612.815927862138,6625.762427862138,1.2519738452755396,0.29,48.0,REV_LONG,TIME,2021-08-02 01:45:00,2021-08-02 01:50:00,2021-08-02 05:49:00,1810.1905
2021-08-02 08:00:00,2021-08-02 08:05:00,2021-08-02 09:34:00,185498.0,924123.0,924212.0,185516.0,-1.0,4.0,1810.0,1812.2684543710939,1800.0,2.1309422566195892,0.04,1808.35,1812.2684543710939,1.0,1.0,1.0,-1.0,0.0,1.0,15.673817484375832,6625.762427862138,6610.088610377762,1.032908742187713,0.29,18.0,REV_SHORT,STOP,2021-08-02 12:00:00,2021-08-02 12:05:00,2021-08-02 13:34:00,1808.495
2021-08-03 07:20:00,2021-08-03 07:25:00,2021-08-03 08:15:00,185766.0,925458.0,925508.0,185777.0,1.0,3.0,1810.0,1808.804032536748,1820.0,6.015160221649147,0.2,1810.4,1808.804032536748,1.0,-1.0,-1.0,1.0,0.0,1.0,31.919349265040186,6610.088610377762,6578.169261112722,0.7229349265041578,0.29,11.0,REV_LONG,STOP,2021-08-03 11:20:00,2021-08-03 11:25:00,2021-08-03 12:15:00,1810.255
2021-08-03 11:20:00,2021-08-03 11:25:00,2021-08-03 15:24:00,185814.0,925698.0,925937.0,185862.0,1.0,3.0,1810.0,1808.0786094012974,1820.0,3.2707712078144433,0.05,1810.87,1810.765,3.0,-1.0,-1.0,-1.0,0.0,1.0,13.95695299351246,6578.169261112722,6577.644261112723,1.3927811974053208,0.29,48.0,REV_LONG,TIME,2021-08-03 15:20:00,2021-08-03 15:25:00,2021-08-03 19:24:00,1810.725
2021-08-04 20:45:00,2021-08-04 20:50:00,2021-08-04 21:01:00,186191.0,927573.0,927584.0,186194.0,1.0,3.0,1810.0,1809.5140209596018,1820.0,9.63509325326333,0.16,1810.5,1809.5140209596018,1.0,-1.0,-1.0,-1.0,0.0,0.0,15.775664646371299,6577.644261112723,6561.868596466352,0.4719580807963711,0.29,3.0,REV_LONG,STOP,2021-08-05 00:45:00,2021-08-05 00:50:00,2021-08-05 01:01:00,1810.355
2021-08-05 09:10:00,2021-08-05 09:15:00,2021-08-05 09:41:00,186340.0,928318.0,928344.0,186346.0,1.0,3.0,1810.0,1807.5557174852436,1820.0,3.0087467734013438,0.05,1810.66,1807.5557174852436,1.0,-1.0,-1.0,-1.0,0.0,0.0,15.521412573782529,6561.868596466352,6546.347183892569,1.5285650295128614,0.29,6.0,REV_LONG,STOP,2021-08-05 13:10:00,2021-08-05 13:15:00,2021-08-05 13:41:00,1810.515
2021-08-05 09:55:00,2021-08-05 10:00:00,2021-08-05 13:59:00,186349.0,928363.0,928602.0,186397.0,1.0,3.0,1800.0,1796.785083080209,1810.0,1.04409694412874,0.02,1803.25,1804.43,3.0,-1.0,-1.0,-1.0,1.0,0.0,12.929833839581988,6546.347183892569,6548.707183892569,2.2298338395823136,0.29,48.0,REV_LONG,TIME,2021-08-05 13:55:00,2021-08-05 14:00:00,2021-08-05 17:59:00,1803.105
2021-08-06 01:30:00,2021-08-06 01:35:00,2021-08-06 03:16:00,186524.0,929233.0,929334.0,186545.0,1.0,3.0,1800.0,1798.7335434418787,1810.0,5.7183950016830085,0.09,1800.4105,1798.7335434418787,1.0,-1.0,-1.0,-1.0,0.0,1.0,15.092609023090972,6548.707183892569,6533.614574869478,0.5329131162427132,0.29,21.0,REV_LONG,STOP,2021-08-06 05:30:00,2021-08-06 05:35:00,2021-08-06 07:16:00,1800.2655
2021-08-09 14:00:00,2021-08-09 14:05:00,2021-08-09 14:22:00,186950.0,931358.0,931375.0,186954.0,-1.0,4.0,1730.0,1731.2074861469523,1720.0,7.225761540417851,0.23,1729.845,1731.2074861469523,1.0,1.0,1.0,1.0,0.0,0.0,31.337181379902407,6533.614574869478,6502.277393489576,1.3949722939046132,0.29,4.0,REV_SHORT,STOP,2021-08-09 18:00:00,2021-08-09 18:05:00,2021-08-09 18:22:00,1729.99
2021-08-10 21:40:00,2021-08-10 21:45:00,2021-08-10 21:57:00,187306.0,933128.0,933140.0,187309.0,-1.0,4.0,1730.0,1730.7329118083683,1720.0,10.146308223756872,0.33,1729.77,1730.7329118083683,1.0,1.0,-1.0,1.0,0.0,0.0,31.776089676153564,6502.277393489576,6470.501303813422,0.9148236167366912,0.29,3.0,REV_SHORT,STOP,2021-08-11 01:40:00,2021-08-11 01:45:00,2021-08-11 01:57:00,1729.915
2021-08-13 06:20:00,2021-08-13 06:25:00,2021-08-13 06:27:00,187962.0,936398.0,936400.0,187963.0,-1.0,4.0,1760.0,1760.707468561282,1750.0,9.370745379390716,0.15,1759.675,1760.707468561282,1.0,-1.0,-1.0,-1.0,1.0,0.0,15.487028419230455,6470.501303813422,6455.014275394192,0.8149371225640991,0.29,1.0,REV_SHORT,STOP,2021-08-13 10:20:00,2021-08-13 10:25:00,2021-08-13 10:27:00,1759.82
2021-08-16 08:50:00,2021-08-16 08:55:00,2021-08-16 09:14:00,188268.0,937923.0,937942.0,188272.0,-1.0,4.0,1780.0,1782.1441081223222,1770.0,2.749213568584288,0.04,1778.905,1782.1441081223222,1.0,-1.0,-1.0,-1.0,0.0,1.0,12.956432489289,6455.014275394192,6442.057842904903,1.6532162446443415,0.29,4.0,REV_SHORT,STOP,2021-08-16 12:50:00,2021-08-16 12:55:00,2021-08-16 13:14:00,1779.05
2021-08-17 09:50:00,2021-08-17 09:55:00,2021-08-17 10:06:00,188556.0,939358.0,939369.0,188559.0,1.0,1.0,1790.0,1788.0282565304092,1800.0,2.7733096244098907,0.05,1791.201,1788.0282565304092,1.0,1.0,1.0,-1.0,0.0,0.0,15.863717347954209,6442.057842904903,6426.194125556948,1.9717434695908531,0.29,3.0,BREAK_LONG,STOP,2021-08-17 13:50:00,2021-08-17 13:55:00,2021-08-17 14:06:00,1791.056
2021-08-17 23:00:00,2021-08-17 23:05:00,2021-08-18 00:31:00,188702.0,940083.0,940169.0,188720.0,1.0,1.0,1790.0,1789.2309704772722,1800.0,2.6892499506698537,0.05,1792.15,1789.2309704772722,1.0,1.0,1.0,-1.0,0.0,0.0,14.595147613639483,6426.194125556948,6411.5989779433085,0.7690295227277347,0.29,18.0,BREAK_LONG,STOP,2021-08-18 03:00:00,2021-08-18 03:05:00,2021-08-18 04:31:00,1792.005
2021-08-18 01:15:00,2021-08-18 01:20:00,2021-08-18 01:55:00,188729.0,940218.0,940253.0,188737.0,-1.0,4.0,1790.0,1790.5279734489982,1780.0,5.801133091663607,0.2,1788.98,1790.5279734489982,1.0,-1.0,-1.0,1.0,0.0,0.0,30.95946897996328,6411.5989779433085,6380.639508963345,0.555946897996555,0.29,8.0,REV_SHORT,STOP,2021-08-18 05:15:00,2021-08-18 05:20:00,2021-08-18 05:55:00,1789.125
2021-08-23 07:15:00,2021-08-23 07:20:00,2021-08-23 09:01:00,189629.0,944703.0,944804.0,189650.0,1.0,1.0,1790.0,1789.2262921480792,1800.0,8.101661220239015,0.26,1790.41,1800.0,2.0,1.0,1.0,1.0,0.0,0.0,30.776404149942664,6380.639508963345,6629.9795089633435,0.7737078519208144,0.29,21.0,BREAK_LONG,TARGET,2021-08-23 11:15:00,2021-08-23 11:20:00,2021-08-23 13:01:00,1790.265
2021-08-23 10:30:00,2021-08-23 10:35:00,2021-08-23 14:34:00,189668.0,944898.0,945137.0,189716.0,1.0,3.0,1800.0,1794.472284648966,1810.0,1.6672062123883213,0.05,1800.2939999999999,1804.44,3.0,1.0,1.0,1.0,1.0,1.0,29.108576755169224,6629.9795089633435,6650.709508963344,2.1954307020676627,0.29,48.0,REV_LONG,TIME,2021-08-23 14:30:00,2021-08-23 14:35:00,2021-08-23 18:34:00,1800.149
2021-08-25 09:45:00,2021-08-25 09:50:00,2021-08-25 10:36:00,190211.0,947603.0,947649.0,190221.0,1.0,3.0,1790.0,1784.5515253602782,1800.0,1.5329625965499247,0.02,1790.6505,1784.5515253602782,1.0,-1.0,-1.0,-1.0,1.0,0.0,12.197949279443492,6650.709508963344,6638.5115596839005,2.2969492794437083,0.29,10.0,REV_LONG,STOP,2021-08-25 13:45:00,2021-08-25 13:50:00,2021-08-25 14:36:00,1790.5055
2021-09-02 12:05:00,2021-09-02 12:10:00,2021-09-02 16:09:00,191895.0,955993.0,956232.0,191943.0,-1.0,2.0,1810.0,1811.4114427167394,1800.0,3.742037962242297,0.06,1809.005,1810.2649999999999,3.0,1.0,1.0,-1.0,0.0,0.0,14.438656300435923,6638.5115596839005,6630.951559683902,1.4114427167394417,0.29,48.0,BREAK_SHORT,TIME,2021-09-02 16:05:00,2021-09-02 16:10:00,2021-09-02 20:09:00,1809.15
2021-09-10 14:05:00,2021-09-10 14:10:00,2021-09-10 14:43:00,193575.0,964363.0,964396.0,193582.0,-1.0,2.0,1790.0,1790.9576401557185,1780.0,4.804941223846237,0.17,1789.07,1790.9576401557185,1.0,1.0,1.0,1.0,0.0,0.0,32.0898826472162,6630.951559683902,6598.861677036686,0.9576401557185074,0.29,7.0,BREAK_SHORT,STOP,2021-09-10 18:05:00,2021-09-10 18:10:00,2021-09-10 18:43:00,1789.215
2021-09-13 02:30:00,2021-09-13 02:35:00,2021-09-13 02:54:00,193712.0,965043.0,965062.0,193716.0,1.0,3.0,1790.0,1788.5942459535352,1800.0,5.90942061955953,0.09,1790.245,1788.5942459535352,1.0,-1.0,1.0,-1.0,0.0,1.0,14.856786418182535,6598.861677036686,6584.004890618504,0.8615080929297744,0.29,4.0,REV_LONG,STOP,2021-09-13 06:30:00,2021-09-13 06:35:00,2021-09-13 06:54:00,1790.1
2021-09-16 06:10:00,2021-09-16 06:15:00,2021-09-16 08:09:00,194584.0,969388.0,969502.0,194607.0,-1.0,2.0,1780.0,1781.469208072528,1770.0,2.6887875642246435,0.1,1778.3600000000001,1770.0,2.0,1.0,1.0,1.0,0.0,0.0,31.09208072527963,6584.004890618504,6667.604890618505,1.4692080725280932,0.29,23.0,BREAK_SHORT,TARGET,2021-09-16 10:10:00,2021-09-16 10:15:00,2021-09-16 12:09:00,1778.505
2021-09-16 09:20:00,2021-09-16 09:25:00,2021-09-16 09:30:00,194622.0,969578.0,969583.0,194624.0,1.0,3.0,1760.0,1757.351012108994,1770.0,3.318552469898172,0.05,1760.28,1757.351012108994,1.0,-1.0,-1.0,-1.0,1.0,1.0,14.644939455030226,6667.604890618505,6652.959951163475,2.407975782012303,0.29,2.0,REV_LONG,STOP,2021-09-16 13:20:00,2021-09-16 13:25:00,2021-09-16 13:30:00,1760.135
2021-09-23 15:25:00,2021-09-23 15:30:00,2021-09-23 16:25:00,196075.0,976818.0,976873.0,196087.0,-1.0,2.0,1750.0,1750.7056523322865,1740.0,10.628333472744437,0.18,1749.785,1740.0,2.0,1.0,1.0,-1.0,0.0,1.0,16.571741981155355,6652.959951163475,6829.089951163476,0.7056523322863899,0.29,12.0,BREAK_SHORT,TARGET,2021-09-23 19:25:00,2021-09-23 19:30:00,2021-09-23 20:25:00,1749.93
2021-09-23 21:45:00,2021-09-23 21:50:00,2021-09-23 22:44:00,196139.0,977133.0,977187.0,196150.0,-1.0,4.0,1750.0,1751.2741961407605,1740.0,5.714043623072167,0.1,1749.595,1751.2741961407605,1.0,1.0,-1.0,-1.0,0.0,0.0,16.791961407604962,6829.089951163476,6812.297989755871,0.8883922815212378,0.29,11.0,REV_SHORT,STOP,2021-09-24 01:45:00,2021-09-24 01:50:00,2021-09-24 02:44:00,1749.74
2021-09-24 14:15:00,2021-09-24 14:20:00,2021-09-24 16:58:00,196337.0,978123.0,978281.0,196369.0,-1.0,2.0,1750.0,1750.8565974183368,1740.0,2.1408336304205173,0.09,1747.4,1750.68,4.0,1.0,1.0,1.0,0.0,0.0,31.10937676503067,6812.297989755871,6782.777989755871,0.856597418336733,0.29,32.0,BREAK_SHORT,SESSION,2021-09-24 18:15:00,2021-09-24 18:20:00,2021-09-24 20:58:00,1747.545
2021-09-27 06:00:00,2021-09-27 06:05:00,2021-09-27 08:22:00,196514.0,979003.0,979140.0,196542.0,-1.0,2.0,1750.0,1751.2036027711613,1740.0,2.5639371723235493,0.1,1748.06,1751.2036027711613,1.0,1.0,1.0,1.0,0.0,0.0,31.436027711613406,6782.777989755871,6751.341962044258,1.2036027711613344,0.29,28.0,BREAK_SHORT,STOP,2021-09-27 10:00:00,2021-09-27 10:05:00,2021-09-27 12:22:00,1748.205
2021-09-27 11:00:00,2021-09-27 11:05:00,2021-09-27 15:04:00,196574.0,979303.0,979542.0,196622.0,1.0,3.0,1750.0,1747.8968872367727,1760.0,2.944807018923436,0.05,1750.965,1750.4605,3.0,-1.0,-1.0,-1.0,0.0,1.0,15.340563816135955,6751.341962044258,6748.819462044258,1.8332255264543285,0.29,48.0,REV_LONG,TIME,2021-09-27 15:00:00,2021-09-27 15:05:00,2021-09-27 19:04:00,1750.82
2021-09-27 21:00:00,2021-09-27 21:05:00,2021-09-27 21:37:00,196682.0,979838.0,979870.0,196689.0,-1.0,2.0,1750.0,1750.6088424060756,1740.0,3.129814417958939,0.13,1748.04,1750.6088424060756,1.0,1.0,1.0,1.0,0.0,1.0,33.3949512789834,6748.819462044258,6715.424510765275,0.6088424060756228,0.29,7.0,BREAK_SHORT,STOP,2021-09-28 01:00:00,2021-09-28 01:05:00,2021-09-28 01:37:00,1748.185
2021-09-27 23:50:00,2021-09-27 23:55:00,2021-09-28 01:39:00,196716.0,980008.0,980112.0,196737.0,1.0,3.0,1750.0,1749.2718052040257,1760.0,10.0806160501801,0.17,1750.24,1749.2718052040257,1.0,-1.0,-1.0,-1.0,0.0,0.0,16.4593115315638,6715.424510765275,6698.965199233711,0.6463895919485295,0.29,21.0,REV_LONG,STOP,2021-09-28 03:50:00,2021-09-28 03:55:00,2021-09-28 05:39:00,1750.095
2021-09-29 03:40:00,2021-09-29 03:45:00,2021-09-29 04:55:00,197038.0,981613.0,981683.0,197053.0,-1.0,4.0,1740.0,1742.0689500266092,1730.0,4.21573495011701,0.14,1739.755,1742.0689500266092,1.0,1.0,-1.0,1.0,0.0,1.0,32.39530037252689,6698.965199233711,6666.569898861184,1.4319000532183495,0.29,15.0,REV_SHORT,STOP,2021-09-29 07:40:00,2021-09-29 07:45:00,2021-09-29 08:55:00,1739.9
2021-09-29 10:35:00,2021-09-29 10:40:00,2021-09-29 11:06:00,197121.0,982028.0,982054.0,197127.0,-1.0,2.0,1730.0,1732.37130026962,1720.0,1.5527308629991885,0.06,1727.525,1732.37130026962,1.0,1.0,1.0,1.0,0.0,0.0,29.077801617719157,6666.569898861184,6637.492097243465,2.371300269619845,0.29,6.0,BREAK_SHORT,STOP,2021-09-29 14:35:00,2021-09-29 14:40:00,2021-09-29 15:06:00,1727.67
2021-09-30 09:35:00,2021-09-30 09:40:00,2021-09-30 10:01:00,197385.0,983343.0,983364.0,197390.0,-1.0,4.0,1740.0,1743.9882860406603,1730.0,1.7545289746698847,0.06,1738.91,1743.9882860406603,1.0,-1.0,-1.0,1.0,1.0,1.0,30.469716243961553,6637.492097243465,6607.022380999503,2.1945720813204455,0.29,5.0,REV_SHORT,STOP,2021-09-30 13:35:00,2021-09-30 13:40:00,2021-09-30 14:01:00,1739.055
2021-10-04 04:50:00,2021-10-04 04:55:00,2021-10-04 07:04:00,197880.0,985808.0,985937.0,197906.0,1.0,3.0,1750.0,1748.1887179911596,1760.0,3.6569277263615034,0.13,1750.725,1748.1887179911596,1.0,-1.0,-1.0,1.0,1.0,1.0,32.97166611492412,6607.022380999503,6574.050714884579,1.3225640176807416,0.29,26.0,REV_LONG,STOP,2021-10-04 08:50:00,2021-10-04 08:55:00,2021-10-04 11:04:00,1750.58
2021-10-05 03:30:00,2021-10-05 03:35:00,2021-10-05 07:34:00,198140.0,987103.0,987342.0,198188.0,-1.0,4.0,1760.0,1761.228672981869,1750.0,5.386557578613721,0.18,1759.4705000000001,1756.8,3.0,-1.0,1.0,1.0,0.0,0.0,31.647113673640888,6574.050714884579,6622.119714884582,1.4173459637383785,0.29,48.0,REV_SHORT,TIME,2021-10-05 07:30:00,2021-10-05 07:35:00,2021-10-05 11:34:00,1759.6155
2021-10-05 11:45:00,2021-10-05 11:50:00,2021-10-05 13:44:00,198239.0,987598.0,987712.0,198262.0,-1.0,4.0,1760.0,1762.2746143395684,1750.0,2.909593030224097,0.1,1759.135,1762.2746143395684,1.0,-1.0,1.0,1.0,0.0,0.0,31.396143395684252,6622.119714884582,6590.7235714888975,1.918228679137192,0.29,23.0,REV_SHORT,STOP,2021-10-05 15:45:00,2021-10-05 15:50:00,2021-10-05 17:44:00,1759.28
2021-10-06 03:20:00,2021-10-06 03:25:00,2021-10-06 04:02:00,198414.0,988468.0,988505.0,198422.0,1.0,3.0,1750.0,1746.802127992977,1760.0,1.672785359412278,0.03,1751.74,1746.802127992977,1.0,-1.0,-1.0,-1.0,1.0,1.0,14.813616021069265,6590.7235714888975,6575.909955467829,1.4557440140459252,0.29,8.0,REV_LONG,STOP,2021-10-06 07:20:00,2021-10-06 07:25:00,2021-10-06 08:02:00,1751.595
2021-10-12 03:25:00,2021-10-12 03:30:00,2021-10-12 03:40:00,199519.0,993973.0,993983.0,199522.0,1.0,3.0,1760.0,1758.950201442224,1770.0,6.367521791833521,0.21,1760.45,1758.950201442224,1.0,1.0,1.0,1.0,1.0,0.0,31.49576971329816,6575.909955467829,6544.414185754531,1.0995971155523168,0.29,3.0,REV_LONG,STOP,2021-10-12 07:25:00,2021-10-12 07:30:00,2021-10-12 07:40:00,1760.305
2021-10-12 19:50:00,2021-10-12 19:55:00,2021-10-12 21:05:00,199704.0,994893.0,994963.0,199719.0,1.0,3.0,1760.0,1759.7301179127226,1770.0,12.168506181658046,0.2,1760.51,1759.7301179127226,1.0,1.0,-1.0,-1.0,0.0,0.0,15.597641745548573,6544.414185754531,6528.816544008982,0.3087641745547352,0.29,15.0,REV_LONG,STOP,2021-10-12 23:50:00,2021-10-12 23:55:00,2021-10-13 01:05:00,1760.365
2021-10-13 06:30:00,2021-10-13 06:35:00,2021-10-13 08:35:00,199832.0,995533.0,995653.0,199857.0,1.0,1.0,1770.0,1769.1499762835326,1780.0,8.155954911021883,0.27,1770.335,1769.1499762835326,1.0,1.0,1.0,1.0,0.0,1.0,31.995640344620146,6528.816544008982,6496.820903664362,0.8500237164672738,0.29,25.0,BREAK_LONG,STOP,2021-10-13 10:30:00,2021-10-13 10:35:00,2021-10-13 12:35:00,1770.19
2021-10-13 10:50:00,2021-10-13 10:55:00,2021-10-13 14:54:00,199884.0,995793.0,996032.0,199932.0,1.0,1.0,1790.0,1787.1459576166885,1800.0,1.4723865349841812,0.06,1792.345,1792.28,3.0,1.0,1.0,1.0,0.0,0.0,31.194254299869044,6496.820903664362,6496.430903664362,2.8540423833114783,0.29,48.0,BREAK_LONG,TIME,2021-10-13 14:50:00,2021-10-13 14:55:00,2021-10-13 18:54:00,1792.2
2021-10-15 12:00:00,2021-10-15 12:05:00,2021-10-15 16:04:00,200450.0,998613.0,998852.0,200498.0,-1.0,2.0,1770.0,1771.9125021054406,1760.0,1.8245396937853842,0.07,1767.695,1768.325,3.0,1.0,1.0,1.0,0.0,0.0,29.522514738084517,6496.430903664362,6492.020903664361,1.9125021054406597,0.29,48.0,BREAK_SHORT,TIME,2021-10-15 16:00:00,2021-10-15 16:05:00,2021-10-15 20:04:00,1767.84
2021-10-18 22:00:00,2021-10-18 22:05:00,2021-10-19 02:04:00,200834.0,1000523.0,1000762.0,200882.0,1.0,1.0,1770.0,1769.113532287594,1780.0,2.3277014078794878,0.09,1772.385,1777.01,3.0,1.0,1.0,1.0,0.0,0.0,29.44320941165483,6492.020903664361,6533.645903664361,0.8864677124061817,0.29,48.0,BREAK_LONG,TIME,2021-10-19 02:00:00,2021-10-19 02:05:00,2021-10-19 06:04:00,1772.24
2021-10-19 03:50:00,2021-10-19 03:55:00,2021-10-19 05:33:00,200904.0,1000873.0,1000971.0,200924.0,1.0,1.0,1780.0,1778.7846048716144,1790.0,1.721922237778184,0.07,1782.905,1778.7846048716144,1.0,1.0,1.0,1.0,0.0,0.0,28.842765898698875,6533.645903664361,6504.803137765662,1.2153951283855904,0.29,20.0,BREAK_LONG,STOP,2021-10-19 07:50:00,2021-10-19 07:55:00,2021-10-19 09:33:00,1782.76
2021-10-19 07:55:00,2021-10-19 08:00:00,2021-10-19 08:25:00,200953.0,1001118.0,1001143.0,200959.0,1.0,1.0,1780.0,1778.917574574105,1790.0,5.646429431736524,0.19,1780.585,1778.917574574105,1.0,1.0,1.0,1.0,0.0,1.0,31.681083092006702,6504.803137765662,6473.122054673655,1.0824254258949422,0.29,6.0,BREAK_LONG,STOP,2021-10-19 11:55:00,2021-10-19 12:00:00,2021-10-19 12:25:00,1780.44
2021-10-21 13:15:00,2021-10-21 13:20:00,2021-10-21 14:00:00,201569.0,1004188.0,1004228.0,201578.0,1.0,3.0,1780.0,1778.742632093028,1790.0,5.854352096862008,0.19,1780.385,1778.742632093028,1.0,-1.0,-1.0,1.0,0.0,1.0,31.204990232466344,6473.122054673655,6441.917064441189,0.9347358139440229,0.29,9.0,REV_LONG,STOP,2021-10-21 17:15:00,2021-10-21 17:20:00,2021-10-21 18:00:00,1780.24
2021-10-22 02:50:00,2021-10-22 02:55:00,2021-10-22 06:54:00,201720.0,1004938.0,1005177.0,201768.0,1.0,1.0,1790.0,1789.1108691581244,1800.0,1.6307771505336728,0.03,1793.25,1792.425,3.0,1.0,1.0,-1.0,0.0,0.0,12.417392525626838,6441.917064441189,6439.442064441188,0.889130841875528,0.29,48.0,BREAK_LONG,TIME,2021-10-22 06:50:00,2021-10-22 06:55:00,2021-10-22 10:54:00,1793.105
2021-10-22 10:25:00,2021-10-22 10:30:00,2021-10-22 11:14:00,201811.0,1005393.0,1005437.0,201820.0,1.0,1.0,1810.0,1808.0538833291523,1820.0,1.8882446075678885,0.07,1812.19,1808.0538833291523,1.0,1.0,1.0,1.0,0.0,0.0,28.952816695934192,6439.442064441188,6410.489247745254,1.946116670847777,0.29,9.0,BREAK_LONG,STOP,2021-10-22 14:25:00,2021-10-22 14:30:00,2021-10-22 15:14:00,1812.045
2021-10-25 02:00:00,2021-10-25 02:05:00,2021-10-25 04:24:00,201986.0,1006263.0,1006402.0,202014.0,-1.0,4.0,1800.0,1802.088823394345,1790.0,2.6044901513684495,0.04,1798.7350000000001,1802.088823394345,1.0,-1.0,-1.0,-1.0,0.0,0.0,13.415293577379089,6410.489247745254,6397.073954167875,1.4546467886897358,0.29,28.0,REV_SHORT,STOP,2021-10-25 06:00:00,2021-10-25 06:05:00,2021-10-25 08:24:00,1798.88
2021-10-26 22:00:00,2021-10-26 22:05:00,2021-10-27 02:04:00,202490.0,1008773.0,1009012.0,202538.0,-1.0,2.0,1790.0,1791.2663321521657,1780.0,5.185764710060651,0.17,1789.445,1787.325,3.0,1.0,1.0,1.0,0.0,0.0,30.9626465868173,6397.073954167875,6433.113954167873,1.2663321521657027,0.29,48.0,BREAK_SHORT,TIME,2021-10-27 02:00:00,2021-10-27 02:05:00,2021-10-27 06:04:00,1789.59
2021-10-27 22:45:00,2021-10-27 22:50:00,2021-10-27 23:03:00,202775.0,1010193.0,1010206.0,202778.0,1.0,1.0,1800.0,1798.9604227140112,1810.0,2.460598692851738,0.05,1802.1505,1798.9604227140112,1.0,1.0,1.0,-1.0,0.0,0.0,15.95038642994382,6433.113954167873,6417.163567737929,1.0395772859887817,0.29,3.0,BREAK_LONG,STOP,2021-10-28 02:45:00,2021-10-28 02:50:00,2021-10-28 03:03:00,1802.0055
2021-10-28 00:35:00,2021-10-28 00:40:00,2021-10-28 04:39:00,202797.0,1010303.0,1010542.0,202845.0,1.0,1.0,1800.0,1799.3079494621766,1810.0,9.114985192514157,0.3,1800.365,1801.92,3.0,1.0,1.0,1.0,0.0,0.0,31.711516134703288,6417.163567737929,6463.8135677379305,0.6920505378234496,0.29,48.0,BREAK_LONG,TIME,2021-10-28 04:35:00,2021-10-28 04:40:00,2021-10-28 08:39:00,1800.22
2021-10-29 09:00:00,2021-10-29 09:05:00,2021-10-29 09:46:00,203174.0,1012183.0,1012224.0,203183.0,1.0,3.0,1780.0,1774.4433675460816,1790.0,1.6138429371048186,0.02,1780.395,1774.4433675460816,1.0,-1.0,-1.0,-1.0,1.0,1.0,11.903264907836729,6463.8135677379305,6451.910302830094,3.217264907836752,0.29,9.0,REV_LONG,STOP,2021-10-29 13:00:00,2021-10-29 13:05:00,2021-10-29 13:46:00,1780.25
2021-11-02 08:40:00,2021-11-02 08:45:00,2021-11-02 10:09:00,203722.0,1014913.0,1014997.0,203739.0,1.0,3.0,1790.0,1787.4423388335993,1800.0,2.3374414041148492,0.08,1791.205,1787.4423388335993,1.0,1.0,-1.0,1.0,0.0,1.0,30.10128933120541,6451.910302830094,6421.809013498889,1.724322332801419,0.29,17.0,REV_LONG,STOP,2021-11-02 12:40:00,2021-11-02 12:45:00,2021-11-02 14:09:00,1791.06
2021-11-03 02:20:00,2021-11-03 02:25:00,2021-11-03 06:24:00,203922.0,1015908.0,1016147.0,203970.0,1.0,3.0,1780.0,1777.8836633610097,1790.0,3.084612811550185,0.05,1780.85,1780.845,3.0,-1.0,-1.0,-1.0,1.0,1.0,14.831683194951212,6421.809013498889,6421.784013498889,0.9036732779803199,0.29,48.0,REV_LONG,TIME,2021-11-03 06:20:00,2021-11-03 06:25:00,2021-11-03 10:24:00,1780.705
2021-11-03 09:40:00,2021-11-03 09:45:00,2021-11-03 10:46:00,204010.0,1016348.0,1016409.0,204023.0,-1.0,2.0,1770.0,1772.2391145882061,1760.0,1.9785284215083212,0.07,1768.13,1760.0,2.0,1.0,1.0,1.0,0.0,1.0,28.763802117442083,6421.784013498889,6478.69401349889,2.2391145882061396,0.29,13.0,BREAK_SHORT,TARGET,2021-11-03 13:40:00,2021-11-03 13:45:00,2021-11-03 14:46:00,1768.275
2021-11-05 11:45:00,2021-11-05 11:50:00,2021-11-05 12:26:00,204587.0,1019223.0,1019259.0,204595.0,-1.0,4.0,1810.0,1813.0510374670973,1800.0,1.5812778390248334,0.06,1807.9950000000001,1813.0510374670973,1.0,-1.0,-1.0,1.0,1.0,1.0,30.336224802583274,6478.69401349889,6448.357788696307,2.4020749341947916,0.29,8.0,REV_SHORT,STOP,2021-11-05 15:45:00,2021-11-05 15:50:00,2021-11-05 16:26:00,1808.14
2021-11-07 20:20:00,2021-11-07 20:25:00,2021-11-08 00:24:00,204678.0,1019673.0,1019912.0,204726.0,-1.0,4.0,1820.0,1821.9159518819556,1810.0,3.0864706841335128,0.11,1819.0,1819.85,3.0,-1.0,-1.0,1.0,0.0,1.0,32.07547070151168,6448.357788696307,6439.007788696308,1.4619037639113965,0.29,48.0,REV_SHORT,TIME,2021-11-08 01:20:00,2021-11-08 01:25:00,2021-11-08 05:24:00,1819.145
2021-11-09 19:00:00,2021-11-09 19:05:00,2021-11-09 20:45:00,205214.0,1022343.0,1022443.0,205235.0,1.0,3.0,1830.0,1828.278641009004,1840.0,3.7333036258537353,0.13,1830.7549999999999,1828.278641009004,1.0,1.0,-1.0,1.0,0.0,1.0,32.192666882945105,6439.007788696308,6406.815121813363,0.6537179819913871,0.29,21.0,REV_LONG,STOP,2021-11-10 00:00:00,2021-11-10 00:05:00,2021-11-10 01:45:00,1830.61
2021-11-10 08:45:00,2021-11-10 08:50:00,2021-11-10 09:02:00,205379.0,1023168.0,1023180.0,205382.0,-1.0,4.0,1850.0,1853.2645984145165,1840.0,2.726431150329034,0.08,1849.705,1853.2645984145165,1.0,-1.0,-1.0,1.0,1.0,0.0,28.476787316132686,6406.815121813363,6378.33833449723,3.0401968290330075,0.29,3.0,REV_SHORT,STOP,2021-11-10 13:45:00,2021-11-10 13:50:00,2021-11-10 14:02:00,1849.85
2021-11-10 16:05:00,2021-11-10 16:10:00,2021-11-10 16:58:00,205467.0,1023608.0,1023656.0,205477.0,1.0,1.0,1850.0,1848.6679730932112,1860.0,2.851775413963846,0.05,1851.61,1848.715,4.0,1.0,1.0,-1.0,0.0,0.0,14.710134533943348,6378.33833449723,6363.8633344972295,1.3320269067887829,0.29,10.0,BREAK_LONG,SESSION,2021-11-10 21:05:00,2021-11-10 21:10:00,2021-11-10 21:58:00,1851.465
2021-11-16 04:10:00,2021-11-16 04:15:00,2021-11-16 08:14:00,206428.0,1028393.0,1028632.0,206476.0,1.0,1.0,1870.0,1868.1762480615262,1880.0,1.220943438973102,0.02,1873.5,1875.525,3.0,1.0,1.0,-1.0,0.0,0.0,10.647503876947667,6363.8633344972295,6367.91333449723,1.823751938473747,0.29,48.0,BREAK_LONG,TIME,2021-11-16 09:10:00,2021-11-16 09:15:00,2021-11-16 13:14:00,1873.355
2021-11-17 04:20:00,2021-11-17 04:25:00,2021-11-17 05:01:00,206706.0,1029778.0,1029814.0,206714.0,1.0,1.0,1860.0,1859.065990399465,1870.0,6.897388068894397,0.11,1860.4505,1859.065990399465,1.0,1.0,1.0,-1.0,0.0,1.0,15.229605605885126,6367.91333449723,6352.683728891345,0.9340096005350246,0.29,8.0,BREAK_LONG,STOP,2021-11-17 09:20:00,2021-11-17 09:25:00,2021-11-17 10:01:00,1860.3055
2021-11-18 05:40:00,2021-11-18 05:45:00,2021-11-18 08:25:00,206998.0,1031233.0,1031393.0,207031.0,1.0,3.0,1860.0,1858.2350101346617,1870.0,3.365504307327373,0.05,1860.93,1858.2350101346617,1.0,-1.0,-1.0,-1.0,1.0,1.0,13.474949326691785,6352.683728891345,6339.208779564653,1.1999797306768187,0.29,33.0,REV_LONG,STOP,2021-11-18 10:40:00,2021-11-18 10:45:00,2021-11-18 13:25:00,1860.785
2021-11-18 10:55:00,2021-11-18 11:00:00,2021-11-18 11:30:00,207061.0,1031548.0,1031578.0,207068.0,-1.0,2.0,1860.0,1862.1648702178327,1850.0,3.9961062108110297,0.13,1859.73,1862.1648702178327,1.0,1.0,1.0,1.0,0.0,1.0,31.65331283182468,6339.208779564653,6307.555466732828,2.1648702178327297,0.29,7.0,BREAK_SHORT,STOP,2021-11-18 15:55:00,2021-11-18 16:00:00,2021-11-18 16:30:00,1859.875
2021-11-19 02:15:00,2021-11-19 02:20:00,2021-11-19 04:28:00,207233.0,1032403.0,1032531.0,207259.0,-1.0,2.0,1860.0,1860.86513317323,1850.0,3.4710031914785833,0.06,1858.435,1860.86513317323,1.0,1.0,1.0,-1.0,0.0,0.0,14.580799039380961,6307.555466732828,6292.974667693447,0.8651331732300245,0.29,26.0,BREAK_SHORT,STOP,2021-11-19 07:15:00,2021-11-19 07:20:00,2021-11-19 09:28:00,1858.58
2021-11-19 08:05:00,2021-11-19 08:10:00,2021-11-19 08:52:00,207303.0,1032753.0,1032795.0,207312.0,1.0,3.0,1860.0,1858.2552973715756,1870.0,3.2480889292305637,0.05,1861.02,1858.2552973715756,1.0,-1.0,1.0,-1.0,0.0,1.0,13.82351314212201,6292.974667693447,6279.151154551326,1.430405256848791,0.29,9.0,REV_LONG,STOP,2021-11-19 13:05:00,2021-11-19 13:10:00,2021-11-19 13:52:00,1860.875
2021-11-19 11:15:00,2021-11-19 11:20:00,2021-11-19 12:41:00,207341.0,1032943.0,1033024.0,207358.0,-1.0,2.0,1860.0,1862.1485772012984,1850.0,1.6105889460497362,0.06,1857.4950000000001,1850.0,2.0,1.0,1.0,1.0,0.0,1.0,27.921463207789653,6279.151154551326,6324.121154551327,2.1485772012984508,0.29,17.0,BREAK_SHORT,TARGET,2021-11-19 16:15:00,2021-11-19 16:20:00,2021-11-19 17:41:00,1857.64
2021-11-22 08:05:00,2021-11-22 08:10:00,2021-11-22 08:31:00,207579.0,1034128.0,1034149.0,207584.0,1.0,3.0,1840.0,1837.6095615960307,1850.0,2.412931724835867,0.04,1841.24,1837.6095615960307,1.0,-1.0,-1.0,-1.0,0.0,1.0,14.521753615877062,6324.121154551327,6309.59940093545,1.4408768079382372,0.29,5.0,REV_LONG,STOP,2021-11-22 13:05:00,2021-11-22 13:10:00,2021-11-22 13:31:00,1841.095
2021-11-22 11:15:00,2021-11-22 11:20:00,2021-11-22 12:29:00,207617.0,1034318.0,1034387.0,207631.0,-1.0,4.0,1820.0,1823.5690385329337,1810.0,1.9665334988402445,0.06,1818.9950000000001,1810.0,2.0,1.0,1.0,1.0,1.0,1.0,27.444231197601766,6309.59940093545,6363.56940093545,2.688077065867769,0.29,14.0,REV_SHORT,TARGET,2021-11-22 16:15:00,2021-11-22 16:20:00,2021-11-22 17:29:00,1819.14
2021-11-23 08:10:00,2021-11-23 08:15:00,2021-11-23 08:25:00,207856.0,1035508.0,1035518.0,207859.0,1.0,3.0,1790.0,1787.170054390715,1800.0,2.268404886043539,0.04,1791.0955,1787.170054390715,1.0,-1.0,-1.0,-1.0,1.0,0.0,15.701782437139627,6363.56940093545,6347.867618498311,1.8598912185696788,0.29,3.0,REV_LONG,STOP,2021-11-23 13:10:00,2021-11-23 13:15:00,2021-11-23 13:25:00,1790.9505
2021-11-23 20:15:00,2021-11-23 20:20:00,2021-11-24 00:19:00,207989.0,1036168.0,1036407.0,208037.0,1.0,3.0,1790.0,1788.7986935583745,1800.0,4.076949525367488,0.07,1791.0049999999999,1794.195,3.0,-1.0,1.0,-1.0,0.0,0.0,15.444145091378006,6347.867618498311,6370.1976184983105,0.9756128832510478,0.29,48.0,REV_LONG,TIME,2021-11-24 01:15:00,2021-11-24 01:20:00,2021-11-24 05:19:00,1790.86
2021-11-24 18:50:00,2021-11-24 18:55:00,2021-11-24 18:57:00,208248.0,1037458.0,1037460.0,208249.0,-1.0,4.0,1790.0,1790.7058227234982,1780.0,11.223732538859567,0.36,1789.83,1790.7058227234982,1.0,1.0,0.0,1.0,0.0,0.0,31.52961804593633,6370.1976184983105,6338.668000452374,0.8096454469964608,0.29,1.0,REV_SHORT,STOP,2021-11-24 23:50:00,2021-11-24 23:55:00,2021-11-24 23:57:00,1789.975
2021-11-26 01:55:00,2021-11-26 02:00:00,2021-11-26 03:46:00,208609.0,1039258.0,1039364.0,208631.0,1.0,1.0,1800.0,1799.0167584761157,1810.0,3.618219559948516,0.13,1801.395,1799.0167584761157,1.0,1.0,1.0,1.0,0.0,0.0,30.917139810495886,6338.668000452374,6307.750860641878,0.9832415238843719,0.29,22.0,BREAK_LONG,STOP,2021-11-26 06:55:00,2021-11-26 07:00:00,2021-11-26 08:46:00,1801.25
2021-11-26 09:45:00,2021-11-26 09:50:00,2021-11-26 09:55:00,208703.0,1039728.0,1039733.0,208705.0,1.0,3.0,1800.0,1796.4507528585127,1810.0,2.6182008102437018,0.08,1800.1955,1796.4507528585127,1.0,1.0,-1.0,1.0,0.0,0.0,29.957977131898588,6307.750860641878,6277.792883509979,2.7494942829745197,0.29,2.0,REV_LONG,STOP,2021-11-26 14:45:00,2021-11-26 14:50:00,2021-11-26 14:55:00,1800.0505
2021-11-30 00:30:00,2021-11-30 00:35:00,2021-11-30 04:34:00,209144.0,1041923.0,1042162.0,209192.0,1.0,1.0,1790.0,1789.0976257157172,1800.0,1.9606915111308973,0.08,1792.78,1796.55,3.0,1.0,1.0,1.0,0.0,1.0,29.458994274262295,6277.792883509979,6307.952883509979,0.9023742842827864,0.29,48.0,BREAK_LONG,TIME,2021-11-30 05:30:00,2021-11-30 05:35:00,2021-11-30 09:34:00,1792.635
2021-12-01 01:10:00,2021-12-01 01:15:00,2021-12-01 03:15:00,209428.0,1043338.0,1043458.0,209453.0,-1.0,4.0,1790.0,1793.1918321057108,1780.0,1.6535809366984495,0.03,1788.2205000000001,1780.0,2.0,-1.0,-1.0,-1.0,1.0,0.0,14.91399631713193,6307.952883509979,6332.614383509979,2.0096642114218324,0.29,25.0,REV_SHORT,TARGET,2021-12-01 06:10:00,2021-12-01 06:15:00,2021-12-01 08:15:00,1788.3655
2021-12-01 10:10:00,2021-12-01 10:15:00,2021-12-01 14:14:00,209536.0,1043878.0,1044117.0,209584.0,-1.0,4.0,1790.0,1793.9892411727708,1780.0,1.2861071786187988,0.02,1787.8700000000001,1780.7549999999999,3.0,-1.0,-1.0,-1.0,0.0,1.0,12.238482345541343,6332.614383509979,6346.84438350998,2.609482345541229,0.29,48.0,REV_SHORT,TIME,2021-12-01 15:10:00,2021-12-01 15:15:00,2021-12-01 19:14:00,1788.015
2021-12-02 03:30:00,2021-12-02 03:35:00,2021-12-02 07:34:00,209732.0,1044853.0,1045092.0,209780.0,1.0,3.0,1770.0,1766.0641439431156,1780.0,1.4253750736040858,0.02,1771.81,1777.835,3.0,-1.0,-1.0,-1.0,1.0,0.0,11.491712113768699,6346.84438350998,6358.89438350998,1.579712113768899,0.29,48.0,REV_LONG,TIME,2021-12-02 08:30:00,2021-12-02 08:35:00,2021-12-02 12:34:00,1771.665
2021-12-02 07:55:00,2021-12-02 08:00:00,2021-12-02 09:38:00,209785.0,1045118.0,1045216.0,209805.0,-1.0,4.0,1780.0,1781.9583432569827,1770.0,3.5584363484086325,0.06,1779.335,1770.0,2.0,1.0,-1.0,-1.0,0.0,1.0,15.740059541896242,6358.89438350998,6414.90438350998,1.363686513965676,0.29,20.0,REV_SHORT,TARGET,2021-12-02 12:55:00,2021-12-02 13:00:00,2021-12-02 14:38:00,1779.48
2021-12-02 10:05:00,2021-12-02 10:10:00,2021-12-02 10:39:00,209811.0,1045248.0,1045277.0,209817.0,-1.0,2.0,1770.0,1773.0210864497296,1760.0,1.3499157733525289,0.02,1767.48,1773.0210864497296,1.0,1.0,1.0,-1.0,0.0,1.0,11.082172899459238,6414.90438350998,6403.82221061052,3.021086449729607,0.29,6.0,BREAK_SHORT,STOP,2021-12-02 15:05:00,2021-12-02 15:10:00,2021-12-02 15:39:00,1767.625
2021-12-02 19:30:00,2021-12-02 19:35:00,2021-12-02 19:47:00,209912.0,1045748.0,1045760.0,209915.0,-1.0,4.0,1770.0,1770.9268775389346,1760.0,6.523441561172977,0.22,1769.4745,1770.9268775389346,1.0,1.0,1.0,1.0,0.0,1.0,31.952305856560542,6403.82221061052,6371.869904753959,0.7537550778694566,0.29,3.0,REV_SHORT,STOP,2021-12-03 00:30:00,2021-12-03 00:35:00,2021-12-03 00:47:00,1769.6195
2021-12-03 09:00:00,2021-12-03 09:05:00,2021-12-03 10:01:00,210074.0,1046558.0,1046614.0,210086.0,1.0,3.0,1770.0,1766.5607645959558,1780.0,1.4152887913901395,0.02,1772.125,1766.5607645959558,1.0,-1.0,1.0,-1.0,0.0,0.0,11.128470808088423,6371.869904753959,6360.741433945871,2.8094708080886517,0.29,12.0,REV_LONG,STOP,2021-12-03 14:00:00,2021-12-03 14:05:00,2021-12-03 15:01:00,1771.98
2021-12-03 12:25:00,2021-12-03 12:30:00,2021-12-03 16:29:00,210115.0,1046763.0,1047002.0,210163.0,1.0,1.0,1780.0,1777.9521472944084,1790.0,2.9328976658810637,0.05,1781.0155,1784.375,3.0,1.0,1.0,-1.0,0.0,0.0,15.316763527957846,6360.741433945871,6377.538933945871,2.0478527055915556,0.29,48.0,BREAK_LONG,TIME,2021-12-03 17:25:00,2021-12-03 17:30:00,2021-12-03 21:29:00,1780.8705
2021-12-06 09:20:00,2021-12-06 09:25:00,2021-12-06 10:06:00,210354.0,1047953.0,1047994.0,210363.0,-1.0,2.0,1780.0,1781.460045894094,1770.0,3.1672198702958227,0.11,1778.71,1781.460045894094,1.0,1.0,1.0,1.0,0.0,1.0,30.250504835034008,6377.538933945871,6347.288429110837,1.4600458940939927,0.29,9.0,BREAK_SHORT,STOP,2021-12-06 14:20:00,2021-12-06 14:25:00,2021-12-06 15:06:00,1778.855
2021-12-07 01:05:00,2021-12-07 01:10:00,2021-12-07 04:07:00,210531.0,1048833.0,1049010.0,210567.0,1.0,1.0,1780.0,1779.2948808074823,1790.0,2.4420285943612674,0.05,1782.405,1779.2948808074823,1.0,1.0,1.0,-1.0,0.0,0.0,15.550595962588432,6347.288429110837,6331.737833148249,0.7051191925177753,0.29,36.0,BREAK_LONG,STOP,2021-12-07 06:05:00,2021-12-07 06:10:00,2021-12-07 09:07:00,1782.26
2021-12-07 09:25:00,2021-12-07 09:30:00,2021-12-07 09:38:00,210631.0,1049333.0,1049341.0,210633.0,-1.0,4.0,1780.0,1781.947952520759,1770.0,3.652715509408372,0.12,1779.38,1781.947952520759,1.0,1.0,1.0,1.0,0.0,0.0,30.815430249105702,6331.737833148249,6300.922402899143,1.7859050415175721,0.29,2.0,REV_SHORT,STOP,2021-12-07 14:25:00,2021-12-07 14:30:00,2021-12-07 14:38:00,1779.525
2021-12-08 00:50:00,2021-12-08 00:55:00,2021-12-08 01:40:00,210804.0,1050193.0,1050238.0,210814.0,1.0,1.0,1790.0,1789.418542204914,1800.0,6.366354814798109,0.21,1790.855,1789.418542204914,1.0,1.0,1.0,1.0,0.0,1.0,30.165613696805394,6300.922402899143,6270.756789202338,0.5814577950859897,0.29,10.0,BREAK_LONG,STOP,2021-12-08 05:50:00,2021-12-08 05:55:00,2021-12-08 06:40:00,1790.71
2021-12-09 07:15:00,2021-12-09 07:20:00,2021-12-09 09:22:00,211157.0,1051953.0,1052075.0,211182.0,-1.0,2.0,1780.0,1781.1108352950484,1770.0,1.6995335086454026,0.07,1776.9950000000001,1781.1108352950484,1.0,1.0,1.0,1.0,0.0,0.0,28.810847065338297,6270.756789202338,6241.945942136999,1.1108352950484417,0.29,25.0,BREAK_SHORT,STOP,2021-12-09 12:15:00,2021-12-09 12:20:00,2021-12-09 14:22:00,1777.14
2021-12-15 07:10:00,2021-12-15 07:15:00,2021-12-15 07:29:00,212260.0,1057448.0,1057462.0,212263.0,-1.0,4.0,1770.0,1771.3568427095965,1760.0,6.024086290020358,0.19,1769.74,1771.3568427095965,1.0,1.0,1.0,1.0,0.0,0.0,30.720011482334257,6241.945942136999,6211.225930654665,0.773685419192818,0.29,3.0,REV_SHORT,STOP,2021-12-15 12:10:00,2021-12-15 12:15:00,2021-12-15 12:29:00,1769.885
2021-12-15 08:55:00,2021-12-15 09:00:00,2021-12-15 09:29:00,212281.0,1057553.0,1057582.0,212287.0,1.0,3.0,1770.0,1769.003292905476,1780.0,3.9274867304527628,0.06,1771.235,1769.003292905476,1.0,-1.0,1.0,-1.0,0.0,0.0,13.39024256714356,6211.225930654665,6197.835688087522,1.226414189048441,0.29,6.0,REV_LONG,STOP,2021-12-15 13:55:00,2021-12-15 14:00:00,2021-12-15 14:29:00,1771.09
2021-12-15 18:45:00,2021-12-15 18:50:00,2021-12-15 20:54:00,212387.0,1058078.0,1058202.0,212412.0,-1.0,4.0,1780.0,1782.1369453851994,1770.0,3.0430267136232794,0.05,1779.135,1782.1369453851994,1.0,-1.0,0.0,-1.0,0.0,1.0,15.00972692599703,6197.835688087522,6182.825961161525,1.233890770398926,0.29,25.0,REV_SHORT,STOP,2021-12-15 23:45:00,2021-12-15 23:50:00,2021-12-16 01:54:00,1779.28
2021-12-16 09:15:00,2021-12-16 09:20:00,2021-12-16 09:43:00,212561.0,1058948.0,1058971.0,212566.0,-1.0,4.0,1790.0,1791.845414088638,1780.0,2.179623474546082,0.04,1788.1200000000001,1791.845414088638,1.0,-1.0,-1.0,-1.0,1.0,0.0,14.901656354551958,6182.825961161525,6167.924304806973,1.6508281772763174,0.29,5.0,REV_SHORT,STOP,2021-12-16 14:15:00,2021-12-16 14:20:00,2021-12-16 14:43:00,1788.265
2021-12-19 18:20:00,2021-12-19 18:25:00,2021-12-19 19:07:00,212934.0,1060803.0,1060845.0,212943.0,-1.0,4.0,1800.0,1801.5453387313567,1790.0,4.982540687864103,0.15,1799.6155,1801.5453387313567,1.0,-1.0,0.0,1.0,0.0,1.0,28.947580970348096,6167.924304806973,6138.976723836625,0.9096774627132664,0.29,9.0,REV_SHORT,STOP,2021-12-19 23:20:00,2021-12-19 23:25:00,2021-12-20 00:07:00,1799.7605
2021-12-21 01:40:00,2021-12-21 01:45:00,2021-12-21 05:44:00,213298.0,1062618.0,1062857.0,213346.0,1.0,3.0,1790.0,1788.575193758853,1800.0,5.988477260235145,0.09,1790.21,1796.82,3.0,-1.0,-1.0,-1.0,0.0,1.0,14.713256170323803,6138.976723836625,6198.466723836624,0.6696124822941104,0.29,48.0,REV_LONG,TIME,2021-12-21 06:40:00,2021-12-21 06:45:00,2021-12-21 10:44:00,1790.065
2021-12-21 18:20:00,2021-12-21 18:25:00,2021-12-21 18:58:00,213486.0,1063553.0,1063586.0,213493.0,-1.0,4.0,1790.0,1790.4298713411868,1780.0,7.877458301648761,0.26,1789.255,1790.4298713411868,1.0,1.0,0.0,1.0,0.0,0.0,30.546654870852763,6198.466723836624,6167.920068965771,0.4297426823735241,0.29,7.0,REV_SHORT,STOP,2021-12-21 23:20:00,2021-12-21 23:25:00,2021-12-21 23:58:00,1789.4
2021-12-27 15:55:00,2021-12-27 16:00:00,2021-12-27 16:58:00,214573.0,1068973.0,1069031.0,214585.0,1.0,1.0,1810.0,1809.436188136788,1820.0,2.3709145042244337,0.09,1812.57,1812.0395,4.0,1.0,1.0,1.0,0.0,0.0,28.204306768908282,6167.920068965771,6163.145568965772,0.5638118632121781,0.29,12.0,BREAK_LONG,SESSION,2021-12-27 20:55:00,2021-12-27 21:00:00,2021-12-27 21:58:00,1812.425
2021-12-29 08:15:00,2021-12-29 08:20:00,2021-12-29 10:08:00,215033.0,1071263.0,1071371.0,215055.0,1.0,3.0,1790.0,1788.8602919406494,1800.0,3.7611530057481635,0.06,1791.2,1800.0,2.0,-1.0,-1.0,-1.0,1.0,0.0,14.03824835610385,6163.145568965772,6215.945568965772,1.2424161187015665,0.29,22.0,REV_LONG,TARGET,2021-12-29 13:15:00,2021-12-29 13:20:00,2021-12-29 15:08:00,1791.055
2021-12-30 11:30:00,2021-12-30 11:35:00,2021-12-30 15:34:00,215348.0,1072833.0,1073072.0,215396.0,1.0,1.0,1810.0,1808.6377634023322,1820.0,1.835429433909795,0.07,1812.645,1816.32,3.0,1.0,1.0,1.0,0.0,0.0,28.050656183674395,6215.945568965772,6241.670568965771,1.3622365976677886,0.29,48.0,BREAK_LONG,TIME,2021-12-30 16:30:00,2021-12-30 16:35:00,2021-12-30 20:34:00,1812.5
2022-01-06 08:15:00,2022-01-06 08:20:00,2022-01-06 08:23:00,216689.0,1079513.0,1079516.0,216690.0,1.0,3.0,1790.0,1787.2063456573394,1800.0,2.742307077674236,0.09,1790.625,1787.2063456573394,1.0,-1.0,-1.0,1.0,1.0,1.0,30.76788908394542,6241.670568965771,6210.902679881826,1.735308685321343,0.29,1.0,REV_LONG,STOP,2022-01-06 13:15:00,2022-01-06 13:20:00,2022-01-06 13:23:00,1790.48
2022-01-06 12:10:00,2022-01-06 12:15:00,2022-01-06 13:44:00,216736.0,1079748.0,1079837.0,216754.0,1.0,3.0,1790.0,1788.1657462605401,1800.0,4.531954214298738,0.14,1790.305,1788.1657462605401,1.0,-1.0,-1.0,1.0,1.0,1.0,29.949552352439245,6210.902679881826,6180.953127529387,1.3785074789197536,0.29,18.0,REV_LONG,STOP,2022-01-06 17:10:00,2022-01-06 17:15:00,2022-01-06 18:44:00,1790.16
2022-01-07 07:55:00,2022-01-07 08:00:00,2022-01-07 08:01:00,216961.0,1080868.0,1080869.0,216962.0,1.0,3.0,1790.0,1788.9291953705958,1800.0,7.850946318192909,0.24,1790.18,1788.9291953705958,1.0,-1.0,-1.0,1.0,0.0,0.0,30.01931110570149,6180.953127529387,6150.933816423685,0.9316092588082617,0.29,1.0,REV_LONG,STOP,2022-01-07 12:55:00,2022-01-07 13:00:00,2022-01-07 13:01:00,1790.035
2022-01-07 10:20:00,2022-01-07 10:25:00,2022-01-07 10:42:00,216990.0,1081013.0,1081030.0,216994.0,1.0,3.0,1790.0,1788.0593848260405,1800.0,1.5003302692958251,0.06,1792.835,1788.0593848260405,1.0,-1.0,1.0,1.0,0.0,0.0,28.653691043757135,6150.933816423685,6122.280125379928,2.2042303479190415,0.29,4.0,REV_LONG,STOP,2022-01-07 15:20:00,2022-01-07 15:25:00,2022-01-07 15:42:00,1792.69
2022-01-14 09:40:00,2022-01-14 09:45:00,2022-01-14 11:27:00,218362.0,1087848.0,1087950.0,218383.0,1.0,3.0,1820.0,1818.2679218697372,1830.0,1.535526265167347,0.06,1822.895,1818.2679218697372,1.0,1.0,-1.0,1.0,0.0,0.0,27.7624687815769,6122.280125379928,6094.517656598351,1.98415626052574,0.29,21.0,REV_LONG,STOP,2022-01-14 14:40:00,2022-01-14 14:45:00,2022-01-14 16:27:00,1822.75
2022-01-16 23:50:00,2022-01-16 23:55:00,2022-01-17 00:44:00,218520.0,1088633.0,1088682.0,218530.0,-1.0,4.0,1820.0,1820.525124386505,1810.0,8.313244198768547,0.26,1819.395,1820.525124386505,1.0,1.0,-1.0,1.0,0.0,1.0,29.383234049130806,6094.517656598351,6065.13442254922,0.4792487730101747,0.29,10.0,REV_SHORT,STOP,2022-01-17 04:50:00,2022-01-17 04:55:00,2022-01-17 05:44:00,1819.54
2022-01-17 02:35:00,2022-01-17 02:40:00,2022-01-17 06:39:00,218553.0,1088798.0,1089037.0,218601.0,1.0,1.0,1820.0,1819.3420561510052,1830.0,2.353723147866794,0.04,1822.52,1820.805,3.0,1.0,1.0,-1.0,0.0,0.0,12.711775395979203,6065.13442254922,6058.274422549221,0.6579438489947897,0.29,48.0,BREAK_LONG,TIME,2022-01-17 07:35:00,2022-01-17 07:40:00,2022-01-17 11:39:00,1822.375
2022-01-17 07:25:00,2022-01-17 07:30:00,2022-01-17 08:09:00,218611.0,1089088.0,1089127.0,218619.0,1.0,3.0,1820.0,1819.2438831945296,1830.0,6.0711971406726715,0.09,1820.7649999999999,1819.2438831945296,1.0,1.0,1.0,-1.0,0.0,1.0,13.690051249232054,6058.274422549221,6044.584371299989,0.6122336109404897,0.29,8.0,REV_LONG,STOP,2022-01-17 12:25:00,2022-01-17 12:30:00,2022-01-17 13:09:00,1820.62
2022-01-17 19:45:00,2022-01-17 19:50:00,2022-01-17 20:01:00,218747.0,1089763.0,1089774.0,218750.0,1.0,1.0,1820.0,1819.5451969292171,1830.0,11.230656894115375,0.17,1820.4,1819.5451969292171,1.0,1.0,1.0,-1.0,0.0,1.0,14.531652203310388,6044.584371299989,6030.052719096678,0.45480307078294996,0.29,3.0,BREAK_LONG,STOP,2022-01-18 00:45:00,2022-01-18 00:50:00,2022-01-18 01:01:00,1820.255
2022-01-19 22:00:00,2022-01-19 22:05:00,2022-01-19 23:06:00,219326.0,1092648.0,1092709.0,219339.0,1.0,3.0,1840.0,1838.8896402689006,1850.0,3.24001315515483,0.11,1841.51,1838.8896402689006,1.0,1.0,1.0,1.0,0.0,0.0,28.823957042093067,6030.052719096678,6001.228762054585,0.96071946219861,0.29,13.0,REV_LONG,STOP,2022-01-20 03:00:00,2022-01-20 03:05:00,2022-01-20 04:06:00,1841.365
2022-01-20 02:00:00,2022-01-20 02:05:00,2022-01-20 02:19:00,219374.0,1092888.0,1092902.0,219377.0,1.0,1.0,1840.0,1839.2921252482229,1850.0,9.122062875392082,0.14,1840.35,1839.2921252482229,1.0,1.0,1.0,-1.0,0.0,1.0,14.810246524878496,6001.228762054585,5986.418515529706,0.7078747517770319,0.29,3.0,BREAK_LONG,STOP,2022-01-20 07:00:00,2022-01-20 07:05:00,2022-01-20 07:19:00,1840.205
2022-01-20 21:45:00,2022-01-20 21:50:00,2022-01-21 01:49:00,219599.0,1094008.0,1094247.0,219647.0,1.0,1.0,1840.0,1839.0974975518427,1850.0,4.197849689155617,0.07,1841.195,1840.1,3.0,1.0,1.0,-1.0,0.0,1.0,14.682517137100607,5986.418515529706,5978.753515529706,0.9025024481572794,0.29,48.0,BREAK_LONG,TIME,2022-01-21 02:45:00,2022-01-21 02:50:00,2022-01-21 06:49:00,1841.05
2022-01-25 03:40:00,2022-01-25 03:45:00,2022-01-25 04:01:00,220222.0,1097113.0,1097129.0,220226.0,1.0,3.0,1840.0,1838.6735380438602,1850.0,3.527936924381026,0.05,1841.175,1838.6735380438602,1.0,1.0,-1.0,-1.0,0.0,1.0,12.50730978069896,5978.753515529706,5966.2462057490075,1.0799239122796176,0.29,4.0,REV_LONG,STOP,2022-01-25 08:40:00,2022-01-25 08:45:00,2022-01-25 09:01:00,1841.03
2022-01-25 12:40:00,2022-01-25 12:45:00,2022-01-25 13:06:00,220330.0,1097653.0,1097674.0,220335.0,-1.0,4.0,1850.0,1851.1814728957931,1840.0,4.774143764203821,0.15,1849.2450000000001,1851.1814728957931,1.0,-1.0,-1.0,1.0,1.0,0.0,29.047093436895466,5966.2462057490075,5937.1991123121115,1.4729457915863895,0.29,5.0,REV_SHORT,STOP,2022-01-25 17:40:00,2022-01-25 17:45:00,2022-01-25 18:06:00,1849.39
2022-01-26 14:10:00,2022-01-26 14:15:00,2022-01-26 14:42:00,220624.0,1099118.0,1099145.0,220630.0,1.0,3.0,1830.0,1823.878655470462,1840.0,1.3140095148078905,0.02,1830.8455,1823.878655470462,1.0,-1.0,-1.0,-1.0,1.0,1.0,13.933689059075732,5937.1991123121115,5923.265423253036,2.14368905907574,0.29,6.0,REV_LONG,STOP,2022-01-26 19:10:00,2022-01-26 19:15:00,2022-01-26 19:42:00,1830.7005
2022-01-26 19:30:00,2022-01-26 19:35:00,2022-01-26 20:01:00,220676.0,1099373.0,1099399.0,220682.0,-1.0,2.0,1820.0,1821.1204990231422,1810.0,7.485698063687075,0.22,1819.81,1821.1204990231422,1.0,1.0,1.0,1.0,0.0,1.0,28.830978509129636,5923.265423253036,5894.434444743906,1.120499023142138,0.29,6.0,BREAK_SHORT,STOP,2022-01-27 00:30:00,2022-01-27 00:35:00,2022-01-27 01:01:00,1819.955
2022-01-30 18:35:00,2022-01-30 18:40:00,2022-01-30 22:39:00,221217.0,1102068.0,1102307.0,221265.0,-1.0,4.0,1790.0,1791.1302279824474,1780.0,7.064050377178368,0.21,1789.75,1787.565,3.0,1.0,0.0,1.0,0.0,1.0,28.984787631395875,5894.434444743906,5940.3194447439055,0.9004559648947436,0.29,48.0,REV_SHORT,TIME,2022-01-30 23:35:00,2022-01-30 23:40:00,2022-01-31 03:39:00,1789.895
2022-01-31 06:45:00,2022-01-31 06:50:00,2022-01-31 10:49:00,221363.0,1102798.0,1103037.0,221411.0,1.0,3.0,1790.0,1789.1525582616357,1800.0,5.207612820623958,0.08,1790.9,1793.755,3.0,-1.0,1.0,-1.0,0.0,0.0,13.979533906915096,5940.3194447439055,5963.159444743906,0.8148834767285067,0.29,48.0,REV_LONG,TIME,2022-01-31 11:45:00,2022-01-31 11:50:00,2022-01-31 15:49:00,1790.755
2022-02-01 21:35:00,2022-02-01 21:40:00,2022-02-02 01:39:00,221805.0,1104998.0,1105237.0,221853.0,-1.0,2.0,1800.0,1800.4528827435477,1790.0,4.84651470084995,0.08,1798.665,1797.3305,3.0,1.0,1.0,-1.0,0.0,0.0,14.303061948381583,5963.159444743906,5973.835444743905,0.4528827435476883,0.29,48.0,BREAK_SHORT,TIME,2022-02-02 02:35:00,2022-02-02 02:40:00,2022-02-02 06:39:00,1798.81
2022-02-04 08:55:00,2022-02-04 09:00:00,2022-02-04 09:15:00,222493.0,1108428.0,1108443.0,222497.0,-1.0,2.0,1800.0,1802.4274942968402,1790.0,1.2709012787853537,0.02,1796.955,1802.4274942968402,1.0,1.0,1.0,-1.0,0.0,1.0,10.944988593680591,5973.835444743905,5962.890456150224,2.427494296840146,0.29,4.0,BREAK_SHORT,STOP,2022-02-04 13:55:00,2022-02-04 14:00:00,2022-02-04 14:15:00,1797.1
2022-02-09 08:35:00,2022-02-09 08:40:00,2022-02-09 11:45:00,223317.0,1112533.0,1112718.0,223355.0,-1.0,4.0,1830.0,1832.8544534907535,1820.0,3.048706076542437,0.04,1829.6795,1832.8544534907535,1.0,-1.0,-1.0,-1.0,1.0,1.0,12.699813963014094,5962.890456150224,5950.19064218721,1.2459069815066304,0.29,38.0,REV_SHORT,STOP,2022-02-09 13:35:00,2022-02-09 13:40:00,2022-02-09 16:45:00,1829.8245
2022-02-10 15:15:00,2022-02-10 15:20:00,2022-02-10 16:58:00,223673.0,1114308.0,1114406.0,223693.0,-1.0,2.0,1830.0,1831.3085120661049,1820.0,6.302824636394431,0.09,1829.76,1826.87,4.0,1.0,1.0,-1.0,0.0,1.0,13.936608594943891,5950.19064218721,5976.200642187211,1.3085120661049527,0.29,20.0,BREAK_SHORT,SESSION,2022-02-10 20:15:00,2022-02-10 20:20:00,2022-02-10 21:58:00,1829.905
2022-02-15 08:30:00,2022-02-15 08:35:00,2022-02-15 12:34:00,224420.0,1118028.0,1118267.0,224468.0,1.0,3.0,1850.0,1843.5508839076927,1860.0,1.3981393332524519,0.02,1850.41,1850.925,3.0,-1.0,-1.0,-1.0,1.0,1.0,13.718232184614862,5976.200642187211,5977.230642187211,2.4072321846147697,0.29,48.0,REV_LONG,TIME,2022-02-15 13:30:00,2022-02-15 13:35:00,2022-02-15 17:34:00,1850.265
2022-02-17 04:40:00,2022-02-17 04:45:00,2022-02-17 04:57:00,224926.0,1120548.0,1120560.0,224929.0,1.0,1.0,1890.0,1887.6587619299642,1900.0,2.9225378993316067,0.09,1890.805,1887.6587619299642,1.0,1.0,1.0,1.0,0.0,0.0,28.316142630323153,5977.230642187211,5948.914499556888,2.3412380700358173,0.29,3.0,BREAK_LONG,STOP,2022-02-17 09:40:00,2022-02-17 09:45:00,2022-02-17 09:57:00,1890.66
2022-02-17 23:30:00,2022-02-17 23:35:00,2022-02-18 03:34:00,225140.0,1121613.0,1121852.0,225188.0,1.0,3.0,1890.0,1889.2516146554817,1900.0,7.474069328355718,0.23,1890.52,1893.615,3.0,1.0,-1.0,1.0,0.0,0.0,29.172862923920096,5948.914499556888,6020.099499556888,0.7567706890367201,0.29,48.0,REV_LONG,TIME,2022-02-18 04:30:00,2022-02-18 04:35:00,2022-02-18 08:34:00,1890.375
2022-02-23 22:35:00,2022-02-23 22:40:00,2022-02-23 23:09:00,226233.0,1127058.0,1127087.0,226239.0,-1.0,4.0,1930.0,1932.4809834249527,1920.0,2.7752710224586434,0.09,1929.175,1932.4809834249527,1.0,-1.0,-1.0,1.0,1.0,0.0,29.753850824574556,6020.099499556888,5990.345648732314,2.371966849905149,0.29,6.0,REV_SHORT,STOP,2022-02-24 03:35:00,2022-02-24 03:40:00,2022-02-24 04:09:00,1929.32
2022-02-24 01:35:00,2022-02-24 01:40:00,2022-02-24 03:00:00,226269.0,1127238.0,1127318.0,226286.0,-1.0,4.0,1940.0,1945.0336723756843,1930.0,1.6614523512461574,0.05,1939.385,1945.0336723756843,1.0,-1.0,-1.0,1.0,1.0,1.0,28.24336187842164,5990.345648732314,5962.102286853892,3.1643447513688265,0.29,17.0,REV_SHORT,STOP,2022-02-24 06:35:00,2022-02-24 06:40:00,2022-02-24 08:00:00,1939.53
2022-02-24 06:05:00,2022-02-24 06:10:00,2022-02-24 06:53:00,226323.0,1127508.0,1127551.0,226332.0,1.0,1.0,1970.0,1966.3050269100638,1980.0,1.6932242998572782,0.02,1971.3899999999999,1966.3050269100638,1.0,1.0,1.0,-1.0,0.0,1.0,10.169946179872113,5962.102286853892,5951.93234067402,3.6949730899361275,0.29,9.0,BREAK_LONG,STOP,2022-02-24 11:05:00,2022-02-24 11:10:00,2022-02-24 11:53:00,1971.245
2022-02-24 18:40:00,2022-02-24 18:45:00,2022-02-24 20:01:00,226462.0,1128198.0,1128274.0,226478.0,-1.0,4.0,1910.0,1914.390789924735,1900.0,1.025220288970462,0.04,1907.285,1914.390789924735,1.0,1.0,0.0,1.0,0.0,1.0,28.423159698939344,5951.93234067402,5923.509180975081,3.044579849469576,0.29,16.0,REV_SHORT,STOP,2022-02-24 23:40:00,2022-02-24 23:45:00,2022-02-25 01:01:00,1907.43
2022-02-28 08:20:00,2022-02-28 08:25:00,2022-02-28 09:35:00,226902.0,1130393.0,1130463.0,226917.0,1.0,1.0,1910.0,1908.0841347674564,1920.0,4.618398118702137,0.06,1910.205,1908.0841347674564,1.0,1.0,1.0,-1.0,0.0,1.0,12.72519139526139,5923.509180975081,5910.78398957982,1.9158652325436978,0.29,15.0,BREAK_LONG,STOP,2022-02-28 13:20:00,2022-02-28 13:25:00,2022-02-28 14:35:00,1910.06
2022-03-01 03:25:00,2022-03-01 03:30:00,2022-03-01 05:31:00,227119.0,1131473.0,1131594.0,227144.0,1.0,1.0,1910.0,1908.8469599668356,1920.0,2.8019048341171793,0.1,1911.7805,1920.0,2.0,1.0,1.0,1.0,0.0,0.0,29.335400331644905,5910.78398957982,5992.978989579819,1.1530400331644088,0.29,25.0,BREAK_LONG,TARGET,2022-03-01 08:25:00,2022-03-01 08:30:00,2022-03-01 10:31:00,1911.6355
2022-03-01 11:35:00,2022-03-01 11:40:00,2022-03-01 11:44:00,227217.0,1131963.0,1131967.0,227218.0,-1.0,4.0,1930.0,1932.412446648375,1920.0,2.357031981470227,0.08,1928.715,1932.412446648375,1.0,-1.0,-1.0,1.0,1.0,0.0,29.57957318700028,5992.978989579819,5963.399416392819,2.6648932967500096,0.29,1.0,REV_SHORT,STOP,2022-03-01 16:35:00,2022-03-01 16:40:00,2022-03-01 16:44:00,1928.86
2022-03-02 15:15:00,2022-03-02 15:20:00,2022-03-02 16:58:00,227537.0,1133558.0,1133656.0,227557.0,-1.0,4.0,1930.0,1934.4612261007364,1920.0,2.0662707410229175,0.06,1929.7450000000001,1928.65,4.0,-1.0,1.0,1.0,0.0,1.0,28.297356604417928,5963.399416392819,5969.969416392819,2.0734522014728407,0.29,20.0,REV_SHORT,SESSION,2022-03-02 20:15:00,2022-03-02 20:20:00,2022-03-02 21:58:00,1929.89
2022-03-02 22:30:00,2022-03-02 22:35:00,2022-03-03 02:34:00,227612.0,1133928.0,1134167.0,227660.0,-1.0,4.0,1930.0,1931.1946528330952,1920.0,6.77593915404424,0.2,1929.755,1926.445,3.0,-1.0,-1.0,1.0,0.0,1.0,28.793056661902483,5969.969416392819,6036.169416392822,0.9443056661903444,0.29,48.0,REV_SHORT,TIME,2022-03-03 03:30:00,2022-03-03 03:35:00,2022-03-03 07:34:00,1929.9
2022-03-03 20:30:00,2022-03-03 20:35:00,2022-03-03 20:51:00,227864.0,1135183.0,1135199.0,227868.0,1.0,3.0,1940.0,1936.8328795236253,1950.0,2.427045184381814,0.03,1940.675,1936.8328795236253,1.0,1.0,1.0,-1.0,0.0,0.0,11.526361429124107,6036.169416392822,6024.643054963698,2.6442409527493997,0.29,4.0,REV_LONG,STOP,2022-03-04 01:30:00,2022-03-04 01:35:00,2022-03-04 01:51:00,1940.53
2022-03-04 11:20:00,2022-03-04 11:25:00,2022-03-04 15:24:00,228042.0,1136073.0,1136312.0,228090.0,1.0,1.0,1960.0,1957.1285974930058,1970.0,2.161417345713786,0.03,1961.2,1970.0,2.0,1.0,1.0,-1.0,0.0,0.0,12.214207520982653,6024.643054963698,6051.043054963698,2.8714025069941953,0.29,48.0,BREAK_LONG,TARGET,2022-03-04 16:20:00,2022-03-04 16:25:00,2022-03-04 20:24:00,1961.055
2022-03-07 00:00:00,2022-03-07 00:05:00,2022-03-07 01:08:00,228182.0,1136768.0,1136831.0,228195.0,-1.0,4.0,1990.0,1992.3176387906215,1980.0,2.291164197166948,0.08,1988.575,1980.0,2.0,-1.0,1.0,1.0,0.0,1.0,29.941110324971305,6051.043054963698,6119.643054963698,1.6052775812427524,0.29,13.0,REV_SHORT,TARGET,2022-03-07 05:00:00,2022-03-07 05:05:00,2022-03-07 06:08:00,1988.72
2022-03-07 03:05:00,2022-03-07 03:10:00,2022-03-07 04:49:00,228219.0,1136953.0,1137052.0,228239.0,1.0,1.0,1990.0,1987.415389205318,2000.0,3.4553433054831206,0.05,1990.24,2000.0,2.0,1.0,1.0,-1.0,0.0,1.0,14.123053973410151,6119.643054963698,6168.443054963698,2.5846107946819226,0.29,20.0,BREAK_LONG,TARGET,2022-03-07 08:05:00,2022-03-07 08:10:00,2022-03-07 09:49:00,1990.095
2022-03-07 05:50:00,2022-03-07 05:55:00,2022-03-07 06:33:00,228252.0,1137118.0,1137156.0,228260.0,-1.0,4.0,2000.0,2003.4920077190923,1990.0,2.453284121544295,0.07,1999.585,1990.0,2.0,-1.0,-1.0,1.0,1.0,1.0,27.349054033645647,6168.443054963698,6235.538054963698,2.2120154381845047,0.29,8.0,REV_SHORT,TARGET,2022-03-07 10:50:00,2022-03-07 10:55:00,2022-03-07 11:33:00,1999.73
2022-03-08 00:10:00,2022-03-08 00:15:00,2022-03-08 01:20:00,228460.0,1138153.0,1138218.0,228474.0,1.0,1.0,1990.0,1988.7103347409197,2000.0,4.717255219418216,0.07,1990.685,2000.0,2.0,1.0,1.0,-1.0,0.0,1.0,13.822656813561482,6235.538054963698,6300.743054963699,1.2896652590802982,0.29,14.0,BREAK_LONG,TARGET,2022-03-08 05:10:00,2022-03-08 05:15:00,2022-03-08 06:20:00,1990.54
2022-03-08 04:25:00,2022-03-08 04:30:00,2022-03-08 07:30:00,228511.0,1138408.0,1138588.0,228548.0,-1.0,4.0,2010.0,2013.636837029793,2000.0,2.450758957665575,0.07,2009.685,2013.636837029793,1.0,-1.0,-1.0,1.0,1.0,0.0,27.66285920855148,6300.743054963699,6273.0801957551475,3.5956740595859755,0.29,37.0,REV_SHORT,STOP,2022-03-08 09:25:00,2022-03-08 09:30:00,2022-03-08 12:30:00,2009.83
2022-03-08 19:45:00,2022-03-08 19:50:00,2022-03-08 21:31:00,228683.0,1139263.0,1139364.0,228704.0,1.0,3.0,2040.0,2033.956567090874,2050.0,1.3755966965254194,0.02,2040.71,2050.0,2.0,1.0,-1.0,-1.0,0.0,1.0,13.506865818252209,6273.0801957551475,6291.6601957551475,2.54886581825231,0.29,21.0,REV_LONG,TARGET,2022-03-09 00:45:00,2022-03-09 00:50:00,2022-03-09 02:31:00,2040.565
2022-03-09 07:45:00,2022-03-09 07:50:00,2022-03-09 07:59:00,228827.0,1139983.0,1139992.0,228829.0,-1.0,4.0,2020.0,2023.1577158963232,2010.0,2.29956201454952,0.03,2019.17,2010.0,2.0,-1.0,1.0,-1.0,1.0,0.0,11.963147688969457,6291.6601957551475,6319.170195755148,3.3204317926467666,0.29,2.0,REV_SHORT,TARGET,2022-03-09 12:45:00,2022-03-09 12:50:00,2022-03-09 12:59:00,2019.315
2022-03-10 15:30:00,2022-03-10 15:35:00,2022-03-10 15:52:00,229196.0,1141823.0,1141840.0,229200.0,1.0,1.0,2000.0,1998.0070984945046,2010.0,1.4312063583947008,0.03,2002.94,1998.0070984945046,1.0,1.0,1.0,-1.0,0.0,0.0,14.798704516486394,6319.170195755148,6304.371491238661,1.9929015054954828,0.29,4.0,BREAK_LONG,STOP,2022-03-10 20:30:00,2022-03-10 20:35:00,2022-03-10 20:52:00,2002.795
2022-03-10 23:40:00,2022-03-10 23:45:00,2022-03-11 02:55:00,229282.0,1142248.0,1142438.0,229321.0,-1.0,2.0,1990.0,1991.252863705458,1980.0,3.36518954886281,0.12,1988.675,1991.252863705458,1.0,1.0,1.0,1.0,0.0,1.0,30.93436446549549,6304.371491238661,6273.437126773166,1.2528637054579315,0.29,39.0,BREAK_SHORT,STOP,2022-03-11 04:40:00,2022-03-11 04:45:00,2022-03-11 07:55:00,1988.82
2022-03-17 04:50:00,2022-03-17 04:55:00,2022-03-17 05:02:00,230448.0,1148058.0,1148065.0,230450.0,1.0,1.0,1940.0,1938.1904045050405,1950.0,3.3424088313306473,0.11,1940.91,1938.1904045050405,1.0,1.0,1.0,1.0,0.0,0.0,29.915550444555038,6273.437126773166,6243.5215763286105,1.8095954949595572,0.29,2.0,BREAK_LONG,STOP,2022-03-17 08:50:00,2022-03-17 08:55:00,2022-03-17 09:02:00,1940.765
2022-03-22 04:25:00,2022-03-22 04:30:00,2022-03-22 08:29:00,231271.0,1152158.0,1152397.0,231319.0,-1.0,2.0,1930.0,1931.7206500769064,1920.0,2.867371613178997,0.1,1928.69,1926.9205,3.0,1.0,1.0,1.0,0.0,0.0,30.306500769063405,6243.5215763286105,6261.216576328612,1.7206500769063096,0.29,48.0,BREAK_SHORT,TIME,2022-03-22 08:25:00,2022-03-22 08:30:00,2022-03-22 12:29:00,1928.835
2022-03-23 05:50:00,2022-03-23 05:55:00,2022-03-23 06:05:00,231564.0,1153618.0,1153628.0,231567.0,-1.0,4.0,1930.0,1931.943708170762,1920.0,3.141788094877078,0.1,1929.06,1931.943708170762,1.0,-1.0,-1.0,1.0,1.0,0.0,28.8370817076202,6261.216576328612,6232.379494620992,1.35341634152375,0.29,3.0,REV_SHORT,STOP,2022-03-23 09:50:00,2022-03-23 09:55:00,2022-03-23 10:05:00,1929.205
2022-03-25 09:40:00,2022-03-25 09:45:00,2022-03-25 10:12:00,232162.0,1156598.0,1156625.0,232168.0,-1.0,2.0,1950.0,1952.7617126240623,1940.0,1.3691096063034909,0.05,1947.375,1952.7617126240623,1.0,1.0,1.0,1.0,0.0,0.0,26.933563120311423,6232.379494620992,6205.445931500681,2.761712624062257,0.29,6.0,BREAK_SHORT,STOP,2022-03-25 13:40:00,2022-03-25 13:45:00,2022-03-25 14:12:00,1947.52
2022-03-27 21:30:00,2022-03-27 21:35:00,2022-03-27 22:00:00,232292.0,1157243.0,1157268.0,232298.0,1.0,3.0,1950.0,1946.1657018900141,1960.0,1.6081298266289583,0.02,1951.47,1946.1657018900141,1.0,-1.0,-1.0,-1.0,0.0,0.0,10.608596219971787,6205.445931500681,6194.837335280708,1.7325962199717475,0.29,6.0,REV_LONG,STOP,2022-03-28 01:30:00,2022-03-28 01:35:00,2022-03-28 02:00:00,1951.325
2022-03-28 04:40:00,2022-03-28 04:45:00,2022-03-28 05:06:00,232378.0,1157673.0,1157694.0,232383.0,1.0,3.0,1930.0,1926.018085180554,1940.0,1.8552497511132477,0.03,1930.915,1926.018085180554,1.0,-1.0,-1.0,-1.0,1.0,1.0,14.690744458338031,6194.837335280708,6180.146590822371,2.18382963889204,0.29,5.0,REV_LONG,STOP,2022-03-28 08:40:00,2022-03-28 08:45:00,2022-03-28 09:06:00,1930.77
2022-03-29 03:45:00,2022-03-29 03:50:00,2022-03-29 04:08:00,232643.0,1158993.0,1159011.0,232647.0,1.0,3.0,1920.0,1918.4569142424966,1930.0,5.1790984226173125,0.16,1920.325,1918.4569142424966,1.0,-1.0,-1.0,1.0,0.0,1.0,29.88937212005476,6180.146590822371,6150.257218702316,1.2161715150070482,0.29,4.0,REV_LONG,STOP,2022-03-29 07:45:00,2022-03-29 07:50:00,2022-03-29 08:08:00,1920.18
2022-03-31 08:15:00,2022-03-31 08:20:00,2022-03-31 09:34:00,233249.0,1162013.0,1162087.0,233264.0,1.0,3.0,1930.0,1927.3215324085616,1940.0,1.9803865024631047,0.03,1931.5755,1940.0,2.0,1.0,1.0,-1.0,0.0,1.0,12.761902774315104,6150.257218702316,6175.530718702316,1.5969351828767826,0.29,15.0,REV_LONG,TARGET,2022-03-31 12:15:00,2022-03-31 12:20:00,2022-03-31 13:34:00,1931.4305
2022-03-31 12:25:00,2022-03-31 12:30:00,2022-03-31 15:44:00,233299.0,1162263.0,1162457.0,233338.0,1.0,3.0,1940.0,1938.231331192007,1950.0,3.045371576808617,0.1,1941.1405,1938.231331192007,1.0,1.0,1.0,1.0,1.0,0.0,29.091688079929558,6175.530718702316,6146.439030622387,1.7433376159862315,0.29,39.0,REV_LONG,STOP,2022-03-31 16:25:00,2022-03-31 16:30:00,2022-03-31 19:44:00,1940.9955
2022-04-01 03:15:00,2022-04-01 03:20:00,2022-04-01 06:56:00,233465.0,1163088.0,1163304.0,233509.0,1.0,3.0,1930.0,1928.7827004667654,1940.0,4.297927552129248,0.07,1930.9,1928.7827004667654,1.0,-1.0,-1.0,-1.0,1.0,0.0,14.821096732642902,6146.439030622387,6131.617933889744,1.3705990664691652,0.29,44.0,REV_LONG,STOP,2022-04-01 07:15:00,2022-04-01 07:20:00,2022-04-01 10:56:00,1930.755
2022-04-04 07:30:00,2022-04-04 07:35:00,2022-04-04 07:44:00,233792.0,1164718.0,1164727.0,233794.0,1.0,1.0,1930.0,1928.8453482328866,1940.0,6.410981411200781,0.1,1930.3505,1928.8453482328866,1.0,1.0,1.0,-1.0,0.0,1.0,15.051517671133752,6131.617933889744,6116.566416218609,1.1546517671134018,0.29,2.0,BREAK_LONG,STOP,2022-04-04 11:30:00,2022-04-04 11:35:00,2022-04-04 11:44:00,1930.2055
2022-04-05 03:35:00,2022-04-05 03:40:00,2022-04-05 04:58:00,234021.0,1165858.0,1165936.0,234037.0,-1.0,2.0,1930.0,1931.1028876212667,1920.0,2.6729409135671838,0.1,1928.08,1931.1028876212667,1.0,1.0,1.0,1.0,0.0,0.0,30.228876212668187,6116.566416218609,6086.337540005941,1.1028876212666692,0.29,16.0,BREAK_SHORT,STOP,2022-04-05 07:35:00,2022-04-05 07:40:00,2022-04-05 08:58:00,1928.225
2022-04-05 08:45:00,2022-04-05 08:50:00,2022-04-05 09:32:00,234083.0,1166168.0,1166210.0,234092.0,1.0,1.0,1930.0,1928.2795233092897,1940.0,1.0542502101172164,0.02,1933.985,1940.0,2.0,1.0,1.0,-1.0,0.0,0.0,11.410953381420313,6086.337540005941,6098.367540005942,1.7204766907102864,0.29,9.0,BREAK_LONG,TARGET,2022-04-05 12:45:00,2022-04-05 12:50:00,2022-04-05 13:32:00,1933.84
2022-04-06 02:20:00,2022-04-06 02:25:00,2022-04-06 02:43:00,234282.0,1167158.0,1167176.0,234286.0,-1.0,2.0,1920.0,1921.056146050205,1910.0,5.295687109232418,0.17,1919.3,1921.056146050205,1.0,1.0,1.0,1.0,0.0,0.0,29.854482853484342,6098.367540005942,6068.513057152458,1.056146050204969,0.29,4.0,BREAK_SHORT,STOP,2022-04-06 06:20:00,2022-04-06 06:25:00,2022-04-06 06:43:00,1919.445
2022-04-06 05:20:00,2022-04-06 05:25:00,2022-04-06 07:12:00,234318.0,1167338.0,1167445.0,234340.0,-1.0,4.0,1930.0,1934.5919619509298,1920.0,1.896976807267003,0.06,1929.555,1920.0,2.0,-1.0,-1.0,1.0,1.0,1.0,30.22177170557825,6068.513057152458,6125.843057152459,2.015923901859431,0.29,22.0,REV_SHORT,TARGET,2022-04-06 09:20:00,2022-04-06 09:25:00,2022-04-06 11:12:00,1929.7
2022-04-07 10:10:00,2022-04-07 10:15:00,2022-04-07 14:14:00,234652.0,1169003.0,1169242.0,234700.0,1.0,1.0,1930.0,1927.4894417875,1940.0,2.257484334381832,0.03,1931.33,1934.775,3.0,1.0,1.0,-1.0,0.0,0.0,11.5216746374997,6125.843057152459,6136.17805715246,2.510558212500086,0.29,48.0,BREAK_LONG,TIME,2022-04-07 14:10:00,2022-04-07 14:15:00,2022-04-07 18:14:00,1931.185
2022-04-08 09:45:00,2022-04-08 09:50:00,2022-04-08 10:01:00,234923.0,1170353.0,1170364.0,234926.0,-1.0,4.0,1940.0,1942.2090993232987,1930.0,1.9319904198699873,0.07,1938.045,1942.2090993232987,1.0,-1.0,-1.0,1.0,1.0,0.0,29.148695263090307,6136.17805715246,6107.029361889369,2.4021986465973164,0.29,3.0,REV_SHORT,STOP,2022-04-08 13:45:00,2022-04-08 13:50:00,2022-04-08 14:01:00,1938.19
2022-04-11 07:50:00,2022-04-11 07:55:00,2022-04-11 08:00:00,235176.0,1171613.0,1171618.0,235178.0,-1.0,4.0,1960.0,1961.304684466693,1950.0,4.448869285030191,0.14,1959.23,1961.304684466693,1.0,-1.0,-1.0,1.0,1.0,0.0,29.045582533702603,6107.029361889369,6077.983779355666,1.6283689333857985,0.29,2.0,REV_SHORT,STOP,2022-04-11 11:50:00,2022-04-11 11:55:00,2022-04-11 12:00:00,1959.375
2022-04-12 09:15:00,2022-04-12 09:20:00,2022-04-12 10:51:00,235469.0,1173073.0,1173164.0,235488.0,-1.0,4.0,1970.0,1974.5675706836103,1960.0,1.7553198274366557,0.02,1969.2805,1974.5675706836103,1.0,-1.0,-1.0,-1.0,1.0,1.0,10.574141367220363,6077.983779355666,6067.409637988446,2.9141413672206258,0.29,19.0,REV_SHORT,STOP,2022-04-12 13:15:00,2022-04-12 13:20:00,2022-04-12 14:51:00,1969.4255
2022-04-12 23:45:00,2022-04-12 23:50:00,2022-04-13 00:52:00,235631.0,1173878.0,1173940.0,235644.0,1.0,3.0,1970.0,1968.5904187721567,1980.0,5.445795282369452,0.08,1970.3605,1968.5904187721567,1.0,1.0,1.0,-1.0,0.0,1.0,14.160649822746564,6067.409637988446,6053.248988165699,0.9981624556868761,0.29,13.0,REV_LONG,STOP,2022-04-13 03:45:00,2022-04-13 03:50:00,2022-04-13 04:52:00,1970.2155
2022-04-13 04:00:00,2022-04-13 04:05:00,2022-04-13 06:39:00,235682.0,1174133.0,1174287.0,235713.0,1.0,1.0,1970.0,1968.504814707774,1980.0,3.809328100885462,0.06,1970.895,1980.0,2.0,1.0,1.0,-1.0,0.0,0.0,14.341111753356472,6053.248988165699,6107.878988165699,1.4951852922261937,0.29,31.0,BREAK_LONG,TARGET,2022-04-13 08:00:00,2022-04-13 08:05:00,2022-04-13 10:39:00,1970.75
2022-04-18 13:55:00,2022-04-18 14:00:00,2022-04-18 15:10:00,236629.0,1178853.0,1178923.0,236644.0,-1.0,2.0,1980.0,1981.6095149872756,1970.0,1.9729757824502747,0.07,1977.7045,1981.6095149872756,1.0,1.0,1.0,1.0,0.0,1.0,27.335104910928752,6107.878988165699,6080.543883254771,1.609514987275625,0.29,15.0,BREAK_SHORT,STOP,2022-04-18 17:55:00,2022-04-18 18:00:00,2022-04-18 19:10:00,1977.8495
2022-04-19 04:35:00,2022-04-19 04:40:00,2022-04-19 08:21:00,236793.0,1179668.0,1179889.0,236838.0,-1.0,4.0,1980.0,1981.9286310444875,1970.0,3.0250054292942496,0.1,1978.965,1981.9286310444875,1.0,1.0,-1.0,1.0,0.0,1.0,29.636310444875562,6080.543883254771,6050.907572809895,1.3502620889747017,0.29,45.0,REV_SHORT,STOP,2022-04-19 08:35:00,2022-04-19 08:40:00,2022-04-19 12:21:00,1979.11
2022-04-21 11:50:00,2022-04-21 11:55:00,2022-04-21 14:45:00,237432.0,1182853.0,1183023.0,237467.0,1.0,3.0,1940.0,1936.762049543794,1950.0,1.7476310884754975,0.03,1941.58,1950.0,2.0,-1.0,-1.0,-1.0,1.0,1.0,14.453851368617507,6050.907572809895,6076.167572809895,2.2909009124119595,0.29,35.0,REV_LONG,TARGET,2022-04-21 15:50:00,2022-04-21 15:55:00,2022-04-21 18:45:00,1941.435
2022-04-24 20:30:00,2022-04-24 20:35:00,2022-04-25 00:34:00,237800.0,1184683.0,1184922.0,237848.0,-1.0,2.0,1930.0,1931.2542839240234,1920.0,2.3803917541591013,0.09,1927.925,1922.05,3.0,1.0,1.0,1.0,0.0,0.0,29.96355531621111,6076.167572809895,6129.042572809895,1.2542839240235173,0.29,48.0,BREAK_SHORT,TIME,2022-04-25 00:30:00,2022-04-25 00:35:00,2022-04-25 04:34:00,1928.07
2022-04-25 07:15:00,2022-04-25 07:20:00,2022-04-25 08:21:00,237929.0,1185328.0,1185389.0,237942.0,-1.0,2.0,1910.0,1911.9790419296019,1900.0,1.1863387949053872,0.05,1906.5,1900.0,2.0,1.0,1.0,1.0,0.0,0.0,27.395209648009317,6129.042572809895,6161.542572809895,1.9790419296017845,0.29,13.0,BREAK_SHORT,TARGET,2022-04-25 11:15:00,2022-04-25 11:20:00,2022-04-25 12:21:00,1906.645
2022-04-26 03:40:00,2022-04-26 03:45:00,2022-04-26 04:12:00,238162.0,1186488.0,1186515.0,238168.0,-1.0,2.0,1900.0,1901.6538134014427,1890.0,2.6545924562942185,0.09,1898.465,1901.6538134014427,1.0,1.0,1.0,1.0,0.0,0.0,28.69932061298482,6161.542572809895,6132.843252196911,1.6538134014426187,0.29,6.0,BREAK_SHORT,STOP,2022-04-26 07:40:00,2022-04-26 07:45:00,2022-04-26 08:12:00,1898.61
2022-04-27 01:35:00,2022-04-27 01:40:00,2022-04-27 02:30:00,238413.0,1187738.0,1187788.0,238424.0,-1.0,4.0,1900.0,1901.390922661753,1890.0,4.82381036044837,0.15,1899.435,1901.390922661753,1.0,1.0,1.0,1.0,0.0,0.0,29.338839926294895,6132.843252196911,6103.504412270616,1.0608453235058535,0.29,11.0,REV_SHORT,STOP,2022-04-27 05:35:00,2022-04-27 05:40:00,2022-04-27 06:30:00,1899.58
2022-04-27 23:25:00,2022-04-27 23:30:00,2022-04-28 00:01:00,238663.0,1188983.0,1189014.0,238670.0,1.0,3.0,1880.0,1876.9730380151389,1890.0,2.426378810922419,0.04,1880.775,1876.9730380151389,1.0,-1.0,-1.0,-1.0,0.0,1.0,15.207847939444946,6103.504412270616,6088.296564331171,1.332923969722215,0.29,7.0,REV_LONG,STOP,2022-04-28 03:25:00,2022-04-28 03:30:00,2022-04-28 04:01:00,1880.63
2022-04-29 02:35:00,2022-04-29 02:40:00,2022-04-29 06:39:00,238977.0,1190548.0,1190787.0,239025.0,1.0,1.0,1910.0,1908.6352583229198,1920.0,2.8923791670654633,0.05,1911.555,1915.66,3.0,1.0,1.0,-1.0,0.0,0.0,14.598708385401551,6088.296564331171,6108.821564331171,1.3647416770802863,0.29,48.0,BREAK_LONG,TIME,2022-04-29 06:35:00,2022-04-29 06:40:00,2022-04-29 10:39:00,1911.41
2022-04-29 13:35:00,2022-04-29 13:40:00,2022-04-29 14:11:00,239109.0,1191208.0,1191239.0,239116.0,1.0,1.0,1910.0,1908.4952454174233,1920.0,4.351659522356868,0.14,1910.645,1908.4952454174233,1.0,1.0,1.0,1.0,0.0,1.0,30.096564156072876,6108.821564331171,6078.725000175098,1.504754582576753,0.29,7.0,BREAK_LONG,STOP,2022-04-29 17:35:00,2022-04-29 17:40:00,2022-04-29 18:11:00,1910.5
2022-04-29 15:55:00,2022-04-29 16:00:00,2022-04-29 16:58:00,239137.0,1191348.0,1191406.0,239149.0,-1.0,2.0,1900.0,1901.8479132879659,1890.0,1.4388894131387167,0.03,1896.99,1897.135,4.0,1.0,1.0,-1.0,0.0,1.0,14.573739863897572,6078.725000175098,6078.290000175099,1.847913287965792,0.29,12.0,BREAK_SHORT,SESSION,2022-04-29 19:55:00,2022-04-29 20:00:00,2022-04-29 20:58:00,1897.135
2022-05-02 04:45:00,2022-05-02 04:50:00,2022-05-02 05:03:00,239279.0,1192053.0,1192066.0,239282.0,1.0,3.0,1880.0,1878.7708525112346,1890.0,3.8211405859565613,0.06,1881.1,1878.7708525112346,1.0,-1.0,-1.0,-1.0,1.0,0.0,13.974884932591976,6078.290000175099,6064.315115242507,1.4982949775309462,0.29,3.0,REV_LONG,STOP,2022-05-02 08:45:00,2022-05-02 08:50:00,2022-05-02 09:03:00,1880.955
2022-05-02 12:00:00,2022-05-02 12:05:00,2022-05-02 16:04:00,239366.0,1192488.0,1192727.0,239414.0,-1.0,4.0,1870.0,1873.3618110830514,1860.0,1.5369831710975406,0.05,1868.095,1861.565,3.0,1.0,1.0,1.0,1.0,1.0,26.334055415256902,6064.315115242507,6096.965115242507,2.4536221661026523,0.29,48.0,REV_SHORT,TIME,2022-05-02 16:00:00,2022-05-02 16:05:00,2022-05-02 20:04:00,1868.24
2022-05-03 01:05:00,2022-05-03 01:10:00,2022-05-03 02:01:00,239511.0,1193208.0,1193259.0,239522.0,-1.0,2.0,1860.0,1861.05796429978,1850.0,2.809197481559749,0.1,1858.155,1861.05796429978,1.0,1.0,1.0,1.0,0.0,0.0,29.029642997800238,6096.965115242507,6067.935472244706,1.0579642997798895,0.29,11.0,BREAK_SHORT,STOP,2022-05-03 05:05:00,2022-05-03 05:10:00,2022-05-03 06:01:00,1858.3
2022-05-03 07:05:00,2022-05-03 07:10:00,2022-05-03 07:35:00,239583.0,1193568.0,1193593.0,239589.0,-1.0,4.0,1860.0,1861.676061426892,1850.0,4.491873978430037,0.14,1859.55,1861.676061426892,1.0,1.0,1.0,1.0,0.0,0.0,29.764859976487518,6067.935472244706,6038.170612268218,1.4641228537840454,0.29,6.0,REV_SHORT,STOP,2022-05-03 11:05:00,2022-05-03 11:10:00,2022-05-03 11:35:00,1859.695
2022-05-05 11:30:00,2022-05-05 11:35:00,2022-05-05 11:52:00,240188.0,1196583.0,1196600.0,240192.0,1.0,3.0,1880.0,1877.0030708390893,1890.0,1.124747372254336,0.02,1883.12,1877.0030708390893,1.0,-1.0,-1.0,-1.0,1.0,1.0,12.233858321821117,6038.170612268218,6025.9367539463965,3.2678583218213366,0.29,4.0,REV_LONG,STOP,2022-05-05 15:30:00,2022-05-05 15:35:00,2022-05-05 15:52:00,1882.975
2022-05-08 20:20:00,2022-05-08 20:25:00,2022-05-08 20:37:00,240558.0,1198423.0,1198435.0,240561.0,-1.0,2.0,1880.0,1881.099512852986,1870.0,2.7321670758221885,0.1,1878.1255,1881.099512852986,1.0,1.0,1.0,1.0,0.0,0.0,29.740128529858794,6025.9367539463965,5996.196625416538,1.0995128529860052,0.29,3.0,BREAK_SHORT,STOP,2022-05-09 00:20:00,2022-05-09 00:25:00,2022-05-09 00:37:00,1878.2705
2022-05-09 06:45:00,2022-05-09 06:50:00,2022-05-09 07:52:00,240683.0,1199048.0,1199110.0,240696.0,-1.0,2.0,1860.0,1861.7373378120608,1850.0,2.759150520716381,0.09,1858.615,1861.7373378120608,1.0,1.0,1.0,1.0,0.0,1.0,28.101040308547,5996.196625416538,5968.095585107991,1.737337812060835,0.29,13.0,BREAK_SHORT,STOP,2022-05-09 10:45:00,2022-05-09 10:50:00,2022-05-09 11:52:00,1858.76
2022-05-09 10:35:00,2022-05-09 10:40:00,2022-05-09 13:47:00,240729.0,1199278.0,1199465.0,240767.0,1.0,3.0,1860.0,1856.704551351184,1870.0,1.8076428728965062,0.03,1861.44,1856.704551351184,1.0,-1.0,-1.0,-1.0,1.0,1.0,14.206345946448437,5968.095585107991,5953.889239161543,2.6098972976319947,0.29,38.0,REV_LONG,STOP,2022-05-09 14:35:00,2022-05-09 14:40:00,2022-05-09 17:47:00,1861.295
2022-05-09 22:35:00,2022-05-09 22:40:00,2022-05-09 23:53:00,240861.0,1199933.0,1200006.0,240876.0,-1.0,4.0,1860.0,1862.3733779345062,1850.0,3.133583598606933,0.04,1859.38,1862.3733779345062,1.0,1.0,-1.0,-1.0,0.0,1.0,11.973511738024172,5953.889239161543,5941.915727423519,1.4987558690122609,0.29,15.0,REV_SHORT,STOP,2022-05-10 02:35:00,2022-05-10 02:40:00,2022-05-10 03:53:00,1859.525
2022-05-11 03:25:00,2022-05-11 03:30:00,2022-05-11 04:58:00,241195.0,1201598.0,1201686.0,241213.0,-1.0,4.0,1850.0,1852.3302700026716,1840.0,1.5139343936526113,0.06,1847.4255,1852.3302700026716,1.0,1.0,-1.0,1.0,1.0,0.0,29.428620016029072,5941.915727423519,5912.487107407489,2.1335400053432254,0.29,18.0,REV_SHORT,STOP,2022-05-11 07:25:00,2022-05-11 07:30:00,2022-05-11 08:58:00,1847.5705
2022-05-13 06:30:00,2022-05-13 06:35:00,2022-05-13 08:58:00,241784.0,1204533.0,1204676.0,241813.0,-1.0,2.0,1820.0,1821.448704143074,1810.0,1.5821984899372108,0.06,1817.015,1810.0,2.0,1.0,1.0,1.0,0.0,0.0,26.602224858444057,5912.487107407489,5954.577107407489,1.4487041430741396,0.29,29.0,BREAK_SHORT,TARGET,2022-05-13 10:30:00,2022-05-13 10:35:00,2022-05-13 12:58:00,1817.16
2022-05-13 09:20:00,2022-05-13 09:25:00,2022-05-13 10:02:00,241818.0,1204703.0,1204740.0,241826.0,1.0,3.0,1800.0,1797.9055563963657,1810.0,1.79676293927614,0.03,1802.23,1810.0,2.0,-1.0,-1.0,-1.0,1.0,0.0,12.973330810903008,5954.577107407489,5977.887107407489,2.4978872072690392,0.29,8.0,REV_LONG,TARGET,2022-05-13 13:20:00,2022-05-13 13:25:00,2022-05-13 14:02:00,1802.085
2022-05-13 16:10:00,2022-05-13 16:15:00,2022-05-13 16:33:00,241900.0,1205113.0,1205131.0,241904.0,-1.0,4.0,1810.0,1810.9574496391886,1800.0,7.226624578587454,0.22,1809.6255,1810.9574496391886,1.0,1.0,1.0,1.0,1.0,0.0,29.30289206214593,5977.887107407489,5948.584215345343,1.0668992783770022,0.29,4.0,REV_SHORT,STOP,2022-05-13 20:10:00,2022-05-13 20:15:00,2022-05-13 20:33:00,1809.7705
2022-05-17 12:05:00,2022-05-17 12:10:00,2022-05-17 12:25:00,242403.0,1207618.0,1207633.0,242407.0,-1.0,2.0,1820.0,1821.9037793378975,1810.0,2.989497208022636,0.04,1818.92,1821.9037793378975,1.0,1.0,1.0,-1.0,0.0,1.0,11.935117351589724,5948.584215345343,5936.6490979937535,1.9037793378975636,0.29,4.0,BREAK_SHORT,STOP,2022-05-17 16:05:00,2022-05-17 16:10:00,2022-05-17 16:25:00,1819.065
2022-05-17 23:30:00,2022-05-17 23:35:00,2022-05-18 01:22:00,242528.0,1208238.0,1208345.0,242550.0,-1.0,2.0,1810.0,1811.1522510758555,1800.0,3.0967018710245298,0.05,1808.43,1811.1522510758555,1.0,1.0,1.0,-1.0,0.0,0.0,13.611255379277054,5936.6490979937535,5923.037842614476,1.1522510758554423,0.29,22.0,BREAK_SHORT,STOP,2022-05-18 03:30:00,2022-05-18 03:35:00,2022-05-18 05:22:00,1808.575
2022-05-18 11:55:00,2022-05-18 12:00:00,2022-05-18 13:19:00,242677.0,1208983.0,1209062.0,242693.0,1.0,1.0,1820.0,1817.7924427773826,1830.0,1.0405249408172452,0.04,1823.775,1817.7924427773826,1.0,1.0,1.0,1.0,0.0,0.0,23.93022889047006,5923.037842614476,5899.107613724006,2.207557222617316,0.29,16.0,BREAK_LONG,STOP,2022-05-18 15:55:00,2022-05-18 16:00:00,2022-05-18 17:19:00,1823.63
2022-05-18 15:15:00,2022-05-18 15:20:00,2022-05-18 15:28:00,242717.0,1209183.0,1209191.0,242719.0,1.0,1.0,1820.0,1818.6963441303685,1830.0,2.8147354938291795,0.04,1821.6595,1818.6963441303685,1.0,1.0,1.0,-1.0,0.0,0.0,11.852623478525857,5899.107613724006,5887.25499024548,1.303655869631518,0.29,2.0,BREAK_LONG,STOP,2022-05-18 19:15:00,2022-05-18 19:20:00,2022-05-18 19:28:00,1821.5145
2022-05-22 20:50:00,2022-05-22 20:55:00,2022-05-22 22:00:00,243324.0,1212203.0,1212268.0,243338.0,1.0,1.0,1850.0,1848.835390204965,1860.0,1.7366857018097135,0.07,1852.915,1848.835390204965,1.0,1.0,1.0,1.0,0.0,1.0,28.557268565244385,5887.25499024548,5858.697721680236,1.1646097950349827,0.29,14.0,BREAK_LONG,STOP,2022-05-23 00:50:00,2022-05-23 00:55:00,2022-05-23 02:00:00,1852.77
2022-05-24 04:10:00,2022-05-24 04:15:00,2022-05-24 08:14:00,243688.0,1214018.0,1214257.0,243736.0,-1.0,4.0,1860.0,1861.4462272134604,1850.0,5.133351357703221,0.07,1859.58,1859.1945,3.0,-1.0,-1.0,-1.0,1.0,0.0,13.063590494223037,5858.697721680236,5861.396221680236,1.3764544269207486,0.29,48.0,REV_SHORT,TIME,2022-05-24 08:10:00,2022-05-24 08:15:00,2022-05-24 12:14:00,1859.725
2022-05-25 01:50:00,2022-05-25 01:55:00,2022-05-25 02:09:00,243936.0,1215253.0,1215267.0,243939.0,1.0,3.0,1860.0,1858.6135039081105,1870.0,5.427615699532476,0.16,1860.385,1858.6135039081105,1.0,1.0,-1.0,1.0,0.0,0.0,28.34393747023205,5861.396221680236,5833.052284210004,0.8229921837793781,0.29,3.0,REV_LONG,STOP,2022-05-25 05:50:00,2022-05-25 05:55:00,2022-05-25 06:09:00,1860.24
2022-05-25 10:10:00,2022-05-25 10:15:00,2022-05-25 11:51:00,244036.0,1215753.0,1215849.0,244056.0,1.0,3.0,1850.0,1845.9752533439457,1860.0,2.148270314540451,0.03,1850.43,1845.9752533439457,1.0,-1.0,-1.0,-1.0,1.0,1.0,13.36423996816302,5833.052284210004,5819.6880442418405,2.0864933121083693,0.29,20.0,REV_LONG,STOP,2022-05-25 14:10:00,2022-05-25 14:15:00,2022-05-25 15:51:00,1850.285
2022-05-26 20:55:00,2022-05-26 21:00:00,2022-05-26 21:34:00,244429.0,1217708.0,1217742.0,244436.0,-1.0,2.0,1850.0,1850.7423505647957,1840.0,5.832032757396954,0.09,1849.17,1850.7423505647957,1.0,1.0,1.0,-1.0,0.0,0.0,14.15115508316103,5819.6880442418405,5805.5368891586795,0.7423505647957658,0.29,7.0,BREAK_SHORT,STOP,2022-05-27 00:55:00,2022-05-27 01:00:00,2022-05-27 01:34:00,1849.315
2022-05-31 08:25:00,2022-05-31 08:30:00,2022-05-31 09:28:00,245119.0,1221148.0,1221206.0,245131.0,-1.0,4.0,1850.0,1853.2849311178593,1840.0,1.492514598048843,0.05,1847.955,1853.2849311178593,1.0,1.0,1.0,1.0,1.0,1.0,26.6496555892968,5805.5368891586795,5778.887233569383,1.8478622357184038,0.29,12.0,REV_SHORT,STOP,2022-05-31 12:25:00,2022-05-31 12:30:00,2022-05-31 13:28:00,1848.1
2022-06-01 08:55:00,2022-06-01 09:00:00,2022-06-01 10:33:00,245401.0,1222553.0,1222646.0,245420.0,1.0,1.0,1840.0,1837.994002320073,1850.0,1.0292406638913967,0.02,1843.9105,1837.994002320073,1.0,1.0,1.0,-1.0,0.0,0.0,11.832995359854067,5778.887233569383,5767.054238209529,2.0059976799270123,0.29,19.0,BREAK_LONG,STOP,2022-06-01 12:55:00,2022-06-01 13:00:00,2022-06-01 14:33:00,1843.7655
2022-06-02 16:10:00,2022-06-02 16:15:00,2022-06-02 16:58:00,245764.0,1224363.0,1224406.0,245773.0,-1.0,4.0,1870.0,1870.7739466239552,1860.0,7.524051902002352,0.11,1869.51,1868.695,4.0,-1.0,-1.0,-1.0,1.0,1.0,13.903412863507583,5767.054238209529,5776.01923820953,0.6448932479107885,0.29,9.0,REV_SHORT,SESSION,2022-06-02 20:10:00,2022-06-02 20:15:00,2022-06-02 20:58:00,1869.655
2022-06-02 19:25:00,2022-06-02 19:30:00,2022-06-02 20:32:00,245791.0,1224493.0,1224555.0,245804.0,-1.0,4.0,1870.0,1870.9382956060842,1860.0,6.500739603443875,0.09,1869.48,1870.9382956060842,1.0,-1.0,-1.0,-1.0,0.0,1.0,13.124660454757986,5776.01923820953,5762.894577754772,0.4945912121684772,0.29,13.0,REV_SHORT,STOP,2022-06-02 23:25:00,2022-06-02 23:30:00,2022-06-03 00:32:00,1869.625
2022-06-03 12:25:00,2022-06-03 12:30:00,2022-06-03 13:33:00,245995.0,1225513.0,1225576.0,246008.0,1.0,3.0,1850.0,1847.2827562115424,1860.0,2.646789430251559,0.04,1850.77,1847.2827562115424,1.0,-1.0,-1.0,-1.0,1.0,1.0,13.948975153830363,5762.894577754772,5748.945602600942,1.7564875769152124,0.29,13.0,REV_LONG,STOP,2022-06-03 16:25:00,2022-06-03 16:30:00,2022-06-03 17:33:00,1850.625
2022-06-07 13:25:00,2022-06-07 13:30:00,2022-06-07 16:58:00,246559.0,1228323.0,1228531.0,246601.0,1.0,3.0,1850.0,1848.2743022280217,1860.0,3.605179495883269,0.11,1850.8205,1852.2205000000001,4.0,1.0,1.0,1.0,1.0,1.0,28.00817549176145,5748.945602600942,5764.3456026009435,1.1273955439567038,0.29,42.0,REV_LONG,SESSION,2022-06-07 17:25:00,2022-06-07 17:30:00,2022-06-07 20:58:00,1850.6755
2022-06-09 13:15:00,2022-06-09 13:20:00,2022-06-09 16:58:00,247109.0,1231063.0,1231281.0,247153.0,-1.0,4.0,1850.0,1851.0140724994515,1840.0,7.225150246878172,0.21,1849.675,1848.0,4.0,1.0,1.0,1.0,0.0,0.0,28.12052248848158,5764.3456026009435,5799.520602600943,1.2581449989030693,0.29,44.0,REV_SHORT,SESSION,2022-06-09 17:15:00,2022-06-09 17:20:00,2022-06-09 20:58:00,1849.82
2022-06-10 11:35:00,2022-06-10 11:40:00,2022-06-10 12:12:00,247365.0,1232338.0,1232370.0,247372.0,1.0,1.0,1860.0,1856.8984276106157,1870.0,1.0611064559360046,0.02,1863.2549999999999,1870.0,2.0,1.0,1.0,-1.0,0.0,0.0,12.71314477876831,5799.520602600943,5813.0106026009435,3.101572389384303,0.29,7.0,BREAK_LONG,TARGET,2022-06-10 15:35:00,2022-06-10 15:40:00,2022-06-10 16:12:00,1863.11
2022-06-13 09:35:00,2022-06-13 09:40:00,2022-06-13 09:48:00,247617.0,1233593.0,1233601.0,247619.0,-1.0,2.0,1840.0,1842.7881531971818,1830.0,1.0401787886951024,0.04,1836.52,1830.0,2.0,1.0,1.0,1.0,0.0,0.0,25.072612788727383,5813.0106026009435,5839.090602600943,2.788153197181899,0.29,2.0,BREAK_SHORT,TARGET,2022-06-13 13:35:00,2022-06-13 13:40:00,2022-06-13 13:48:00,1836.665
2022-06-14 03:10:00,2022-06-14 03:15:00,2022-06-14 07:14:00,247816.0,1234583.0,1234822.0,247864.0,-1.0,4.0,1830.0,1832.3958419806563,1820.0,2.476273499470796,0.08,1828.83,1824.295,3.0,1.0,-1.0,1.0,0.0,1.0,28.526735845251096,5839.090602600943,5875.370602600942,1.3846839613124586,0.29,48.0,REV_SHORT,TIME,2022-06-14 07:10:00,2022-06-14 07:15:00,2022-06-14 11:14:00,1828.975
2022-06-14 15:45:00,2022-06-14 15:50:00,2022-06-14 16:58:00,247967.0,1235338.0,1235406.0,247981.0,-1.0,4.0,1810.0,1811.1344916202638,1800.0,2.98444265837958,0.1,1808.34,1808.7,4.0,1.0,1.0,1.0,1.0,0.0,27.944916202638982,5875.370602600942,5871.770602600941,1.3629832405276998,0.29,14.0,REV_SHORT,SESSION,2022-06-14 19:45:00,2022-06-14 19:50:00,2022-06-14 20:58:00,1808.485
2022-06-16 02:50:00,2022-06-16 02:55:00,2022-06-16 03:08:00,248364.0,1237313.0,1237326.0,248367.0,1.0,3.0,1830.0,1827.6523379546732,1840.0,3.493879466118098,0.05,1830.4,1827.6523379546732,1.0,1.0,-1.0,-1.0,0.0,1.0,13.738310226634667,5871.770602600941,5858.032292374306,1.3153240906537456,0.29,3.0,REV_LONG,STOP,2022-06-16 06:50:00,2022-06-16 06:55:00,2022-06-16 07:08:00,1830.255
2022-06-16 08:45:00,2022-06-16 08:50:00,2022-06-16 11:03:00,248435.0,1237668.0,1237801.0,248462.0,-1.0,4.0,1830.0,1834.6417540705386,1820.0,1.738437915298367,0.05,1829.295,1834.6417540705386,1.0,-1.0,1.0,1.0,0.0,1.0,26.73377035269255,5858.032292374306,5831.298522021613,2.600508141077319,0.29,27.0,REV_SHORT,STOP,2022-06-16 12:45:00,2022-06-16 12:50:00,2022-06-16 15:03:00,1829.44
2022-06-16 13:00:00,2022-06-16 13:05:00,2022-06-16 13:23:00,248486.0,1237923.0,1237941.0,248490.0,1.0,1.0,1850.0,1847.8670960150907,1860.0,3.564839081394796,0.1,1850.525,1847.8670960150907,1.0,1.0,1.0,1.0,0.0,0.0,26.579039849093533,5831.298522021613,5804.71948217252,2.132903984909303,0.29,4.0,BREAK_LONG,STOP,2022-06-16 17:00:00,2022-06-16 17:05:00,2022-06-16 17:23:00,1850.38
2022-06-17 11:05:00,2022-06-17 11:10:00,2022-06-17 13:29:00,248739.0,1239183.0,1239322.0,248767.0,1.0,3.0,1840.0,1837.2610734019627,1850.0,2.7645398707601685,0.04,1840.645,1837.2610734019627,1.0,1.0,-1.0,-1.0,1.0,0.0,13.535706392149224,5804.71948217252,5791.1837757803705,2.547853196074987,0.29,28.0,REV_LONG,STOP,2022-06-17 15:05:00,2022-06-17 15:10:00,2022-06-17 17:29:00,1840.5
2022-06-19 21:15:00,2022-06-19 21:20:00,2022-06-19 22:50:00,248849.0,1239728.0,1239818.0,248868.0,-1.0,4.0,1840.0,1842.7346358176287,1830.0,2.918788606571216,0.08,1839.4850000000001,1842.7346358176287,1.0,-1.0,-1.0,1.0,0.0,1.0,25.99708654102869,5791.1837757803705,5765.186689239342,1.159271635257495,0.29,19.0,REV_SHORT,STOP,2022-06-20 01:15:00,2022-06-20 01:20:00,2022-06-20 02:50:00,1839.63
2022-06-21 10:05:00,2022-06-21 10:10:00,2022-06-21 10:33:00,249279.0,1241873.0,1241896.0,249284.0,-1.0,4.0,1840.0,1841.8341157828809,1830.0,2.722455107362207,0.04,1838.655,1841.8341157828809,1.0,-1.0,-1.0,-1.0,0.0,0.0,12.716463131523598,5765.186689239342,5752.470226107818,2.0262315657620285,0.29,5.0,REV_SHORT,STOP,2022-06-21 14:05:00,2022-06-21 14:10:00,2022-06-21 14:33:00,1838.8
2022-06-21 15:45:00,2022-06-21 15:50:00,2022-06-21 16:58:00,249347.0,1242213.0,1242281.0,249361.0,1.0,3.0,1830.0,1828.1084330300482,1840.0,3.75364725901437,0.05,1830.61,1833.365,4.0,-1.0,-1.0,-1.0,1.0,1.0,12.507834849758412,5752.470226107818,5766.245226107819,1.051133939903471,0.29,14.0,REV_LONG,SESSION,2022-06-21 19:45:00,2022-06-21 19:50:00,2022-06-21 20:58:00,1830.465
2022-06-21 23:50:00,2022-06-21 23:55:00,2022-06-22 03:54:00,249432.0,1242633.0,1242872.0,249480.0,-1.0,4.0,1830.0,1830.84490179131,1820.0,3.16326704810488,0.11,1828.24,1828.6299999999999,3.0,1.0,1.0,1.0,0.0,0.0,28.653919704408736,5766.245226107819,5761.955226107821,1.0238035826196463,0.29,48.0,REV_SHORT,TIME,2022-06-22 03:50:00,2022-06-22 03:55:00,2022-06-22 07:54:00,1828.385
2022-06-22 14:05:00,2022-06-22 14:10:00,2022-06-22 14:50:00,249603.0,1243488.0,1243528.0,249612.0,1.0,1.0,1840.0,1838.8241695548045,1850.0,3.381251786548609,0.11,1841.375,1838.8241695548045,1.0,1.0,1.0,1.0,0.0,1.0,28.059134897150674,5761.955226107821,5733.8960912106695,1.1758304451955406,0.29,9.0,BREAK_LONG,STOP,2022-06-22 18:05:00,2022-06-22 18:10:00,2022-06-22 18:50:00,1841.23
2022-06-23 06:35:00,2022-06-23 06:40:00,2022-06-23 08:21:00,249789.0,1244413.0,1244514.0,249810.0,-1.0,2.0,1830.0,1831.4007594150216,1820.0,2.964434352703368,0.09,1828.525,1831.4007594150216,1.0,1.0,1.0,1.0,0.0,1.0,25.88183473519393,5733.8960912106695,5708.014256475476,1.400759415021668,0.29,21.0,BREAK_SHORT,STOP,2022-06-23 10:35:00,2022-06-23 10:40:00,2022-06-23 12:21:00,1828.67
2022-06-23 12:45:00,2022-06-23 12:50:00,2022-06-23 13:02:00,249863.0,1244783.0,1244795.0,249866.0,1.0,3.0,1830.0,1828.3029684942258,1840.0,2.056424147051312,0.03,1832.1299999999999,1828.3029684942258,1.0,-1.0,-1.0,-1.0,0.0,0.0,11.48109451732239,5708.014256475476,5696.533161958154,1.7910630115486463,0.29,3.0,REV_LONG,STOP,2022-06-23 16:45:00,2022-06-23 16:50:00,2022-06-23 17:02:00,1831.985
2022-06-27 09:40:00,2022-06-27 09:45:00,2022-06-27 10:01:00,250378.0,1247348.0,1247364.0,250382.0,1.0,3.0,1830.0,1826.498249085374,1840.0,2.657275701113662,0.07,1830.19,1826.498249085374,1.0,-1.0,-1.0,1.0,1.0,1.0,25.84225640238219,5696.533161958154,5670.690905555772,2.0315018292517144,0.29,4.0,REV_LONG,STOP,2022-06-27 13:40:00,2022-06-27 13:45:00,2022-06-27 14:01:00,1830.045
2022-06-28 21:20:00,2022-06-28 21:25:00,2022-06-28 21:34:00,250782.0,1249358.0,1249367.0,250784.0,-1.0,4.0,1820.0,1821.238520716774,1810.0,5.9436990211499765,0.17,1819.6200000000001,1821.238520716774,1.0,1.0,-1.0,1.0,0.0,1.0,27.514852185156318,5670.690905555772,5643.176053370616,0.6710414335480902,0.29,2.0,REV_SHORT,STOP,2022-06-29 01:20:00,2022-06-29 01:25:00,2022-06-29 01:34:00,1819.765
2022-06-29 10:10:00,2022-06-29 10:15:00,2022-06-29 14:14:00,250936.0,1250128.0,1250367.0,250984.0,-1.0,2.0,1820.0,1822.4620576224736,1810.0,2.357183236333822,0.07,1818.75,1818.48,3.0,1.0,1.0,1.0,0.0,1.0,25.984403357315163,5643.176053370616,5645.066053370616,2.4620576224735835,0.29,48.0,BREAK_SHORT,TIME,2022-06-29 14:10:00,2022-06-29 14:15:00,2022-06-29 18:14:00,1818.895
2022-06-29 20:55:00,2022-06-29 21:00:00,2022-06-29 22:26:00,251053.0,1250708.0,1250794.0,251071.0,-1.0,4.0,1820.0,1821.0053609105016,1810.0,7.335115666458148,0.21,1819.685,1821.0053609105016,1.0,1.0,-1.0,1.0,0.0,1.0,27.72757912053521,5645.066053370616,5617.33847425008,0.5197218210033842,0.29,18.0,REV_SHORT,STOP,2022-06-30 00:55:00,2022-06-30 01:00:00,2022-06-30 02:26:00,1819.83
2022-06-30 12:50:00,2022-06-30 12:55:00,2022-06-30 13:28:00,251244.0,1251663.0,1251696.0,251251.0,1.0,3.0,1810.0,1808.196556620101,1820.0,2.996502340363974,0.09,1811.15,1808.196556620101,1.0,-1.0,-1.0,1.0,0.0,0.0,26.580990419090995,5617.33847425008,5590.757483830989,1.716886759798156,0.29,7.0,REV_LONG,STOP,2022-06-30 16:50:00,2022-06-30 16:55:00,2022-06-30 17:28:00,1811.005
2022-07-01 13:15:00,2022-07-01 13:20:00,2022-07-01 13:31:00,251525.0,1253063.0,1253074.0,251528.0,-1.0,2.0,1800.0,1801.7020301859784,1790.0,3.2290937935107284,0.1,1798.935,1801.7020301859784,1.0,1.0,1.0,1.0,0.0,1.0,27.67030185978456,5590.757483830989,5563.087181971205,1.702030185978484,0.29,3.0,BREAK_SHORT,STOP,2022-07-01 17:15:00,2022-07-01 17:20:00,2022-07-01 17:31:00,1799.08
2022-07-03 20:30:00,2022-07-03 20:35:00,2022-07-03 22:18:00,251600.0,1253433.0,1253536.0,251621.0,-1.0,4.0,1810.0,1811.9798018320337,1800.0,4.033949327535276,0.11,1809.6,1811.9798018320337,1.0,-1.0,1.0,1.0,0.0,1.0,26.177820152371396,5563.087181971205,5536.9093618188335,0.8696036640671251,0.29,21.0,REV_SHORT,STOP,2022-07-04 00:30:00,2022-07-04 00:35:00,2022-07-04 02:18:00,1809.745
2022-07-03 23:20:00,2022-07-03 23:25:00,2022-07-04 03:24:00,251634.0,1253603.0,1253842.0,251682.0,1.0,1.0,1810.0,1808.9759566660193,1820.0,1.9762187803923663,0.03,1812.68,1810.865,3.0,1.0,1.0,-1.0,0.0,0.0,11.112130001942205,5536.9093618188335,5531.464361818833,1.0240433339807284,0.29,48.0,BREAK_LONG,TIME,2022-07-04 03:20:00,2022-07-04 03:25:00,2022-07-04 07:24:00,1812.535
2022-07-04 21:20:00,2022-07-04 21:25:00,2022-07-04 21:40:00,251886.0,1254858.0,1254873.0,251890.0,-1.0,4.0,1810.0,1810.867810876825,1800.0,4.772120296623966,0.14,1808.9850000000001,1810.867810876825,1.0,-1.0,-1.0,1.0,0.0,0.0,26.35935227554728,5531.464361818833,5505.105009543286,0.9256217536498818,0.29,4.0,REV_SHORT,STOP,2022-07-05 01:20:00,2022-07-05 01:25:00,2022-07-05 01:40:00,1809.13
2022-07-07 14:30:00,2022-07-07 14:35:00,2022-07-07 15:17:00,252644.0,1258638.0,1258680.0,252653.0,1.0,3.0,1740.0,1738.983083125373,1750.0,4.838580926785865,0.07,1740.87,1738.983083125373,1.0,-1.0,-1.0,-1.0,0.0,0.0,13.20841812238814,5505.105009543286,5491.8965914208975,0.9688337492540572,0.29,9.0,REV_LONG,STOP,2022-07-07 18:30:00,2022-07-07 18:35:00,2022-07-07 19:17:00,1740.725
2022-07-12 00:35:00,2022-07-12 00:40:00,2022-07-12 00:45:00,253305.0,1261928.0,1261933.0,253307.0,1.0,3.0,1730.0,1728.9173981290116,1740.0,7.883123798306612,0.11,1730.165,1728.9173981290116,1.0,-1.0,-1.0,-1.0,0.0,1.0,13.723620580871513,5491.8965914208975,5478.172970840026,1.1152037419765592,0.29,2.0,REV_LONG,STOP,2022-07-12 04:35:00,2022-07-12 04:40:00,2022-07-12 04:45:00,1730.02
2022-07-13 22:50:00,2022-07-13 22:55:00,2022-07-13 23:06:00,253836.0,1264573.0,1264584.0,253839.0,-1.0,4.0,1730.0,1732.0916113077851,1720.0,3.711119003921184,0.1,1729.525,1732.0916113077851,1.0,1.0,1.0,1.0,0.0,0.0,25.666113077850245,5478.172970840026,5452.506857762176,1.2732226155705433,0.29,3.0,REV_SHORT,STOP,2022-07-14 02:50:00,2022-07-14 02:55:00,2022-07-14 03:06:00,1729.67
2022-07-14 21:10:00,2022-07-14 21:15:00,2022-07-14 23:30:00,254092.0,1265848.0,1265983.0,254120.0,1.0,3.0,1710.0,1709.0551775794831,1720.0,3.952806306471225,0.06,1711.2649999999999,1709.0551775794831,1.0,-1.0,1.0,-1.0,0.0,0.0,13.258934523100379,5452.506857762176,5439.247923239076,0.8996448410337693,0.29,28.0,REV_LONG,STOP,2022-07-15 01:10:00,2022-07-15 01:15:00,2022-07-15 03:30:00,1711.12
2022-07-18 11:30:00,2022-07-18 11:35:00,2022-07-18 15:00:00,254540.0,1268083.0,1268288.0,254582.0,1.0,3.0,1710.0,1708.0046077467582,1720.0,2.7481006401922894,0.08,1711.205,1708.0046077467582,1.0,-1.0,-1.0,1.0,0.0,1.0,25.60313802593373,5439.247923239076,5413.644785213142,1.9407845064833107,0.29,42.0,REV_LONG,STOP,2022-07-18 15:30:00,2022-07-18 15:35:00,2022-07-18 19:00:00,1711.06
2022-07-20 01:30:00,2022-07-20 01:35:00,2022-07-20 01:46:00,254972.0,1270233.0,1270244.0,254975.0,1.0,3.0,1710.0,1708.7063652104735,1720.0,5.668282240873737,0.15,1710.4,1708.7063652104735,1.0,-1.0,-1.0,1.0,0.0,1.0,25.404521842899612,5413.644785213142,5388.240263370242,0.7402695790529934,0.29,3.0,REV_LONG,STOP,2022-07-20 05:30:00,2022-07-20 05:35:00,2022-07-20 05:46:00,1710.255
2022-07-20 07:00:00,2022-07-20 07:05:00,2022-07-20 08:26:00,255038.0,1270563.0,1270644.0,255055.0,-1.0,2.0,1710.0,1711.2438263240326,1700.0,2.9677189207673655,0.04,1708.41,1711.2438263240326,1.0,1.0,1.0,-1.0,0.0,0.0,11.335305296130173,5388.240263370242,5376.904958074112,1.2438263240325291,0.29,17.0,BREAK_SHORT,STOP,2022-07-20 11:00:00,2022-07-20 11:05:00,2022-07-20 12:26:00,1708.555
2022-07-21 02:35:00,2022-07-21 02:40:00,2022-07-21 03:04:00,255261.0,1271673.0,1271697.0,255266.0,1.0,3.0,1690.0,1688.3147721296637,1700.0,4.9764020591248,0.13,1690.27,1688.3147721296637,1.0,-1.0,-1.0,1.0,0.0,1.0,25.41796231437229,5376.904958074112,5351.48699575974,1.0304557406726826,0.29,5.0,REV_LONG,STOP,2022-07-21 06:35:00,2022-07-21 06:40:00,2022-07-21 07:04:00,1690.125
2022-07-22 03:30:00,2022-07-22 03:35:00,2022-07-22 05:24:00,255548.0,1273103.0,1273212.0,255570.0,-1.0,4.0,1720.0,1721.172240341933,1710.0,1.7168257234403517,0.03,1717.06,1721.172240341933,1.0,-1.0,-1.0,-1.0,0.0,0.0,12.336721025799307,5351.48699575974,5339.150274733941,1.2344806838659153,0.29,22.0,REV_SHORT,STOP,2022-07-22 07:30:00,2022-07-22 07:35:00,2022-07-22 09:24:00,1717.205
2022-07-26 05:35:00,2022-07-26 05:40:00,2022-07-26 06:17:00,256125.0,1275978.0,1276015.0,256133.0,1.0,3.0,1720.0,1718.4356501262596,1730.0,5.304331599598073,0.07,1720.27,1718.4356501262596,1.0,-1.0,-1.0,-1.0,0.0,1.0,12.840449116182755,5339.150274733941,5326.309825617758,1.1686997474805734,0.29,8.0,REV_LONG,STOP,2022-07-26 09:35:00,2022-07-26 09:40:00,2022-07-26 10:17:00,1720.125
2022-07-26 11:10:00,2022-07-26 11:15:00,2022-07-26 15:14:00,256192.0,1276313.0,1276552.0,256240.0,-1.0,4.0,1720.0,1721.5334108888296,1710.0,3.0068674467525347,0.09,1718.655,1717.6299999999999,3.0,1.0,1.0,1.0,0.0,0.0,25.905697999466838,5326.309825617758,5335.5348256177585,1.766821777658878,0.29,48.0,REV_SHORT,TIME,2022-07-26 15:10:00,2022-07-26 15:15:00,2022-07-26 19:14:00,1718.8
2022-07-27 04:15:00,2022-07-27 04:20:00,2022-07-27 08:19:00,256385.0,1277273.0,1277512.0,256433.0,1.0,1.0,1720.0,1718.7444828425826,1730.0,1.2599093230017004,0.02,1723.725,1722.33,3.0,1.0,1.0,-1.0,0.0,0.0,9.961034314834706,5335.5348256177585,5332.744825617759,1.2555171574175295,0.29,48.0,BREAK_LONG,TIME,2022-07-27 08:15:00,2022-07-27 08:20:00,2022-07-27 12:19:00,1723.58
2022-08-01 09:40:00,2022-08-01 09:45:00,2022-08-01 10:04:00,257278.0,1281723.0,1281742.0,257282.0,1.0,3.0,1770.0,1767.4581758631289,1780.0,1.6365961355722662,0.05,1772.215,1767.4581758631289,1.0,1.0,1.0,1.0,1.0,1.0,23.78412068435523,5332.744825617759,5308.960704933404,2.1276482737421794,0.29,4.0,REV_LONG,STOP,2022-08-01 13:40:00,2022-08-01 13:45:00,2022-08-01 14:04:00,1772.07
2022-08-01 15:30:00,2022-08-01 15:35:00,2022-08-01 16:58:00,257348.0,1282073.0,1282156.0,257365.0,1.0,1.0,1770.0,1769.091807374896,1780.0,4.223748275885388,0.12,1771.18,1771.975,4.0,1.0,1.0,1.0,0.0,0.0,25.05831150124868,5308.960704933404,5318.500704933402,0.9081926251040594,0.29,17.0,BREAK_LONG,SESSION,2022-08-01 19:30:00,2022-08-01 19:35:00,2022-08-01 20:58:00,1771.035
2022-08-02 09:35:00,2022-08-02 09:40:00,2022-08-02 09:48:00,257553.0,1283093.0,1283101.0,257555.0,1.0,3.0,1780.0,1776.3983686688516,1790.0,1.4949653608149234,0.02,1781.85,1776.3983686688516,1.0,1.0,1.0,-1.0,1.0,0.0,10.903262662296584,5318.500704933402,5307.597442271105,2.673262662296776,0.29,2.0,REV_LONG,STOP,2022-08-02 13:35:00,2022-08-02 13:40:00,2022-08-02 13:48:00,1781.705
2022-08-03 08:35:00,2022-08-03 08:40:00,2022-08-03 08:58:00,257817.0,1284408.0,1284426.0,257821.0,-1.0,4.0,1770.0,1772.6134295817662,1760.0,3.3294094563698295,0.09,1769.7,1772.6134295817662,1.0,-1.0,-1.0,1.0,1.0,1.0,26.220866235895755,5307.597442271105,5281.376576035209,1.6868591635324481,0.29,4.0,REV_SHORT,STOP,2022-08-03 12:35:00,2022-08-03 12:40:00,2022-08-03 12:58:00,1769.845
2022-08-03 23:20:00,2022-08-03 23:25:00,2022-08-04 02:17:00,257982.0,1285228.0,1285400.0,258017.0,1.0,1.0,1770.0,1769.1148112187318,1780.0,7.672152702218211,0.1,1770.37,1769.1148112187318,1.0,1.0,1.0,-1.0,0.0,0.0,12.55188781268089,5281.376576035209,5268.824688222528,0.8851887812681251,0.29,35.0,BREAK_LONG,STOP,2022-08-04 03:20:00,2022-08-04 03:25:00,2022-08-04 06:17:00,1770.225
2022-08-04 06:50:00,2022-08-04 06:55:00,2022-08-04 09:02:00,258072.0,1285678.0,1285805.0,258098.0,1.0,1.0,1780.0,1778.7997656777627,1790.0,2.4673132673792932,0.04,1782.03,1778.7997656777627,1.0,1.0,1.0,-1.0,0.0,1.0,12.920937288949064,5268.824688222528,5255.9037509335785,1.2002343222372522,0.29,26.0,BREAK_LONG,STOP,2022-08-04 10:50:00,2022-08-04 10:55:00,2022-08-04 13:02:00,1781.885
2022-08-04 12:35:00,2022-08-04 12:40:00,2022-08-04 16:39:00,258141.0,1286023.0,1286262.0,258189.0,1.0,1.0,1790.0,1788.5411206240676,1800.0,4.5655904420061155,0.12,1790.6,1791.55,3.0,1.0,1.0,1.0,0.0,1.0,24.70655251118751,5255.9037509335785,5267.303750933579,1.458879375932297,0.29,48.0,BREAK_LONG,TIME,2022-08-04 16:35:00,2022-08-04 16:40:00,2022-08-04 20:39:00,1790.455
2022-08-10 15:10:00,2022-08-10 15:15:00,2022-08-10 16:09:00,259276.0,1291678.0,1291732.0,259287.0,-1.0,2.0,1790.0,1791.2744383727959,1780.0,2.8618518129562682,0.04,1788.355,1791.2744383727959,1.0,1.0,1.0,-1.0,0.0,1.0,11.677753491183466,5267.303750933579,5255.625997442396,1.2744383727958148,0.29,11.0,BREAK_SHORT,STOP,2022-08-10 19:10:00,2022-08-10 19:15:00,2022-08-10 20:09:00,1788.5
2022-08-12 03:50:00,2022-08-12 03:55:00,2022-08-12 07:54:00,259692.0,1293748.0,1293987.0,259740.0,-1.0,2.0,1790.0,1791.115976460616,1780.0,2.2493577750647047,0.03,1787.695,1786.5049999999999,3.0,1.0,1.0,-1.0,0.0,0.0,10.262929381847925,5255.625997442396,5259.195997442395,1.1159764606159819,0.29,48.0,BREAK_SHORT,TIME,2022-08-12 07:50:00,2022-08-12 07:55:00,2022-08-12 11:54:00,1787.84
2022-08-15 03:25:00,2022-08-15 03:30:00,2022-08-15 05:49:00,259963.0,1295098.0,1295237.0,259991.0,-1.0,2.0,1790.0,1791.0129696603383,1780.0,7.02127678307579,0.19,1789.64,1780.0,2.0,1.0,1.0,1.0,0.0,1.0,26.086423546425525,5259.195997442395,5442.355997442397,1.0129696603382157,0.29,28.0,BREAK_SHORT,TARGET,2022-08-15 07:25:00,2022-08-15 07:30:00,2022-08-15 09:49:00,1789.785
2022-08-19 10:45:00,2022-08-19 10:50:00,2022-08-19 14:49:00,261155.0,1301038.0,1301277.0,261203.0,-1.0,2.0,1750.0,1751.8724251601723,1740.0,2.263964105755057,0.07,1748.2350000000001,1747.73,3.0,1.0,1.0,1.0,0.0,0.0,25.461976121204998,5442.355997442397,5445.890997442398,1.8724251601723207,0.29,48.0,BREAK_SHORT,TIME,2022-08-19 14:45:00,2022-08-19 14:50:00,2022-08-19 18:49:00,1748.38
2022-08-24 10:30:00,2022-08-24 10:35:00,2022-08-24 10:51:00,261980.0,1305148.0,1305164.0,261984.0,-1.0,4.0,1750.0,1752.0699248837363,1740.0,2.3251169846007045,0.07,1748.44,1752.0699248837363,1.0,-1.0,-1.0,1.0,0.0,1.0,25.409474186154057,5445.890997442398,5420.481523256243,1.7698497674728784,0.29,4.0,REV_SHORT,STOP,2022-08-24 14:30:00,2022-08-24 14:35:00,2022-08-24 14:51:00,1748.585
2022-08-25 08:20:00,2022-08-25 08:25:00,2022-08-25 08:31:00,262230.0,1306393.0,1306399.0,262232.0,1.0,3.0,1760.0,1758.7983197212434,1770.0,3.578317966599892,0.11,1761.245,1758.7983197212434,1.0,1.0,1.0,1.0,0.0,1.0,26.913483066321533,5420.481523256243,5393.568040189922,1.2223605575131873,0.29,2.0,REV_LONG,STOP,2022-08-25 12:20:00,2022-08-25 12:25:00,2022-08-25 12:31:00,1761.1
2022-08-26 05:55:00,2022-08-26 06:00:00,2022-08-26 06:02:00,262477.0,1307623.0,1307625.0,262478.0,1.0,3.0,1750.0,1748.7817843786513,1760.0,5.975566878240849,0.16,1750.3899999999999,1748.7817843786513,1.0,-1.0,-1.0,1.0,1.0,0.0,25.73144994157701,5393.568040189922,5367.836590248345,1.1004312426976401,0.29,1.0,REV_LONG,STOP,2022-08-26 09:55:00,2022-08-26 10:00:00,2022-08-26 10:02:00,1750.245
2022-08-31 03:20:00,2022-08-31 03:25:00,2022-08-31 04:19:00,263274.0,1311593.0,1311647.0,263285.0,1.0,3.0,1720.0,1719.055647496001,1730.0,2.4751119444718523,0.08,1722.205,1719.055647496001,1.0,-1.0,-1.0,1.0,0.0,0.0,25.194820031991185,5367.836590248345,5342.6417702163535,1.048705007997824,0.29,11.0,REV_LONG,STOP,2022-08-31 07:20:00,2022-08-31 07:25:00,2022-08-31 08:19:00,1722.06
2022-08-31 10:35:00,2022-08-31 10:40:00,2022-08-31 14:39:00,263361.0,1312028.0,1312267.0,263409.0,-1.0,4.0,1720.0,1724.6756545269095,1710.0,1.590284045242463,0.04,1719.01,1712.24,3.0,1.0,1.0,1.0,0.0,1.0,22.66261810763808,5342.6417702163535,5369.721770216353,2.209309053819115,0.29,48.0,REV_SHORT,TIME,2022-08-31 14:35:00,2022-08-31 14:40:00,2022-08-31 18:39:00,1719.155
2022-09-02 09:35:00,2022-09-02 09:40:00,2022-09-02 13:39:00,263901.0,1314718.0,1314957.0,263949.0,1.0,1.0,1710.0,1707.508619467106,1720.0,2.9512423142109583,0.04,1710.67,1710.105,3.0,1.0,1.0,-1.0,0.0,1.0,12.645522131576401,5369.721770216353,5367.461770216353,2.4913805328939524,0.29,48.0,BREAK_LONG,TIME,2022-09-02 13:35:00,2022-09-02 13:40:00,2022-09-02 17:39:00,1710.525
2022-09-04 22:35:00,2022-09-04 22:40:00,2022-09-05 02:39:00,264045.0,1315433.0,1315672.0,264093.0,1.0,3.0,1710.0,1708.2920061734433,1720.0,4.231468330084776,0.05,1710.53,1709.68,3.0,1.0,1.0,-1.0,0.0,1.0,11.189969132783517,5367.461770216353,5363.211770216353,0.8559876531135534,0.29,48.0,REV_LONG,TIME,2022-09-05 02:35:00,2022-09-05 02:40:00,2022-09-05 06:39:00,1710.385
2022-09-07 09:00:00,2022-09-07 09:05:00,2022-09-07 09:40:00,264722.0,1318808.0,1318843.0,264730.0,-1.0,2.0,1700.0,1701.4121722652312,1690.0,3.169329205250778,0.09,1698.675,1701.4121722652312,1.0,1.0,1.0,1.0,0.0,1.0,24.63455038708139,5363.211770216353,5338.577219829272,1.4121722652313045,0.29,8.0,BREAK_SHORT,STOP,2022-09-07 13:00:00,2022-09-07 13:05:00,2022-09-07 13:40:00,1698.82
2022-09-08 03:15:00,2022-09-08 03:20:00,2022-09-08 06:38:00,264929.0,1319838.0,1320036.0,264969.0,-1.0,4.0,1720.0,1723.5086903420008,1710.0,2.1099570361588413,0.03,1719.165,1723.5086903420008,1.0,-1.0,-1.0,-1.0,0.0,1.0,13.031071026002564,5338.577219829272,5325.546148803269,1.231380684001525,0.29,40.0,REV_SHORT,STOP,2022-09-08 07:15:00,2022-09-08 07:20:00,2022-09-08 10:38:00,1719.31
2022-09-08 10:15:00,2022-09-08 10:20:00,2022-09-08 14:19:00,265013.0,1320258.0,1320497.0,265061.0,-1.0,2.0,1710.0,1712.4814231465307,1700.0,1.607672319062995,0.05,1707.695,1709.3899999999999,3.0,1.0,1.0,1.0,0.0,0.0,23.93211573265376,5325.546148803269,5317.071148803269,2.481423146530741,0.29,48.0,BREAK_SHORT,TIME,2022-09-08 14:15:00,2022-09-08 14:20:00,2022-09-08 18:19:00,1707.84
2022-09-09 00:25:00,2022-09-09 00:30:00,2022-09-09 01:52:00,265171.0,1321043.0,1321125.0,265188.0,1.0,1.0,1720.0,1719.0975613476023,1730.0,4.444580606423935,0.13,1721.1,1719.0975613476023,1.0,1.0,1.0,1.0,0.0,1.0,26.031702481168622,5317.071148803269,5291.039446322101,0.9024386523977256,0.29,17.0,BREAK_LONG,STOP,2022-09-09 04:25:00,2022-09-09 04:30:00,2022-09-09 05:52:00,1720.955
2022-09-12 03:00:00,2022-09-12 03:05:00,2022-09-12 03:11:00,265478.0,1322573.0,1322579.0,265480.0,-1.0,4.0,1720.0,1721.475262621186,1710.0,5.51906282793986,0.07,1719.715,1721.475262621186,1.0,-1.0,-1.0,-1.0,1.0,1.0,12.32183834830221,5291.039446322101,5278.717607973798,1.0905252423716416,0.29,2.0,REV_SHORT,STOP,2022-09-12 07:00:00,2022-09-12 07:05:00,2022-09-12 07:11:00,1719.86
2022-09-13 21:00:00,2022-09-13 21:05:00,2022-09-13 21:37:00,265958.0,1324963.0,1324995.0,265965.0,1.0,3.0,1700.0,1697.8942344042105,1710.0,2.9294666274950303,0.04,1700.975,1697.8942344042105,1.0,-1.0,-1.0,-1.0,0.0,1.0,12.323062383157776,5278.717607973798,5266.3945455906405,1.2515311915792124,0.29,7.0,REV_LONG,STOP,2022-09-14 01:00:00,2022-09-14 01:05:00,2022-09-14 01:37:00,1700.83
2022-09-14 13:20:00,2022-09-14 13:25:00,2022-09-14 16:58:00,266154.0,1325943.0,1326156.0,266197.0,-1.0,2.0,1700.0,1700.9716779149278,1690.0,7.177579576182409,0.19,1699.63,1697.61,4.0,1.0,1.0,1.0,0.0,1.0,25.491880383626043,5266.3945455906405,5304.774545590644,0.9716779149278265,0.29,43.0,BREAK_SHORT,SESSION,2022-09-14 17:20:00,2022-09-14 17:25:00,2022-09-14 20:58:00,1699.775
2022-09-15 11:20:00,2022-09-15 11:25:00,2022-09-15 15:24:00,266406.0,1327198.0,1327437.0,266454.0,-1.0,2.0,1670.0,1672.983470558974,1660.0,1.3917363865059007,0.04,1667.555,1663.31,3.0,1.0,1.0,1.0,0.0,0.0,21.713882235895653,5304.774545590644,5321.754545590645,2.9834705589739765,0.29,48.0,BREAK_SHORT,TIME,2022-09-15 15:20:00,2022-09-15 15:25:00,2022-09-15 19:24:00,1667.7
2022-09-19 11:00:00,2022-09-19 11:05:00,2022-09-19 15:04:00,266954.0,1329928.0,1330167.0,267002.0,1.0,1.0,1670.0,1668.027300931055,1680.0,1.024912637923421,0.04,1673.94,1672.5,3.0,1.0,1.0,1.0,0.0,0.0,23.65079627578052,5321.754545590645,5315.9945455906445,1.9726990689449688,0.29,48.0,BREAK_LONG,TIME,2022-09-19 15:00:00,2022-09-19 15:05:00,2022-09-19 19:04:00,1673.795
2022-09-20 04:30:00,2022-09-20 04:35:00,2022-09-20 08:34:00,267152.0,1330913.0,1331152.0,267200.0,-1.0,2.0,1670.0,1671.2594849130326,1660.0,5.0067087415585885,0.07,1669.385,1666.775,3.0,1.0,1.0,-1.0,0.0,0.0,13.121394391228025,5315.9945455906445,5334.264545590644,1.2594849130325831,0.29,48.0,BREAK_SHORT,TIME,2022-09-20 08:30:00,2022-09-20 08:35:00,2022-09-20 12:34:00,1669.53
2022-09-21 19:30:00,2022-09-21 19:35:00,2022-09-21 21:05:00,267596.0,1333123.0,1333213.0,267615.0,-1.0,2.0,1670.0,1671.212031507574,1660.0,1.4416277390695906,0.05,1666.6200000000001,1660.0,2.0,1.0,1.0,1.0,0.0,0.0,22.960157537869463,5334.264545590644,5367.364545590644,1.2120315075740684,0.29,19.0,BREAK_SHORT,TARGET,2022-09-21 23:30:00,2022-09-21 23:35:00,2022-09-22 01:05:00,1666.765
2022-09-22 02:40:00,2022-09-22 02:45:00,2022-09-22 03:35:00,267682.0,1333553.0,1333603.0,267693.0,-1.0,2.0,1660.0,1661.1084944618103,1650.0,3.491012465691965,0.1,1658.635,1661.1084944618103,1.0,1.0,1.0,1.0,0.0,1.0,24.734944618103327,5367.364545590644,5342.629600972541,1.1084944618102963,0.29,11.0,BREAK_SHORT,STOP,2022-09-22 06:40:00,2022-09-22 06:45:00,2022-09-22 07:35:00,1658.78
2022-09-22 08:55:00,2022-09-22 09:00:00,2022-09-22 09:20:00,267757.0,1333928.0,1333948.0,267762.0,1.0,1.0,1680.0,1677.1075374727163,1690.0,1.3177616863118478,0.04,1682.67,1677.1075374727163,1.0,1.0,1.0,1.0,0.0,0.0,22.249850109134968,5342.629600972541,5320.379750863406,2.892462527283615,0.29,5.0,BREAK_LONG,STOP,2022-09-22 12:55:00,2022-09-22 13:00:00,2022-09-22 13:20:00,1682.525
2022-09-23 08:20:00,2022-09-23 08:25:00,2022-09-23 09:09:00,268026.0,1335268.0,1335312.0,268035.0,-1.0,4.0,1650.0,1651.9448265770995,1640.0,3.3281076703206125,0.09,1649.185,1651.9448265770995,1.0,1.0,1.0,1.0,1.0,0.0,24.83843919389642,5320.379750863406,5295.54131166951,2.3276531541992096,0.29,9.0,REV_SHORT,STOP,2022-09-23 12:20:00,2022-09-23 12:25:00,2022-09-23 13:09:00,1649.33
2022-09-26 12:45:00,2022-09-26 12:50:00,2022-09-26 13:11:00,268355.0,1336908.0,1336929.0,268360.0,1.0,3.0,1630.0,1626.9327410811247,1640.0,2.741778379675201,0.03,1630.425,1626.9327410811247,1.0,-1.0,-1.0,-1.0,1.0,1.0,10.476776756625668,5295.54131166951,5285.0645349128845,1.9045178377504806,0.29,5.0,REV_LONG,STOP,2022-09-26 16:45:00,2022-09-26 16:50:00,2022-09-26 17:11:00,1630.28
2022-09-26 15:05:00,2022-09-26 15:10:00,2022-09-26 16:58:00,268383.0,1337048.0,1337156.0,268405.0,-1.0,4.0,1630.0,1632.4707269427154,1620.0,2.4585888340518602,0.07,1628.865,1623.1399999999999,4.0,1.0,1.0,1.0,1.0,0.0,25.240088599007553,5285.0645349128845,5325.139534912885,2.019453885430922,0.29,22.0,REV_SHORT,SESSION,2022-09-26 19:05:00,2022-09-26 19:10:00,2022-09-26 20:58:00,1629.01
2022-09-27 15:20:00,2022-09-27 15:25:00,2022-09-27 15:30:00,268662.0,1338438.0,1338443.0,268664.0,1.0,3.0,1630.0,1628.1850204483467,1640.0,4.599570641523476,0.06,1630.295,1628.1850204483467,1.0,-1.0,-1.0,-1.0,0.0,1.0,12.659877309920375,5325.139534912885,5312.479657602965,1.2989591033064187,0.29,2.0,REV_LONG,STOP,2022-09-27 19:20:00,2022-09-27 19:25:00,2022-09-27 19:30:00,1630.15
2022-09-28 03:25:00,2022-09-28 03:30:00,2022-09-28 03:55:00,268795.0,1339098.0,1339123.0,268801.0,-1.0,2.0,1620.0,1621.7741098573556,1610.0,2.393985875768955,0.07,1618.305,1621.7741098573556,1.0,1.0,1.0,1.0,0.0,0.0,24.28376900148874,5312.479657602965,5288.195888601476,1.774109857355663,0.29,6.0,BREAK_SHORT,STOP,2022-09-28 07:25:00,2022-09-28 07:30:00,2022-09-28 07:55:00,1618.45
2022-09-28 10:15:00,2022-09-28 10:20:00,2022-09-28 11:04:00,268877.0,1339508.0,1339552.0,268886.0,-1.0,4.0,1650.0,1653.9904710712938,1640.0,1.5810433977566245,0.04,1648.57,1653.9904710712938,1.0,-1.0,-1.0,1.0,1.0,1.0,21.68188428517533,5288.195888601476,5266.514004316301,3.110942142587842,0.29,9.0,REV_SHORT,STOP,2022-09-28 14:15:00,2022-09-28 14:20:00,2022-09-28 15:04:00,1648.715
2022-09-28 12:05:00,2022-09-28 12:10:00,2022-09-28 13:20:00,268899.0,1339618.0,1339688.0,268914.0,-1.0,4.0,1660.0,1662.2332981037193,1650.0,2.948392857689785,0.04,1659.135,1662.2332981037193,1.0,-1.0,-1.0,-1.0,1.0,0.0,12.393192414877376,5266.514004316301,5254.120811901424,2.5565962074388895,0.29,15.0,REV_SHORT,STOP,2022-09-28 16:05:00,2022-09-28 16:10:00,2022-09-28 17:20:00,1659.28
2022-09-28 15:40:00,2022-09-28 15:45:00,2022-09-28 16:58:00,268942.0,1339833.0,1339906.0,268957.0,1.0,3.0,1660.0,1658.2045115058106,1670.0,3.689144284076824,0.1,1660.72,1659.8,4.0,1.0,1.0,1.0,1.0,1.0,25.154884941894124,5254.120811901424,5244.920811901423,1.2419769883784935,0.29,15.0,REV_LONG,SESSION,2022-09-28 19:40:00,2022-09-28 19:45:00,2022-09-28 20:58:00,1660.575
2022-10-03 18:55:00,2022-10-03 19:00:00,2022-10-03 20:21:00,269797.0,1344088.0,1344169.0,269814.0,1.0,1.0,1700.0,1698.9256500071313,1710.0,5.171789247850786,0.14,1700.72,1698.9256500071313,1.0,1.0,1.0,1.0,0.0,0.0,25.12089990016284,5244.920811901423,5219.79991200126,1.0743499928688094,0.29,17.0,BREAK_LONG,STOP,2022-10-03 22:55:00,2022-10-03 23:00:00,2022-10-04 00:21:00,1700.575
2022-10-04 00:45:00,2022-10-04 00:50:00,2022-10-04 01:52:00,269867.0,1344438.0,1344500.0,269880.0,-1.0,4.0,1700.0,1702.0649149516385,1690.0,2.4820234031813486,0.03,1698.6,1702.0649149516385,1.0,-1.0,-1.0,-1.0,0.0,1.0,10.394744854915643,5219.79991200126,5209.405167146344,1.1948299032767813,0.29,13.0,REV_SHORT,STOP,2022-10-04 04:45:00,2022-10-04 04:50:00,2022-10-04 05:52:00,1698.745
2022-10-04 03:20:00,2022-10-04 03:25:00,2022-10-04 06:24:00,269898.0,1344593.0,1344772.0,269934.0,-1.0,4.0,1710.0,1711.4192735488052,1700.0,5.8820922005462,0.07,1709.76,1711.4192735488052,1.0,-1.0,-1.0,-1.0,1.0,0.0,11.61491484163662,5209.405167146344,5197.790252304707,1.6185470976106198,0.29,36.0,REV_SHORT,STOP,2022-10-04 07:20:00,2022-10-04 07:25:00,2022-10-04 10:24:00,1709.905
2022-10-04 21:50:00,2022-10-04 21:55:00,2022-10-04 22:51:00,270108.0,1345638.0,1345694.0,270120.0,1.0,3.0,1720.0,1717.9941414108225,1730.0,3.72511876115999,0.1,1720.535,1717.9941414108225,1.0,1.0,-1.0,1.0,0.0,1.0,25.408585891775605,5197.790252304707,5172.381666412931,1.2617171783549,0.29,12.0,REV_LONG,STOP,2022-10-05 01:50:00,2022-10-05 01:55:00,2022-10-05 02:51:00,1720.39
2022-10-05 12:40:00,2022-10-05 12:45:00,2022-10-05 13:26:00,270286.0,1346528.0,1346569.0,270295.0,-1.0,4.0,1710.0,1712.3113044111544,1700.0,2.740554768933118,0.07,1709.02,1712.3113044111544,1.0,-1.0,1.0,1.0,1.0,1.0,23.0391308780811,5172.381666412931,5149.34253553485,1.7726088223088643,0.29,9.0,REV_SHORT,STOP,2022-10-05 16:40:00,2022-10-05 16:45:00,2022-10-05 17:26:00,1709.165
2022-10-07 06:25:00,2022-10-07 06:30:00,2022-10-07 08:36:00,270763.0,1348903.0,1349029.0,270789.0,-1.0,2.0,1710.0,1711.3083039403737,1700.0,1.4301666268259046,0.05,1706.655,1711.3083039403737,1.0,1.0,1.0,1.0,0.0,0.0,23.26651970186845,5149.34253553485,5126.076015832981,1.3083039403737677,0.29,26.0,BREAK_SHORT,STOP,2022-10-07 10:25:00,2022-10-07 10:30:00,2022-10-07 12:36:00,1706.8
2022-10-07 14:20:00,2022-10-07 14:25:00,2022-10-07 16:58:00,270858.0,1349378.0,1349531.0,270889.0,-1.0,2.0,1700.0,1701.2822247673914,1690.0,4.205839715910591,0.11,1699.115,1695.3,4.0,1.0,1.0,1.0,0.0,0.0,23.83947244130559,5126.076015832981,5168.041015832981,1.282224767391475,0.29,31.0,BREAK_SHORT,SESSION,2022-10-07 18:20:00,2022-10-07 18:25:00,2022-10-07 20:58:00,1699.26
2022-10-10 07:30:00,2022-10-10 07:35:00,2022-10-10 10:39:00,271052.0,1350343.0,1350527.0,271089.0,-1.0,4.0,1680.0,1681.9887204074273,1670.0,4.24964455737931,0.11,1679.705,1670.0,2.0,1.0,1.0,1.0,1.0,1.0,25.120924481701195,5168.041015832981,5274.796015832981,1.4874408148548006,0.29,37.0,REV_SHORT,TARGET,2022-10-10 11:30:00,2022-10-10 11:35:00,2022-10-10 14:39:00,1679.85
2022-10-10 20:00:00,2022-10-10 20:05:00,2022-10-10 20:21:00,271190.0,1351028.0,1351044.0,271194.0,-1.0,4.0,1670.0,1670.5769636130972,1660.0,4.869687676388836,0.14,1668.775,1670.5769636130972,1.0,1.0,1.0,1.0,0.0,0.0,25.227490583359213,5274.796015832981,5249.568525249621,0.5239272261941114,0.29,4.0,REV_SHORT,STOP,2022-10-11 00:00:00,2022-10-11 00:05:00,2022-10-11 00:21:00,1668.92
2022-10-12 07:40:00,2022-10-12 07:45:00,2022-10-12 08:47:00,271606.0,1353103.0,1353165.0,271619.0,-1.0,4.0,1670.0,1672.1245069669612,1660.0,4.0529159256058795,0.1,1669.725,1672.1245069669612,1.0,1.0,-1.0,1.0,0.0,1.0,23.995069669613258,5249.568525249621,5225.573455580008,1.2940139339223418,0.29,13.0,REV_SHORT,STOP,2022-10-12 11:40:00,2022-10-12 11:45:00,2022-10-12 12:47:00,1669.87
2022-10-12 10:30:00,2022-10-12 10:35:00,2022-10-12 14:34:00,271640.0,1353273.0,1353512.0,271688.0,1.0,3.0,1670.0,1667.0162853519596,1680.0,1.4274457514380863,0.02,1672.365,1674.885,3.0,-1.0,1.0,-1.0,0.0,0.0,10.697429296080827,5225.573455580008,5230.613455580008,2.3274292960807856,0.29,48.0,REV_LONG,TIME,2022-10-12 14:30:00,2022-10-12 14:35:00,2022-10-12 18:34:00,1672.22
2022-10-12 23:15:00,2022-10-12 23:20:00,2022-10-13 01:16:00,271781.0,1353973.0,1354089.0,271805.0,-1.0,2.0,1670.0,1670.713408166572,1660.0,5.74474508003379,0.16,1669.125,1670.713408166572,1.0,1.0,1.0,1.0,0.0,0.0,25.414530665151684,5230.613455580008,5205.198924914856,0.7134081665720451,0.29,24.0,BREAK_SHORT,STOP,2022-10-13 03:15:00,2022-10-13 03:20:00,2022-10-13 05:16:00,1669.27
2022-10-13 21:35:00,2022-10-13 21:40:00,2022-10-13 22:38:00,272037.0,1355248.0,1355306.0,272049.0,1.0,3.0,1660.0,1658.5118527460068,1670.0,3.553102176581699,0.1,1661.035,1670.0,2.0,-1.0,-1.0,1.0,0.0,0.0,25.231472539933293,5205.198924914856,5294.848924914855,0.9992945079864268,0.29,12.0,REV_LONG,TARGET,2022-10-14 01:35:00,2022-10-14 01:40:00,2022-10-14 02:38:00,1660.89
2022-10-14 09:10:00,2022-10-14 09:15:00,2022-10-14 09:47:00,272176.0,1355943.0,1355975.0,272183.0,-1.0,4.0,1660.0,1665.2432564751139,1650.0,1.628937947215297,0.02,1659.445,1650.0,2.0,1.0,1.0,-1.0,0.0,1.0,11.596512950227861,5294.848924914855,5313.738924914855,2.39651295022744,0.29,7.0,REV_SHORT,TARGET,2022-10-14 13:10:00,2022-10-14 13:15:00,2022-10-14 13:47:00,1659.59
2022-10-17 15:15:00,2022-10-17 15:20:00,2022-10-17 16:51:00,272525.0,1357683.0,1357774.0,272544.0,-1.0,2.0,1650.0,1651.0815116784293,1640.0,4.198897942044378,0.06,1648.95,1651.0815116784293,1.0,1.0,1.0,-1.0,0.0,1.0,12.789070070575233,5313.738924914855,5300.94985484428,1.0815116784292753,0.29,19.0,BREAK_SHORT,STOP,2022-10-17 19:15:00,2022-10-17 19:20:00,2022-10-17 20:51:00,1649.095
2022-10-17 22:25:00,2022-10-17 22:30:00,2022-10-17 22:35:00,272599.0,1358048.0,1358053.0,272601.0,-1.0,2.0,1650.0,1650.8926777535066,1640.0,6.9643598249508205,0.09,1649.525,1650.8926777535066,1.0,1.0,1.0,-1.0,0.0,1.0,12.30909978155887,5300.94985484428,5288.640755062721,0.8926777535065595,0.29,2.0,BREAK_SHORT,STOP,2022-10-18 02:25:00,2022-10-18 02:30:00,2022-10-18 02:35:00,1649.67
2022-10-18 05:00:00,2022-10-18 05:05:00,2022-10-18 09:04:00,272678.0,1358443.0,1358682.0,272726.0,1.0,3.0,1650.0,1647.928777864677,1660.0,3.8946207895996237,0.1,1650.395,1655.435,3.0,-1.0,-1.0,1.0,0.0,0.0,24.662221353230507,5288.640755062721,5339.040755062721,1.4944442706459276,0.29,48.0,REV_LONG,TIME,2022-10-18 09:00:00,2022-10-18 09:05:00,2022-10-18 13:04:00,1650.25
2022-10-19 03:15:00,2022-10-19 03:20:00,2022-10-19 03:41:00,272933.0,1359713.0,1359734.0,272938.0,-1.0,2.0,1640.0,1641.299321644441,1630.0,2.9242999010743262,0.09,1638.42,1641.299321644441,1.0,1.0,1.0,1.0,0.0,0.0,25.913894799969057,5339.040755062721,5313.1268602627515,1.2993216444411608,0.29,5.0,BREAK_SHORT,STOP,2022-10-19 07:15:00,2022-10-19 07:20:00,2022-10-19 07:41:00,1638.565
2022-10-20 10:35:00,2022-10-20 10:40:00,2022-10-20 12:27:00,273297.0,1361528.0,1361635.0,273319.0,1.0,1.0,1640.0,1637.9923677431361,1650.0,2.1411947187184657,0.03,1641.815,1637.9923677431361,1.0,1.0,1.0,-1.0,0.0,0.0,11.467896770591777,5313.1268602627515,5301.65896349216,2.007632256863872,0.29,22.0,BREAK_LONG,STOP,2022-10-20 14:35:00,2022-10-20 14:40:00,2022-10-20 16:27:00,1641.67
2022-10-21 03:15:00,2022-10-21 03:20:00,2022-10-21 07:19:00,273485.0,1362463.0,1362702.0,273533.0,1.0,3.0,1620.0,1616.6427525730337,1630.0,2.5503373146664625,0.03,1620.405,1626.325,3.0,-1.0,-1.0,-1.0,1.0,1.0,11.286742280898807,5301.65896349216,5319.41896349216,1.2654948539326234,0.29,48.0,REV_LONG,TIME,2022-10-21 07:15:00,2022-10-21 07:20:00,2022-10-21 11:19:00,1620.26
2022-10-21 08:25:00,2022-10-21 08:30:00,2022-10-21 08:59:00,273547.0,1362773.0,1362802.0,273553.0,1.0,3.0,1620.0,1618.5095110348107,1630.0,1.5935035738652594,0.03,1622.94,1630.0,2.0,-1.0,-1.0,-1.0,0.0,1.0,13.29146689556819,5319.41896349216,5340.598963492161,1.6509779303785344,0.29,6.0,REV_LONG,TARGET,2022-10-21 12:25:00,2022-10-21 12:30:00,2022-10-21 12:59:00,1622.795
2022-10-21 12:10:00,2022-10-21 12:15:00,2022-10-21 15:18:00,273592.0,1362998.0,1363181.0,273629.0,-1.0,4.0,1650.0,1655.908594424836,1640.0,1.3228991874805962,0.01,1649.06,1655.908594424836,1.0,-1.0,-1.0,-1.0,1.0,1.0,6.848594424836165,5340.598963492161,5333.750369067325,3.517188849672121,0.29,37.0,REV_SHORT,STOP,2022-10-21 16:10:00,2022-10-21 16:15:00,2022-10-21 19:18:00,1649.205
2022-10-24 10:00:00,2022-10-24 10:05:00,2022-10-24 14:04:00,273842.0,1364243.0,1364482.0,273890.0,-1.0,4.0,1650.0,1655.8274865372323,1640.0,1.1295008686455092,0.01,1648.395,1650.08,3.0,-1.0,1.0,-1.0,0.0,1.0,7.4324865372323075,5333.750369067325,5332.065369067324,2.665973074464377,0.29,48.0,REV_SHORT,TIME,2022-10-24 14:00:00,2022-10-24 14:05:00,2022-10-24 18:04:00,1648.54
2022-10-25 08:40:00,2022-10-25 08:45:00,2022-10-25 09:25:00,274102.0,1365538.0,1365578.0,274111.0,1.0,3.0,1640.0,1638.3618427255997,1650.0,3.11510257217493,0.09,1641.19,1650.0,2.0,-1.0,-1.0,1.0,1.0,0.0,25.453415469603442,5332.065369067324,5411.355369067323,1.436314548800669,0.29,9.0,REV_LONG,TARGET,2022-10-25 12:40:00,2022-10-25 12:45:00,2022-10-25 13:25:00,1641.045
2022-10-26 03:50:00,2022-10-26 03:55:00,2022-10-26 04:03:00,274320.0,1366623.0,1366631.0,274322.0,-1.0,4.0,1670.0,1672.3796152512164,1660.0,3.1408723902448297,0.04,1669.39,1672.3796152512164,1.0,-1.0,-1.0,-1.0,1.0,1.0,11.958461004865057,5411.355369067323,5399.396908062458,1.5302305024330596,0.29,2.0,REV_SHORT,STOP,2022-10-26 07:50:00,2022-10-26 07:55:00,2022-10-26 08:03:00,1669.535
2022-10-26 10:20:00,2022-10-26 10:25:00,2022-10-26 11:15:00,274398.0,1367013.0,1367063.0,274409.0,-1.0,4.0,1670.0,1672.0955788855706,1660.0,1.7738470517288076,0.03,1667.7350000000001,1672.0955788855706,1.0,-1.0,-1.0,-1.0,1.0,0.0,13.081736656711426,5399.396908062458,5386.315171405747,2.301157771141326,0.29,11.0,REV_SHORT,STOP,2022-10-26 14:20:00,2022-10-26 14:25:00,2022-10-26 15:15:00,1667.88
2022-10-27 08:40:00,2022-10-27 08:45:00,2022-10-27 12:44:00,274654.0,1368288.0,1368527.0,274702.0,1.0,3.0,1660.0,1653.7310555236709,1670.0,1.3946242912363676,0.03,1660.525,1657.15,3.0,-1.0,-1.0,1.0,0.0,1.0,20.381833428987647,5386.315171405747,5376.190171405747,2.3178889526585738,0.29,48.0,REV_LONG,TIME,2022-10-27 12:40:00,2022-10-27 12:45:00,2022-10-27 16:44:00,1660.38
2022-11-01 14:15:00,2022-11-01 14:20:00,2022-11-01 14:25:00,275549.0,1372748.0,1372753.0,275551.0,1.0,1.0,1650.0,1648.8206287336463,1660.0,5.282764860682076,0.07,1650.6,1648.8206287336463,1.0,1.0,1.0,-1.0,0.0,0.0,12.45559886447495,5376.190171405747,5363.7345725412715,1.1793712663536746,0.29,2.0,BREAK_LONG,STOP,2022-11-01 18:15:00,2022-11-01 18:20:00,2022-11-01 18:25:00,1650.455
2022-11-01 20:40:00,2022-11-01 20:45:00,2022-11-01 21:40:00,275614.0,1373068.0,1373123.0,275626.0,-1.0,4.0,1650.0,1650.8012750848804,1640.0,4.0443192288317515,0.12,1648.66,1650.8012750848804,1.0,-1.0,-1.0,1.0,0.0,0.0,25.695301018564347,5363.7345725412715,5338.039271522707,0.7425501697606631,0.29,12.0,REV_SHORT,STOP,2022-11-02 00:40:00,2022-11-02 00:45:00,2022-11-02 01:40:00,1648.805
2022-11-01 23:00:00,2022-11-01 23:05:00,2022-11-02 03:04:00,275642.0,1373208.0,1373447.0,275690.0,1.0,1.0,1650.0,1649.0713598274172,1660.0,2.2155920066928774,0.03,1652.47,1652.14,3.0,1.0,1.0,-1.0,0.0,0.0,10.195920517748618,5338.039271522707,5337.049271522707,0.9286401725829228,0.29,48.0,BREAK_LONG,TIME,2022-11-02 03:00:00,2022-11-02 03:05:00,2022-11-02 07:04:00,1652.325
2022-11-02 13:55:00,2022-11-02 14:00:00,2022-11-02 14:01:00,275821.0,1374103.0,1374104.0,275822.0,-1.0,4.0,1650.0,1651.0580221521068,1640.0,4.9038394925912785,0.14,1649.185,1651.0580221521068,1.0,-1.0,1.0,1.0,0.0,1.0,26.222310129495785,5337.049271522707,5310.826961393212,0.9530443042134078,0.29,1.0,REV_SHORT,STOP,2022-11-02 17:55:00,2022-11-02 18:00:00,2022-11-02 18:01:00,1649.33
2022-11-07 10:00:00,2022-11-07 10:05:00,2022-11-07 14:04:00,276602.0,1377993.0,1378232.0,276650.0,-1.0,4.0,1680.0,1682.0104424073604,1670.0,2.0832036907198854,0.03,1678.115,1676.54,3.0,-1.0,-1.0,-1.0,0.0,0.0,11.686327222081218,5310.826961393212,5315.551961393212,1.8808848147208372,0.29,48.0,REV_SHORT,TIME,2022-11-07 15:00:00,2022-11-07 15:05:00,2022-11-07 19:04:00,1678.26
2022-11-08 14:35:00,2022-11-08 14:40:00,2022-11-08 16:58:00,276933.0,1379643.0,1379781.0,276961.0,1.0,3.0,1710.0,1707.4228247466356,1720.0,1.6190579455743486,0.05,1712.225,1712.435,4.0,1.0,1.0,1.0,1.0,1.0,24.010876266821697,5315.551961393212,5316.601961393212,1.7933505067288527,0.29,28.0,REV_LONG,SESSION,2022-11-08 19:35:00,2022-11-08 19:40:00,2022-11-08 21:58:00,1712.08
2022-11-09 10:45:00,2022-11-09 10:50:00,2022-11-09 13:37:00,277163.0,1380788.0,1380955.0,277197.0,1.0,3.0,1710.0,1706.0761486681813,1720.0,1.3867340012378606,0.02,1711.91,1706.0761486681813,1.0,1.0,1.0,-1.0,0.0,0.0,11.667702663637556,5316.601961393212,5304.934258729574,2.7577026636373665,0.29,34.0,REV_LONG,STOP,2022-11-09 15:45:00,2022-11-09 15:50:00,2022-11-09 18:37:00,1711.765
2022-11-10 01:35:00,2022-11-10 01:40:00,2022-11-10 02:02:00,277329.0,1381613.0,1381635.0,277334.0,1.0,3.0,1710.0,1708.362249498079,1720.0,5.281337120057734,0.14,1710.215,1708.362249498079,1.0,1.0,1.0,1.0,0.0,1.0,25.938507026891333,5304.934258729574,5278.995751702682,0.935501003841568,0.29,5.0,REV_LONG,STOP,2022-11-10 06:35:00,2022-11-10 06:40:00,2022-11-10 07:02:00,1710.07
2022-11-14 19:00:00,2022-11-14 19:05:00,2022-11-14 19:12:00,278078.0,1385343.0,1385350.0,278080.0,1.0,3.0,1770.0,1768.919902232496,1780.0,7.621988184622931,0.2,1770.205,1768.919902232496,1.0,1.0,-1.0,1.0,0.0,1.0,25.7019553500777,5278.995751702682,5253.293796352605,0.6001955350077456,0.29,2.0,REV_LONG,STOP,2022-11-15 00:00:00,2022-11-15 00:05:00,2022-11-15 00:12:00,1770.06
2022-11-15 09:50:00,2022-11-15 09:55:00,2022-11-15 13:38:00,278256.0,1386233.0,1386456.0,278301.0,1.0,3.0,1770.0,1766.895619305638,1780.0,2.109443983523723,0.06,1771.11,1780.0,2.0,1.0,-1.0,1.0,0.0,1.0,25.28628416617084,5253.293796352605,5306.633796352606,2.746761388724035,0.29,45.0,REV_LONG,TARGET,2022-11-15 14:50:00,2022-11-15 14:55:00,2022-11-15 18:38:00,1770.965
2022-11-17 09:00:00,2022-11-17 09:05:00,2022-11-17 10:28:00,278798.0,1388933.0,1389016.0,278815.0,-1.0,2.0,1760.0,1762.4365109709252,1750.0,1.1253503638153335,0.04,1756.585,1762.4365109709252,1.0,1.0,1.0,1.0,0.0,0.0,23.406043883700477,5306.633796352606,5283.227752468905,2.436510970925151,0.29,17.0,BREAK_SHORT,STOP,2022-11-17 14:00:00,2022-11-17 14:05:00,2022-11-17 15:28:00,1756.73
2022-11-18 08:00:00,2022-11-18 08:05:00,2022-11-18 09:27:00,279062.0,1390248.0,1390330.0,279079.0,1.0,3.0,1760.0,1757.6657346735187,1770.0,3.2689971092071217,0.04,1760.555,1757.6657346735187,1.0,-1.0,-1.0,-1.0,0.0,1.0,11.557061305925345,5283.227752468905,5271.67069116298,1.1285306529624781,0.29,17.0,REV_LONG,STOP,2022-11-18 13:00:00,2022-11-18 13:05:00,2022-11-18 14:27:00,1760.41
2022-11-18 14:05:00,2022-11-18 14:10:00,2022-11-18 16:56:00,279135.0,1390613.0,1390779.0,279169.0,-1.0,2.0,1750.0,1750.915265006892,1740.0,3.960886517169986,0.11,1748.715,1750.915265006892,1.0,1.0,1.0,1.0,0.0,0.0,24.202915075813053,5271.67069116298,5247.467776087167,0.9152650068920491,0.29,34.0,BREAK_SHORT,STOP,2022-11-18 19:05:00,2022-11-18 19:10:00,2022-11-18 21:56:00,1748.86
2022-11-22 12:45:00,2022-11-22 12:50:00,2022-11-22 16:00:00,279671.0,1393283.0,1393473.0,279710.0,-1.0,2.0,1740.0,1740.873733879177,1730.0,5.165178322849558,0.07,1739.1100000000001,1740.873733879177,1.0,1.0,1.0,-1.0,0.0,1.0,12.346137154238477,5247.467776087167,5235.121638932929,0.8737338791769835,0.29,39.0,BREAK_SHORT,STOP,2022-11-22 17:45:00,2022-11-22 17:50:00,2022-11-22 21:00:00,1739.255
2022-11-22 20:50:00,2022-11-22 20:55:00,2022-11-22 20:57:00,279756.0,1393703.0,1393705.0,279757.0,-1.0,2.0,1740.0,1740.6538857199077,1730.0,7.565003640928067,0.1,1739.41,1740.6538857199077,1.0,1.0,1.0,-1.0,0.0,1.0,12.438857199076665,5235.121638932929,5222.682781733853,0.6538857199078182,0.29,1.0,BREAK_SHORT,STOP,2022-11-23 01:50:00,2022-11-23 01:55:00,2022-11-23 01:57:00,1739.555
2022-11-22 22:40:00,2022-11-22 22:45:00,2022-11-23 02:17:00,279778.0,1393813.0,1394025.0,279821.0,-1.0,2.0,1740.0,1740.6656006823625,1730.0,5.622126017429608,0.08,1739.055,1740.6656006823625,1.0,1.0,1.0,-1.0,0.0,0.0,12.884805458899793,5222.682781733853,5209.797976274953,0.6656006823625438,0.29,43.0,BREAK_SHORT,STOP,2022-11-23 03:40:00,2022-11-23 03:45:00,2022-11-23 07:17:00,1739.2
2022-11-23 04:15:00,2022-11-23 04:20:00,2022-11-23 08:19:00,279845.0,1394148.0,1394387.0,279893.0,-1.0,2.0,1740.0,1741.2759851137619,1730.0,2.267468488576059,0.03,1737.825,1736.485,3.0,1.0,1.0,-1.0,0.0,0.0,10.352955341285451,5209.797976274953,5213.817976274953,1.2759851137618978,0.29,48.0,BREAK_SHORT,TIME,2022-11-23 09:15:00,2022-11-23 09:20:00,2022-11-23 13:19:00,1737.97
2022-11-27 20:25:00,2022-11-27 20:30:00,2022-11-27 23:24:00,280579.0,1397803.0,1397977.0,280614.0,-1.0,2.0,1750.0,1751.035192627212,1740.0,4.229471700785791,0.12,1748.925,1751.035192627212,1.0,1.0,1.0,1.0,0.0,0.0,25.322311526543672,5213.817976274953,5188.49566474841,1.0351926272119243,0.29,35.0,BREAK_SHORT,STOP,2022-11-28 01:25:00,2022-11-28 01:30:00,2022-11-28 04:24:00,1749.07
2022-11-28 00:40:00,2022-11-28 00:45:00,2022-11-28 00:47:00,280630.0,1398058.0,1398060.0,280631.0,1.0,3.0,1750.0,1749.0049908660706,1760.0,6.209798872219876,0.08,1750.53,1749.0049908660706,1.0,-1.0,-1.0,-1.0,0.0,1.0,12.200073071435327,5188.49566474841,5176.295591676974,0.8060182678587093,0.29,1.0,REV_LONG,STOP,2022-11-28 05:40:00,2022-11-28 05:45:00,2022-11-28 05:47:00,1750.385
2022-11-29 09:35:00,2022-11-29 09:40:00,2022-11-29 13:39:00,281013.0,1399968.0,1400207.0,281061.0,1.0,3.0,1750.0,1746.1734245445762,1760.0,1.8946628362634734,0.02,1750.95,1750.15,3.0,-1.0,-1.0,-1.0,0.0,1.0,9.553150910847762,5176.295591676974,5174.695591676975,1.6531509108478415,0.29,48.0,REV_LONG,TIME,2022-11-29 14:35:00,2022-11-29 14:40:00,2022-11-29 18:39:00,1750.805
2022-12-01 11:55:00,2022-12-01 12:00:00,2022-12-01 15:59:00,281593.0,1402858.0,1403097.0,281641.0,1.0,1.0,1800.0,1798.1823687716917,1810.0,1.7594323672310697,0.06,1802.465,1803.345,3.0,1.0,1.0,1.0,0.0,0.0,25.69578736984931,5174.695591676975,5179.9755916769755,1.8176312283083476,0.29,48.0,BREAK_LONG,TIME,2022-12-01 16:55:00,2022-12-01 17:00:00,2022-12-01 20:59:00,1802.32
2022-12-02 08:45:00,2022-12-02 08:50:00,2022-12-02 11:27:00,281831.0,1404043.0,1404200.0,281863.0,1.0,3.0,1780.0,1777.0443523761376,1790.0,1.4745071774530232,0.04,1782.28,1790.0,2.0,-1.0,-1.0,1.0,1.0,0.0,20.942590495449622,5179.9755916769755,5210.855591676976,3.0012952477250248,0.29,32.0,REV_LONG,TARGET,2022-12-02 13:45:00,2022-12-02 13:50:00,2022-12-02 16:27:00,1782.135
2022-12-06 08:35:00,2022-12-06 08:40:00,2022-12-06 12:39:00,282381.0,1406783.0,1407022.0,282429.0,-1.0,4.0,1780.0,1781.4347422032638,1770.0,4.221958176730081,0.05,1779.2450000000001,1771.785,3.0,1.0,-1.0,-1.0,1.0,0.0,10.948711016318386,5210.855591676976,5248.155591676976,1.2594844065273445,0.29,48.0,REV_SHORT,TIME,2022-12-06 13:35:00,2022-12-06 13:40:00,2022-12-06 17:39:00,1779.39
2022-12-06 20:00:00,2022-12-06 20:05:00,2022-12-06 20:10:00,282506.0,1407403.0,1407408.0,282508.0,1.0,3.0,1770.0,1768.9558995277844,1780.0,7.771421118429054,0.1,1770.215,1768.9558995277844,1.0,-1.0,-1.0,-1.0,0.0,1.0,12.591004722155505,5248.155591676976,5235.56458695482,0.62720094443164,0.29,2.0,REV_LONG,STOP,2022-12-07 01:00:00,2022-12-07 01:05:00,2022-12-07 01:10:00,1770.07
2022-12-07 14:55:00,2022-12-07 15:00:00,2022-12-07 16:58:00,282733.0,1408538.0,1408656.0,282757.0,-1.0,4.0,1790.0,1791.1124737432817,1780.0,6.445674534178277,0.08,1789.6200000000001,1786.285,4.0,-1.0,-1.0,-1.0,1.0,0.0,11.939789946252858,5235.56458695482,5262.24458695482,1.0549474865632358,0.29,24.0,REV_SHORT,SESSION,2022-12-07 19:55:00,2022-12-07 20:00:00,2022-12-07 21:58:00,1789.765
2022-12-08 13:50:00,2022-12-08 13:55:00,2022-12-08 16:58:00,282996.0,1409848.0,1410031.0,283033.0,-1.0,4.0,1790.0,1792.7003332933416,1780.0,3.1567750795040657,0.04,1789.645,1789.24,4.0,-1.0,-1.0,-1.0,0.0,1.0,12.221333173366475,5262.24458695482,5263.86458695482,1.0506665866833664,0.29,37.0,REV_SHORT,SESSION,2022-12-08 18:50:00,2022-12-08 18:55:00,2022-12-08 21:58:00,1789.79
2022-12-08 20:15:00,2022-12-08 20:20:00,2022-12-09 00:19:00,283061.0,1410168.0,1410407.0,283109.0,1.0,1.0,1790.0,1789.2422134406688,1800.0,1.4601673128487944,0.06,1793.615,1796.78,3.0,1.0,1.0,1.0,0.0,0.0,26.23671935598713,5263.86458695482,5282.85458695482,0.7577865593310932,0.29,48.0,BREAK_LONG,TIME,2022-12-09 01:15:00,2022-12-09 01:20:00,2022-12-09 05:19:00,1793.47
2022-12-09 11:35:00,2022-12-09 11:40:00,2022-12-09 13:02:00,283245.0,1411088.0,1411170.0,283262.0,1.0,1.0,1800.0,1798.0546653587764,1810.0,1.2665229922573187,0.05,1803.325,1798.0546653587764,1.0,1.0,1.0,1.0,0.0,0.0,26.351673206117994,5282.85458695482,5256.502913748702,1.9453346412235168,0.29,17.0,BREAK_LONG,STOP,2022-12-09 16:35:00,2022-12-09 16:40:00,2022-12-09 18:02:00,1803.18
2022-12-12 08:05:00,2022-12-12 08:10:00,2022-12-12 08:56:00,283479.0,1412253.0,1412299.0,283489.0,1.0,3.0,1790.0,1787.7496451992865,1800.0,3.429939622052597,0.09,1790.5149999999999,1787.7496451992865,1.0,-1.0,-1.0,1.0,0.0,1.0,24.888193206420052,5256.502913748702,5231.614720542282,1.0107096014269918,0.29,10.0,REV_LONG,STOP,2022-12-12 13:05:00,2022-12-12 13:10:00,2022-12-12 13:56:00,1790.37
2022-12-13 23:10:00,2022-12-13 23:15:00,2022-12-13 23:24:00,283924.0,1414468.0,1414477.0,283926.0,1.0,3.0,1810.0,1809.2747467225684,1820.0,9.669204983677368,0.26,1810.28,1809.2747467225684,1.0,1.0,-1.0,1.0,0.0,0.0,26.136585213222137,5231.614720542282,5205.47813532906,0.6905065548629411,0.29,2.0,REV_LONG,STOP,2022-12-14 04:10:00,2022-12-14 04:15:00,2022-12-14 04:24:00,1810.135
2022-12-14 15:15:00,2022-12-14 15:20:00,2022-12-14 16:58:00,284117.0,1415433.0,1415531.0,284137.0,-1.0,4.0,1810.0,1816.1580217569888,1800.0,1.4638560766848896,0.01,1809.6,1807.56,4.0,-1.0,-1.0,-1.0,0.0,1.0,6.558021756988865,5205.47813532906,5207.51813532906,3.786043513977433,0.29,20.0,REV_SHORT,SESSION,2022-12-14 20:15:00,2022-12-14 20:20:00,2022-12-14 21:58:00,1809.745
2022-12-15 06:55:00,2022-12-15 07:00:00,2022-12-15 09:14:00,284293.0,1416308.0,1416442.0,284320.0,-1.0,4.0,1780.0,1781.7091782368673,1770.0,3.0527711608277808,0.09,1778.82,1781.7091782368673,1.0,1.0,1.0,1.0,1.0,0.0,26.002604131806038,5207.51813532906,5181.515531197254,1.398356473734529,0.29,27.0,REV_SHORT,STOP,2022-12-15 11:55:00,2022-12-15 12:00:00,2022-12-15 14:14:00,1778.965
2022-12-16 02:55:00,2022-12-16 03:00:00,2022-12-16 05:20:00,284521.0,1417443.0,1417583.0,284550.0,-1.0,2.0,1780.0,1781.0553596832713,1770.0,1.87873027399712,0.06,1777.215,1781.0553596832713,1.0,1.0,1.0,1.0,0.0,0.0,23.042158099628068,5181.515531197254,5158.473373097626,1.0553596832711796,0.29,29.0,BREAK_SHORT,STOP,2022-12-16 07:55:00,2022-12-16 08:00:00,2022-12-16 10:20:00,1777.36
2022-12-16 10:10:00,2022-12-16 10:15:00,2022-12-16 14:14:00,284608.0,1417878.0,1418117.0,284656.0,-1.0,4.0,1790.0,1794.987178372892,1780.0,1.5830261342726863,0.04,1789.185,1791.15,3.0,-1.0,-1.0,1.0,1.0,1.0,23.208713491568233,5158.473373097626,5150.613373097625,2.1543567457839634,0.29,48.0,REV_SHORT,TIME,2022-12-16 15:10:00,2022-12-16 15:15:00,2022-12-16 19:14:00,1789.33
2022-12-20 00:45:00,2022-12-20 00:50:00,2022-12-20 01:25:00,285047.0,1420063.0,1420098.0,285055.0,-1.0,2.0,1790.0,1791.2916595841034,1780.0,2.170336557289465,0.03,1787.73,1791.2916595841034,1.0,1.0,1.0,-1.0,0.0,0.0,10.684978752310144,5150.613373097625,5139.928394345316,1.2916595841033944,0.29,8.0,BREAK_SHORT,STOP,2022-12-20 05:45:00,2022-12-20 05:50:00,2022-12-20 06:25:00,1787.875
2022-12-20 10:20:00,2022-12-20 10:25:00,2022-12-20 14:24:00,285162.0,1420638.0,1420877.0,285210.0,-1.0,4.0,1820.0,1822.2364170251878,1810.0,1.6420460430663868,0.02,1817.605,1816.74,3.0,-1.0,-1.0,-1.0,1.0,0.0,9.262834050375659,5139.928394345316,5141.658394345316,2.1928340503754256,0.29,48.0,REV_SHORT,TIME,2022-12-20 15:20:00,2022-12-20 15:25:00,2022-12-20 19:24:00,1817.75
2022-12-21 10:10:00,2022-12-21 10:15:00,2022-12-21 10:37:00,285436.0,1422003.0,1422025.0,285441.0,-1.0,4.0,1820.0,1821.647932270794,1810.0,1.9920716469127469,0.06,1817.755,1821.647932270794,1.0,-1.0,-1.0,1.0,0.0,1.0,23.357593624763012,5141.658394345316,5118.3008007205535,1.5658645415880401,0.29,5.0,REV_SHORT,STOP,2022-12-21 15:10:00,2022-12-21 15:15:00,2022-12-21 15:37:00,1817.9
2022-12-30 07:35:00,2022-12-30 07:40:00,2022-12-30 08:44:00,286989.0,1429741.0,1429805.0,287002.0,-1.0,4.0,1820.0,1821.6883774533728,1810.0,3.956109734112448,0.05,1819.33,1821.6883774533728,1.0,-1.0,-1.0,-1.0,0.0,1.0,11.791887266864478,5118.3008007205535,5106.508913453689,1.016754906745679,0.29,13.0,REV_SHORT,STOP,2022-12-30 12:35:00,2022-12-30 12:40:00,2022-12-30 13:44:00,1819.475
2022-12-30 12:30:00,2022-12-30 12:35:00,2022-12-30 12:44:00,287048.0,1430036.0,1430045.0,287050.0,-1.0,4.0,1820.0,1821.5973197016515,1810.0,5.21067709583669,0.06,1819.73,1821.5973197016515,1.0,-1.0,-1.0,-1.0,0.0,0.0,11.203918209908807,5106.508913453689,5095.3049952437805,1.494639403303025,0.29,2.0,REV_SHORT,STOP,2022-12-30 17:30:00,2022-12-30 17:35:00,2022-12-30 17:44:00,1819.875
2023-01-03 08:25:00,2023-01-03 08:30:00,2023-01-03 09:28:00,287203.0,1430809.0,1430867.0,287215.0,-1.0,4.0,1840.0,1841.413074754501,1830.0,3.7493631786211448,0.1,1839.01,1841.413074754501,1.0,-1.0,-1.0,1.0,0.0,0.0,24.03074754500949,5095.3049952437805,5071.274247698771,1.7141495090017926,0.29,12.0,REV_SHORT,STOP,2023-01-03 13:25:00,2023-01-03 13:30:00,2023-01-03 14:28:00,1839.155
2023-01-03 10:40:00,2023-01-03 10:45:00,2023-01-03 13:30:00,287230.0,1430944.0,1431109.0,287264.0,1.0,3.0,1830.0,1826.1916903380186,1840.0,2.269547053649662,0.03,1830.415,1840.0,2.0,1.0,-1.0,-1.0,1.0,0.0,12.669928985944123,5071.274247698771,5100.0292476987715,2.906619323962986,0.29,34.0,REV_LONG,TARGET,2023-01-03 15:40:00,2023-01-03 15:45:00,2023-01-03 18:30:00,1830.27
2023-01-04 02:25:00,2023-01-04 02:30:00,2023-01-04 03:17:00,287407.0,1431824.0,1431871.0,287417.0,1.0,1.0,1850.0,1848.7608669215779,1860.0,1.5635930473322106,0.02,1853.145,1860.0,2.0,1.0,1.0,-1.0,0.0,0.0,8.76826615684422,5100.0292476987715,5113.739247698772,1.2391330784220387,0.29,10.0,BREAK_LONG,TARGET,2023-01-04 07:25:00,2023-01-04 07:30:00,2023-01-04 08:17:00,1853.0
2023-01-04 07:05:00,2023-01-04 07:10:00,2023-01-04 08:32:00,287463.0,1432104.0,1432186.0,287480.0,-1.0,4.0,1860.0,1861.2484241084628,1850.0,3.0484906800949605,0.04,1858.47,1861.2484241084628,1.0,-1.0,-1.0,-1.0,1.0,0.0,11.113696433851146,5113.739247698772,5102.62555126492,1.316848216925799,0.29,17.0,REV_SHORT,STOP,2023-01-04 12:05:00,2023-01-04 12:10:00,2023-01-04 13:32:00,1858.615
2023-01-04 10:20:00,2023-01-04 10:25:00,2023-01-04 11:47:00,287502.0,1432299.0,1432381.0,287519.0,1.0,3.0,1850.0,1847.8093359575823,1860.0,3.714713064973076,0.09,1850.395,1860.0,2.0,1.0,-1.0,1.0,0.0,0.0,23.270976381758825,5102.62555126492,5189.07055126492,2.5713280848353035,0.29,17.0,REV_LONG,TARGET,2023-01-04 15:20:00,2023-01-04 15:25:00,2023-01-04 16:47:00,1850.25
2023-01-05 05:45:00,2023-01-05 05:50:00,2023-01-05 08:48:00,287723.0,1433399.0,1433577.0,287759.0,-1.0,4.0,1850.0,1852.114252412867,1840.0,3.9765802218510697,0.05,1849.68,1840.0,2.0,-1.0,1.0,-1.0,0.0,1.0,12.17126206433477,5189.07055126492,5237.470551264921,1.4185048257340838,0.29,36.0,REV_SHORT,TARGET,2023-01-05 10:45:00,2023-01-05 10:50:00,2023-01-05 13:48:00,1849.825
2023-01-05 10:40:00,2023-01-05 10:45:00,2023-01-05 12:10:00,287782.0,1433694.0,1433779.0,287800.0,-1.0,2.0,1830.0,1832.6686281782847,1820.0,1.2231013819360934,0.04,1826.97,1832.6686281782847,1.0,1.0,1.0,1.0,0.0,0.0,22.79451271313883,5237.470551264921,5214.676038551782,2.668628178284754,0.29,18.0,BREAK_SHORT,STOP,2023-01-05 15:40:00,2023-01-05 15:45:00,2023-01-05 17:10:00,1827.115
2023-01-05 21:20:00,2023-01-05 21:25:00,2023-01-05 22:16:00,287898.0,1434269.0,1434320.0,287909.0,-1.0,4.0,1840.0,1840.862622373363,1830.0,5.612976025112896,0.15,1839.22,1840.862622373363,1.0,1.0,-1.0,1.0,1.0,0.0,24.639335600443246,5214.676038551782,5190.036702951338,1.0352447467256938,0.29,11.0,REV_SHORT,STOP,2023-01-06 02:20:00,2023-01-06 02:25:00,2023-01-06 03:16:00,1839.365
2023-01-09 02:25:00,2023-01-09 02:30:00,2023-01-09 06:29:00,288235.0,1435949.0,1436188.0,288283.0,-1.0,4.0,1880.0,1881.564983025799,1870.0,2.7918188160308928,0.04,1878.515,1872.025,3.0,-1.0,-1.0,-1.0,0.0,1.0,12.199932103195351,5190.036702951338,5215.996702951338,1.08996605159807,0.29,48.0,REV_SHORT,TIME,2023-01-09 07:25:00,2023-01-09 07:30:00,2023-01-09 11:29:00,1878.66
2023-01-11 00:20:00,2023-01-11 00:25:00,2023-01-11 00:33:00,288762.0,1438574.0,1438582.0,288764.0,-1.0,4.0,1880.0,1880.9649506211574,1870.0,5.940059059013317,0.08,1879.385,1880.9649506211574,1.0,-1.0,-1.0,-1.0,0.0,0.0,12.63960496925938,5215.996702951338,5203.357097982079,0.7699012423149613,0.29,2.0,REV_SHORT,STOP,2023-01-11 05:20:00,2023-01-11 05:25:00,2023-01-11 05:33:00,1879.53
2023-01-11 21:10:00,2023-01-11 21:15:00,2023-01-12 01:14:00,289000.0,1439759.0,1439998.0,289048.0,1.0,1.0,1880.0,1879.1826850167297,1890.0,5.373192418550767,0.15,1880.8799999999999,1883.91,3.0,1.0,1.0,1.0,0.0,0.0,25.459724749052835,5203.357097982079,5248.807097982082,0.8173149832703498,0.29,48.0,BREAK_LONG,TIME,2023-01-12 02:10:00,2023-01-12 02:15:00,2023-01-12 06:14:00,1880.735
2023-01-12 11:30:00,2023-01-12 11:35:00,2023-01-12 15:34:00,289172.0,1440619.0,1440858.0,289220.0,1.0,1.0,1890.0,1887.364691658147,1900.0,2.0815507733603797,0.06,1891.465,1896.2450000000001,3.0,1.0,1.0,1.0,0.0,0.0,24.601850051117708,5248.807097982082,5277.4870979820835,2.6353083418529306,0.29,48.0,BREAK_LONG,TIME,2023-01-12 16:30:00,2023-01-12 16:35:00,2023-01-12 20:34:00,1891.32
2023-01-13 13:55:00,2023-01-13 14:00:00,2023-01-13 16:58:00,289477.0,1442139.0,1442317.0,289513.0,-1.0,4.0,1920.0,1922.620826871097,1910.0,2.840989609681827,0.04,1919.335,1920.46,4.0,-1.0,-1.0,-1.0,1.0,1.0,13.143307484388062,5277.4870979820835,5272.9870979820835,1.421653742194128,0.29,36.0,REV_SHORT,SESSION,2023-01-13 18:55:00,2023-01-13 19:00:00,2023-01-13 21:58:00,1919.48
2023-01-17 00:50:00,2023-01-17 00:55:00,2023-01-17 01:48:00,289872.0,1444104.0,1444157.0,289883.0,1.0,3.0,1910.0,1908.7057823524378,1920.0,5.569393737655875,0.15,1910.425,1908.7057823524378,1.0,1.0,-1.0,1.0,0.0,1.0,25.78826471343177,5272.9870979820835,5247.1988332686515,0.888435295124546,0.29,11.0,REV_LONG,STOP,2023-01-17 05:50:00,2023-01-17 05:55:00,2023-01-17 06:48:00,1910.28
2023-01-17 03:55:00,2023-01-17 04:00:00,2023-01-17 06:56:00,289909.0,1444289.0,1444465.0,289945.0,-1.0,4.0,1910.0,1911.5415219418437,1900.0,4.058694255868869,0.05,1909.26,1911.5415219418437,1.0,1.0,1.0,-1.0,0.0,0.0,11.407609709218605,5247.1988332686515,5235.791223559433,1.1630438836872747,0.29,36.0,REV_SHORT,STOP,2023-01-17 08:55:00,2023-01-17 09:00:00,2023-01-17 11:56:00,1909.405
2023-01-19 10:45:00,2023-01-19 10:50:00,2023-01-19 13:40:00,290543.0,1447449.0,1447619.0,290578.0,-1.0,4.0,1920.0,1924.3110609223295,1910.0,2.1480134487499316,0.02,1919.765,1924.3110609223295,1.0,-1.0,-1.0,-1.0,1.0,1.0,9.092121844658777,5235.791223559433,5226.699101714774,1.9321218446587258,0.29,35.0,REV_SHORT,STOP,2023-01-19 15:45:00,2023-01-19 15:50:00,2023-01-19 18:40:00,1919.91
2023-01-24 23:50:00,2023-01-24 23:55:00,2023-01-24 23:59:00,291516.0,1452294.0,1452298.0,291517.0,1.0,3.0,1930.0,1928.9964488072997,1940.0,5.275009956085486,0.14,1930.75,1928.9964488072997,1.0,-1.0,-1.0,1.0,1.0,0.0,24.5497166978048,5226.699101714774,5202.149385016969,1.167102385400479,0.29,1.0,REV_LONG,STOP,2023-01-25 04:50:00,2023-01-25 04:55:00,2023-01-25 04:59:00,1930.605
2023-01-25 11:15:00,2023-01-25 11:20:00,2023-01-25 12:38:00,291653.0,1452979.0,1453057.0,291669.0,1.0,3.0,1930.0,1927.7820845110825,1940.0,1.8295865262478284,0.06,1932.1,1940.0,2.0,1.0,1.0,1.0,0.0,1.0,25.907492933504273,5202.149385016969,5249.54938501697,2.305830977835039,0.29,16.0,REV_LONG,TARGET,2023-01-25 16:15:00,2023-01-25 16:20:00,2023-01-25 17:38:00,1931.955
2023-01-26 02:20:00,2023-01-26 02:25:00,2023-01-26 04:18:00,291822.0,1453819.0,1453932.0,291845.0,1.0,3.0,1940.0,1937.2909678041535,1950.0,2.3541631580165134,0.06,1941.08,1937.2909678041535,1.0,1.0,-1.0,1.0,1.0,0.0,22.734193175078417,5249.54938501697,5226.815191841892,1.5180643916930243,0.29,23.0,REV_LONG,STOP,2023-01-26 07:20:00,2023-01-26 07:25:00,2023-01-26 09:18:00,1940.935
2023-01-26 21:00:00,2023-01-26 21:05:00,2023-01-26 21:19:00,292034.0,1454874.0,1454888.0,292037.0,1.0,3.0,1930.0,1929.1970391423527,1940.0,9.163084350591653,0.24,1930.26,1929.1970391423527,1.0,-1.0,-1.0,1.0,0.0,0.0,25.51106058353616,5226.815191841892,5201.3041312583555,0.9459217152947292,0.29,3.0,REV_LONG,STOP,2023-01-27 02:00:00,2023-01-27 02:05:00,2023-01-27 02:19:00,1930.115
2023-01-27 09:00:00,2023-01-27 09:05:00,2023-01-27 09:10:00,292178.0,1455594.0,1455599.0,292180.0,1.0,3.0,1930.0,1927.667910944718,1940.0,2.7746412315710742,0.03,1930.935,1927.667910944718,1.0,-1.0,1.0,-1.0,0.0,0.0,9.801267165845957,5201.3041312583555,5191.502864092509,1.7341781105643128,0.29,2.0,REV_LONG,STOP,2023-01-27 14:00:00,2023-01-27 14:05:00,2023-01-27 14:10:00,1930.79
2023-01-31 09:00:00,2023-01-31 09:05:00,2023-01-31 09:27:00,292730.0,1458344.0,1458366.0,292735.0,-1.0,4.0,1920.0,1922.542920656597,1910.0,2.555329577251865,0.07,1919.015,1922.542920656597,1.0,1.0,-1.0,1.0,0.0,0.0,24.695444596178735,5191.502864092509,5166.80741949633,2.685841313194047,0.29,5.0,REV_SHORT,STOP,2023-01-31 14:00:00,2023-01-31 14:05:00,2023-01-31 14:27:00,1919.16
2023-02-03 06:20:00,2023-02-03 06:25:00,2023-02-03 08:31:00,293526.0,1462309.0,1462435.0,293552.0,1.0,3.0,1910.0,1908.6594675229687,1920.0,1.9567035463637072,0.06,1912.495,1908.6594675229687,1.0,-1.0,-1.0,1.0,0.0,0.0,23.013194862186992,5166.80741949633,5143.794224634143,1.3310649540626385,0.29,26.0,REV_LONG,STOP,2023-02-03 11:20:00,2023-02-03 11:25:00,2023-02-03 13:31:00,1912.35
2023-02-06 14:25:00,2023-02-06 14:30:00,2023-02-06 16:58:00,293899.0,1464169.0,1464317.0,293929.0,-1.0,4.0,1870.0,1872.012482175708,1860.0,4.139068995068934,0.11,1869.675,1867.92,4.0,1.0,1.0,1.0,0.0,1.0,25.71230393278961,5143.794224634143,5163.099224634141,1.3149643514161733,0.29,30.0,REV_SHORT,SESSION,2023-02-06 19:25:00,2023-02-06 19:30:00,2023-02-06 21:58:00,1869.82
2023-02-07 06:25:00,2023-02-07 06:30:00,2023-02-07 07:14:00,294079.0,1465064.0,1465108.0,294088.0,-1.0,2.0,1870.0,1871.391543269061,1860.0,2.8271048794981684,0.08,1868.415,1871.391543269061,1.0,1.0,1.0,1.0,0.0,1.0,23.812346152488317,5163.099224634141,5139.286878481653,1.3915432690610392,0.29,9.0,BREAK_SHORT,STOP,2023-02-07 11:25:00,2023-02-07 11:30:00,2023-02-07 12:14:00,1868.56
2023-02-07 09:50:00,2023-02-07 09:55:00,2023-02-07 09:57:00,294120.0,1465269.0,1465271.0,294121.0,-1.0,4.0,1870.0,1871.9293021107337,1860.0,3.2615272088682685,0.09,1869.13,1871.9293021107337,1.0,1.0,1.0,1.0,0.0,0.0,25.193718996602456,5139.286878481653,5114.09315948505,1.738604221467617,0.29,1.0,REV_SHORT,STOP,2023-02-07 14:50:00,2023-02-07 14:55:00,2023-02-07 14:57:00,1869.275
2023-02-07 14:00:00,2023-02-07 14:05:00,2023-02-07 16:58:00,294170.0,1465519.0,1465692.0,294205.0,1.0,3.0,1870.0,1863.4567026700895,1880.0,1.0504074965831467,0.01,1871.525,1871.4850000000001,4.0,-1.0,-1.0,-1.0,0.0,1.0,8.068297329910592,5114.09315948505,5114.05315948505,3.1865946598209285,0.29,35.0,REV_LONG,SESSION,2023-02-07 19:00:00,2023-02-07 19:05:00,2023-02-07 21:58:00,1871.38
2023-02-10 03:15:00,2023-02-10 03:20:00,2023-02-10 07:19:00,294869.0,1468999.0,1469238.0,294917.0,-1.0,4.0,1870.0,1872.6271130250047,1860.0,3.0902658641677396,0.04,1869.54,1864.355,3.0,1.0,-1.0,-1.0,1.0,1.0,12.34845210001913,5114.05315948505,5134.79315948505,2.0352260500094963,0.29,48.0,REV_SHORT,TIME,2023-02-10 08:15:00,2023-02-10 08:20:00,2023-02-10 12:19:00,1869.685
2023-02-12 23:05:00,2023-02-12 23:10:00,2023-02-13 01:05:00,295095.0,1470124.0,1470239.0,295119.0,-1.0,2.0,1860.0,1860.8372931535678,1850.0,7.289872186656092,0.19,1859.53,1860.8372931535678,1.0,1.0,1.0,1.0,0.0,0.0,24.838569917788163,5134.79315948505,5109.954589567262,0.8372931535677213,0.29,24.0,BREAK_SHORT,STOP,2023-02-13 04:05:00,2023-02-13 04:10:00,2023-02-13 06:05:00,1859.675
2023-02-14 01:05:00,2023-02-14 01:10:00,2023-02-14 01:27:00,295395.0,1471619.0,1471636.0,295399.0,-1.0,4.0,1860.0,1860.8250676778737,1850.0,4.011448385973427,0.05,1858.665,1860.8250676778737,1.0,1.0,-1.0,-1.0,0.0,0.0,10.800338389368564,5109.954589567262,5099.1542511778935,0.6901353557474054,0.29,4.0,REV_SHORT,STOP,2023-02-14 06:05:00,2023-02-14 06:10:00,2023-02-14 06:27:00,1858.81
2023-02-14 09:40:00,2023-02-14 09:45:00,2023-02-14 09:56:00,295498.0,1472134.0,1472145.0,295501.0,-1.0,2.0,1850.0,1854.6241705972996,1840.0,1.2711264403264055,0.01,1848.185,1854.6241705972996,1.0,1.0,1.0,-1.0,0.0,1.0,6.439170597299608,5099.1542511778935,5092.715080580594,4.6241705972995115,0.29,3.0,BREAK_SHORT,STOP,2023-02-14 14:40:00,2023-02-14 14:45:00,2023-02-14 14:56:00,1848.33
2023-02-17 11:50:00,2023-02-17 11:55:00,2023-02-17 12:02:00,296352.0,1476389.0,1476396.0,296354.0,-1.0,4.0,1840.0,1841.9215210975372,1830.0,3.6907031812917346,0.1,1839.38,1841.9215210975372,1.0,-1.0,-1.0,1.0,1.0,0.0,25.415210975370428,5092.715080580594,5067.299869605224,2.22304219507451,0.29,2.0,REV_SHORT,STOP,2023-02-17 16:50:00,2023-02-17 16:55:00,2023-02-17 17:02:00,1839.525
2023-02-22 03:10:00,2023-02-22 03:15:00,2023-02-22 07:14:00,297076.0,1479994.0,1480233.0,297124.0,-1.0,4.0,1840.0,1841.8021467457174,1830.0,2.8731796433187626,0.08,1838.755,1839.52,3.0,-1.0,-1.0,1.0,0.0,1.0,24.37717396573862,5067.299869605224,5061.179869605225,1.044293491435138,0.29,48.0,REV_SHORT,TIME,2023-02-22 08:10:00,2023-02-22 08:15:00,2023-02-22 12:14:00,1838.9
2023-02-24 06:50:00,2023-02-24 06:55:00,2023-02-24 07:10:00,297672.0,1482964.0,1482979.0,297676.0,1.0,3.0,1820.0,1816.8302149741212,1830.0,2.9551457296864365,0.03,1820.16,1816.8302149741212,1.0,-1.0,-1.0,-1.0,1.0,1.0,9.989355077636674,5061.179869605225,5051.190514527588,1.2225700517572335,0.29,4.0,REV_LONG,STOP,2023-02-24 11:50:00,2023-02-24 11:55:00,2023-02-24 12:10:00,1820.015
2023-02-28 03:15:00,2023-02-28 03:20:00,2023-02-28 03:54:00,298181.0,1485499.0,1485533.0,298188.0,-1.0,2.0,1810.0,1811.4034180091746,1800.0,1.463783086698417,0.05,1806.775,1811.4034180091746,1.0,1.0,1.0,1.0,0.0,0.0,23.142090045872692,5051.190514527588,5028.048424481715,1.403418009174736,0.29,7.0,BREAK_SHORT,STOP,2023-02-28 08:15:00,2023-02-28 08:20:00,2023-02-28 08:54:00,1806.92
2023-02-28 10:15:00,2023-02-28 10:20:00,2023-02-28 12:28:00,298265.0,1485919.0,1486047.0,298291.0,1.0,1.0,1820.0,1817.7433531314662,1830.0,2.288920925678098,0.06,1821.47,1830.0,2.0,1.0,1.0,1.0,0.0,0.0,22.359881211203174,5028.048424481715,5079.228424481715,2.2566468685339274,0.29,26.0,BREAK_LONG,TARGET,2023-02-28 15:15:00,2023-02-28 15:20:00,2023-02-28 17:28:00,1821.325
2023-03-06 21:25:00,2023-03-06 21:30:00,2023-03-07 01:29:00,299491.0,1492024.0,1492263.0,299539.0,-1.0,4.0,1850.0,1850.9651107136476,1840.0,8.617584136690203,0.11,1849.825,1847.61,3.0,-1.0,-1.0,-1.0,1.0,1.0,12.541217850123305,5079.228424481715,5103.593424481716,0.8402214272952094,0.29,48.0,REV_SHORT,TIME,2023-03-07 02:25:00,2023-03-07 02:30:00,2023-03-07 06:29:00,1849.97
2023-03-07 02:40:00,2023-03-07 02:45:00,2023-03-07 02:49:00,299554.0,1492339.0,1492343.0,299555.0,1.0,1.0,1850.0,1848.9291050525744,1860.0,8.067852210191386,0.2,1850.15,1848.9291050525744,1.0,1.0,1.0,1.0,0.0,1.0,24.41789894851354,5103.593424481716,5079.175525533203,1.0708949474254832,0.29,1.0,BREAK_LONG,STOP,2023-03-07 07:40:00,2023-03-07 07:45:00,2023-03-07 07:49:00,1850.005
2023-03-09 13:15:00,2023-03-09 13:20:00,2023-03-09 13:32:00,300233.0,1495724.0,1495736.0,300236.0,-1.0,4.0,1830.0,1831.5059342364357,1820.0,4.502771936074388,0.06,1829.415,1831.5059342364357,1.0,-1.0,-1.0,-1.0,1.0,1.0,12.545605418614286,5079.175525533203,5066.6299201145885,1.2918684728715624,0.29,3.0,REV_SHORT,STOP,2023-03-09 18:15:00,2023-03-09 18:20:00,2023-03-09 18:32:00,1829.56
2023-03-13 04:25:00,2023-03-13 04:30:00,2023-03-13 04:49:00,300679.0,1497944.0,1497963.0,300683.0,-1.0,4.0,1880.0,1881.5046308348094,1870.0,2.573276386356476,0.03,1878.285,1881.5046308348094,1.0,-1.0,1.0,-1.0,0.0,0.0,9.658892504427968,5066.6299201145885,5056.9710276101605,1.756261669618652,0.29,4.0,REV_SHORT,STOP,2023-03-13 08:25:00,2023-03-13 08:30:00,2023-03-13 08:49:00,1878.43
2023-03-13 07:50:00,2023-03-13 07:55:00,2023-03-13 08:04:00,300720.0,1498149.0,1498158.0,300722.0,1.0,1.0,1890.0,1887.5595099961367,1900.0,2.1651244480040592,0.06,1891.49,1887.5595099961367,1.0,1.0,1.0,1.0,0.0,1.0,23.582940023179617,5056.9710276101605,5033.388087586981,2.4404900038631525,0.29,2.0,BREAK_LONG,STOP,2023-03-13 11:50:00,2023-03-13 11:55:00,2023-03-13 12:04:00,1891.345
2023-03-13 13:20:00,2023-03-13 13:25:00,2023-03-13 16:58:00,300786.0,1498479.0,1498692.0,300829.0,1.0,1.0,1910.0,1907.8702263560301,1920.0,1.9478592733153282,0.06,1911.985,1913.435,4.0,1.0,1.0,1.0,0.0,0.0,24.688641863818702,5033.388087586981,5042.088087586981,2.1297736439698007,0.29,43.0,BREAK_LONG,SESSION,2023-03-13 17:20:00,2023-03-13 17:25:00,2023-03-13 20:58:00,1911.84
2023-03-16 08:55:00,2023-03-16 09:00:00,2023-03-16 09:23:00,301561.0,1502339.0,1502362.0,301566.0,-1.0,4.0,1930.0,1932.9484904930787,1920.0,3.106081981695652,0.07,1929.795,1932.9484904930787,1.0,-1.0,-1.0,1.0,1.0,1.0,22.074433451550252,5042.088087586981,5020.01365413543,2.436980986157293,0.29,5.0,REV_SHORT,STOP,2023-03-16 12:55:00,2023-03-16 13:00:00,2023-03-16 13:23:00,1929.94
2023-03-17 01:10:00,2023-03-17 01:15:00,2023-03-17 01:57:00,301744.0,1503249.0,1503291.0,301753.0,1.0,1.0,1930.0,1929.1096616211028,1940.0,8.110674074518863,0.2,1930.305,1929.1096616211028,1.0,1.0,1.0,1.0,0.0,1.0,23.906767577946088,5020.01365413543,4996.106886557484,0.8903383788973518,0.29,9.0,BREAK_LONG,STOP,2023-03-17 05:10:00,2023-03-17 05:15:00,2023-03-17 05:57:00,1930.16
2023-03-17 04:25:00,2023-03-17 04:30:00,2023-03-17 08:22:00,301783.0,1503444.0,1503676.0,301830.0,1.0,3.0,1930.0,1926.6828238362975,1940.0,2.1503717015753607,0.05,1930.91,1940.0,2.0,1.0,1.0,1.0,0.0,1.0,21.13588081851276,4996.106886557484,5041.556886557484,1.504352327405012,0.29,47.0,REV_LONG,TARGET,2023-03-17 08:25:00,2023-03-17 08:30:00,2023-03-17 12:22:00,1930.765
2023-03-17 09:20:00,2023-03-17 09:25:00,2023-03-17 10:01:00,301842.0,1503739.0,1503775.0,301850.0,-1.0,4.0,1950.0,1952.7347436106254,1940.0,2.0143234203838842,0.02,1948.51,1952.7347436106254,1.0,-1.0,-1.0,-1.0,1.0,1.0,8.44948722125082,5041.556886557484,5033.107399336233,2.2794872212509723,0.29,8.0,REV_SHORT,STOP,2023-03-17 13:20:00,2023-03-17 13:25:00,2023-03-17 14:01:00,1948.655
2023-03-17 10:55:00,2023-03-17 11:00:00,2023-03-17 11:08:00,301861.0,1503834.0,1503842.0,301863.0,1.0,1.0,1960.0,1957.2030023809957,1970.0,1.543124736520984,0.05,1962.235,1957.2030023809957,1.0,1.0,1.0,1.0,0.0,1.0,25.159988095020935,5033.107399336233,5007.947411241213,2.7969976190042516,0.29,2.0,BREAK_LONG,STOP,2023-03-17 14:55:00,2023-03-17 15:00:00,2023-03-17 15:08:00,1962.09
2023-03-20 02:40:00,2023-03-20 02:45:00,2023-03-20 03:06:00,302038.0,1504714.0,1504735.0,302043.0,-1.0,4.0,1990.0,1992.6897802907988,1980.0,3.391261277268506,0.04,1989.8,1992.6897802907988,1.0,-1.0,-1.0,-1.0,1.0,1.0,11.559121163195414,5007.947411241213,4996.388290078017,2.419560581597779,0.29,5.0,REV_SHORT,STOP,2023-03-20 06:40:00,2023-03-20 06:45:00,2023-03-20 07:06:00,1989.945
2023-03-21 16:00:00,2023-03-21 16:05:00,2023-03-21 16:58:00,302474.0,1506889.0,1506942.0,302485.0,-1.0,4.0,1940.0,1941.417782001355,1930.0,4.495178028257487,0.06,1939.34,1940.74,4.0,1.0,1.0,-1.0,1.0,1.0,12.466692008129938,4996.388290078017,4987.988290078017,1.3355640027096771,0.29,11.0,REV_SHORT,SESSION,2023-03-21 20:00:00,2023-03-21 20:05:00,2023-03-21 20:58:00,1939.485
2023-03-22 11:00:00,2023-03-22 11:05:00,2023-03-22 14:01:00,302690.0,1507964.0,1508140.0,302726.0,-1.0,4.0,1950.0,1952.7104245851758,1940.0,2.9285182672507553,0.03,1949.475,1952.7104245851758,1.0,1.0,-1.0,-1.0,1.0,1.0,9.706273755527718,4987.988290078017,4978.282016322489,2.0808491703514034,0.29,36.0,REV_SHORT,STOP,2023-03-22 15:00:00,2023-03-22 15:05:00,2023-03-22 18:01:00,1949.62
2023-03-23 11:10:00,2023-03-23 11:15:00,2023-03-23 12:18:00,302968.0,1509349.0,1509412.0,302981.0,1.0,3.0,1980.0,1976.5247954845715,1990.0,1.5233498972739699,0.04,1981.865,1990.0,2.0,1.0,1.0,1.0,0.0,1.0,21.36081806171387,4978.282016322489,5010.822016322489,2.5104090308566906,0.29,13.0,REV_LONG,TARGET,2023-03-23 15:10:00,2023-03-23 15:15:00,2023-03-23 16:18:00,1981.72
2023-03-24 13:50:00,2023-03-24 13:55:00,2023-03-24 16:58:00,303276.0,1510884.0,1511067.0,303313.0,-1.0,2.0,1980.0,1982.6715210650787,1970.0,3.412825390410744,0.08,1979.8,1979.11,4.0,1.0,1.0,1.0,0.0,1.0,22.972168520629566,5010.822016322489,5016.342016322489,2.6715210650785783,0.29,37.0,BREAK_SHORT,SESSION,2023-03-24 17:50:00,2023-03-24 17:55:00,2023-03-24 20:58:00,1979.945
2023-03-27 06:55:00,2023-03-27 07:00:00,2023-03-27 07:14:00,303469.0,1511844.0,1511858.0,303472.0,-1.0,2.0,1950.0,1952.1053151154406,1940.0,4.355587383700269,0.11,1949.845,1952.1053151154406,1.0,1.0,1.0,1.0,0.0,1.0,24.863466269846185,5016.342016322489,4991.478550052643,2.105315115440674,0.29,3.0,BREAK_SHORT,STOP,2023-03-27 10:55:00,2023-03-27 11:00:00,2023-03-27 11:14:00,1949.99
2023-03-28 10:20:00,2023-03-28 10:25:00,2023-03-28 13:18:00,303786.0,1513424.0,1513597.0,303821.0,1.0,3.0,1960.0,1957.9898355706875,1970.0,2.712381454399571,0.07,1961.225,1970.0,2.0,-1.0,1.0,1.0,0.0,0.0,22.64615100518654,4991.478550052643,5052.903550052644,2.0503288586249067,0.29,35.0,REV_LONG,TARGET,2023-03-28 14:20:00,2023-03-28 14:25:00,2023-03-28 17:18:00,1961.08
2023-03-29 03:15:00,2023-03-29 03:20:00,2023-03-29 07:19:00,303977.0,1514374.0,1514613.0,304025.0,1.0,3.0,1960.0,1958.037360364139,1970.0,1.6479844786426465,0.02,1962.555,1967.525,3.0,-1.0,-1.0,-1.0,1.0,1.0,9.035279271722175,5052.903550052644,5062.843550052645,1.4352792717223544,0.29,48.0,REV_LONG,TIME,2023-03-29 07:15:00,2023-03-29 07:20:00,2023-03-29 11:19:00,1962.41
2023-03-30 10:30:00,2023-03-30 10:35:00,2023-03-30 11:00:00,304340.0,1516184.0,1516209.0,304346.0,-1.0,4.0,1970.0,1972.3051741955055,1960.0,3.094662537003231,0.04,1969.3,1972.3051741955055,1.0,-1.0,-1.0,-1.0,1.0,0.0,12.020696782022242,5062.843550052645,5050.8228532706225,2.180348391011363,0.29,6.0,REV_SHORT,STOP,2023-03-30 14:30:00,2023-03-30 14:35:00,2023-03-30 15:00:00,1969.445
2023-03-31 06:55:00,2023-03-31 07:00:00,2023-03-31 07:10:00,304573.0,1517344.0,1517354.0,304576.0,-1.0,4.0,1980.0,1981.6517281254937,1970.0,4.2562729689272185,0.11,1979.435,1981.6517281254937,1.0,-1.0,1.0,1.0,0.0,1.0,24.384009380431507,5050.8228532706225,5026.4388438901915,1.0934562509872148,0.29,3.0,REV_SHORT,STOP,2023-03-31 10:55:00,2023-03-31 11:00:00,2023-03-31 11:10:00,1979.58
2023-04-05 08:45:00,2023-04-05 08:50:00,2023-04-05 10:12:00,305423.0,1521579.0,1521661.0,305440.0,-1.0,4.0,2030.0,2032.8425113762462,2020.0,2.1342222624923552,0.03,2028.7450000000001,2020.0,2.0,-1.0,-1.0,-1.0,1.0,1.0,12.292534128738225,5026.4388438901915,5052.673843890192,1.765022752492367,0.29,17.0,REV_SHORT,TARGET,2023-04-05 12:45:00,2023-04-05 12:50:00,2023-04-05 14:12:00,2028.89
2023-04-11 01:20:00,2023-04-11 01:25:00,2023-04-11 01:54:00,306438.0,1526634.0,1526663.0,306444.0,1.0,1.0,2000.0,1999.2224139241453,2010.0,4.72488355995156,0.06,2001.105,1999.2224139241453,1.0,1.0,1.0,-1.0,0.0,0.0,11.295516455128563,5052.673843890192,5041.3783274350635,0.7775860758546831,0.29,6.0,BREAK_LONG,STOP,2023-04-11 05:20:00,2023-04-11 05:25:00,2023-04-11 05:54:00,2000.96
2023-04-11 03:30:00,2023-04-11 03:35:00,2023-04-11 07:34:00,306464.0,1526764.0,1527003.0,306512.0,1.0,1.0,2000.0,1998.797475291199,2010.0,2.3615728877316093,0.03,2002.1299999999999,2000.35,3.0,1.0,1.0,-1.0,0.0,0.0,9.997574126402924,5041.3783274350635,5036.038327435063,1.2025247088011268,0.29,48.0,BREAK_LONG,TIME,2023-04-11 07:30:00,2023-04-11 07:35:00,2023-04-11 11:34:00,2001.985
2023-04-11 21:50:00,2023-04-11 21:55:00,2023-04-12 00:42:00,306672.0,1527799.0,1527966.0,306706.0,1.0,1.0,2010.0,2008.9711404189768,2020.0,1.6487107373378378,0.06,2013.135,2020.0,2.0,1.0,1.0,1.0,0.0,0.0,24.983157486139135,5036.038327435063,5077.228327435063,1.0288595810231187,0.29,34.0,BREAK_LONG,TARGET,2023-04-12 01:50:00,2023-04-12 01:55:00,2023-04-12 04:42:00,2012.99
2023-04-12 01:40:00,2023-04-12 01:45:00,2023-04-12 04:53:00,306718.0,1528029.0,1528217.0,306756.0,-1.0,4.0,2020.0,2020.9789936729983,2010.0,4.411053676069157,0.06,2018.95,2010.0,2.0,-1.0,-1.0,-1.0,1.0,0.0,12.17396203798944,5077.228327435063,5130.928327435064,1.021987345996468,0.29,38.0,REV_SHORT,TARGET,2023-04-12 05:40:00,2023-04-12 05:45:00,2023-04-12 08:53:00,2019.095
2023-04-13 02:40:00,2023-04-13 02:45:00,2023-04-13 06:44:00,307006.0,1529464.0,1529703.0,307054.0,1.0,1.0,2020.0,2018.9440862343815,2030.0,2.7915777537659117,0.08,2021.86,2026.185,3.0,1.0,1.0,1.0,0.0,0.0,23.327310124946962,5130.928327435064,5165.528327435064,1.0559137656183677,0.29,48.0,BREAK_LONG,TIME,2023-04-13 06:40:00,2023-04-13 06:45:00,2023-04-13 10:44:00,2021.715
2023-04-13 09:05:00,2023-04-13 09:10:00,2023-04-13 10:40:00,307083.0,1529849.0,1529939.0,307102.0,1.0,1.0,2040.0,2037.1704235501475,2050.0,1.6185072487722458,0.05,2042.07,2037.1704235501475,1.0,1.0,1.0,1.0,0.0,1.0,24.497882249262375,5165.528327435064,5141.030445185802,2.829576449852528,0.29,19.0,BREAK_LONG,STOP,2023-04-13 13:05:00,2023-04-13 13:10:00,2023-04-13 14:40:00,2041.925
2023-04-14 01:50:00,2023-04-14 01:55:00,2023-04-14 03:25:00,307272.0,1530789.0,1530879.0,307291.0,1.0,3.0,2040.0,2039.158483205027,2050.0,8.254256397770348,0.21,2040.33,2039.158483205027,1.0,1.0,-1.0,1.0,0.0,0.0,24.601852694429454,5141.030445185802,5116.428592491373,0.9830335899460502,0.29,19.0,REV_LONG,STOP,2023-04-14 05:50:00,2023-04-14 05:55:00,2023-04-14 07:25:00,2040.185
2023-04-14 11:15:00,2023-04-14 11:20:00,2023-04-14 13:18:00,307385.0,1531354.0,1531472.0,307409.0,-1.0,2.0,2000.0,2003.6972490067456,1990.0,1.7940745131261453,0.05,1998.795,2003.6972490067456,1.0,1.0,1.0,1.0,0.0,1.0,24.51124503372739,5116.428592491373,5091.9173474576455,3.6972490067456296,0.29,24.0,BREAK_SHORT,STOP,2023-04-14 15:15:00,2023-04-14 15:20:00,2023-04-14 17:18:00,1998.94
2023-04-16 21:15:00,2023-04-16 21:20:00,2023-04-17 01:19:00,307493.0,1531889.0,1532128.0,307541.0,1.0,3.0,2000.0,1994.748067470442,2010.0,1.6725272202822885,0.02,2000.455,2004.16,3.0,-1.0,-1.0,-1.0,0.0,1.0,11.413865059115778,5091.9173474576455,5099.327347457645,1.473865059115852,0.29,48.0,REV_LONG,TIME,2023-04-17 01:15:00,2023-04-17 01:20:00,2023-04-17 05:19:00,2000.31
2023-04-18 09:20:00,2023-04-18 09:25:00,2023-04-18 10:07:00,307914.0,1533989.0,1534031.0,307923.0,-1.0,2.0,2000.0,2001.464980409664,1990.0,1.2815970362023432,0.05,1996.44,2001.464980409664,1.0,1.0,1.0,1.0,0.0,0.0,25.124902048319203,5099.327347457645,5074.202445409326,1.4649804096638674,0.29,9.0,BREAK_SHORT,STOP,2023-04-18 13:20:00,2023-04-18 13:25:00,2023-04-18 14:07:00,1996.585
2023-04-21 06:45:00,2023-04-21 06:50:00,2023-04-21 09:19:00,308711.0,1537959.0,1538108.0,308741.0,-1.0,4.0,1990.0,1993.3274467421402,1980.0,1.921118315539766,0.05,1988.765,1993.3274467421402,1.0,1.0,1.0,1.0,1.0,1.0,22.812233710700415,5074.202445409326,5051.3902116986255,1.6048934842802225,0.29,30.0,REV_SHORT,STOP,2023-04-21 10:45:00,2023-04-21 10:50:00,2023-04-21 13:19:00,1988.91
2023-04-24 09:50:00,2023-04-24 09:55:00,2023-04-24 10:29:00,309024.0,1539519.0,1539553.0,309031.0,-1.0,2.0,1980.0,1981.964846213751,1970.0,1.1994824382178695,0.02,1976.525,1981.964846213751,1.0,1.0,1.0,-1.0,0.0,0.0,10.879692427501595,5051.3902116986255,5040.5105192711235,1.9648462137508549,0.29,7.0,BREAK_SHORT,STOP,2023-04-24 13:50:00,2023-04-24 13:55:00,2023-04-24 14:29:00,1976.67
2023-04-25 14:15:00,2023-04-25 14:20:00,2023-04-25 14:31:00,309353.0,1541159.0,1541170.0,309356.0,1.0,1.0,2000.0,1998.3476908761102,2010.0,1.9669956594474505,0.03,2002.275,1998.3476908761102,1.0,1.0,1.0,-1.0,0.0,1.0,11.78192737166978,5040.5105192711235,5028.728591899454,1.652309123889946,0.29,3.0,BREAK_LONG,STOP,2023-04-25 18:15:00,2023-04-25 18:20:00,2023-04-25 18:31:00,2002.13
2023-04-26 09:35:00,2023-04-26 09:40:00,2023-04-26 11:01:00,309573.0,1542254.0,1542335.0,309590.0,1.0,1.0,2000.0,1997.3243981637447,2010.0,1.0760609971300348,0.04,2003.43,1997.3243981637447,1.0,1.0,1.0,1.0,0.0,0.0,24.422407345021384,5028.728591899454,5004.306184554433,2.6756018362552196,0.29,17.0,BREAK_LONG,STOP,2023-04-26 13:35:00,2023-04-26 13:40:00,2023-04-26 15:01:00,2003.285
2023-04-27 01:50:00,2023-04-27 01:55:00,2023-04-27 02:29:00,309756.0,1543164.0,1543198.0,309763.0,-1.0,4.0,2000.0,2002.0592431930352,1990.0,2.644109087665633,0.03,1998.75,2002.0592431930352,1.0,-1.0,-1.0,-1.0,0.0,1.0,9.927729579105517,5004.306184554433,4994.378454975327,1.248486386070387,0.29,7.0,REV_SHORT,STOP,2023-04-27 05:50:00,2023-04-27 05:55:00,2023-04-27 06:29:00,1998.895
2023-04-27 13:35:00,2023-04-27 13:40:00,2023-04-27 16:58:00,309897.0,1543869.0,1544067.0,309937.0,-1.0,4.0,1990.0,1991.8958593038662,1980.0,3.4126410034848673,0.09,1989.2,1987.92,4.0,1.0,1.0,1.0,0.0,1.0,24.262733734795802,4994.378454975327,5005.898454975327,1.5617186077325518,0.29,40.0,REV_SHORT,SESSION,2023-04-27 17:35:00,2023-04-27 17:40:00,2023-04-27 20:58:00,1989.345
2023-05-01 04:40:00,2023-05-01 04:45:00,2023-05-01 05:19:00,310342.0,1546084.0,1546118.0,310349.0,-1.0,2.0,1980.0,1980.971280938537,1970.0,2.9446863445260356,0.08,1978.19,1980.971280938537,1.0,1.0,1.0,1.0,0.0,0.0,22.250247508294706,5005.898454975327,4983.648207467032,0.9712809385368192,0.29,7.0,BREAK_SHORT,STOP,2023-05-01 08:40:00,2023-05-01 08:45:00,2023-05-01 09:19:00,1978.335
2023-05-04 21:30:00,2023-05-04 21:35:00,2023-05-04 22:13:00,311360.0,1551154.0,1551192.0,311368.0,1.0,1.0,2050.0,2049.1776894478667,2060.0,2.628834208560973,0.08,2052.16,2049.1776894478667,1.0,1.0,1.0,1.0,0.0,1.0,23.858484417065483,4983.648207467032,4959.789723049967,0.8223105521334281,0.29,8.0,BREAK_LONG,STOP,2023-05-05 01:30:00,2023-05-05 01:35:00,2023-05-05 02:13:00,2052.015
2023-05-09 12:25:00,2023-05-09 12:30:00,2023-05-09 16:29:00,312091.0,1554799.0,1555038.0,312139.0,1.0,1.0,2030.0,2028.5576093167335,2040.0,3.346767657248953,0.04,2031.19,2034.8600000000001,3.0,1.0,1.0,-1.0,0.0,0.0,10.529562733066086,4959.789723049967,4974.469723049967,1.4423906832664746,0.29,48.0,BREAK_LONG,TIME,2023-05-09 16:25:00,2023-05-09 16:30:00,2023-05-09 20:29:00,2031.045
2023-05-10 00:55:00,2023-05-10 01:00:00,2023-05-10 01:33:00,312229.0,1555484.0,1555517.0,312236.0,1.0,3.0,2030.0,2029.4870954268436,2040.0,6.467057621374916,0.08,2030.895,2029.4870954268436,1.0,1.0,-1.0,-1.0,0.0,0.0,11.263236585251434,4974.469723049967,4963.206486464715,0.6058091463129833,0.29,7.0,REV_LONG,STOP,2023-05-10 04:55:00,2023-05-10 05:00:00,2023-05-10 05:33:00,2030.75
2023-05-10 08:00:00,2023-05-10 08:05:00,2023-05-10 08:11:00,312314.0,1555909.0,1555915.0,312316.0,1.0,3.0,2030.0,2027.8516689495564,2040.0,3.9416985756460763,0.05,2030.31,2027.8516689495564,1.0,1.0,-1.0,-1.0,0.0,1.0,12.291655252217879,4963.206486464715,4950.914831212498,0.9566621008872126,0.29,2.0,REV_LONG,STOP,2023-05-10 12:00:00,2023-05-10 12:05:00,2023-05-10 12:11:00,2030.165
2023-05-10 15:45:00,2023-05-10 15:50:00,2023-05-10 16:58:00,312407.0,1556374.0,1556442.0,312421.0,1.0,3.0,2030.0,2028.6942155701386,2040.0,5.313314009959741,0.13,2030.485,2029.615,4.0,1.0,-1.0,1.0,0.0,1.0,23.280197588197325,4950.914831212498,4939.604831212499,0.9915688597228952,0.29,14.0,REV_LONG,SESSION,2023-05-10 19:45:00,2023-05-10 19:50:00,2023-05-10 20:58:00,2030.34
2023-05-11 09:30:00,2023-05-11 09:35:00,2023-05-11 09:47:00,312608.0,1557374.0,1557386.0,312611.0,1.0,3.0,2030.0,2024.5293072739275,2040.0,1.6240670002452224,0.02,2030.425,2024.5293072739275,1.0,-1.0,-1.0,-1.0,0.0,1.0,11.791385452144823,4939.604831212499,4927.813445760355,2.729385452144765,0.29,3.0,REV_LONG,STOP,2023-05-11 13:30:00,2023-05-11 13:35:00,2023-05-11 13:47:00,2030.28
2023-05-15 10:00:00,2023-05-15 10:05:00,2023-05-15 14:04:00,313166.0,1560154.0,1560393.0,313214.0,-1.0,4.0,2020.0,2023.0156794960433,2010.0,2.358296141187991,0.06,2019.14,2017.93,3.0,-1.0,-1.0,1.0,0.0,1.0,23.254076976259057,4927.813445760355,4935.073445760355,1.8013589920863515,0.29,48.0,REV_SHORT,TIME,2023-05-15 14:00:00,2023-05-15 14:05:00,2023-05-15 18:04:00,2019.285
2023-05-16 02:30:00,2023-05-16 02:35:00,2023-05-16 06:34:00,313352.0,1561079.0,1561318.0,313400.0,-1.0,2.0,2010.0,2011.2755266836068,2000.0,1.4778509099235517,0.05,2006.725,2008.745,3.0,1.0,1.0,1.0,0.0,0.0,22.75263341803452,4935.073445760355,4924.973445760355,1.2755266836067018,0.29,48.0,BREAK_SHORT,TIME,2023-05-16 06:30:00,2023-05-16 06:35:00,2023-05-16 10:34:00,2006.87
2023-05-16 11:20:00,2023-05-16 11:25:00,2023-05-16 11:46:00,313458.0,1561609.0,1561630.0,313463.0,1.0,3.0,2000.0,1997.268773906729,2010.0,1.8926544157173142,0.02,2001.67,1997.268773906729,1.0,-1.0,-1.0,-1.0,1.0,0.0,8.802452186542268,4924.973445760355,4916.170993573813,2.30245218654209,0.29,5.0,REV_LONG,STOP,2023-05-16 15:20:00,2023-05-16 15:25:00,2023-05-16 15:46:00,2001.525
2023-05-16 14:45:00,2023-05-16 14:50:00,2023-05-16 16:58:00,313499.0,1561814.0,1561942.0,313525.0,-1.0,4.0,1990.0,1991.562608859673,1980.0,3.3425863388336245,0.09,1988.9,1988.935,4.0,1.0,1.0,1.0,1.0,1.0,23.963479737056105,4916.170993573813,4915.855993573814,1.3552177193460315,0.29,26.0,REV_SHORT,SESSION,2023-05-16 18:45:00,2023-05-16 18:50:00,2023-05-16 20:58:00,1989.045
2023-05-22 05:10:00,2023-05-22 05:15:00,2023-05-22 06:23:00,314488.0,1566739.0,1566807.0,314502.0,1.0,1.0,1980.0,1978.8276030032648,1990.0,2.1763252789222114,0.03,1982.345,1978.8276030032648,1.0,1.0,1.0,-1.0,0.0,0.0,10.552190990205643,4915.855993573814,4905.303802583609,1.172396996735143,0.29,14.0,BREAK_LONG,STOP,2023-05-22 09:10:00,2023-05-22 09:15:00,2023-05-22 10:23:00,1982.2
2023-05-22 19:30:00,2023-05-22 19:35:00,2023-05-22 19:56:00,314648.0,1567534.0,1567555.0,314653.0,1.0,3.0,1970.0,1969.5377404756325,1980.0,9.038056050116,0.11,1970.58,1969.5377404756325,1.0,-1.0,-1.0,-1.0,0.0,1.0,11.464854768041505,4905.303802583609,4893.838947815567,0.4845190487347192,0.29,5.0,REV_LONG,STOP,2023-05-22 23:30:00,2023-05-22 23:35:00,2023-05-22 23:56:00,1970.435
2023-05-23 05:15:00,2023-05-23 05:20:00,2023-05-23 08:22:00,314765.0,1568119.0,1568301.0,314802.0,-1.0,4.0,1960.0,1962.0391501409606,1950.0,4.449674930525611,0.11,1959.83,1962.0391501409606,1.0,1.0,1.0,1.0,0.0,0.0,24.30065155056741,4893.838947815567,4869.538296264999,1.3083002819213392,0.29,37.0,REV_SHORT,STOP,2023-05-23 09:15:00,2023-05-23 09:20:00,2023-05-23 12:22:00,1959.975
2023-05-24 07:50:00,2023-05-24 07:55:00,2023-05-24 08:56:00,315072.0,1569649.0,1569710.0,315085.0,1.0,1.0,1980.0,1978.7221739298702,1990.0,3.1192631603493233,0.04,1981.46,1978.7221739298702,1.0,1.0,1.0,-1.0,0.0,0.0,10.951304280519253,4869.538296264999,4858.58699198448,1.2778260701297213,0.29,13.0,BREAK_LONG,STOP,2023-05-24 11:50:00,2023-05-24 11:55:00,2023-05-24 12:56:00,1981.315
2023-05-25 19:55:00,2023-05-25 20:00:00,2023-05-25 20:23:00,315481.0,1571684.0,1571707.0,315486.0,1.0,3.0,1940.0,1939.1426509444368,1950.0,6.299798937548485,0.08,1940.6299999999999,1939.1426509444368,1.0,-1.0,-1.0,-1.0,0.0,1.0,11.89879244450458,4858.58699198448,4846.688199539975,0.6646981111261558,0.29,5.0,REV_LONG,STOP,2023-05-25 23:55:00,2023-05-26 00:00:00,2023-05-26 00:23:00,1940.485
2023-05-31 09:55:00,2023-05-31 10:00:00,2023-05-31 10:43:00,316477.0,1576649.0,1576692.0,316486.0,-1.0,4.0,1970.0,1974.7753732900112,1960.0,1.911189472327201,0.04,1969.7,1974.7753732900112,1.0,-1.0,-1.0,1.0,1.0,1.0,20.30149316004463,4846.688199539975,4826.386706379931,2.0607465800224616,0.29,9.0,REV_SHORT,STOP,2023-05-31 13:55:00,2023-05-31 14:00:00,2023-05-31 14:43:00,1969.845
2023-06-01 03:25:00,2023-06-01 03:30:00,2023-06-01 06:04:00,316675.0,1577634.0,1577788.0,316706.0,-1.0,2.0,1960.0,1961.1415539875463,1950.0,1.5312773668277158,0.05,1956.74,1961.1415539875463,1.0,1.0,1.0,1.0,0.0,0.0,22.00776993773161,4826.386706379931,4804.378936442199,1.1415539875463692,0.29,31.0,BREAK_SHORT,STOP,2023-06-01 07:25:00,2023-06-01 07:30:00,2023-06-01 10:04:00,1956.885
2023-06-01 09:10:00,2023-06-01 09:15:00,2023-06-01 09:35:00,316744.0,1577979.0,1577999.0,316749.0,-1.0,4.0,1970.0,1972.408632516922,1960.0,1.5434652997292833,0.02,1967.53,1972.408632516922,1.0,-1.0,-1.0,-1.0,0.0,0.0,9.75726503384385,4804.378936442199,4794.621671408355,2.2572650338440683,0.29,5.0,REV_SHORT,STOP,2023-06-01 13:10:00,2023-06-01 13:15:00,2023-06-01 13:35:00,1967.675
2023-06-01 11:55:00,2023-06-01 12:00:00,2023-06-01 13:01:00,316777.0,1578144.0,1578205.0,316790.0,1.0,1.0,1980.0,1978.202723459258,1990.0,1.8343327083786278,0.05,1982.365,1978.202723459258,1.0,1.0,1.0,1.0,0.0,0.0,20.81138270370957,4794.621671408355,4773.810288704645,1.797276540741958,0.29,13.0,BREAK_LONG,STOP,2023-06-01 15:55:00,2023-06-01 16:00:00,2023-06-01 17:01:00,1982.22
2023-06-01 23:05:00,2023-06-01 23:10:00,2023-06-02 01:04:00,316899.0,1578749.0,1578863.0,316922.0,1.0,1.0,1980.0,1979.0722960224684,1990.0,3.995056044950603,0.1,1981.26,1979.0722960224684,1.0,1.0,1.0,1.0,0.0,1.0,21.877039775315556,4773.810288704645,4751.933248929329,0.9277039775315326,0.29,23.0,BREAK_LONG,STOP,2023-06-02 03:05:00,2023-06-02 03:10:00,2023-06-02 05:04:00,1981.115
2023-06-05 08:45:00,2023-06-05 08:50:00,2023-06-05 10:01:00,317291.0,1580704.0,1580775.0,317306.0,1.0,3.0,1940.0,1937.5289165221059,1950.0,3.0807404536238088,0.03,1940.585,1950.0,2.0,-1.0,-1.0,-1.0,1.0,1.0,9.168250433682488,4751.933248929329,4780.178248929329,1.2421669557883976,0.29,15.0,REV_LONG,TARGET,2023-06-05 12:45:00,2023-06-05 12:50:00,2023-06-05 14:01:00,1940.44
2023-06-05 14:05:00,2023-06-05 14:10:00,2023-06-05 16:58:00,317355.0,1581024.0,1581192.0,317389.0,1.0,1.0,1960.0,1959.0599760691189,1970.0,6.870385313399482,0.17,1960.45,1961.645,4.0,1.0,1.0,1.0,0.0,0.0,23.630406824979904,4780.178248929329,4800.493248929328,0.9400239308810677,0.29,34.0,BREAK_LONG,SESSION,2023-06-05 18:05:00,2023-06-05 18:10:00,2023-06-05 20:58:00,1960.305
2023-06-09 09:55:00,2023-06-09 10:00:00,2023-06-09 13:59:00,318409.0,1586274.0,1586513.0,318457.0,1.0,3.0,1960.0,1955.5661838414162,1970.0,1.489097043922979,0.04,1961.365,1961.54,3.0,1.0,-1.0,1.0,0.0,1.0,23.195264634335217,4800.493248929328,4801.193248929328,2.1976323171673324,0.29,48.0,REV_LONG,TIME,2023-06-09 13:55:00,2023-06-09 14:00:00,2023-06-09 17:59:00,1961.22
2023-06-12 09:35:00,2023-06-12 09:40:00,2023-06-12 09:57:00,318681.0,1587629.0,1587646.0,318685.0,-1.0,2.0,1960.0,1961.5520745039794,1950.0,1.502033375034917,0.02,1956.935,1950.0,2.0,1.0,1.0,-1.0,0.0,0.0,9.234149007958877,4801.193248929328,4815.0632489293275,1.5520745039794388,0.29,4.0,BREAK_SHORT,TARGET,2023-06-12 13:35:00,2023-06-12 13:40:00,2023-06-12 13:57:00,1957.08
2023-06-12 19:30:00,2023-06-12 19:35:00,2023-06-12 20:04:00,318788.0,1588159.0,1588188.0,318794.0,1.0,1.0,1960.0,1959.577512588747,1970.0,10.810352508545186,0.13,1960.46,1959.577512588747,1.0,1.0,1.0,-1.0,0.0,0.0,11.472336346290604,4815.0632489293275,4803.590912583037,0.42248741125318023,0.29,6.0,BREAK_LONG,STOP,2023-06-12 23:30:00,2023-06-12 23:35:00,2023-06-13 00:04:00,1960.315
2023-06-14 06:15:00,2023-06-14 06:20:00,2023-06-14 06:33:00,319193.0,1590179.0,1590192.0,319196.0,1.0,3.0,1950.0,1949.238532213016,1960.0,6.789879639885839,0.17,1950.62,1949.238532213016,1.0,-1.0,1.0,1.0,0.0,0.0,23.484952378725897,4803.590912583037,4780.105960204311,0.8589355739675533,0.29,3.0,REV_LONG,STOP,2023-06-14 10:15:00,2023-06-14 10:20:00,2023-06-14 10:33:00,1950.475
2023-06-14 21:15:00,2023-06-14 21:20:00,2023-06-15 01:19:00,319361.0,1591014.0,1591253.0,319409.0,-1.0,2.0,1940.0,1941.277718460986,1930.0,1.0720745601349528,0.02,1935.835,1933.305,3.0,1.0,1.0,-1.0,0.0,0.0,10.885436921972087,4780.105960204311,4785.165960204311,1.2777184609861816,0.29,48.0,BREAK_SHORT,TIME,2023-06-15 01:15:00,2023-06-15 01:20:00,2023-06-15 05:19:00,1935.98
2023-06-16 09:40:00,2023-06-16 09:45:00,2023-06-16 10:25:00,319786.0,1593134.0,1593174.0,319795.0,1.0,3.0,1960.0,1955.6099470474207,1970.0,1.1208460793381214,0.03,1962.395,1955.6099470474207,1.0,1.0,1.0,1.0,0.0,1.0,20.355158857737703,4785.165960204311,4764.8108013465735,1.7701059051584926,0.29,9.0,REV_LONG,STOP,2023-06-16 13:40:00,2023-06-16 13:45:00,2023-06-16 14:25:00,1962.25
2023-06-19 06:05:00,2023-06-19 06:10:00,2023-06-19 06:52:00,320019.0,1594294.0,1594336.0,320028.0,1.0,3.0,1950.0,1949.2351058948132,1960.0,7.345564230349468,0.09,1950.525,1949.2351058948132,1.0,-1.0,-1.0,-1.0,1.0,0.0,11.609046946682383,4764.8108013465735,4753.201754399891,0.9397882103737404,0.29,9.0,REV_LONG,STOP,2023-06-19 10:05:00,2023-06-19 10:10:00,2023-06-19 10:52:00,1950.38
2023-06-19 21:30:00,2023-06-19 21:35:00,2023-06-19 22:50:00,320192.0,1595154.0,1595229.0,320208.0,-1.0,2.0,1950.0,1950.8481523930855,1940.0,5.939919895892606,0.15,1949.285,1950.8481523930855,1.0,1.0,1.0,1.0,0.0,0.0,23.44728589628062,4753.201754399891,4729.75446850361,0.8481523930855035,0.29,16.0,BREAK_SHORT,STOP,2023-06-20 01:30:00,2023-06-20 01:35:00,2023-06-20 02:50:00,1949.43
2023-06-20 01:15:00,2023-06-20 01:20:00,2023-06-20 02:19:00,320237.0,1595379.0,1595438.0,320249.0,-1.0,2.0,1950.0,1950.7825454724154,1940.0,2.197153473721168,0.07,1947.41,1950.7825454724154,1.0,1.0,1.0,1.0,0.0,0.0,23.60781830690758,4729.75446850361,4706.1466501967025,0.7825454724153468,0.29,12.0,BREAK_SHORT,STOP,2023-06-20 05:15:00,2023-06-20 05:20:00,2023-06-20 06:19:00,1947.555
2023-06-20 09:35:00,2023-06-20 09:40:00,2023-06-20 10:33:00,320337.0,1595879.0,1595932.0,320348.0,-1.0,2.0,1940.0,1941.9327171467928,1930.0,1.0164392536503841,0.03,1936.015,1930.0,2.0,1.0,1.0,1.0,0.0,0.0,17.753151440378133,4706.1466501967025,4724.1916501967025,1.9327171467928546,0.29,11.0,BREAK_SHORT,TARGET,2023-06-20 13:35:00,2023-06-20 13:40:00,2023-06-20 14:33:00,1936.16
2023-06-22 01:15:00,2023-06-22 01:20:00,2023-06-22 01:57:00,320789.0,1598129.0,1598166.0,320797.0,-1.0,2.0,1930.0,1930.7435545674673,1920.0,2.981225614996835,0.04,1928.045,1930.7435545674673,1.0,1.0,1.0,-1.0,0.0,0.0,10.794218269868907,4724.1916501967025,4713.397431926834,0.7435545674673549,0.29,8.0,BREAK_SHORT,STOP,2023-06-22 05:15:00,2023-06-22 05:20:00,2023-06-22 05:57:00,1928.19
2023-06-22 09:15:00,2023-06-22 09:20:00,2023-06-22 10:21:00,320885.0,1598609.0,1598670.0,320898.0,1.0,3.0,1920.0,1918.0652236148148,1930.0,3.173325035835815,0.08,1920.925,1918.0652236148148,1.0,-1.0,-1.0,1.0,1.0,0.0,22.878211081480913,4713.397431926834,4690.519220845353,1.9545527703704166,0.29,13.0,REV_LONG,STOP,2023-06-22 13:15:00,2023-06-22 13:20:00,2023-06-22 14:21:00,1920.78
2023-06-23 09:00:00,2023-06-23 09:05:00,2023-06-23 09:14:00,321158.0,1599969.0,1599978.0,321160.0,-1.0,4.0,1930.0,1931.7878993401612,1920.0,3.9887437606025133,0.09,1929.425,1931.7878993401612,1.0,-1.0,-1.0,1.0,1.0,0.0,21.266094061450985,4690.519220845353,4669.253126783902,1.8157986803219313,0.29,2.0,REV_SHORT,STOP,2023-06-23 13:00:00,2023-06-23 13:05:00,2023-06-23 13:14:00,1929.57
2023-06-26 21:55:00,2023-06-26 22:00:00,2023-06-27 01:59:00,321577.0,1602054.0,1602293.0,321625.0,-1.0,4.0,1930.0,1930.9398580574245,1920.0,5.163793218089104,0.13,1929.165,1925.79,3.0,-1.0,-1.0,1.0,1.0,0.0,23.07315474651955,4669.253126783902,4713.128126783902,0.9787161148492595,0.29,48.0,REV_SHORT,TIME,2023-06-27 01:55:00,2023-06-27 02:00:00,2023-06-27 05:59:00,1929.31
2023-06-28 04:30:00,2023-06-28 04:35:00,2023-06-28 05:11:00,321932.0,1603824.0,1603860.0,321940.0,-1.0,2.0,1910.0,1911.0128602750153,1900.0,4.683000171376327,0.06,1909.075,1911.0128602750153,1.0,1.0,1.0,-1.0,0.0,1.0,11.627161650091693,4713.128126783902,4701.5009651338105,1.0128602750153106,0.29,8.0,BREAK_SHORT,STOP,2023-06-28 08:30:00,2023-06-28 08:35:00,2023-06-28 09:11:00,1909.22
2023-06-29 08:45:00,2023-06-29 08:50:00,2023-06-29 08:54:00,322259.0,1605454.0,1605458.0,322260.0,1.0,3.0,1900.0,1897.3386412542777,1910.0,3.3714746194415923,0.08,1900.235,1897.3386412542777,1.0,-1.0,-1.0,1.0,1.0,1.0,23.170869965777456,4701.5009651338105,4678.330095168033,1.961717491444765,0.29,1.0,REV_LONG,STOP,2023-06-29 12:45:00,2023-06-29 12:50:00,2023-06-29 12:54:00,1900.09
2023-06-30 08:50:00,2023-06-30 08:55:00,2023-06-30 10:06:00,322536.0,1606834.0,1606905.0,322551.0,-1.0,4.0,1910.0,1914.9635091794275,1900.0,1.058676519495828,0.03,1907.695,1914.9635091794275,1.0,1.0,-1.0,1.0,0.0,1.0,21.80552753828283,4678.330095168033,4656.52456762975,2.0850183588549225,0.29,15.0,REV_SHORT,STOP,2023-06-30 12:50:00,2023-06-30 12:55:00,2023-06-30 14:06:00,1907.84
2023-06-30 12:10:00,2023-06-30 12:15:00,2023-06-30 13:08:00,322576.0,1607034.0,1607087.0,322587.0,-1.0,4.0,1920.0,1921.460354132379,1910.0,3.8656607407071273,0.04,1919.105,1921.460354132379,1.0,-1.0,-1.0,-1.0,1.0,0.0,9.421416529516137,4656.52456762975,4647.103151100234,1.6707082647580946,0.29,11.0,REV_SHORT,STOP,2023-06-30 16:10:00,2023-06-30 16:15:00,2023-06-30 17:08:00,1919.25
2023-07-03 09:00:00,2023-07-03 09:05:00,2023-07-03 10:01:00,322814.0,1608219.0,1608275.0,322826.0,1.0,1.0,1920.0,1918.8723230632625,1930.0,3.6702415947226443,0.09,1921.2549999999999,1930.0,2.0,1.0,1.0,1.0,0.0,0.0,21.444092430636825,4647.103151100234,4725.808151100235,1.1276769367375459,0.29,12.0,BREAK_LONG,TARGET,2023-07-03 13:00:00,2023-07-03 13:05:00,2023-07-03 14:01:00,1921.11
2023-07-03 10:05:00,2023-07-03 10:10:00,2023-07-03 14:09:00,322827.0,1608284.0,1608523.0,322875.0,-1.0,4.0,1930.0,1932.1138742411222,1920.0,1.5455335920508884,0.02,1927.355,1921.4,3.0,-1.0,-1.0,-1.0,1.0,0.0,9.517748482244315,4725.808151100235,4737.7181511002345,2.057748482244494,0.29,48.0,REV_SHORT,TIME,2023-07-03 14:05:00,2023-07-03 14:10:00,2023-07-03 18:09:00,1927.5
2023-07-04 08:15:00,2023-07-04 08:20:00,2023-07-04 12:19:00,323081.0,1609549.0,1609788.0,323129.0,-1.0,4.0,1930.0,1930.7435534781441,1920.0,8.233398962701177,0.1,1929.58,1926.3,3.0,-1.0,-1.0,-1.0,1.0,0.0,11.635534781441947,4737.7181511002345,4770.518151100234,0.6941069562881069,0.29,48.0,REV_SHORT,TIME,2023-07-04 12:15:00,2023-07-04 12:20:00,2023-07-04 16:19:00,1929.725
2023-07-06 06:35:00,2023-07-06 06:40:00,2023-07-06 08:17:00,323613.0,1612199.0,1612296.0,323633.0,1.0,1.0,1920.0,1919.0375114511014,1930.0,1.1979977380237288,0.02,1924.025,1919.0375114511014,1.0,1.0,1.0,-1.0,0.0,0.0,9.974977097797364,4770.518151100234,4760.543174002436,0.9624885488986762,0.29,20.0,BREAK_LONG,STOP,2023-07-06 10:35:00,2023-07-06 10:40:00,2023-07-06 12:17:00,1923.88
2023-07-07 10:50:00,2023-07-07 10:55:00,2023-07-07 11:14:00,323940.0,1613829.0,1613848.0,323944.0,1.0,1.0,1930.0,1927.5991148196304,1940.0,1.0095796336996208,0.03,1933.77,1927.5991148196304,1.0,1.0,1.0,1.0,0.0,0.0,18.51265554110887,4760.543174002436,4742.030518461327,2.400885180369621,0.29,4.0,BREAK_LONG,STOP,2023-07-07 14:50:00,2023-07-07 14:55:00,2023-07-07 15:14:00,1933.625
2023-07-13 02:35:00,2023-07-13 02:40:00,2023-07-13 06:27:00,324945.0,1618834.0,1619061.0,324991.0,1.0,1.0,1960.0,1958.7867201527747,1970.0,2.1736178089689937,0.06,1962.32,1958.7867201527747,1.0,1.0,1.0,1.0,0.0,0.0,21.199679083351384,4742.030518461327,4720.830839377975,1.2132798472253692,0.29,46.0,BREAK_LONG,STOP,2023-07-13 06:35:00,2023-07-13 06:40:00,2023-07-13 10:27:00,1962.175
2023-07-13 09:15:00,2023-07-13 09:20:00,2023-07-13 13:19:00,325025.0,1619234.0,1619473.0,325073.0,-1.0,4.0,1960.0,1962.5103217851895,1950.0,2.8137483467850775,0.03,1959.23,1959.195,3.0,-1.0,-1.0,-1.0,0.0,1.0,9.840965355568414,4720.830839377975,4720.935839377976,2.210643570378834,0.29,48.0,REV_SHORT,TIME,2023-07-13 13:15:00,2023-07-13 13:20:00,2023-07-13 17:19:00,1959.375
2023-07-13 20:00:00,2023-07-13 20:05:00,2023-07-13 20:06:00,325142.0,1619814.0,1619815.0,325143.0,1.0,3.0,1960.0,1959.5369653911512,1970.0,13.47100108459163,0.32,1960.26,1959.5369653911512,1.0,1.0,-1.0,1.0,0.0,0.0,23.137107483162254,4720.935839377976,4697.7987318948135,0.5460692176973295,0.29,1.0,REV_LONG,STOP,2023-07-14 00:00:00,2023-07-14 00:05:00,2023-07-14 00:06:00,1960.115
2023-07-14 08:35:00,2023-07-14 08:40:00,2023-07-14 12:39:00,325293.0,1620569.0,1620808.0,325341.0,-1.0,4.0,1960.0,1963.4992195162,1950.0,1.2921916018017117,0.01,1957.6100000000001,1959.0,3.0,-1.0,1.0,-1.0,0.0,1.0,5.889219516199773,4697.7987318948135,4696.408731894813,1.378439032399848,0.29,48.0,REV_SHORT,TIME,2023-07-14 12:35:00,2023-07-14 12:40:00,2023-07-14 16:39:00,1957.755
2023-07-21 11:10:00,2023-07-21 11:15:00,2023-07-21 15:14:00,326704.0,1627599.0,1627838.0,326752.0,1.0,3.0,1960.0,1955.8629953645047,1970.0,2.0988580163861688,0.02,1960.425,1962.205,3.0,-1.0,-1.0,-1.0,1.0,1.0,9.124009270990427,4696.408731894813,4699.968731894814,2.0640092709905393,0.29,48.0,REV_LONG,TIME,2023-07-21 15:10:00,2023-07-21 15:15:00,2023-07-21 19:14:00,1960.28
2023-07-24 05:05:00,2023-07-24 05:10:00,2023-07-24 09:09:00,326907.0,1628609.0,1628848.0,326955.0,1.0,3.0,1960.0,1958.9141764077913,1970.0,3.5049241348740896,0.04,1961.375,1965.85,3.0,-1.0,-1.0,-1.0,0.0,1.0,9.843294368834904,4699.968731894814,4717.868731894813,1.051647184417614,0.29,48.0,REV_LONG,TIME,2023-07-24 09:05:00,2023-07-24 09:10:00,2023-07-24 13:09:00,1961.23
2023-07-26 04:05:00,2023-07-26 04:10:00,2023-07-26 08:09:00,327447.0,1631299.0,1631538.0,327495.0,1.0,1.0,1970.0,1968.9785994480653,1980.0,4.320748100429393,0.11,1971.05,1972.01,3.0,1.0,1.0,1.0,0.0,0.0,22.78540607128093,4717.868731894813,4728.428731894814,1.0214005519345706,0.29,48.0,BREAK_LONG,TIME,2023-07-26 08:05:00,2023-07-26 08:10:00,2023-07-26 12:09:00,1970.905
2023-07-26 22:15:00,2023-07-26 22:20:00,2023-07-26 22:34:00,327653.0,1632324.0,1632338.0,327656.0,-1.0,4.0,1980.0,1981.463762958745,1970.0,6.059997826039953,0.07,1979.84,1981.463762958745,1.0,-1.0,-1.0,-1.0,1.0,1.0,11.366340711216026,4728.428731894814,4717.062391183597,1.0275259174900349,0.29,3.0,REV_SHORT,STOP,2023-07-27 02:15:00,2023-07-27 02:20:00,2023-07-27 02:34:00,1979.985
2023-07-27 08:55:00,2023-07-27 09:00:00,2023-07-27 09:05:00,327781.0,1632964.0,1632969.0,327783.0,1.0,3.0,1960.0,1956.7215393189192,1970.0,2.0257672669430926,0.05,1961.11,1956.7215393189192,1.0,-1.0,-1.0,1.0,1.0,0.0,21.942303405403436,4717.062391183597,4695.120087778194,2.5869213621616662,0.29,2.0,REV_LONG,STOP,2023-07-27 12:55:00,2023-07-27 13:00:00,2023-07-27 13:05:00,1960.965
2023-07-31 10:00:00,2023-07-31 10:05:00,2023-07-31 10:21:00,328346.0,1635779.0,1635795.0,328350.0,1.0,1.0,1970.0,1968.1983162699705,1980.0,4.484859863613962,0.05,1970.35,1968.1983162699705,1.0,1.0,1.0,-1.0,0.0,1.0,10.75841865014695,4695.120087778194,4684.361669128047,1.801683730029383,0.29,4.0,BREAK_LONG,STOP,2023-07-31 14:00:00,2023-07-31 14:05:00,2023-07-31 14:21:00,1970.205
2023-07-31 11:45:00,2023-07-31 11:50:00,2023-07-31 14:29:00,328367.0,1635884.0,1636043.0,328399.0,1.0,1.0,1970.0,1968.6017222177725,1980.0,3.9811600107100698,0.05,1970.8899999999999,1968.6017222177725,1.0,1.0,1.0,-1.0,0.0,0.0,11.441388911136983,4684.361669128047,4672.920280216909,1.3982777822275918,0.29,32.0,BREAK_LONG,STOP,2023-07-31 15:45:00,2023-07-31 15:50:00,2023-07-31 18:29:00,1970.745
2023-08-02 10:30:00,2023-08-02 10:35:00,2023-08-02 14:34:00,328904.0,1638559.0,1638798.0,328952.0,-1.0,2.0,1940.0,1942.0922720865558,1930.0,1.0298337747314315,0.03,1936.135,1936.1,3.0,1.0,1.0,1.0,0.0,0.0,17.871816259667412,4672.920280216909,4673.02528021691,2.092272086555866,0.29,48.0,BREAK_SHORT,TIME,2023-08-02 14:30:00,2023-08-02 14:35:00,2023-08-02 18:34:00,1936.28
2023-08-07 00:00:00,2023-08-07 00:05:00,2023-08-07 04:04:00,329606.0,1642054.0,1642293.0,329654.0,-1.0,2.0,1940.0,1940.7396096989542,1930.0,2.8021570565768488,0.04,1937.915,1936.92,3.0,1.0,1.0,-1.0,0.0,0.0,11.298438795816764,4673.02528021691,4677.005280216909,0.7396096989541597,0.29,48.0,BREAK_SHORT,TIME,2023-08-07 04:00:00,2023-08-07 04:05:00,2023-08-07 08:04:00,1938.06
2023-08-09 02:30:00,2023-08-09 02:35:00,2023-08-09 04:25:00,330188.0,1644954.0,1645064.0,330211.0,1.0,3.0,1930.0,1928.2775072592156,1940.0,3.84902913792447,0.09,1930.695,1928.2775072592156,1.0,-1.0,1.0,1.0,0.0,1.0,21.757434667059442,4677.005280216909,4655.247845549849,0.7849854815688293,0.29,23.0,REV_LONG,STOP,2023-08-09 06:30:00,2023-08-09 06:35:00,2023-08-09 08:25:00,1930.55
2023-08-10 03:25:00,2023-08-10 03:30:00,2023-08-10 04:21:00,330475.0,1646384.0,1646435.0,330486.0,-1.0,4.0,1920.0,1921.0501612218134,1910.0,7.631851233675339,0.09,1919.77,1921.0501612218134,1.0,1.0,-1.0,-1.0,0.0,1.0,11.521450996320482,4655.247845549849,4643.726394553529,0.9203224436269426,0.29,11.0,REV_SHORT,STOP,2023-08-10 07:25:00,2023-08-10 07:30:00,2023-08-10 08:21:00,1919.915
2023-08-10 10:25:00,2023-08-10 10:30:00,2023-08-10 14:29:00,330559.0,1646804.0,1647043.0,330607.0,-1.0,2.0,1920.0,1922.2558378070564,1910.0,1.7412843712900827,0.02,1917.785,1914.395,3.0,1.0,1.0,-1.0,0.0,0.0,8.941675614112683,4643.726394553529,4650.506394553529,2.2558378070564227,0.29,48.0,BREAK_SHORT,TIME,2023-08-10 14:25:00,2023-08-10 14:30:00,2023-08-10 18:29:00,1917.93
2023-08-16 12:40:00,2023-08-16 12:45:00,2023-08-16 13:03:00,331690.0,1652439.0,1652457.0,331694.0,1.0,3.0,1900.0,1898.6996263968786,1910.0,4.089401885896455,0.05,1900.92,1898.6996263968786,1.0,-1.0,-1.0,-1.0,0.0,1.0,11.10186801560758,4650.506394553529,4639.404526537922,1.0507472062426941,0.29,4.0,REV_LONG,STOP,2023-08-16 16:40:00,2023-08-16 16:45:00,2023-08-16 17:03:00,1900.775
2023-08-18 08:40:00,2023-08-18 08:45:00,2023-08-18 12:44:00,332194.0,1654949.0,1655188.0,332242.0,1.0,3.0,1890.0,1888.1684317231159,1900.0,3.134644758421488,0.04,1891.03,1890.145,3.0,-1.0,-1.0,-1.0,0.0,1.0,11.446273107536399,4639.404526537922,4635.864526537922,1.0931365537682824,0.29,48.0,REV_LONG,TIME,2023-08-18 12:40:00,2023-08-18 12:45:00,2023-08-18 16:44:00,1890.885
2023-08-22 02:30:00,2023-08-22 02:35:00,2023-08-22 03:28:00,332672.0,1657329.0,1657382.0,332683.0,-1.0,4.0,1900.0,1900.78565994358,1890.0,7.1979085828454,0.08,1899.47,1900.78565994358,1.0,-1.0,-1.0,-1.0,1.0,0.0,10.525279548639446,4635.864526537922,4625.339246989282,0.8813198871598514,0.29,11.0,REV_SHORT,STOP,2023-08-22 06:30:00,2023-08-22 06:35:00,2023-08-22 07:28:00,1899.615
2023-08-22 21:30:00,2023-08-22 21:35:00,2023-08-23 01:34:00,332888.0,1658404.0,1658643.0,332936.0,1.0,1.0,1900.0,1899.456785472354,1910.0,3.6278409691912232,0.05,1901.735,1903.47,3.0,1.0,1.0,-1.0,0.0,0.0,11.391072638228934,4625.339246989282,4634.0142469892835,0.5432145276459288,0.29,48.0,BREAK_LONG,TIME,2023-08-23 01:30:00,2023-08-23 01:35:00,2023-08-23 05:34:00,1901.59
2023-08-23 12:40:00,2023-08-23 12:45:00,2023-08-23 16:44:00,333070.0,1659314.0,1659553.0,333118.0,-1.0,4.0,1920.0,1920.9384749721537,1910.0,6.373548713311033,0.07,1919.455,1915.33,3.0,-1.0,-1.0,-1.0,1.0,0.0,10.384324805076405,4634.0142469892835,4662.8892469892835,1.0269499443073078,0.29,48.0,REV_SHORT,TIME,2023-08-23 16:40:00,2023-08-23 16:45:00,2023-08-23 20:44:00,1919.6
2023-08-25 08:20:00,2023-08-25 08:25:00,2023-08-25 10:04:00,333570.0,1661804.0,1661903.0,333590.0,-1.0,4.0,1920.0,1920.7893928357557,1910.0,4.962990801413944,0.12,1918.98,1920.7893928357557,1.0,-1.0,-1.0,1.0,1.0,0.0,21.712714029068593,4662.8892469892835,4641.176532960215,0.838785671511501,0.29,20.0,REV_SHORT,STOP,2023-08-25 12:20:00,2023-08-25 12:25:00,2023-08-25 14:04:00,1919.125
2023-08-28 11:35:00,2023-08-28 11:40:00,2023-08-28 13:05:00,333885.0,1663374.0,1663459.0,333903.0,1.0,1.0,1920.0,1918.777214846848,1930.0,1.0302498816822627,0.02,1924.305,1918.777214846848,1.0,1.0,1.0,-1.0,0.0,0.0,11.055570306304162,4641.176532960215,4630.120962653911,1.2227851531519167,0.29,18.0,BREAK_LONG,STOP,2023-08-28 15:35:00,2023-08-28 15:40:00,2023-08-28 17:05:00,1924.16
2023-08-29 10:20:00,2023-08-29 10:25:00,2023-08-29 14:24:00,334146.0,1664674.0,1664913.0,334194.0,1.0,1.0,1930.0,1927.8809306830422,1940.0,1.4661982840038925,0.02,1932.795,1935.98,3.0,1.0,1.0,-1.0,0.0,1.0,9.828138633915842,4630.120962653911,4636.490962653911,2.1190693169578627,0.29,48.0,BREAK_LONG,TIME,2023-08-29 14:20:00,2023-08-29 14:25:00,2023-08-29 18:24:00,1932.65
2023-08-31 13:30:00,2023-08-31 13:35:00,2023-08-31 16:58:00,334736.0,1667614.0,1667817.0,334777.0,1.0,3.0,1940.0,1938.6751910756648,1950.0,4.9298125482772415,0.06,1940.585,1939.66,4.0,1.0,-1.0,-1.0,1.0,1.0,11.458853546011596,4636.490962653911,4630.940962653912,0.8696178486701055,0.29,41.0,REV_LONG,SESSION,2023-08-31 17:30:00,2023-08-31 17:35:00,2023-08-31 20:58:00,1940.44
2023-08-31 23:25:00,2023-08-31 23:30:00,2023-09-01 01:36:00,334843.0,1668144.0,1668270.0,334869.0,-1.0,2.0,1940.0,1940.5920804077307,1930.0,6.747957141242594,0.16,1939.225,1940.5920804077307,1.0,1.0,1.0,1.0,0.0,0.0,21.873286523692514,4630.940962653912,4609.067676130219,0.5920804077308,0.29,26.0,BREAK_SHORT,STOP,2023-09-01 03:25:00,2023-09-01 03:30:00,2023-09-01 05:36:00,1939.37
2023-09-01 08:50:00,2023-09-01 08:55:00,2023-09-01 10:01:00,334956.0,1668709.0,1668775.0,334970.0,-1.0,4.0,1950.0,1953.211566615711,1940.0,1.8494288361874576,0.04,1948.575,1940.0,2.0,-1.0,-1.0,1.0,1.0,1.0,18.54626646284396,4609.067676130219,4643.3676761302195,1.7731332314221837,0.29,14.0,REV_SHORT,TARGET,2023-09-01 12:50:00,2023-09-01 12:55:00,2023-09-01 14:01:00,1948.72
2023-09-05 08:35:00,2023-09-05 08:40:00,2023-09-05 08:44:00,335505.0,1671444.0,1671448.0,335506.0,-1.0,2.0,1930.0,1930.9436877313324,1920.0,3.552874147785408,0.09,1928.54,1930.9436877313324,1.0,1.0,1.0,1.0,0.0,1.0,21.6331895819917,4643.3676761302195,4621.734486548228,0.9436877313324395,0.29,1.0,BREAK_SHORT,STOP,2023-09-05 12:35:00,2023-09-05 12:40:00,2023-09-05 12:44:00,1928.685
2023-09-07 14:30:00,2023-09-07 14:35:00,2023-09-07 14:53:00,336128.0,1674549.0,1674567.0,336132.0,-1.0,4.0,1920.0,1920.7552981627427,1910.0,9.19171504552773,0.21,1919.7,1920.7552981627427,1.0,1.0,-1.0,1.0,0.0,0.0,22.161261417596734,4621.734486548228,4599.573225130632,0.5405963254857946,0.29,4.0,REV_SHORT,STOP,2023-09-07 18:30:00,2023-09-07 18:35:00,2023-09-07 18:53:00,1919.845
2023-09-12 02:20:00,2023-09-12 02:25:00,2023-09-12 02:42:00,336810.0,1677944.0,1677961.0,336814.0,-1.0,2.0,1920.0,1920.5343944916124,1910.0,5.525291399558429,0.07,1918.92,1920.5343944916124,1.0,1.0,1.0,-1.0,0.0,0.0,11.300761441286115,4599.573225130632,4588.272463689345,0.5343944916124529,0.29,4.0,BREAK_SHORT,STOP,2023-09-12 06:20:00,2023-09-12 06:25:00,2023-09-12 06:42:00,1919.065
2023-09-13 11:45:00,2023-09-13 11:50:00,2023-09-13 13:03:00,337199.0,1679884.0,1679957.0,337214.0,1.0,3.0,1910.0,1908.7646707937463,1920.0,6.064782035110944,0.14,1910.355,1908.7646707937463,1.0,-1.0,-1.0,1.0,0.0,0.0,22.264608887552185,4588.272463689345,4566.007854801794,1.4506584125076618,0.29,15.0,REV_LONG,STOP,2023-09-13 15:45:00,2023-09-13 15:50:00,2023-09-13 17:03:00,1910.21
2023-09-14 08:20:00,2023-09-14 08:25:00,2023-09-14 11:11:00,337434.0,1681054.0,1681220.0,337468.0,-1.0,4.0,1910.0,1910.931898376161,1900.0,1.6393449050030628,0.05,1906.79,1910.931898376161,1.0,1.0,1.0,1.0,0.0,0.0,20.709491880804766,4566.007854801794,4545.298362920988,1.0237967523215645,0.29,34.0,REV_SHORT,STOP,2023-09-14 12:20:00,2023-09-14 12:25:00,2023-09-14 15:11:00,1906.935
2023-09-18 12:55:00,2023-09-18 13:00:00,2023-09-18 16:58:00,338041.0,1684079.0,1684317.0,338089.0,1.0,1.0,1930.0,1929.1988053063067,1940.0,4.410892398330823,0.11,1931.195,1933.465,4.0,1.0,1.0,1.0,0.0,0.0,21.95814163062596,4545.298362920988,4570.268362920988,0.8011946936933203,0.29,48.0,BREAK_LONG,SESSION,2023-09-18 16:55:00,2023-09-18 17:00:00,2023-09-18 20:58:00,1931.05
2023-09-20 05:25:00,2023-09-20 05:30:00,2023-09-20 05:53:00,338503.0,1686379.0,1686402.0,338508.0,-1.0,4.0,1930.0,1930.6715227164705,1920.0,8.187528203406933,0.09,1929.51,1930.6715227164705,1.0,-1.0,1.0,-1.0,0.0,1.0,10.453704448234248,4570.268362920988,4559.814658472754,0.6130454329408735,0.29,5.0,REV_SHORT,STOP,2023-09-20 09:25:00,2023-09-20 09:30:00,2023-09-20 09:53:00,1929.655
2023-09-20 10:00:00,2023-09-20 10:05:00,2023-09-20 14:04:00,338558.0,1686654.0,1686893.0,338606.0,1.0,1.0,1940.0,1938.4201060238581,1950.0,1.6744058953748377,0.05,1942.75,1941.135,3.0,1.0,1.0,1.0,0.0,0.0,21.649469880709376,4559.814658472754,4551.739658472754,1.5798939761419086,0.29,48.0,BREAK_LONG,TIME,2023-09-20 14:00:00,2023-09-20 14:05:00,2023-09-20 18:04:00,1942.605
2023-09-21 02:30:00,2023-09-21 02:35:00,2023-09-21 06:34:00,338744.0,1687579.0,1687818.0,338792.0,-1.0,4.0,1930.0,1930.931156627094,1920.0,3.1783265244468435,0.08,1928.315,1926.01,3.0,1.0,-1.0,1.0,0.0,0.0,20.929253016751318,4551.739658472754,4570.179658472754,0.7123132541880148,0.29,48.0,REV_SHORT,TIME,2023-09-21 06:30:00,2023-09-21 06:35:00,2023-09-21 10:34:00,1928.46
2023-09-21 08:15:00,2023-09-21 08:20:00,2023-09-21 10:09:00,338813.0,1687924.0,1688033.0,338835.0,-1.0,2.0,1920.0,1921.0506145696042,1910.0,1.5400123115501658,0.05,1916.7,1921.0506145696042,1.0,1.0,1.0,1.0,0.0,0.0,21.75307284802102,4570.179658472754,4548.426585624733,1.050614569604288,0.29,22.0,BREAK_SHORT,STOP,2023-09-21 12:15:00,2023-09-21 12:20:00,2023-09-21 14:09:00,1916.845
2023-09-26 21:00:00,2023-09-26 21:05:00,2023-09-26 23:51:00,339782.0,1692749.0,1692915.0,339816.0,1.0,3.0,1900.0,1899.586001472063,1910.0,8.927562575723044,0.1,1900.635,1899.586001472063,1.0,-1.0,-1.0,-1.0,0.0,0.0,10.489985279371012,4548.426585624733,4537.9366003453615,0.4779970558741371,0.29,34.0,REV_LONG,STOP,2023-09-27 01:00:00,2023-09-27 01:05:00,2023-09-27 03:51:00,1900.49
2023-09-28 10:50:00,2023-09-28 10:55:00,2023-09-28 11:13:00,340224.0,1694954.0,1694972.0,340228.0,-1.0,2.0,1870.0,1872.0132141508423,1860.0,1.2504181757014527,0.02,1866.675,1860.0,2.0,1.0,1.0,-1.0,0.0,0.0,10.67642830168461,4537.9366003453615,4551.286600345362,2.0132141508421566,0.29,4.0,BREAK_SHORT,TARGET,2023-09-28 14:50:00,2023-09-28 14:55:00,2023-09-28 15:13:00,1866.82
2023-09-28 11:20:00,2023-09-28 11:25:00,2023-09-28 15:24:00,340230.0,1694984.0,1695223.0,340278.0,1.0,3.0,1860.0,1856.6238347633764,1870.0,2.5143417074790886,0.05,1860.43,1865.6,3.0,-1.0,-1.0,1.0,1.0,1.0,19.03082618311828,4551.286600345362,4577.136600345361,2.172330473247267,0.29,48.0,REV_LONG,TIME,2023-09-28 15:20:00,2023-09-28 15:25:00,2023-09-28 19:24:00,1860.285
2023-09-29 10:30:00,2023-09-29 10:35:00,2023-09-29 11:04:00,340496.0,1696309.0,1696338.0,340502.0,1.0,3.0,1860.0,1857.8551603401647,1870.0,3.3926017975882417,0.08,1860.62,1857.8551603401647,1.0,-1.0,-1.0,1.0,1.0,0.0,22.118717278681288,4577.136600345361,4555.01788306668,2.4796793196708053,0.29,6.0,REV_LONG,STOP,2023-09-29 14:30:00,2023-09-29 14:35:00,2023-09-29 15:04:00,1860.475
2023-10-02 04:00:00,2023-10-02 04:05:00,2023-10-02 05:03:00,340694.0,1697294.0,1697352.0,340706.0,1.0,3.0,1840.0,1838.9656185418025,1850.0,3.8198090443546473,0.04,1841.2549999999999,1838.9656185418025,1.0,-1.0,-1.0,-1.0,0.0,0.0,9.15752583278936,4555.01788306668,4545.860357233891,1.0787629163952832,0.29,12.0,REV_LONG,STOP,2023-10-02 08:00:00,2023-10-02 08:05:00,2023-10-02 09:03:00,1841.11
2023-10-02 22:30:00,2023-10-02 22:35:00,2023-10-03 00:01:00,340904.0,1698339.0,1698425.0,340922.0,-1.0,2.0,1820.0,1821.226316979765,1810.0,1.0574898821674485,0.04,1815.77,1821.226316979765,1.0,1.0,1.0,1.0,0.0,0.0,21.825267919060025,4545.860357233891,4524.035089314831,1.2263169797650928,0.29,18.0,BREAK_SHORT,STOP,2023-10-03 02:30:00,2023-10-03 02:35:00,2023-10-03 04:01:00,1815.915
2023-10-04 13:45:00,2023-10-04 13:50:00,2023-10-04 15:32:00,341363.0,1700629.0,1700731.0,341384.0,-1.0,2.0,1820.0,1821.2089667869475,1810.0,5.029675659430421,0.06,1819.35,1821.2089667869475,1.0,1.0,1.0,-1.0,0.0,0.0,11.153800721685455,4524.035089314831,4512.881288593146,1.2089667869475835,0.29,21.0,BREAK_SHORT,STOP,2023-10-04 17:45:00,2023-10-04 17:50:00,2023-10-04 19:32:00,1819.495
2023-10-05 09:45:00,2023-10-05 09:50:00,2023-10-05 13:49:00,341591.0,1701764.0,1702003.0,341639.0,-1.0,4.0,1820.0,1822.9349284925033,1810.0,2.2297526701702326,0.02,1818.93,1817.83,3.0,1.0,1.0,-1.0,1.0,1.0,8.009856985006536,4512.881288593146,4515.081288593146,2.069856985006445,0.29,48.0,REV_SHORT,TIME,2023-10-05 13:45:00,2023-10-05 13:50:00,2023-10-05 17:49:00,1819.075
2023-10-05 21:20:00,2023-10-05 21:25:00,2023-10-06 01:24:00,341718.0,1702394.0,1702633.0,341766.0,1.0,3.0,1820.0,1819.4426000255844,1830.0,7.966706475135213,0.19,1820.62,1821.975,3.0,-1.0,-1.0,1.0,0.0,0.0,22.370599513894376,4515.081288593146,4540.826288593147,0.5947999488313486,0.29,48.0,REV_LONG,TIME,2023-10-06 01:20:00,2023-10-06 01:25:00,2023-10-06 05:24:00,1820.475
2023-10-06 02:40:00,2023-10-06 02:45:00,2023-10-06 03:41:00,341782.0,1702714.0,1702770.0,341794.0,-1.0,2.0,1820.0,1820.642216244175,1810.0,9.066262510448095,0.1,1819.585,1820.642216244175,1.0,1.0,1.0,-1.0,0.0,0.0,10.572162441749242,4540.826288593147,4530.254126151398,0.6422162441750049,0.29,12.0,BREAK_SHORT,STOP,2023-10-06 06:40:00,2023-10-06 06:45:00,2023-10-06 07:41:00,1819.73
2023-10-06 11:35:00,2023-10-06 11:40:00,2023-10-06 15:39:00,341889.0,1703249.0,1703488.0,341937.0,1.0,1.0,1830.0,1827.3492185639557,1840.0,1.0534377931392804,0.03,1833.51,1830.705,3.0,1.0,1.0,1.0,0.0,0.0,18.48234430813295,4530.254126151398,4521.839126151398,2.650781436044392,0.29,48.0,BREAK_LONG,TIME,2023-10-06 15:35:00,2023-10-06 15:40:00,2023-10-06 19:39:00,1833.365
2023-10-08 21:00:00,2023-10-08 21:05:00,2023-10-09 01:04:00,341990.0,1703749.0,1703988.0,342038.0,-1.0,4.0,1850.0,1853.6783767724796,1840.0,2.204585138938816,0.02,1849.41,1851.11,3.0,-1.0,-1.0,-1.0,0.0,1.0,8.536753544959083,4521.839126151398,4518.439126151398,1.5767535449590453,0.29,48.0,REV_SHORT,TIME,2023-10-09 01:00:00,2023-10-09 01:05:00,2023-10-09 05:04:00,1849.555
2023-10-09 10:45:00,2023-10-09 10:50:00,2023-10-09 14:49:00,342155.0,1704574.0,1704813.0,342203.0,1.0,1.0,1850.0,1848.4498638916969,1860.0,4.190754877961702,0.1,1850.675,1855.02,3.0,1.0,1.0,1.0,0.0,0.0,22.251361083031043,4518.439126151398,4561.889126151399,1.5501361083032346,0.29,48.0,BREAK_LONG,TIME,2023-10-09 14:45:00,2023-10-09 14:50:00,2023-10-09 18:49:00,1850.53
2023-10-10 11:45:00,2023-10-10 11:50:00,2023-10-10 11:53:00,342443.0,1706009.0,1706012.0,342444.0,-1.0,4.0,1860.0,1861.396513566619,1850.0,3.716097490221918,0.04,1858.98,1861.396513566619,1.0,-1.0,1.0,-1.0,0.0,0.0,9.66605426647584,4561.889126151399,4552.223071884923,1.5730271332380694,0.29,1.0,REV_SHORT,STOP,2023-10-10 15:45:00,2023-10-10 15:50:00,2023-10-10 15:53:00,1859.125
2023-10-11 05:20:00,2023-10-11 05:25:00,2023-10-11 06:21:00,342642.0,1706999.0,1707055.0,342654.0,-1.0,4.0,1870.0,1871.649040000231,1860.0,4.827317111656191,0.05,1869.65,1871.649040000231,1.0,-1.0,-1.0,-1.0,1.0,1.0,9.995200001154672,4552.223071884923,4542.227871883769,1.0080800004620616,0.29,12.0,REV_SHORT,STOP,2023-10-11 09:20:00,2023-10-11 09:25:00,2023-10-11 10:21:00,1869.795
2023-10-11 08:40:00,2023-10-11 08:45:00,2023-10-11 12:44:00,342682.0,1707199.0,1707438.0,342730.0,1.0,3.0,1870.0,1867.999803204072,1880.0,2.337841424847534,0.06,1871.595,1875.265,3.0,1.0,1.0,1.0,1.0,0.0,21.57118077556879,4542.227871883769,4564.247871883769,1.4903935918558724,0.29,48.0,REV_LONG,TIME,2023-10-11 12:40:00,2023-10-11 12:45:00,2023-10-11 16:44:00,1871.45
2023-10-12 02:05:00,2023-10-12 02:10:00,2023-10-12 02:38:00,342879.0,1708179.0,1708207.0,342885.0,-1.0,4.0,1880.0,1880.5147908350098,1870.0,5.698211379826169,0.07,1878.945,1880.5147908350098,1.0,-1.0,-1.0,-1.0,0.0,0.0,10.988535845068782,4564.247871883769,4553.2593360387,0.6195816700196832,0.29,6.0,REV_SHORT,STOP,2023-10-12 06:05:00,2023-10-12 06:10:00,2023-10-12 06:38:00,1879.09
2023-10-12 13:20:00,2023-10-12 13:25:00,2023-10-12 16:58:00,343014.0,1708854.0,1709067.0,343057.0,1.0,3.0,1870.0,1867.4214671873299,1880.0,3.584794012515658,0.04,1870.165,1868.69,4.0,-1.0,-1.0,-1.0,1.0,1.0,10.97413125068033,4553.2593360387,4547.3593360387,1.27706562533993,0.29,43.0,REV_LONG,SESSION,2023-10-12 17:20:00,2023-10-12 17:25:00,2023-10-12 20:58:00,1870.02
2023-10-13 03:40:00,2023-10-13 03:45:00,2023-10-13 07:07:00,343174.0,1709649.0,1709851.0,343215.0,1.0,1.0,1880.0,1879.0656319946859,1890.0,2.5799117808627994,0.03,1882.12,1890.0,2.0,1.0,1.0,-1.0,0.0,0.0,9.163104015942054,4547.3593360387,4570.999336038701,0.9343680053141805,0.29,41.0,BREAK_LONG,TARGET,2023-10-13 07:40:00,2023-10-13 07:45:00,2023-10-13 11:07:00,1881.975
2023-10-13 11:00:00,2023-10-13 11:05:00,2023-10-13 11:30:00,343262.0,1710089.0,1710114.0,343268.0,-1.0,4.0,1920.0,1922.3791650399264,1910.0,1.5088672429390035,0.04,1917.445,1922.3791650399264,1.0,-1.0,-1.0,1.0,1.0,0.0,19.736660159705934,4570.999336038701,4551.262675878995,2.708330079852752,0.29,6.0,REV_SHORT,STOP,2023-10-13 15:00:00,2023-10-13 15:05:00,2023-10-13 15:30:00,1917.59
2023-10-13 14:20:00,2023-10-13 14:25:00,2023-10-13 16:56:00,343302.0,1710289.0,1710440.0,343333.0,-1.0,4.0,1930.0,1931.4728348099661,1920.0,4.126756791373886,0.1,1929.2350000000001,1931.4728348099661,1.0,-1.0,-1.0,1.0,1.0,1.0,22.37834809965989,4551.262675878995,4528.884327779335,1.3456696199324147,0.29,31.0,REV_SHORT,STOP,2023-10-13 18:20:00,2023-10-13 18:25:00,2023-10-13 20:56:00,1929.38
2023-10-16 11:20:00,2023-10-16 11:25:00,2023-10-16 15:07:00,343542.0,1711484.0,1711706.0,343587.0,1.0,1.0,1920.0,1918.1776603190992,1930.0,2.5265936051337605,0.06,1921.53,1918.1776603190992,1.0,1.0,1.0,1.0,0.0,1.0,20.114038085404445,4528.884327779335,4508.77028969393,1.8223396809008672,0.29,45.0,BREAK_LONG,STOP,2023-10-16 15:20:00,2023-10-16 15:25:00,2023-10-16 19:07:00,1921.385
2023-10-16 19:30:00,2023-10-16 19:35:00,2023-10-16 19:57:00,343628.0,1711909.0,1711931.0,343633.0,1.0,1.0,1920.0,1919.44980123141,1930.0,6.079725866752563,0.15,1920.94,1919.44980123141,1.0,1.0,1.0,1.0,0.0,0.0,22.352981528850933,4508.77028969393,4486.417308165079,0.5501987685900581,0.29,5.0,BREAK_LONG,STOP,2023-10-16 23:30:00,2023-10-16 23:35:00,2023-10-16 23:57:00,1920.795
2023-10-19 03:30:00,2023-10-19 03:35:00,2023-10-19 04:40:00,344276.0,1715139.0,1715204.0,344290.0,1.0,1.0,1950.0,1948.8165585460986,1960.0,3.3711930311508476,0.04,1951.375,1948.8165585460986,1.0,1.0,1.0,-1.0,0.0,0.0,10.233765815605693,4486.417308165079,4476.183542349473,1.183441453901526,0.29,14.0,BREAK_LONG,STOP,2023-10-19 07:30:00,2023-10-19 07:35:00,2023-10-19 08:40:00,1951.23
2023-10-19 06:10:00,2023-10-19 06:15:00,2023-10-19 06:21:00,344308.0,1715299.0,1715305.0,344310.0,1.0,1.0,1950.0,1949.0212371193636,1960.0,5.782193372460442,0.06,1950.6399999999999,1949.0212371193636,1.0,1.0,1.0,-1.0,0.0,1.0,9.712577283817609,4476.183542349473,4466.470965065655,0.9787628806363442,0.29,2.0,BREAK_LONG,STOP,2023-10-19 10:10:00,2023-10-19 10:15:00,2023-10-19 10:21:00,1950.495
2023-10-20 10:05:00,2023-10-20 10:10:00,2023-10-20 11:03:00,344631.0,1716909.0,1716962.0,344642.0,-1.0,4.0,1990.0,1991.949254326413,1980.0,4.651758247403488,0.05,1989.835,1991.949254326413,1.0,-1.0,-1.0,-1.0,1.0,0.0,10.571271632064736,4466.470965065655,4455.89969343359,2.258508652826035,0.29,11.0,REV_SHORT,STOP,2023-10-20 14:05:00,2023-10-20 14:10:00,2023-10-20 15:03:00,1989.98
2023-10-20 13:30:00,2023-10-20 13:35:00,2023-10-20 14:15:00,344672.0,1717114.0,1717154.0,344681.0,1.0,3.0,1980.0,1976.1822951227862,1990.0,1.2010758943714928,0.03,1982.46,1976.1822951227862,1.0,1.0,1.0,1.0,0.0,0.0,18.833114631641592,4455.89969343359,4437.066578801949,3.045409754427613,0.29,9.0,REV_LONG,STOP,2023-10-20 17:30:00,2023-10-20 17:35:00,2023-10-20 18:15:00,1982.315
2023-10-25 12:00:00,2023-10-25 12:05:00,2023-10-25 13:05:00,345482.0,1721149.0,1721209.0,345495.0,1.0,1.0,1980.0,1976.7634231417037,1990.0,2.267018576037103,0.02,1980.815,1976.7634231417037,1.0,1.0,1.0,-1.0,0.0,0.0,8.103153716592715,4437.066578801949,4428.963425085356,3.2365768582962287,0.29,13.0,BREAK_LONG,STOP,2023-10-25 16:00:00,2023-10-25 16:05:00,2023-10-25 17:05:00,1980.67
2023-10-26 09:00:00,2023-10-26 09:05:00,2023-10-26 12:13:00,345722.0,1722344.0,1722532.0,345760.0,-1.0,2.0,1980.0,1982.4473794028913,1970.0,1.7988121262600156,0.04,1978.0,1982.4473794028913,1.0,1.0,1.0,1.0,0.0,1.0,17.789517611565316,4428.963425085356,4411.173907473791,2.447379402891401,0.29,38.0,BREAK_SHORT,STOP,2023-10-26 13:00:00,2023-10-26 13:05:00,2023-10-26 16:13:00,1978.145
2023-10-30 02:00:00,2023-10-30 02:05:00,2023-10-30 02:11:00,346190.0,1724674.0,1724680.0,346192.0,1.0,3.0,2000.0,1999.163813530305,2010.0,6.19445213970705,0.07,2000.67,1999.163813530305,1.0,1.0,-1.0,-1.0,0.0,1.0,10.54330528786477,4411.173907473791,4400.630602185925,0.7923729393895734,0.29,2.0,REV_LONG,STOP,2023-10-30 06:00:00,2023-10-30 06:05:00,2023-10-30 06:11:00,2000.525
2023-10-31 14:35:00,2023-10-31 14:40:00,2023-10-31 16:58:00,346617.0,1726804.0,1726942.0,346645.0,1.0,3.0,1980.0,1977.993628046169,1990.0,2.6927094544457697,0.03,1981.245,1983.755,4.0,-1.0,-1.0,-1.0,1.0,0.0,9.754115861492437,4400.630602185925,4408.160602185926,1.8027439076616398,0.29,28.0,REV_LONG,SESSION,2023-10-31 18:35:00,2023-10-31 18:40:00,2023-10-31 20:58:00,1981.1
2023-11-02 08:40:00,2023-11-02 08:45:00,2023-11-02 11:32:00,347098.0,1729199.0,1729366.0,347132.0,-1.0,4.0,1990.0,1991.6471903372192,1980.0,3.467334114793405,0.04,1989.04,1980.0,2.0,-1.0,-1.0,-1.0,0.0,1.0,10.428761348876833,4408.160602185926,4444.320602185926,1.4743806744381622,0.29,34.0,REV_SHORT,TARGET,2023-11-02 12:40:00,2023-11-02 12:45:00,2023-11-02 15:32:00,1989.185
2023-11-07 02:30:00,2023-11-07 02:35:00,2023-11-07 06:34:00,347852.0,1732954.0,1733193.0,347900.0,-1.0,2.0,1970.0,1970.8579895942592,1960.0,3.694352979887577,0.09,1968.545,1965.125,3.0,1.0,1.0,1.0,0.0,0.0,20.816906348331713,4444.320602185926,4475.100602185927,0.857989594259092,0.29,48.0,BREAK_SHORT,TIME,2023-11-07 07:30:00,2023-11-07 07:35:00,2023-11-07 11:34:00,1968.69
2023-11-07 21:25:00,2023-11-07 21:30:00,2023-11-08 01:29:00,348067.0,1734024.0,1734263.0,348115.0,-1.0,4.0,1970.0,1971.5108108124257,1960.0,3.557273551842808,0.08,1968.9850000000001,1968.605,3.0,1.0,-1.0,1.0,0.0,1.0,20.20648649940449,4475.100602185927,4478.1406021859275,0.8216216248516031,0.29,48.0,REV_SHORT,TIME,2023-11-08 02:25:00,2023-11-08 02:30:00,2023-11-08 06:29:00,1969.13
2023-11-08 14:45:00,2023-11-08 14:50:00,2023-11-08 16:58:00,348275.0,1735064.0,1735192.0,348301.0,-1.0,2.0,1950.0,1951.0662261685898,1940.0,3.0591739218444043,0.04,1948.34,1950.425,4.0,1.0,1.0,-1.0,0.0,0.0,10.904904674359386,4478.1406021859275,4469.800602185927,1.0662261685897116,0.29,26.0,BREAK_SHORT,SESSION,2023-11-08 19:45:00,2023-11-08 19:50:00,2023-11-08 21:58:00,1948.485
2023-11-08 19:30:00,2023-11-08 19:35:00,2023-11-08 19:38:00,348320.0,1735284.0,1735287.0,348321.0,-1.0,2.0,1950.0,1950.5890195077668,1940.0,6.849419112771768,0.08,1949.24,1950.5890195077668,1.0,1.0,1.0,-1.0,0.0,0.0,10.792156062134382,4469.800602185927,4459.008446123793,0.589019507766855,0.29,1.0,BREAK_SHORT,STOP,2023-11-09 00:30:00,2023-11-09 00:35:00,2023-11-09 00:38:00,1949.385
2023-11-08 22:05:00,2023-11-08 22:10:00,2023-11-08 22:38:00,348351.0,1735439.0,1735467.0,348357.0,1.0,3.0,1950.0,1948.5213752315003,1960.0,5.838112354769179,0.13,1950.2,1948.5213752315003,1.0,-1.0,-1.0,1.0,0.0,1.0,21.8221219904965,4459.008446123793,4437.186324133297,0.9972495369993053,0.29,6.0,REV_LONG,STOP,2023-11-09 03:05:00,2023-11-09 03:10:00,2023-11-09 03:38:00,1950.055
2023-11-10 06:40:00,2023-11-10 06:45:00,2023-11-10 10:44:00,348730.0,1737329.0,1737568.0,348778.0,-1.0,2.0,1950.0,1951.0283220453316,1940.0,3.4589106647667496,0.08,1948.555,1942.525,3.0,1.0,1.0,1.0,0.0,0.0,19.78657636265234,4437.186324133297,4485.4263241332965,1.0283220453316844,0.29,48.0,BREAK_SHORT,TIME,2023-11-10 11:40:00,2023-11-10 11:45:00,2023-11-10 15:44:00,1948.7
2023-11-15 01:35:00,2023-11-15 01:40:00,2023-11-15 02:39:00,349497.0,1741149.0,1741208.0,349509.0,-1.0,4.0,1970.0,1970.9888684131008,1960.0,5.21237189364326,0.06,1969.22,1970.9888684131008,1.0,-1.0,-1.0,-1.0,1.0,1.0,10.613210478604742,4485.4263241332965,4474.813113654692,0.8177368262016209,0.29,12.0,REV_SHORT,STOP,2023-11-15 06:35:00,2023-11-15 06:40:00,2023-11-15 07:39:00,1969.365
2023-11-15 13:50:00,2023-11-15 13:55:00,2023-11-15 15:54:00,349644.0,1741884.0,1742003.0,349668.0,1.0,3.0,1960.0,1958.9964806928851,1970.0,8.416634573444377,0.19,1960.165,1958.9964806928851,1.0,1.0,-1.0,1.0,1.0,0.0,22.20186683518159,4474.813113654692,4452.61124681951,1.0870386142295685,0.29,24.0,REV_LONG,STOP,2023-11-15 18:50:00,2023-11-15 18:55:00,2023-11-15 20:54:00,1960.02
2023-11-15 22:05:00,2023-11-15 22:10:00,2023-11-16 02:09:00,349731.0,1742314.0,1742553.0,349779.0,1.0,1.0,1960.0,1959.1578441871131,1970.0,4.097020043008497,0.1,1961.285,1966.32,3.0,1.0,1.0,1.0,0.0,0.0,21.2715581288694,4452.61124681951,4502.961246819508,0.8421558128868352,0.29,48.0,BREAK_LONG,TIME,2023-11-16 03:05:00,2023-11-16 03:10:00,2023-11-16 07:09:00,1961.14
2023-11-16 09:00:00,2023-11-16 09:05:00,2023-11-16 09:46:00,349862.0,1742969.0,1743010.0,349871.0,1.0,1.0,1970.0,1968.4203120444097,1980.0,1.659131509233547,0.05,1972.775,1980.0,2.0,1.0,1.0,1.0,0.0,0.0,21.773439777952035,4502.961246819508,4539.086246819508,1.579687955590251,0.29,9.0,BREAK_LONG,TARGET,2023-11-16 14:00:00,2023-11-16 14:05:00,2023-11-16 14:46:00,1972.63
2023-11-16 09:55:00,2023-11-16 10:00:00,2023-11-16 10:16:00,349873.0,1743024.0,1743040.0,349877.0,-1.0,4.0,1980.0,1983.8206608412445,1970.0,1.7945023496125365,0.02,1978.875,1983.8206608412445,1.0,-1.0,-1.0,-1.0,1.0,0.0,9.891321682488979,4539.086246819508,4529.194925137019,2.1113216824885725,0.29,4.0,REV_SHORT,STOP,2023-11-16 14:55:00,2023-11-16 15:00:00,2023-11-16 15:16:00,1979.02
2023-11-17 15:15:00,2023-11-17 15:20:00,2023-11-17 16:58:00,350213.0,1744719.0,1744817.0,350233.0,1.0,3.0,1980.0,1978.682499332641,1990.0,6.106747833348013,0.14,1980.275,1980.585,4.0,1.0,-1.0,1.0,1.0,1.0,22.29500934302587,4529.194925137019,4533.534925137018,0.8250013347178542,0.29,20.0,REV_LONG,SESSION,2023-11-17 20:15:00,2023-11-17 20:20:00,2023-11-17 21:58:00,1980.13
2023-11-20 00:55:00,2023-11-20 01:00:00,2023-11-20 01:08:00,350317.0,1745234.0,1745242.0,350319.0,1.0,3.0,1980.0,1979.2282145986637,1990.0,6.3188559905240345,0.15,1980.7,1979.2282145986637,1.0,1.0,1.0,1.0,0.0,0.0,22.07678102004479,4533.534925137018,4511.458144116973,0.9335708026726134,0.29,2.0,REV_LONG,STOP,2023-11-20 05:55:00,2023-11-20 06:00:00,2023-11-20 06:08:00,1980.555
2023-11-20 18:20:00,2023-11-20 18:25:00,2023-11-20 18:40:00,350514.0,1746214.0,1746229.0,350518.0,-1.0,4.0,1980.0,1981.0661480456888,1970.0,7.537719192260685,0.08,1979.77,1981.0661480456888,1.0,-1.0,0.0,-1.0,0.0,1.0,10.369184365510591,4511.458144116973,4501.088959751462,0.5922960913778622,0.29,4.0,REV_SHORT,STOP,2023-11-20 23:20:00,2023-11-20 23:25:00,2023-11-20 23:40:00,1979.915
2023-11-22 13:50:00,2023-11-22 13:55:00,2023-11-22 14:29:00,351024.0,1748759.0,1748793.0,351031.0,-1.0,2.0,1990.0,1991.187618934317,1980.0,2.3469621138859997,0.06,1987.845,1991.187618934317,1.0,1.0,1.0,1.0,0.0,0.0,20.05571360590193,4501.088959751462,4481.03324614556,1.1876189343171175,0.29,7.0,BREAK_SHORT,STOP,2023-11-22 18:50:00,2023-11-22 18:55:00,2023-11-22 19:29:00,1987.99
2023-11-30 18:45:00,2023-11-30 18:50:00,2023-11-30 19:06:00,352727.0,1757239.0,1757255.0,352731.0,-1.0,4.0,2040.0,2041.094882037587,2030.0,7.806286387602311,0.17,2039.835,2041.094882037587,1.0,-1.0,0.0,1.0,0.0,1.0,21.4179946389786,4481.03324614556,4459.615251506581,0.7797640751741511,0.29,4.0,REV_SHORT,STOP,2023-11-30 23:45:00,2023-11-30 23:50:00,2023-12-01 00:06:00,2039.98
2023-12-05 08:40:00,2023-12-05 08:45:00,2023-12-05 09:46:00,353446.0,1760824.0,1760885.0,353459.0,-1.0,4.0,2030.0,2031.9123939052333,2020.0,2.430599819703633,0.06,2028.44,2020.0,2.0,1.0,1.0,1.0,0.0,0.0,20.83436343139965,4459.615251506581,4510.255251506582,1.9347878104667187,0.29,13.0,REV_SHORT,TARGET,2023-12-05 13:40:00,2023-12-05 13:45:00,2023-12-05 14:46:00,2028.585
2023-12-07 10:00:00,2023-12-07 10:05:00,2023-12-07 14:04:00,354014.0,1763654.0,1763893.0,354062.0,-1.0,2.0,2030.0,2032.4651847240998,2020.0,1.6548869653876366,0.02,2027.77,2029.985,3.0,1.0,1.0,-1.0,0.0,0.0,9.390369448199635,4510.255251506582,4505.8252515065815,2.46518472409971,0.29,48.0,BREAK_SHORT,TIME,2023-12-07 15:00:00,2023-12-07 15:05:00,2023-12-07 19:04:00,2027.915
2023-12-11 12:30:00,2023-12-11 12:35:00,2023-12-11 13:50:00,354596.0,1766554.0,1766629.0,354612.0,-1.0,2.0,1980.0,1981.4859084527518,1970.0,2.5061750407291052,0.06,1978.21,1981.4859084527518,1.0,1.0,1.0,1.0,0.0,0.0,19.655450716510586,4505.8252515065815,4486.16980079007,1.4859084527518291,0.29,16.0,BREAK_SHORT,STOP,2023-12-11 17:30:00,2023-12-11 17:35:00,2023-12-11 18:50:00,1978.355
2023-12-13 10:35:00,2023-12-13 10:40:00,2023-12-13 10:52:00,355125.0,1769189.0,1769201.0,355128.0,-1.0,2.0,1980.0,1981.6932297735455,1970.0,3.509137559977195,0.04,1979.1,1981.6932297735455,1.0,1.0,1.0,-1.0,0.0,1.0,10.37291909418218,4486.16980079007,4475.796881695888,1.6932297735453925,0.29,3.0,BREAK_SHORT,STOP,2023-12-13 15:35:00,2023-12-13 15:40:00,2023-12-13 15:52:00,1979.245
2023-12-14 08:35:00,2023-12-14 08:40:00,2023-12-14 09:06:00,355377.0,1770444.0,1770470.0,355383.0,1.0,3.0,2030.0,2026.488535483568,2040.0,2.0386983785657877,0.05,2030.935,2040.0,2.0,1.0,-1.0,1.0,0.0,0.0,22.23232258215944,4475.796881695888,4521.121881695888,2.2629290328638723,0.29,6.0,REV_LONG,TARGET,2023-12-14 13:35:00,2023-12-14 13:40:00,2023-12-14 14:06:00,2030.79
2023-12-18 06:00:00,2023-12-18 06:05:00,2023-12-18 06:16:00,355898.0,1773039.0,1773050.0,355901.0,-1.0,2.0,2020.0,2021.198584331189,2010.0,4.493314237658981,0.11,2019.16,2021.198584331189,1.0,1.0,1.0,1.0,0.0,0.0,22.424427643078843,4521.121881695888,4498.697454052809,1.1985843311890267,0.29,3.0,BREAK_SHORT,STOP,2023-12-18 11:00:00,2023-12-18 11:05:00,2023-12-18 11:16:00,2019.305
2023-12-21 08:50:00,2023-12-21 08:55:00,2023-12-21 09:10:00,356760.0,1777334.0,1777349.0,356764.0,1.0,1.0,2040.0,2038.064628326015,2050.0,2.0718738580145923,0.05,2041.95,2038.064628326015,1.0,1.0,1.0,1.0,0.0,0.0,19.42685836992496,4498.697454052809,4479.270595682884,1.9353716739850189,0.29,4.0,BREAK_LONG,STOP,2023-12-21 13:50:00,2023-12-21 13:55:00,2023-12-21 14:10:00,2041.805
2023-12-21 10:20:00,2023-12-21 10:25:00,2023-12-21 14:24:00,356778.0,1777424.0,1777663.0,356826.0,1.0,3.0,2040.0,2035.5430391525913,2050.0,1.5969215957641056,0.04,2041.11,2042.16,3.0,1.0,1.0,1.0,1.0,1.0,22.267843389634436,4479.270595682884,4483.470595682885,2.3239216948171117,0.29,48.0,REV_LONG,TIME,2023-12-21 15:20:00,2023-12-21 15:25:00,2023-12-21 19:24:00,2040.965
2023-12-26 14:40:00,2023-12-26 14:45:00,2023-12-26 16:58:00,357658.0,1781809.0,1781942.0,357685.0,1.0,1.0,2060.0,2059.2827125786353,2070.0,4.897409124923517,0.12,2061.1,2067.565,4.0,1.0,1.0,1.0,0.0,0.0,21.807449056375845,4483.470595682885,4561.0505956828865,0.7172874213648699,0.29,27.0,BREAK_LONG,SESSION,2023-12-26 19:40:00,2023-12-26 19:45:00,2023-12-26 21:58:00,2060.955
2023-12-28 14:35:00,2023-12-28 14:40:00,2023-12-28 16:58:00,358209.0,1784554.0,1784692.0,358237.0,-1.0,2.0,2070.0,2071.3488737844996,2060.0,1.624700523216876,0.05,2067.025,2065.41,4.0,1.0,1.0,1.0,0.0,0.0,21.61936892249742,4561.0505956828865,4569.125595682888,1.3488737844996033,0.29,28.0,BREAK_SHORT,SESSION,2023-12-28 19:35:00,2023-12-28 19:40:00,2023-12-28 21:58:00,2067.17
2023-12-28 22:50:00,2023-12-28 22:55:00,2023-12-29 00:28:00,358296.0,1784984.0,1785077.0,358315.0,-1.0,4.0,2070.0,2070.9972492551874,2060.0,5.994596574878178,0.14,2069.425,2070.9972492551874,1.0,1.0,-1.0,1.0,0.0,1.0,22.01148957262103,4569.125595682888,4547.114106110267,0.8444985103750293,0.29,19.0,REV_SHORT,STOP,2023-12-29 03:50:00,2023-12-29 03:55:00,2023-12-29 05:28:00,2069.57
2024-01-02 07:05:00,2024-01-02 07:10:00,2024-01-02 10:38:00,358744.0,1787211.0,1787419.0,358786.0,-1.0,2.0,2070.0,2071.543009933304,2060.0,1.3494782404279984,0.04,2066.63,2060.0,2.0,1.0,1.0,1.0,0.0,0.0,19.652039733215133,4547.114106110267,4573.634106110268,1.5430099333037741,0.29,42.0,BREAK_SHORT,TARGET,2024-01-02 12:05:00,2024-01-02 12:10:00,2024-01-02 15:38:00,2066.775
2024-01-02 11:00:00,2024-01-02 11:05:00,2024-01-02 15:04:00,358791.0,1787446.0,1787685.0,358839.0,1.0,3.0,2060.0,2056.1067447321607,2070.0,2.243620657437047,0.02,2060.39,2060.8,3.0,-1.0,-1.0,-1.0,1.0,1.0,8.56651053567839,4573.634106110268,4574.454106110268,2.6165105356784117,0.29,48.0,REV_LONG,TIME,2024-01-02 16:00:00,2024-01-02 16:05:00,2024-01-02 20:04:00,2060.245
2024-01-03 07:00:00,2024-01-03 07:05:00,2024-01-03 08:48:00,359019.0,1788581.0,1788684.0,359040.0,-1.0,2.0,2050.0,2051.6216069551683,2040.0,1.471837196512825,0.04,2046.92,2040.0,2.0,1.0,1.0,1.0,0.0,1.0,18.80642782067298,4574.454106110268,4602.1341061102685,1.6216069551681573,0.29,21.0,BREAK_SHORT,TARGET,2024-01-03 12:00:00,2024-01-03 12:05:00,2024-01-03 13:48:00,2047.065
2024-01-04 08:45:00,2024-01-04 08:50:00,2024-01-04 09:07:00,359316.0,1790061.0,1790078.0,359320.0,1.0,3.0,2040.0,2038.0006009372314,2050.0,1.9023320875883711,0.02,2042.135,2038.0006009372314,1.0,-1.0,-1.0,-1.0,0.0,0.0,8.26879812553716,4602.1341061102685,4593.865307984732,1.7687981255369327,0.29,4.0,REV_LONG,STOP,2024-01-04 13:45:00,2024-01-04 13:50:00,2024-01-04 14:07:00,2041.99
2024-01-05 08:45:00,2024-01-05 08:50:00,2024-01-05 08:54:00,359592.0,1791436.0,1791440.0,359593.0,1.0,3.0,2030.0,2023.5884855642262,2040.0,1.100938885885556,0.01,2031.4,2040.0,2.0,-1.0,-1.0,-1.0,1.0,0.0,7.8115144357739155,4593.865307984732,4602.465307984732,3.1430288715476697,0.29,1.0,REV_LONG,TARGET,2024-01-05 13:45:00,2024-01-05 13:50:00,2024-01-05 13:54:00,2031.255
2024-01-05 10:15:00,2024-01-05 10:20:00,2024-01-05 11:48:00,359610.0,1791526.0,1791614.0,359628.0,-1.0,4.0,2060.0,2065.6122324279236,2050.0,1.1497841859059321,0.03,2058.35,2050.0,2.0,-1.0,-1.0,1.0,1.0,0.0,21.78669728377099,4602.465307984732,4627.515307984731,4.354464855846931,0.29,18.0,REV_SHORT,TARGET,2024-01-05 15:15:00,2024-01-05 15:20:00,2024-01-05 16:48:00,2058.495
2024-01-08 04:55:00,2024-01-08 05:00:00,2024-01-08 06:19:00,359822.0,1792581.0,1792660.0,359838.0,-1.0,4.0,2030.0,2032.593204732692,2020.0,2.6468167130291542,0.06,2029.14,2020.0,2.0,1.0,1.0,1.0,1.0,1.0,20.71922839615081,4627.515307984731,4682.355307984732,1.5364094653838392,0.29,16.0,REV_SHORT,TARGET,2024-01-08 09:55:00,2024-01-08 10:00:00,2024-01-08 11:19:00,2029.285
2024-01-08 12:45:00,2024-01-08 12:50:00,2024-01-08 16:49:00,359916.0,1793051.0,1793290.0,359964.0,-1.0,2.0,2030.0,2031.5983321913711,2020.0,1.6642423967462907,0.02,2027.2450000000001,2028.32,3.0,1.0,1.0,-1.0,0.0,0.0,8.70666438274202,4682.355307984732,4680.205307984732,1.5983321913710746,0.29,48.0,BREAK_SHORT,TIME,2024-01-08 17:45:00,2024-01-08 17:50:00,2024-01-08 21:49:00,2027.39
2024-01-09 11:15:00,2024-01-09 11:20:00,2024-01-09 12:03:00,360174.0,1794336.0,1794379.0,360183.0,-1.0,2.0,2030.0,2031.9214503761964,2020.0,1.8273664605417066,0.05,2027.705,2031.9214503761964,1.0,1.0,1.0,1.0,0.0,0.0,21.082251880982312,4680.205307984732,4659.12305610375,1.9214503761963768,0.29,9.0,BREAK_SHORT,STOP,2024-01-09 16:15:00,2024-01-09 16:20:00,2024-01-09 17:03:00,2027.85
2024-01-09 15:15:00,2024-01-09 15:20:00,2024-01-09 16:58:00,360222.0,1794576.0,1794674.0,360242.0,-1.0,4.0,2030.0,2031.1227339505488,2020.0,7.63744715731771,0.18,2029.835,2030.165,4.0,1.0,1.0,1.0,0.0,0.0,23.179211109877087,4659.12305610375,4653.183056103751,1.0054679010978569,0.29,20.0,REV_SHORT,SESSION,2024-01-09 20:15:00,2024-01-09 20:20:00,2024-01-09 21:58:00,2029.98
2024-01-12 08:45:00,2024-01-12 08:50:00,2024-01-12 09:33:00,360972.0,1798311.0,1798354.0,360981.0,1.0,1.0,2050.0,2047.5586208321336,2060.0,1.0835017871275554,0.01,2053.53,2060.0,2.0,1.0,1.0,-1.0,0.0,0.0,5.971379167866644,4653.183056103751,4659.653056103751,2.4413791678663777,0.29,9.0,BREAK_LONG,TARGET,2024-01-12 13:45:00,2024-01-12 13:50:00,2024-01-12 14:33:00,2053.385
2024-01-14 21:00:00,2024-01-14 21:05:00,2024-01-15 01:04:00,361107.0,1798981.0,1799220.0,361155.0,1.0,1.0,2050.0,2049.0358903299025,2060.0,8.143542032485286,0.09,2050.235,2054.405,3.0,1.0,1.0,-1.0,0.0,1.0,10.791987030878772,4659.653056103751,4697.183056103751,0.9641096700972932,0.29,48.0,BREAK_LONG,TIME,2024-01-15 02:00:00,2024-01-15 02:05:00,2024-01-15 06:04:00,2050.09
2024-01-16 08:50:00,2024-01-16 08:55:00,2024-01-16 12:07:00,361525.0,1801066.0,1801258.0,361564.0,-1.0,4.0,2040.0,2046.2794800414672,2030.0,1.0388904420726508,0.02,2038.295,2030.0,2.0,1.0,1.0,1.0,1.0,1.0,15.968960082934244,4697.183056103751,4713.7730561037515,2.4889600829344523,0.29,39.0,REV_SHORT,TARGET,2024-01-16 13:50:00,2024-01-16 13:55:00,2024-01-16 17:07:00,2038.44
2024-01-17 09:20:00,2024-01-17 09:25:00,2024-01-17 09:56:00,361807.0,1802471.0,1802502.0,361814.0,1.0,3.0,2020.0,2016.5299638814442,2030.0,2.480597003725695,0.03,2020.4,2016.5299638814442,1.0,-1.0,-1.0,-1.0,0.0,1.0,11.610108355667533,4713.7730561037515,4702.162947748084,2.240072237111744,0.29,7.0,REV_LONG,STOP,2024-01-17 14:20:00,2024-01-17 14:25:00,2024-01-17 14:56:00,2020.255
2024-01-18 13:45:00,2024-01-18 13:50:00,2024-01-18 15:31:00,362136.0,1804111.0,1804212.0,362157.0,-1.0,4.0,2020.0,2021.6297868788547,2010.0,5.479759249341111,0.13,2019.835,2021.6297868788547,1.0,-1.0,-1.0,1.0,1.0,1.0,23.332229425110654,4702.162947748084,4678.830718322974,1.339573757709245,0.29,21.0,REV_SHORT,STOP,2024-01-18 18:45:00,2024-01-18 18:50:00,2024-01-18 20:31:00,2019.98
2024-01-19 05:15:00,2024-01-19 05:20:00,2024-01-19 05:31:00,362310.0,1804976.0,1804987.0,362313.0,1.0,1.0,2030.0,2029.0790629893297,2040.0,5.255057853706423,0.13,2030.825,2029.0790629893297,1.0,1.0,1.0,1.0,0.0,0.0,22.697181138714313,4678.830718322974,4656.13353718426,0.9209370106702798,0.29,3.0,BREAK_LONG,STOP,2024-01-19 10:15:00,2024-01-19 10:20:00,2024-01-19 10:31:00,2030.68
2024-01-28 19:40:00,2024-01-28 19:45:00,2024-01-28 23:44:00,363851.0,1812651.0,1812890.0,363899.0,1.0,3.0,2020.0,2018.7073090725444,2030.0,5.55526232098647,0.06,2020.43,2027.09,3.0,1.0,-1.0,-1.0,0.0,1.0,10.336145564734124,4656.13353718426,4696.093537184259,1.305381854911143,0.29,48.0,REV_LONG,TIME,2024-01-29 00:40:00,2024-01-29 00:45:00,2024-01-29 04:44:00,2020.285
2024-01-29 04:30:00,2024-01-29 04:35:00,2024-01-29 04:41:00,363957.0,1813181.0,1813187.0,363959.0,1.0,3.0,2030.0,2028.982712046725,2040.0,7.177381773877602,0.08,2030.33,2028.982712046725,1.0,1.0,1.0,-1.0,1.0,1.0,10.778303626198976,4696.093537184259,4685.31523355806,0.994575906549904,0.29,2.0,REV_LONG,STOP,2024-01-29 09:30:00,2024-01-29 09:35:00,2024-01-29 09:41:00,2030.185
2024-01-29 15:25:00,2024-01-29 15:30:00,2024-01-29 16:58:00,364088.0,1813836.0,1813924.0,364106.0,1.0,1.0,2030.0,2028.5713892228212,2040.0,1.52364606708343,0.02,2033.1,2032.385,4.0,1.0,1.0,-1.0,0.0,0.0,9.057221554357511,4685.31523355806,4683.88523355806,1.4286107771788337,0.29,18.0,BREAK_LONG,SESSION,2024-01-29 20:25:00,2024-01-29 20:30:00,2024-01-29 21:58:00,2032.955
2024-01-31 10:00:00,2024-01-31 10:05:00,2024-01-31 11:08:00,364575.0,1816261.0,1816324.0,364588.0,1.0,1.0,2050.0,2047.7996731722499,2060.0,1.5415617030952238,0.04,2052.6,2047.7996731722499,1.0,1.0,1.0,1.0,0.0,0.0,19.201307311000164,4683.88523355806,4664.683926247059,2.2003268277501298,0.29,13.0,BREAK_LONG,STOP,2024-01-31 15:00:00,2024-01-31 15:05:00,2024-01-31 16:08:00,2052.455
2024-01-31 14:50:00,2024-01-31 14:55:00,2024-01-31 15:03:00,364633.0,1816551.0,1816559.0,364635.0,-1.0,4.0,2050.0,2052.389030885467,2040.0,1.250901410851317,0.02,2046.885,2040.0,2.0,-1.0,-1.0,-1.0,1.0,0.0,11.008061770934091,4664.683926247059,4678.453926247059,2.93806177093362,0.29,2.0,REV_SHORT,TARGET,2024-01-31 19:50:00,2024-01-31 19:55:00,2024-01-31 20:03:00,2047.03
2024-02-01 05:20:00,2024-02-01 05:25:00,2024-02-01 08:40:00,364795.0,1817356.0,1817551.0,364835.0,-1.0,2.0,2040.0,2041.031744433689,2030.0,4.10316772962094,0.1,2038.8700000000001,2041.031744433689,1.0,1.0,1.0,1.0,0.0,0.0,21.617444336889093,4678.453926247059,4656.83648191017,1.0317444336890014,0.29,40.0,BREAK_SHORT,STOP,2024-02-01 10:20:00,2024-02-01 10:25:00,2024-02-01 13:40:00,2039.015
2024-02-04 18:10:00,2024-02-04 18:15:00,2024-02-04 22:14:00,365213.0,1819436.0,1819675.0,365261.0,-1.0,4.0,2040.0,2042.7624074476985,2030.0,3.1538785675249126,0.07,2039.69,2033.105,3.0,1.0,0.0,1.0,0.0,1.0,21.50685213388897,4656.83648191017,4702.93148191017,0.8948148953967152,0.29,48.0,REV_SHORT,TIME,2024-02-04 23:10:00,2024-02-04 23:15:00,2024-02-05 03:14:00,2039.835
2024-02-08 09:40:00,2024-02-08 09:45:00,2024-02-08 13:03:00,366227.0,1824491.0,1824689.0,366267.0,-1.0,4.0,2030.0,2035.2065007791905,2020.0,1.6370413117893128,0.04,2029.44,2035.2065007791905,1.0,1.0,1.0,1.0,0.0,1.0,23.06600311676175,4702.93148191017,4679.865478793408,2.343001558380594,0.29,40.0,REV_SHORT,STOP,2024-02-08 14:40:00,2024-02-08 14:45:00,2024-02-08 18:03:00,2029.585
2024-02-16 08:45:00,2024-02-16 08:50:00,2024-02-16 10:44:00,367872.0,1832686.0,1832800.0,367895.0,1.0,3.0,2000.0,1994.2432298904487,2010.0,1.2392049000100163,0.03,2001.28,2010.0,2.0,-1.0,-1.0,1.0,1.0,1.0,21.110310328653895,4679.865478793408,4706.025478793408,1.8335402191030097,0.29,23.0,REV_LONG,TARGET,2024-02-16 13:45:00,2024-02-16 13:50:00,2024-02-16 15:44:00,2001.135
2024-02-19 00:50:00,2024-02-19 00:55:00,2024-02-19 03:47:00,368053.0,1833586.0,1833758.0,368088.0,1.0,1.0,2020.0,2019.2901233769694,2030.0,3.6466160123349125,0.1,2021.595,2019.2901233769694,1.0,1.0,1.0,1.0,0.0,0.0,23.048766230306228,4706.025478793408,4682.976712563102,0.7098766230305664,0.29,35.0,BREAK_LONG,STOP,2024-02-19 05:50:00,2024-02-19 05:55:00,2024-02-19 08:47:00,2021.45
2024-02-21 00:25:00,2024-02-21 00:30:00,2024-02-21 01:49:00,368600.0,1836311.0,1836390.0,368616.0,1.0,3.0,2030.0,2029.2102304430316,2040.0,7.1140145677323465,0.17,2030.54,2029.2102304430316,1.0,1.0,1.0,1.0,1.0,1.0,22.606082468462095,4682.976712563102,4660.370630094641,0.5695391139367091,0.29,16.0,REV_LONG,STOP,2024-02-21 05:25:00,2024-02-21 05:30:00,2024-02-21 06:49:00,2030.395
2024-02-22 05:25:00,2024-02-22 05:30:00,2024-02-22 06:03:00,368936.0,1837986.0,1838019.0,368943.0,1.0,3.0,2030.0,2028.8170542926164,2040.0,5.644864215357825,0.13,2030.5,2028.8170542926164,1.0,1.0,1.0,1.0,0.0,1.0,21.87829419598711,4660.370630094641,4638.492335898653,0.9058914147673265,0.29,7.0,REV_LONG,STOP,2024-02-22 10:25:00,2024-02-22 10:30:00,2024-02-22 11:03:00,2030.355
2024-02-23 02:15:00,2024-02-23 02:20:00,2024-02-23 03:43:00,369174.0,1839171.0,1839254.0,369191.0,1.0,3.0,2020.0,2019.2426127252083,2030.0,4.215987999090984,0.11,2021.305,2019.2426127252083,1.0,-1.0,-1.0,1.0,1.0,0.0,22.686260022708893,4638.492335898653,4615.806075875945,0.8447745495834257,0.29,17.0,REV_LONG,STOP,2024-02-23 07:15:00,2024-02-23 07:20:00,2024-02-23 08:43:00,2021.16
2024-02-23 14:05:00,2024-02-23 14:10:00,2024-02-23 16:58:00,369316.0,1839881.0,1840049.0,369350.0,-1.0,4.0,2040.0,2041.979676258178,2030.0,4.289796373727895,0.05,2039.715,2035.71,4.0,-1.0,-1.0,-1.0,1.0,1.0,11.323381290890211,4615.806075875945,4635.831075875944,1.1193525163557085,0.29,34.0,REV_SHORT,SESSION,2024-02-23 19:05:00,2024-02-23 19:10:00,2024-02-23 21:58:00,2039.86
2024-02-26 14:10:00,2024-02-26 14:15:00,2024-02-26 15:04:00,369593.0,1841261.0,1841310.0,369603.0,-1.0,4.0,2030.0,2030.7365905684424,2020.0,8.746443802277295,0.1,2029.635,2030.7365905684424,1.0,-1.0,1.0,-1.0,0.0,1.0,11.015905684423617,4635.831075875944,4624.81517019152,0.8531811368850305,0.29,10.0,REV_SHORT,STOP,2024-02-26 19:10:00,2024-02-26 19:15:00,2024-02-26 20:04:00,2029.78
2024-02-27 19:15:00,2024-02-27 19:20:00,2024-02-27 19:23:00,369918.0,1842876.0,1842879.0,369919.0,-1.0,2.0,2030.0,2030.4249895942878,2020.0,14.676921389202118,0.34,2029.76,2030.4249895942878,1.0,1.0,1.0,1.0,0.0,1.0,22.609646205785793,4624.81517019152,4602.2055239857345,0.42498959428778915,0.29,1.0,BREAK_SHORT,STOP,2024-02-28 00:15:00,2024-02-28 00:20:00,2024-02-28 00:23:00,2029.905
2024-03-05 03:45:00,2024-03-05 03:50:00,2024-03-05 07:49:00,371124.0,1848886.0,1849125.0,371172.0,1.0,1.0,2120.0,2118.6521497898843,2130.0,3.137247512920921,0.04,2121.395,2123.73,3.0,1.0,1.0,-1.0,0.0,0.0,10.971400840462593,4602.2055239857345,4611.545523985735,1.3478502101157503,0.29,48.0,BREAK_LONG,TIME,2024-03-05 08:45:00,2024-03-05 08:50:00,2024-03-05 12:49:00,2121.25
2024-03-05 09:30:00,2024-03-05 09:35:00,2024-03-05 09:46:00,371193.0,1849231.0,1849242.0,371196.0,1.0,1.0,2130.0,2126.8473500393584,2140.0,1.9308546958865267,0.05,2131.335,2126.8473500393584,1.0,1.0,1.0,1.0,0.0,0.0,22.438249803208237,4611.545523985735,4589.107274182526,3.1526499606416785,0.29,3.0,BREAK_LONG,STOP,2024-03-05 14:30:00,2024-03-05 14:35:00,2024-03-05 14:46:00,2131.19
2024-03-06 07:00:00,2024-03-06 07:05:00,2024-03-06 09:27:00,371439.0,1850456.0,1850598.0,371468.0,1.0,1.0,2130.0,2128.873211607797,2140.0,2.663998591660915,0.07,2131.91,2140.0,2.0,1.0,1.0,1.0,0.0,0.0,21.257518745418565,4589.107274182526,4645.7372741825275,1.1267883922028223,0.29,29.0,BREAK_LONG,TARGET,2024-03-06 12:00:00,2024-03-06 12:05:00,2024-03-06 14:27:00,2131.765
2024-03-07 08:05:00,2024-03-07 08:10:00,2024-03-07 09:42:00,371728.0,1851896.0,1851988.0,371747.0,-1.0,4.0,2160.0,2165.598866740853,2150.0,1.178957550897872,0.01,2158.44,2150.0,2.0,-1.0,-1.0,-1.0,0.0,0.0,7.1588667408527735,4645.7372741825275,4654.177274182528,1.5977334817055837,0.29,19.0,REV_SHORT,TARGET,2024-03-07 13:05:00,2024-03-07 13:10:00,2024-03-07 14:42:00,2158.585
2024-03-07 15:35:00,2024-03-07 15:40:00,2024-03-07 16:58:00,371818.0,1852346.0,1852424.0,371834.0,-1.0,4.0,2160.0,2161.06217127687,2150.0,5.442089630705652,0.06,2159.345,2160.055,4.0,-1.0,-1.0,-1.0,0.0,1.0,10.303027661219858,4654.177274182528,4649.917274182528,1.034342553739795,0.29,16.0,REV_SHORT,SESSION,2024-03-07 20:35:00,2024-03-07 20:40:00,2024-03-07 21:58:00,2159.49
2024-03-08 08:45:00,2024-03-08 08:50:00,2024-03-08 09:07:00,372012.0,1853311.0,1853328.0,372016.0,-1.0,4.0,2180.0,2187.2541628415333,2170.0,1.050609569423227,0.01,2178.84,2170.0,2.0,-1.0,-1.0,-1.0,1.0,1.0,8.414162841533198,4649.917274182528,4658.757274182528,3.5383256830663763,0.29,4.0,REV_SHORT,TARGET,2024-03-08 13:45:00,2024-03-08 13:50:00,2024-03-08 14:07:00,2178.985
2024-03-08 12:30:00,2024-03-08 12:35:00,2024-03-08 12:45:00,372057.0,1853536.0,1853546.0,372060.0,1.0,1.0,2190.0,2186.600620064804,2200.0,1.5721640774684342,0.04,2191.81,2186.600620064804,1.0,1.0,1.0,1.0,0.0,0.0,20.837519740784046,4658.757274182528,4637.919754441744,3.399379935195958,0.29,3.0,BREAK_LONG,STOP,2024-03-08 17:30:00,2024-03-08 17:35:00,2024-03-08 17:45:00,2191.665
2024-03-10 18:20:00,2024-03-10 18:25:00,2024-03-10 19:24:00,372115.0,1853821.0,1853880.0,372127.0,-1.0,4.0,2180.0,2181.553868175977,2170.0,4.959078765195245,0.05,2179.6150000000002,2181.553868175977,1.0,-1.0,0.0,-1.0,0.0,1.0,9.69434087988475,4637.919754441744,4628.225413561859,0.9277363519538313,0.29,12.0,REV_SHORT,STOP,2024-03-10 22:20:00,2024-03-10 22:25:00,2024-03-10 23:24:00,2179.76
2024-03-11 00:15:00,2024-03-11 00:20:00,2024-03-11 01:36:00,372186.0,1854176.0,1854252.0,372202.0,1.0,1.0,2180.0,2179.0878050918986,2190.0,4.356480553091168,0.11,2181.125,2179.0878050918986,1.0,1.0,1.0,1.0,0.0,0.0,22.40914398911491,4628.225413561859,4605.816269572744,0.9121949081013199,0.29,16.0,BREAK_LONG,STOP,2024-03-11 04:15:00,2024-03-11 04:20:00,2024-03-11 05:36:00,2180.98
2024-03-11 06:00:00,2024-03-11 06:05:00,2024-03-11 06:27:00,372255.0,1854521.0,1854543.0,372260.0,1.0,1.0,2180.0,2178.6191523128878,2190.0,4.863854110080052,0.11,2180.56,2178.6191523128878,1.0,1.0,1.0,1.0,0.0,1.0,21.349324558234002,4605.816269572744,4584.46694501451,1.3808476871122979,0.29,5.0,BREAK_LONG,STOP,2024-03-11 10:00:00,2024-03-11 10:05:00,2024-03-11 10:27:00,2180.415
2024-03-11 12:50:00,2024-03-11 12:55:00,2024-03-11 14:24:00,372337.0,1854931.0,1855020.0,372355.0,1.0,3.0,2180.0,2177.823444492069,2190.0,2.6659196207489746,0.06,2181.145,2177.823444492069,1.0,1.0,1.0,1.0,0.0,1.0,19.929333047585715,4584.46694501451,4564.5376119669245,1.5931110158621187,0.29,18.0,REV_LONG,STOP,2024-03-11 16:50:00,2024-03-11 16:55:00,2024-03-11 18:24:00,2181.0
2024-03-11 22:20:00,2024-03-11 22:25:00,2024-03-11 22:57:00,372439.0,1855436.0,1855468.0,372446.0,1.0,3.0,2180.0,2179.246058942158,2190.0,9.107647391345917,0.21,2180.31,2179.246058942158,1.0,1.0,-1.0,1.0,0.0,0.0,22.342762214680533,4564.5376119669245,4542.194849752244,0.8778821156836877,0.29,7.0,REV_LONG,STOP,2024-03-12 02:20:00,2024-03-12 02:25:00,2024-03-12 02:57:00,2180.165
2024-03-14 10:25:00,2024-03-14 10:30:00,2024-03-14 11:36:00,373136.0,1858911.0,1858977.0,373150.0,1.0,3.0,2160.0,2156.454138884387,2170.0,1.7333011962215727,0.02,2161.41,2156.454138884387,1.0,-1.0,-1.0,-1.0,1.0,1.0,9.911722231226122,4542.194849752244,4532.283127521018,2.5917222312264445,0.29,14.0,REV_LONG,STOP,2024-03-14 14:25:00,2024-03-14 14:30:00,2024-03-14 15:36:00,2161.265
2024-03-15 06:10:00,2024-03-15 06:15:00,2024-03-15 06:42:00,373361.0,1860031.0,1860058.0,373367.0,1.0,1.0,2170.0,2168.710033657361,2180.0,4.120244297754618,0.05,2170.915,2168.710033657361,1.0,1.0,1.0,-1.0,0.0,0.0,11.02483171319591,4532.283127521018,4521.258295807822,1.2899663426390822,0.29,6.0,BREAK_LONG,STOP,2024-03-15 10:10:00,2024-03-15 10:15:00,2024-03-15 10:42:00,2170.77
2024-03-15 08:50:00,2024-03-15 08:55:00,2024-03-15 09:31:00,373393.0,1860191.0,1860227.0,373401.0,1.0,3.0,2160.0,2156.6558417325014,2170.0,2.204527160182538,0.02,2160.82,2156.6558417325014,1.0,-1.0,-1.0,-1.0,1.0,1.0,8.328316534997612,4521.258295807822,4512.929979272824,1.9283165349971483,0.29,8.0,REV_LONG,STOP,2024-03-15 12:50:00,2024-03-15 12:55:00,2024-03-15 13:31:00,2160.675
2024-03-17 23:00:00,2024-03-17 23:05:00,2024-03-18 03:04:00,373551.0,1860976.0,1861215.0,373599.0,-1.0,2.0,2150.0,2151.2012805657387,2140.0,1.698271145098086,0.05,2147.05,2148.105,3.0,1.0,1.0,1.0,0.0,0.0,20.756402828692444,4512.929979272824,4507.654979272826,1.201280565738858,0.29,48.0,BREAK_SHORT,TIME,2024-03-18 03:00:00,2024-03-18 03:05:00,2024-03-18 07:04:00,2147.195
2024-03-18 09:05:00,2024-03-18 09:10:00,2024-03-18 09:16:00,373672.0,1861581.0,1861587.0,373674.0,1.0,3.0,2160.0,2157.902681667069,2170.0,2.918390340216956,0.03,2160.99,2157.902681667069,1.0,1.0,1.0,-1.0,1.0,0.0,9.26195499879259,4507.654979272826,4498.393024274033,1.4846366658616834,0.29,2.0,REV_LONG,STOP,2024-03-18 13:05:00,2024-03-18 13:10:00,2024-03-18 13:16:00,2160.845
2024-03-18 10:20:00,2024-03-18 10:25:00,2024-03-18 14:24:00,373687.0,1861656.0,1861895.0,373735.0,-1.0,4.0,2160.0,2161.7431113181465,2150.0,4.664486617460586,0.1,2159.67,2159.75,3.0,-1.0,-1.0,1.0,1.0,0.0,20.731113181464025,4498.393024274033,4497.593024274034,1.786222636293272,0.29,48.0,REV_SHORT,TIME,2024-03-18 14:20:00,2024-03-18 14:25:00,2024-03-18 18:24:00,2159.815
2024-03-20 00:05:00,2024-03-20 00:10:00,2024-03-20 04:09:00,374116.0,1863791.0,1864030.0,374164.0,-1.0,4.0,2160.0,2160.6252613474944,2150.0,11.07057583266234,0.25,2159.745,2156.005,3.0,-1.0,-1.0,1.0,0.0,0.0,22.006533687363117,4497.593024274034,4591.093024274029,0.6605226949889523,0.29,48.0,REV_SHORT,TIME,2024-03-20 04:05:00,2024-03-20 04:10:00,2024-03-20 08:09:00,2159.89
2024-03-20 15:00:00,2024-03-20 15:05:00,2024-03-20 15:25:00,374295.0,1864686.0,1864706.0,374300.0,-1.0,4.0,2180.0,2186.0673933550647,2170.0,1.4354153967080783,0.01,2179.47,2186.0673933550647,1.0,-1.0,-1.0,-1.0,1.0,1.0,6.5973933550649235,4591.093024274029,4584.495630918964,4.474786710129452,0.29,5.0,REV_SHORT,STOP,2024-03-20 19:00:00,2024-03-20 19:05:00,2024-03-20 19:25:00,2179.615
2024-03-22 13:40:00,2024-03-22 13:45:00,2024-03-22 14:18:00,374831.0,1867356.0,1867389.0,374838.0,-1.0,2.0,2160.0,2161.840017143586,2150.0,3.4848258551467137,0.08,2159.2,2161.840017143586,1.0,1.0,1.0,1.0,0.0,1.0,21.120137148689537,4584.495630918964,4563.375493770274,1.8400171435858685,0.29,7.0,BREAK_SHORT,STOP,2024-03-22 17:40:00,2024-03-22 17:45:00,2024-03-22 18:18:00,2159.345
2024-03-25 09:45:00,2024-03-25 09:50:00,2024-03-25 13:49:00,375060.0,1868496.0,1868735.0,375108.0,-1.0,4.0,2180.0,2182.3833211166666,2170.0,1.3284267431426315,0.04,2177.065,2175.065,3.0,-1.0,-1.0,1.0,1.0,0.0,21.273284466666155,4563.375493770274,4571.375493770274,1.9466422333333688,0.29,48.0,REV_SHORT,TIME,2024-03-25 13:45:00,2024-03-25 13:50:00,2024-03-25 17:49:00,2177.21
2024-03-26 03:25:00,2024-03-26 03:30:00,2024-03-26 05:10:00,375260.0,1869491.0,1869591.0,375281.0,1.0,3.0,2170.0,2169.2431909922984,2180.0,4.167048930957643,0.1,2171.325,2180.0,2.0,-1.0,-1.0,1.0,0.0,0.0,20.818090077013952,4571.375493770274,4658.125493770276,0.923618015402796,0.29,21.0,REV_LONG,TARGET,2024-03-26 07:25:00,2024-03-26 07:30:00,2024-03-26 09:10:00,2171.18
2024-03-27 11:35:00,2024-03-27 11:40:00,2024-03-27 15:39:00,375634.0,1871356.0,1871595.0,375682.0,1.0,3.0,2190.0,2187.539341309071,2200.0,3.159572226522677,0.03,2190.535,2191.15,3.0,1.0,1.0,-1.0,1.0,1.0,8.986976072786547,4658.125493770276,4659.970493770276,1.8513173818581818,0.29,48.0,REV_LONG,TIME,2024-03-27 15:35:00,2024-03-27 15:40:00,2024-03-27 19:39:00,2190.39
2024-03-28 12:45:00,2024-03-28 12:50:00,2024-03-28 13:26:00,375924.0,1872801.0,1872837.0,375932.0,1.0,1.0,2220.0,2217.474575194936,2230.0,1.537861541768871,0.02,2222.41,2217.474575194936,1.0,1.0,1.0,-1.0,0.0,0.0,9.870849610128062,4659.970493770276,4650.099644160148,2.525424805064187,0.29,8.0,BREAK_LONG,STOP,2024-03-28 16:45:00,2024-03-28 16:50:00,2024-03-28 17:26:00,2222.265
2024-03-28 15:45:00,2024-03-28 15:50:00,2024-03-28 16:50:00,375960.0,1872981.0,1873041.0,375973.0,1.0,3.0,2220.0,2218.1146406032285,2230.0,3.7064031408625118,0.04,2220.64,2230.0,2.0,1.0,1.0,-1.0,1.0,1.0,10.101437587085456,4650.099644160148,4687.539644160149,1.290718793543545,0.29,13.0,REV_LONG,TARGET,2024-03-28 19:45:00,2024-03-28 19:50:00,2024-03-28 20:50:00,2220.495
2024-04-02 10:55:00,2024-04-02 11:00:00,2024-04-02 11:27:00,376730.0,1876816.0,1876843.0,376736.0,1.0,3.0,2260.0,2255.294659722872,2270.0,1.6906541096204388,0.04,2260.7599999999998,2255.294659722872,1.0,1.0,1.0,1.0,0.0,0.0,21.86136110851112,4687.539644160149,4665.678283051638,4.010680554256224,0.29,6.0,REV_LONG,STOP,2024-04-02 14:55:00,2024-04-02 15:00:00,2024-04-02 15:27:00,2260.615
2024-04-02 14:25:00,2024-04-02 14:30:00,2024-04-02 16:34:00,376772.0,1877026.0,1877150.0,376797.0,1.0,1.0,2270.0,2267.8419330148263,2280.0,2.7089135274426828,0.07,2271.12,2280.0,2.0,1.0,1.0,1.0,0.0,1.0,22.946468896215265,4665.678283051638,4727.838283051638,2.1580669851737824,0.29,25.0,BREAK_LONG,TARGET,2024-04-02 18:25:00,2024-04-02 18:30:00,2024-04-02 20:34:00,2270.975
2024-04-03 08:30:00,2024-04-03 08:35:00,2024-04-03 10:01:00,376977.0,1878046.0,1878132.0,376995.0,1.0,3.0,2270.0,2264.2885251272087,2280.0,1.2392262721153675,0.03,2271.305,2280.0,2.0,1.0,-1.0,1.0,1.0,1.0,21.04942461837345,4727.838283051638,4753.923283051639,2.43294974558255,0.29,18.0,REV_LONG,TARGET,2024-04-03 12:30:00,2024-04-03 12:35:00,2024-04-03 14:01:00,2271.16
2024-04-03 10:15:00,2024-04-03 10:20:00,2024-04-03 10:44:00,376998.0,1878151.0,1878175.0,377003.0,-1.0,4.0,2280.0,2282.9585666034513,2270.0,1.512047938817309,0.02,2277.8,2282.9585666034513,1.0,-1.0,1.0,-1.0,0.0,0.0,10.317133206902326,4753.923283051639,4743.606149844737,3.607133206902031,0.29,5.0,REV_SHORT,STOP,2024-04-03 14:15:00,2024-04-03 14:20:00,2024-04-03 14:44:00,2277.945
2024-04-04 09:30:00,2024-04-04 09:35:00,2024-04-04 10:02:00,377265.0,1879481.0,1879508.0,377271.0,-1.0,4.0,2290.0,2292.3650588147193,2280.0,1.6364400326736144,0.02,2287.675,2292.3650588147193,1.0,-1.0,1.0,-1.0,1.0,0.0,9.380117629438246,4743.606149844737,4734.226032215299,2.330117629439113,0.29,6.0,REV_SHORT,STOP,2024-04-04 13:30:00,2024-04-04 13:35:00,2024-04-04 14:02:00,2287.82
2024-04-05 05:50:00,2024-04-05 05:55:00,2024-04-05 08:31:00,377497.0,1880636.0,1880792.0,377529.0,1.0,1.0,2290.0,2288.106192734489,2300.0,2.008190957930761,0.05,2292.06,2288.106192734489,1.0,1.0,1.0,1.0,0.0,0.0,19.76903632755466,4734.226032215299,4714.456995887744,1.8938072655111542,0.29,32.0,BREAK_LONG,STOP,2024-04-05 09:50:00,2024-04-05 09:55:00,2024-04-05 12:31:00,2291.915
2024-04-05 10:00:00,2024-04-05 10:05:00,2024-04-05 10:15:00,377547.0,1880886.0,1880896.0,377550.0,-1.0,4.0,2300.0,2304.7399232484013,2290.0,1.1518377234140762,0.03,2297.89,2304.7399232484013,1.0,-1.0,-1.0,1.0,1.0,0.0,20.54976974520423,4714.456995887744,4693.907226142539,4.209846496801678,0.29,3.0,REV_SHORT,STOP,2024-04-05 14:00:00,2024-04-05 14:05:00,2024-04-05 14:15:00,2298.035
2024-04-08 06:45:00,2024-04-08 06:50:00,2024-04-08 07:04:00,377784.0,1882066.0,1882080.0,377787.0,1.0,1.0,2340.0,2337.9869654685103,2350.0,1.2337220895758387,0.02,2343.365,2337.9869654685103,1.0,1.0,1.0,-1.0,0.0,0.0,10.756069062978895,4693.907226142539,4683.15115707956,2.0130345314895206,0.29,3.0,BREAK_LONG,STOP,2024-04-08 10:45:00,2024-04-08 10:50:00,2024-04-08 11:04:00,2343.22
2024-04-09 03:35:00,2024-04-09 03:40:00,2024-04-09 05:16:00,378022.0,1883251.0,1883347.0,378042.0,1.0,1.0,2350.0,2347.778046313778,2360.0,1.926044817431641,0.05,2351.955,2360.0,2.0,1.0,1.0,1.0,0.0,0.0,20.88476843111039,4683.15115707956,4723.3761570795605,2.221953686222347,0.29,20.0,BREAK_LONG,TARGET,2024-04-09 07:35:00,2024-04-09 07:40:00,2024-04-09 09:16:00,2351.81
2024-04-09 16:10:00,2024-04-09 16:15:00,2024-04-09 16:58:00,378173.0,1884006.0,1884049.0,378182.0,1.0,1.0,2350.0,2348.494474312193,2360.0,1.3967220333868238,0.04,2353.295,2352.57,4.0,1.0,1.0,1.0,0.0,0.0,19.202102751229177,4723.3761570795605,4720.476157079561,1.5055256878070604,0.29,9.0,BREAK_LONG,SESSION,2024-04-09 20:10:00,2024-04-09 20:15:00,2024-04-09 20:58:00,2353.15
2024-04-10 15:10:00,2024-04-10 15:15:00,2024-04-10 16:22:00,378437.0,1885321.0,1885388.0,378451.0,-1.0,2.0,2330.0,2333.2245434254287,2320.0,1.978807088512985,0.05,2328.785,2333.2245434254287,1.0,1.0,1.0,1.0,0.0,1.0,22.19771712714419,4720.476157079561,4698.278439952416,3.224543425428786,0.29,14.0,BREAK_SHORT,STOP,2024-04-10 19:10:00,2024-04-10 19:15:00,2024-04-10 20:22:00,2328.93
2024-04-11 12:55:00,2024-04-11 13:00:00,2024-04-11 13:09:00,378686.0,1886561.0,1886570.0,378688.0,-1.0,4.0,2350.0,2352.0457701015507,2340.0,3.9863064758599447,0.09,2349.63,2352.0457701015507,1.0,-1.0,-1.0,1.0,1.0,1.0,21.741930913955457,4698.278439952416,4676.53650903846,2.3715402031010613,0.29,2.0,REV_SHORT,STOP,2024-04-11 16:55:00,2024-04-11 17:00:00,2024-04-11 17:09:00,2349.775
2024-04-12 02:50:00,2024-04-12 02:55:00,2024-04-12 03:59:00,378841.0,1887331.0,1887395.0,378854.0,1.0,1.0,2390.0,2387.8902148101906,2400.0,1.0701247647359184,0.01,2393.74,2400.0,2.0,1.0,1.0,-1.0,0.0,0.0,5.849785189809154,4676.53650903846,4682.7965090384605,2.1097851898094544,0.29,13.0,BREAK_LONG,TARGET,2024-04-12 06:50:00,2024-04-12 06:55:00,2024-04-12 07:59:00,2393.595
2024-04-15 04:45:00,2024-04-15 04:50:00,2024-04-15 05:02:00,379140.0,1888821.0,1888833.0,379143.0,-1.0,2.0,2350.0,2352.6967840949233,2340.0,1.7119542117909183,0.05,2348.015,2352.6967840949233,1.0,1.0,1.0,1.0,0.0,0.0,23.408920474616934,4682.7965090384605,4659.387588563844,2.696784094923195,0.29,3.0,BREAK_SHORT,STOP,2024-04-15 08:45:00,2024-04-15 08:50:00,2024-04-15 09:02:00,2348.16
2024-04-15 10:55:00,2024-04-15 11:00:00,2024-04-15 12:42:00,379214.0,1889191.0,1889293.0,379235.0,-1.0,4.0,2350.0,2355.4711543850913,2340.0,1.6128611718090216,0.03,2349.55,2355.4711543850913,1.0,1.0,1.0,1.0,0.0,1.0,17.763463155273257,4659.387588563844,4641.624125408571,5.8323087701825544,0.29,21.0,REV_SHORT,STOP,2024-04-15 14:55:00,2024-04-15 15:00:00,2024-04-15 16:42:00,2349.695
2024-04-17 04:50:00,2024-04-17 04:55:00,2024-04-17 06:15:00,379693.0,1891576.0,1891656.0,379710.0,1.0,1.0,2390.0,2388.1081928447634,2400.0,2.2564170696102375,0.03,2391.7599999999998,2388.1081928447634,1.0,1.0,1.0,-1.0,0.0,1.0,10.95542146570915,4641.624125408571,4630.668703942862,1.8918071552366664,0.29,17.0,BREAK_LONG,STOP,2024-04-17 08:50:00,2024-04-17 08:55:00,2024-04-17 10:15:00,2391.615
2024-04-19 03:20:00,2024-04-19 03:25:00,2024-04-19 04:12:00,380227.0,1894236.0,1894283.0,380237.0,-1.0,4.0,2390.0,2395.4836268997947,2380.0,1.6227312739449973,0.03,2389.58,2380.0,2.0,-1.0,-1.0,1.0,0.0,1.0,17.710880699384234,4630.668703942862,4659.408703942861,3.107253799589504,0.29,10.0,REV_SHORT,TARGET,2024-04-19 07:20:00,2024-04-19 07:25:00,2024-04-19 08:12:00,2389.725
2024-04-19 10:25:00,2024-04-19 10:30:00,2024-04-19 11:01:00,380312.0,1894661.0,1894692.0,380319.0,-1.0,4.0,2390.0,2393.3482829443315,2380.0,1.7278788282198776,0.02,2388.455,2393.3482829443315,1.0,-1.0,-1.0,-1.0,0.0,0.0,9.786565888663063,4659.408703942861,4649.622138054198,3.3865658886627448,0.29,7.0,REV_SHORT,STOP,2024-04-19 14:25:00,2024-04-19 14:30:00,2024-04-19 15:01:00,2388.6
2024-04-21 21:35:00,2024-04-21 21:40:00,2024-04-21 23:02:00,380434.0,1895266.0,1895348.0,380451.0,-1.0,2.0,2380.0,2381.8576555298514,2370.0,1.2704265027774562,0.04,2376.635,2370.0,2.0,1.0,1.0,1.0,0.0,1.0,20.890622119404725,4649.622138054198,4676.162138054199,1.8576555298512336,0.29,17.0,BREAK_SHORT,TARGET,2024-04-22 01:35:00,2024-04-22 01:40:00,2024-04-22 03:02:00,2376.78
2024-04-22 03:00:00,2024-04-22 03:05:00,2024-04-22 04:05:00,380499.0,1895591.0,1895651.0,380512.0,-1.0,2.0,2360.0,2362.8525097339284,2350.0,1.0688112026185883,0.01,2356.64,2362.8525097339284,1.0,1.0,1.0,-1.0,0.0,0.0,6.212509733928528,4676.162138054199,4669.949628320271,2.8525097339284367,0.29,13.0,BREAK_SHORT,STOP,2024-04-22 07:00:00,2024-04-22 07:05:00,2024-04-22 08:05:00,2356.785
2024-04-23 06:25:00,2024-04-23 06:30:00,2024-04-23 06:37:00,380816.0,1897171.0,1897178.0,380818.0,-1.0,4.0,2300.0,2301.984477483528,2290.0,4.315855922754399,0.05,2299.73,2301.984477483528,1.0,1.0,1.0,-1.0,1.0,0.0,11.272387417639038,4669.949628320271,4658.677240902632,2.3989549670558272,0.29,2.0,REV_SHORT,STOP,2024-04-23 10:25:00,2024-04-23 10:30:00,2024-04-23 10:37:00,2299.875
2024-04-24 04:20:00,2024-04-24 04:25:00,2024-04-24 08:24:00,381067.0,1898421.0,1898660.0,381115.0,-1.0,2.0,2320.0,2321.6542978725197,2310.0,2.2424407452767694,0.03,2318.06,2314.19,3.0,1.0,1.0,-1.0,0.0,0.0,10.782893617559239,4658.677240902632,4670.287240902631,1.6542978725198898,0.29,48.0,BREAK_SHORT,TIME,2024-04-24 08:20:00,2024-04-24 08:25:00,2024-04-24 12:24:00,2318.205
2024-04-24 21:45:00,2024-04-24 21:50:00,2024-04-24 22:32:00,381264.0,1899401.0,1899443.0,381273.0,-1.0,4.0,2320.0,2321.447972056443,2310.0,4.922471573390201,0.06,2319.515,2321.447972056443,1.0,1.0,-1.0,-1.0,0.0,0.0,11.597832338659828,4670.287240902631,4658.6894085639715,1.3359441128858545,0.29,9.0,REV_SHORT,STOP,2024-04-25 01:45:00,2024-04-25 01:50:00,2024-04-25 02:32:00,2319.66
2024-04-25 09:30:00,2024-04-25 09:35:00,2024-04-25 09:43:00,381405.0,1900106.0,1900114.0,381407.0,-1.0,2.0,2320.0,2324.0625306264656,2310.0,2.151245740043942,0.05,2319.6,2324.0625306264656,1.0,1.0,1.0,1.0,0.0,1.0,22.312653132328254,4658.6894085639715,4636.376755431643,4.062530626465717,0.29,2.0,BREAK_SHORT,STOP,2024-04-25 13:30:00,2024-04-25 13:35:00,2024-04-25 13:43:00,2319.745
2024-04-26 02:05:00,2024-04-26 02:10:00,2024-04-26 02:52:00,381592.0,1901036.0,1901078.0,381601.0,-1.0,4.0,2340.0,2342.110477503248,2330.0,2.6693107258963034,0.03,2338.81,2342.110477503248,1.0,-1.0,-1.0,-1.0,0.0,0.0,9.901432509744607,4636.376755431643,4626.475322921899,1.600955006496359,0.29,9.0,REV_SHORT,STOP,2024-04-26 06:05:00,2024-04-26 06:10:00,2024-04-26 06:52:00,2338.955
2024-04-29 08:45:00,2024-04-29 08:50:00,2024-04-29 09:43:00,381948.0,1902811.0,1902864.0,381959.0,1.0,3.0,2330.0,2327.51458273298,2340.0,3.1268414122983894,0.07,2330.54,2327.51458273298,1.0,-1.0,-1.0,1.0,0.0,1.0,21.177920869138237,4626.475322921899,4605.29740205276,1.7708345340394347,0.29,11.0,REV_LONG,STOP,2024-04-29 12:45:00,2024-04-29 12:50:00,2024-04-29 13:43:00,2330.395
2024-04-30 09:50:00,2024-04-30 09:55:00,2024-04-30 10:12:00,382237.0,1904251.0,1904268.0,382241.0,-1.0,4.0,2310.0,2314.9508469183997,2300.0,1.6741649586569936,0.04,2309.36,2300.0,2.0,1.0,1.0,1.0,1.0,1.0,22.36338767359848,4605.29740205276,4642.73740205276,3.071693836799153,0.29,4.0,REV_SHORT,TARGET,2024-04-30 13:50:00,2024-04-30 13:55:00,2024-04-30 14:12:00,2309.505
2024-05-02 00:25:00,2024-05-02 00:30:00,2024-05-02 03:15:00,382676.0,1906436.0,1906601.0,382710.0,-1.0,4.0,2320.0,2321.658898041264,2310.0,5.427537698391624,0.06,2319.845,2310.0,2.0,-1.0,1.0,-1.0,0.0,1.0,10.883388247584662,4642.73740205276,4701.807402052759,1.1677960825283051,0.29,34.0,REV_SHORT,TARGET,2024-05-02 04:25:00,2024-05-02 04:30:00,2024-05-02 07:15:00,2319.99
2024-05-02 09:25:00,2024-05-02 09:30:00,2024-05-02 10:36:00,382784.0,1906976.0,1907042.0,382798.0,1.0,3.0,2290.0,2284.6868428585176,2300.0,1.5658099775969159,0.03,2290.655,2300.0,2.0,-1.0,-1.0,1.0,1.0,1.0,17.904471424447816,4701.807402052759,4729.842402052758,2.97631428296502,0.29,14.0,REV_LONG,TARGET,2024-05-02 13:25:00,2024-05-02 13:30:00,2024-05-02 14:36:00,2290.51
2024-05-02 12:05:00,2024-05-02 12:10:00,2024-05-02 16:09:00,382816.0,1907136.0,1907375.0,382864.0,1.0,3.0,2300.0,2295.7633305496365,2310.0,1.9649415890728528,0.04,2300.565,2301.915,3.0,-1.0,-1.0,1.0,1.0,1.0,19.206677801454134,4729.842402052758,4735.242402052758,3.2033389007268047,0.29,48.0,REV_LONG,TIME,2024-05-02 16:05:00,2024-05-02 16:10:00,2024-05-02 20:09:00,2300.42
2024-05-06 01:20:00,2024-05-06 01:25:00,2024-05-06 03:40:00,383239.0,1909241.0,1909376.0,383267.0,1.0,1.0,2310.0,2308.4575667003646,2320.0,3.039441026010286,0.08,2311.315,2320.0,2.0,1.0,1.0,1.0,0.0,0.0,22.85946639708345,4735.242402052758,4804.722402052757,1.5424332996352315,0.29,28.0,BREAK_LONG,TARGET,2024-05-06 05:20:00,2024-05-06 05:25:00,2024-05-06 07:40:00,2311.17
2024-05-07 09:20:00,2024-05-07 09:25:00,2024-05-07 13:24:00,383611.0,1911096.0,1911335.0,383659.0,-1.0,4.0,2320.0,2324.855099395834,2310.0,1.7008783526868976,0.02,2319.355,2314.7,3.0,-1.0,1.0,-1.0,0.0,1.0,11.000198791667572,4804.722402052757,4814.032402052758,2.130198791667539,0.29,48.0,REV_SHORT,TIME,2024-05-07 13:20:00,2024-05-07 13:25:00,2024-05-07 17:24:00,2319.5
2024-05-07 22:00:00,2024-05-07 22:05:00,2024-05-07 22:36:00,383751.0,1911791.0,1911822.0,383758.0,-1.0,2.0,2310.0,2311.5513041728154,2300.0,3.324218967786537,0.09,2308.88,2311.5513041728154,1.0,1.0,1.0,1.0,0.0,1.0,24.04173755533793,4814.032402052758,4789.99066449742,1.551304172815463,0.29,7.0,BREAK_SHORT,STOP,2024-05-08 02:00:00,2024-05-08 02:05:00,2024-05-08 02:36:00,2309.025
2024-05-08 18:30:00,2024-05-08 18:35:00,2024-05-08 21:32:00,383985.0,1912956.0,1913133.0,384021.0,-1.0,4.0,2310.0,2311.445724992301,2300.0,6.040382012028433,0.14,2309.82,2311.445724992301,1.0,1.0,0.0,1.0,0.0,1.0,22.76014989221403,4789.99066449742,4767.230514605206,0.8814499846023224,0.29,36.0,REV_SHORT,STOP,2024-05-08 22:30:00,2024-05-08 22:35:00,2024-05-09 01:32:00,2309.965
2024-05-09 04:00:00,2024-05-09 04:05:00,2024-05-09 05:41:00,384099.0,1913526.0,1913622.0,384119.0,1.0,3.0,2310.0,2308.3945546431546,2320.0,5.1390006935785255,0.06,2310.285,2308.3945546431546,1.0,-1.0,-1.0,-1.0,0.0,1.0,11.342672141071489,4767.230514605206,4755.887842464134,1.390890713691371,0.29,20.0,REV_LONG,STOP,2024-05-09 08:00:00,2024-05-09 08:05:00,2024-05-09 09:41:00,2310.14
2024-05-13 21:20:00,2024-05-13 21:25:00,2024-05-13 21:57:00,384847.0,1917251.0,1917283.0,384854.0,-1.0,4.0,2340.0,2341.730210432331,2330.0,3.493971170689968,0.04,2339.12,2341.730210432331,1.0,1.0,-1.0,-1.0,0.0,0.0,10.440841729325257,4755.887842464134,4745.447000734809,1.190420864661709,0.29,7.0,REV_SHORT,STOP,2024-05-14 01:20:00,2024-05-14 01:25:00,2024-05-14 01:57:00,2339.265
2024-05-15 11:35:00,2024-05-15 11:40:00,2024-05-15 13:36:00,385294.0,1919481.0,1919597.0,385318.0,1.0,1.0,2380.0,2376.3252547029256,2390.0,2.158325573172551,0.05,2380.655,2390.0,2.0,1.0,1.0,1.0,0.0,0.0,21.648726485373118,4745.447000734809,4792.1720007348085,3.6747452970745353,0.29,24.0,BREAK_LONG,TARGET,2024-05-15 15:35:00,2024-05-15 15:40:00,2024-05-15 17:36:00,2380.51
2024-05-15 19:30:00,2024-05-15 19:35:00,2024-05-15 22:06:00,385377.0,1919891.0,1920042.0,385408.0,1.0,1.0,2390.0,2388.854813339616,2400.0,4.489734947956878,0.11,2390.8849999999998,2388.854813339616,1.0,1.0,1.0,1.0,0.0,1.0,22.332053264219667,4792.1720007348085,4769.839947470589,1.1451866603838845,0.29,31.0,BREAK_LONG,STOP,2024-05-15 23:30:00,2024-05-15 23:35:00,2024-05-16 02:06:00,2390.74
2024-05-16 00:45:00,2024-05-16 00:50:00,2024-05-16 02:11:00,385440.0,1920206.0,1920287.0,385457.0,1.0,1.0,2390.0,2388.712104979548,2400.0,3.0707978258083504,0.08,2391.485,2388.712104979548,1.0,1.0,1.0,1.0,0.0,0.0,22.183160163618595,4769.839947470589,4747.656787306971,1.2878950204522972,0.29,17.0,BREAK_LONG,STOP,2024-05-16 04:45:00,2024-05-16 04:50:00,2024-05-16 06:11:00,2391.34
2024-05-19 18:30:00,2024-05-19 18:35:00,2024-05-19 20:34:00,385917.0,1922581.0,1922700.0,385941.0,-1.0,4.0,2420.0,2423.7359690154194,2410.0,1.4200218461559462,0.02,2418.06,2423.7359690154194,1.0,-1.0,0.0,-1.0,0.0,1.0,11.351938030838937,4747.656787306971,4736.304849276132,2.4519380308382965,0.29,24.0,REV_SHORT,STOP,2024-05-19 22:30:00,2024-05-19 22:35:00,2024-05-20 00:34:00,2418.205
2024-05-20 08:30:00,2024-05-20 08:35:00,2024-05-20 08:42:00,386085.0,1923421.0,1923428.0,386087.0,1.0,3.0,2420.0,2413.4340055280627,2430.0,1.3866889015564254,0.01,2420.375,2413.4340055280627,1.0,1.0,-1.0,-1.0,1.0,1.0,6.9409944719373025,4736.304849276132,4729.3638548041945,3.4119889438740643,0.29,2.0,REV_LONG,STOP,2024-05-20 12:30:00,2024-05-20 12:35:00,2024-05-20 12:42:00,2420.23
2024-05-20 15:35:00,2024-05-20 15:40:00,2024-05-20 15:51:00,386170.0,1923846.0,1923857.0,386173.0,1.0,3.0,2430.0,2428.2054397641004,2440.0,2.14978515309333,0.03,2431.95,2428.2054397641004,1.0,1.0,1.0,-1.0,0.0,0.0,11.233680707698113,4729.3638548041945,4718.130174096496,1.959120471799257,0.29,3.0,REV_LONG,STOP,2024-05-20 19:35:00,2024-05-20 19:40:00,2024-05-20 19:51:00,2431.805
2024-05-20 21:05:00,2024-05-20 21:10:00,2024-05-20 21:27:00,386224.0,1924111.0,1924128.0,386228.0,-1.0,4.0,2430.0,2433.1130471756223,2420.0,1.1972090350064715,0.03,2427.145,2433.1130471756223,1.0,-1.0,1.0,1.0,0.0,1.0,17.90414152686708,4718.130174096496,4700.22603256963,1.8460943512447812,0.29,4.0,REV_SHORT,STOP,2024-05-21 01:05:00,2024-05-21 01:10:00,2024-05-21 01:27:00,2427.29
2024-05-21 07:10:00,2024-05-21 07:15:00,2024-05-21 08:06:00,386345.0,1924716.0,1924767.0,386356.0,-1.0,4.0,2420.0,2423.975183700878,2410.0,1.8607283894701105,0.02,2419.09,2423.975183700878,1.0,-1.0,1.0,-1.0,0.0,1.0,9.77036740175572,4700.22603256963,4690.455665167874,1.8203674017559295,0.29,11.0,REV_SHORT,STOP,2024-05-21 11:10:00,2024-05-21 11:15:00,2024-05-21 12:06:00,2419.235
2024-05-21 09:25:00,2024-05-21 09:30:00,2024-05-21 11:04:00,386372.0,1924851.0,1924945.0,386391.0,-1.0,4.0,2430.0,2432.981161503045,2420.0,2.493163979124201,0.06,2429.265,2432.981161503045,1.0,-1.0,-1.0,1.0,1.0,0.0,22.29696901826992,4690.455665167874,4668.158696149604,2.782323006089673,0.29,19.0,REV_SHORT,STOP,2024-05-21 13:25:00,2024-05-21 13:30:00,2024-05-21 15:04:00,2429.41
2024-05-22 07:55:00,2024-05-22 08:00:00,2024-05-22 08:08:00,386630.0,1926136.0,1926144.0,386632.0,-1.0,2.0,2410.0,2412.061085104158,2400.0,1.9266770278510412,0.05,2407.94,2412.061085104158,1.0,1.0,1.0,1.0,0.0,1.0,20.60542552078914,4668.158696149604,4647.553270628815,2.061085104158046,0.29,2.0,BREAK_SHORT,STOP,2024-05-22 11:55:00,2024-05-22 12:00:00,2024-05-22 12:08:00,2408.085
2024-05-22 13:45:00,2024-05-22 13:50:00,2024-05-22 14:30:00,386700.0,1926486.0,1926526.0,386709.0,-1.0,2.0,2390.0,2392.2954575146273,2380.0,2.35441277536614,0.06,2388.63,2380.0,2.0,1.0,1.0,1.0,0.0,0.0,21.99274508776307,4647.553270628815,4699.333270628816,2.2954575146273943,0.29,9.0,BREAK_SHORT,TARGET,2024-05-22 17:45:00,2024-05-22 17:50:00,2024-05-22 18:30:00,2388.775
2024-05-22 21:00:00,2024-05-22 21:05:00,2024-05-22 21:12:00,386775.0,1926856.0,1926863.0,386777.0,1.0,3.0,2380.0,2378.3496807470447,2390.0,2.200356464202373,0.03,2381.99,2378.3496807470447,1.0,-1.0,1.0,-1.0,0.0,1.0,10.92095775886537,4699.333270628816,4688.41231286995,1.2906385059100802,0.29,2.0,REV_LONG,STOP,2024-05-23 01:00:00,2024-05-23 01:05:00,2024-05-23 01:12:00,2381.845
2024-05-22 21:35:00,2024-05-22 21:40:00,2024-05-23 01:39:00,386782.0,1926891.0,1927130.0,386830.0,1.0,3.0,2370.0,2365.4679180105854,2380.0,1.2128674520645566,0.01,2372.035,2365.4679180105854,1.0,-1.0,-1.0,-1.0,1.0,1.0,6.56708198941442,4688.41231286995,4681.845230880535,2.6841639788290452,0.29,48.0,REV_LONG,STOP,2024-05-23 01:35:00,2024-05-23 01:40:00,2024-05-23 05:39:00,2371.89
2024-05-24 04:50:00,2024-05-24 04:55:00,2024-05-24 05:11:00,387145.0,1928701.0,1928717.0,387149.0,-1.0,4.0,2340.0,2341.859617740594,2330.0,4.608397921253829,0.11,2339.745,2341.859617740594,1.0,1.0,-1.0,1.0,0.0,1.0,23.260795146533837,4681.845230880535,4658.584435734001,1.4992354811872728,0.29,4.0,REV_SHORT,STOP,2024-05-24 08:50:00,2024-05-24 08:55:00,2024-05-24 09:11:00,2339.89
2024-05-28 09:35:00,2024-05-28 09:40:00,2024-05-28 10:04:00,387754.0,1931736.0,1931760.0,387759.0,-1.0,4.0,2360.0,2365.5100536703444,2350.0,1.1556550348292352,0.01,2358.315,2350.0,2.0,-1.0,-1.0,-1.0,1.0,1.0,7.19505367034435,4658.584435734001,4666.899435734002,2.6701073406886766,0.29,5.0,REV_SHORT,TARGET,2024-05-28 13:35:00,2024-05-28 13:40:00,2024-05-28 14:04:00,2358.46
2024-05-28 10:10:00,2024-05-28 10:15:00,2024-05-28 11:39:00,387761.0,1931771.0,1931855.0,387778.0,1.0,3.0,2350.0,2346.5122634892255,2360.0,2.407942007775443,0.05,2350.47,2360.0,2.0,1.0,1.0,1.0,0.0,0.0,19.788682553871695,4666.899435734002,4714.549435734003,3.3254730215497457,0.29,17.0,REV_LONG,TARGET,2024-05-28 14:10:00,2024-05-28 14:15:00,2024-05-28 15:39:00,2350.325
2024-05-28 22:35:00,2024-05-28 22:40:00,2024-05-29 02:39:00,387898.0,1932451.0,1932690.0,387946.0,-1.0,4.0,2360.0,2361.6389775251473,2350.0,2.9805290653051246,0.08,2358.715,2352.625,3.0,-1.0,1.0,1.0,0.0,1.0,23.391820201177325,4714.549435734003,4763.269435734004,1.3979550502941471,0.29,48.0,REV_SHORT,TIME,2024-05-29 02:35:00,2024-05-29 02:40:00,2024-05-29 06:39:00,2358.86
2024-05-29 22:55:00,2024-05-29 23:00:00,2024-05-30 01:33:00,388178.0,1933846.0,1933999.0,388209.0,1.0,3.0,2330.0,2327.5840706935855,2340.0,2.9341595140232557,0.03,2330.74,2327.5840706935855,1.0,-1.0,-1.0,-1.0,1.0,0.0,9.46778791924271,4763.269435734004,4753.801647814762,1.8418586128294683,0.29,31.0,REV_LONG,STOP,2024-05-30 02:55:00,2024-05-30 03:00:00,2024-05-30 05:33:00,2330.595
2024-06-03 10:15:00,2024-06-03 10:20:00,2024-06-03 10:40:00,388866.0,1937276.0,1937296.0,388871.0,-1.0,4.0,2340.0,2343.7666505083766,2330.0,2.1928957325345846,0.02,2339.455,2343.7666505083766,1.0,-1.0,-1.0,-1.0,1.0,1.0,8.62330101675343,4753.801647814762,4745.1783467980085,3.143301016752704,0.29,5.0,REV_SHORT,STOP,2024-06-03 14:15:00,2024-06-03 14:20:00,2024-06-03 14:40:00,2339.6
2024-06-04 05:15:00,2024-06-04 05:20:00,2024-06-04 07:29:00,389082.0,1938351.0,1938480.0,389108.0,1.0,3.0,2330.0,2325.7395227783527,2340.0,1.7134504860773936,0.04,2330.995,2325.7395227783527,1.0,-1.0,-1.0,1.0,1.0,0.0,21.02190888658879,4745.1783467980085,4724.15643791142,2.020954443294998,0.29,26.0,REV_LONG,STOP,2024-06-04 09:15:00,2024-06-04 09:20:00,2024-06-04 11:29:00,2330.85
2024-06-05 02:25:00,2024-06-05 02:30:00,2024-06-05 06:29:00,389324.0,1939556.0,1939795.0,389372.0,1.0,3.0,2330.0,2327.320722362332,2340.0,1.9525984827926424,0.05,2331.615,2331.45,3.0,-1.0,-1.0,1.0,0.0,0.0,21.471388188338096,4724.15643791142,4723.33143791142,1.648555275335314,0.29,48.0,REV_LONG,TIME,2024-06-05 06:25:00,2024-06-05 06:30:00,2024-06-05 10:29:00,2331.47
2024-06-05 09:05:00,2024-06-05 09:10:00,2024-06-05 10:01:00,389404.0,1939956.0,1940007.0,389415.0,1.0,1.0,2340.0,2337.720911163954,2350.0,2.9943832110719204,0.07,2340.795,2337.720911163954,1.0,1.0,1.0,1.0,0.0,1.0,21.518621852322216,4723.33143791142,4701.812816059098,2.279088836045906,0.29,11.0,BREAK_LONG,STOP,2024-06-05 13:05:00,2024-06-05 13:10:00,2024-06-05 14:01:00,2340.65
2024-06-06 05:50:00,2024-06-06 05:55:00,2024-06-06 08:13:00,389641.0,1941136.0,1941274.0,389669.0,1.0,3.0,2360.0,2357.9477840366862,2370.0,2.8113196894634034,0.03,2361.11,2357.9477840366862,1.0,1.0,-1.0,-1.0,0.0,1.0,9.48664788994165,4701.812816059098,4692.3261681691565,1.3244319266274156,0.29,28.0,REV_LONG,STOP,2024-06-06 09:50:00,2024-06-06 09:55:00,2024-06-06 12:13:00,2360.965
2024-06-07 08:55:00,2024-06-07 09:00:00,2024-06-07 09:05:00,389954.0,1942696.0,1942701.0,389956.0,-1.0,2.0,2320.0,2324.489283173458,2310.0,1.8809837652263226,0.02,2319.46,2324.489283173458,1.0,1.0,1.0,-1.0,0.0,1.0,10.05856634691554,4692.3261681691565,4682.267601822241,4.489283173457609,0.29,2.0,BREAK_SHORT,STOP,2024-06-07 12:55:00,2024-06-07 13:00:00,2024-06-07 13:05:00,2319.605
2024-06-13 07:50:00,2024-06-13 07:55:00,2024-06-13 08:31:00,391045.0,1948131.0,1948167.0,391053.0,-1.0,2.0,2310.0,2311.8308620553457,2300.0,1.571444636467524,0.05,2307.23,2311.8308620553457,1.0,1.0,1.0,1.0,0.0,0.0,23.004310276728575,4682.267601822241,4659.263291545512,1.830862055345886,0.29,8.0,BREAK_SHORT,STOP,2024-06-13 11:50:00,2024-06-13 11:55:00,2024-06-13 12:31:00,2307.375
2024-06-14 03:25:00,2024-06-14 03:30:00,2024-06-14 04:10:00,391268.0,1949241.0,1949281.0,391277.0,1.0,3.0,2310.0,2308.729207336928,2320.0,4.64727632865649,0.05,2310.725,2320.0,2.0,-1.0,1.0,-1.0,0.0,0.0,9.978963315359124,4659.263291545512,4705.638291545512,1.4415853261430545,0.29,9.0,REV_LONG,TARGET,2024-06-14 07:25:00,2024-06-14 07:30:00,2024-06-14 08:10:00,2310.58
2024-06-14 06:00:00,2024-06-14 06:05:00,2024-06-14 06:47:00,391299.0,1949396.0,1949438.0,391308.0,1.0,1.0,2320.0,2318.3125556076943,2330.0,1.2727410353319528,0.02,2323.455,2330.0,2.0,1.0,1.0,-1.0,0.0,0.0,10.284888784611212,4705.638291545512,4718.728291545513,1.6874443923057256,0.29,9.0,BREAK_LONG,TARGET,2024-06-14 10:00:00,2024-06-14 10:05:00,2024-06-14 10:47:00,2323.31
2024-06-14 10:00:00,2024-06-14 10:05:00,2024-06-14 11:04:00,391347.0,1949636.0,1949695.0,391359.0,1.0,1.0,2330.0,2327.1925561788767,2340.0,3.3014896638052784,0.03,2330.17,2327.1925561788767,1.0,1.0,1.0,-1.0,0.0,1.0,8.932331463370247,4718.728291545513,4709.795960082142,2.8074438211235324,0.29,12.0,BREAK_LONG,STOP,2024-06-14 14:00:00,2024-06-14 14:05:00,2024-06-14 15:04:00,2330.025
2024-06-17 04:30:00,2024-06-17 04:35:00,2024-06-17 04:54:00,391557.0,1950681.0,1950700.0,391561.0,-1.0,4.0,2320.0,2322.217769103027,2310.0,2.62247421326917,0.06,2318.845,2322.217769103027,1.0,1.0,1.0,1.0,0.0,1.0,20.236614618163003,4709.795960082142,4689.559345463979,1.535538206053961,0.29,4.0,REV_SHORT,STOP,2024-06-17 08:30:00,2024-06-17 08:35:00,2024-06-17 08:54:00,2318.99
2024-06-17 07:45:00,2024-06-17 07:50:00,2024-06-17 08:31:00,391596.0,1950876.0,1950917.0,391605.0,1.0,3.0,2320.0,2317.080654215683,2330.0,3.0381211207758985,0.03,2320.28,2317.080654215683,1.0,-1.0,-1.0,-1.0,0.0,0.0,9.598037352951906,4689.559345463979,4679.961308111027,1.2586915686339828,0.29,9.0,REV_LONG,STOP,2024-06-17 11:45:00,2024-06-17 11:50:00,2024-06-17 12:31:00,2320.135
2024-06-18 13:10:00,2024-06-18 13:15:00,2024-06-18 13:28:00,391937.0,1952576.0,1952589.0,391940.0,-1.0,4.0,2330.0,2332.192344474782,2320.0,2.708873398669502,0.03,2328.905,2332.192344474782,1.0,-1.0,-1.0,-1.0,1.0,0.0,9.86203342434601,4679.961308111027,4670.099274686681,1.8946889495641872,0.29,3.0,REV_SHORT,STOP,2024-06-18 17:10:00,2024-06-18 17:15:00,2024-06-18 17:28:00,2329.05
2024-06-19 03:10:00,2024-06-19 03:15:00,2024-06-19 05:31:00,392093.0,1953351.0,1953487.0,392121.0,1.0,1.0,2330.0,2329.051519583518,2340.0,6.257953299794574,0.15,2330.56,2329.051519583518,1.0,1.0,1.0,1.0,0.0,1.0,22.627206247232152,4670.099274686681,4647.472068439449,0.9484804164823224,0.29,28.0,BREAK_LONG,STOP,2024-06-19 07:10:00,2024-06-19 07:15:00,2024-06-19 09:31:00,2330.415
2024-06-19 07:40:00,2024-06-19 07:45:00,2024-06-19 07:48:00,392147.0,1953621.0,1953624.0,392148.0,-1.0,4.0,2330.0,2330.825038653494,2320.0,4.439612258026906,0.05,2328.835,2330.825038653494,1.0,-1.0,1.0,-1.0,0.0,0.0,9.950193267470695,4647.472068439449,4637.5218751719785,1.0300773069886286,0.29,1.0,REV_SHORT,STOP,2024-06-19 11:40:00,2024-06-19 11:45:00,2024-06-19 11:48:00,2328.98
2024-06-19 12:15:00,2024-06-19 12:20:00,2024-06-19 12:57:00,392202.0,1953896.0,1953933.0,392210.0,1.0,1.0,2330.0,2328.9132508095063,2340.0,4.213002661550351,0.1,2331.04,2328.9132508095063,1.0,1.0,1.0,1.0,0.0,0.0,21.267491904936833,4637.5218751719785,4616.254383267042,1.086749190493863,0.29,8.0,BREAK_LONG,STOP,2024-06-19 16:15:00,2024-06-19 16:20:00,2024-06-19 16:57:00,2330.895
2024-06-19 18:35:00,2024-06-19 18:40:00,2024-06-19 21:01:00,392266.0,1954211.0,1954352.0,392295.0,-1.0,4.0,2330.0,2330.8772444307892,2320.0,8.606798792735955,0.1,2329.745,2330.8772444307892,1.0,-1.0,0.0,-1.0,0.0,1.0,11.32244430789342,4616.254383267042,4604.931938959148,0.37448886157841427,0.29,29.0,REV_SHORT,STOP,2024-06-19 22:35:00,2024-06-19 22:40:00,2024-06-20 01:01:00,2329.89
2024-06-25 07:50:00,2024-06-25 07:55:00,2024-06-25 08:32:00,393253.0,1959131.0,1959168.0,393261.0,1.0,3.0,2330.0,2326.8176785179357,2340.0,2.908975331140391,0.06,2330.19,2326.8176785179357,1.0,-1.0,1.0,1.0,0.0,1.0,20.233928892385848,4604.931938959148,4584.698010066762,1.514642964128136,0.29,8.0,REV_LONG,STOP,2024-06-25 11:50:00,2024-06-25 11:55:00,2024-06-25 12:32:00,2330.045
2024-06-25 11:35:00,2024-06-25 11:40:00,2024-06-25 15:39:00,393298.0,1959356.0,1959595.0,393346.0,1.0,3.0,2320.0,2314.2759148852847,2330.0,1.5802207909349346,0.01,2320.37,2319.535,3.0,-1.0,-1.0,-1.0,1.0,1.0,6.094085114715199,4584.698010066762,4583.863010066762,2.8081702294300444,0.29,48.0,REV_LONG,TIME,2024-06-25 15:35:00,2024-06-25 15:40:00,2024-06-25 19:39:00,2320.225
2024-06-27 00:15:00,2024-06-27 00:20:00,2024-06-27 02:29:00,393714.0,1961426.0,1961555.0,393740.0,-1.0,4.0,2300.0,2301.6006371491603,2290.0,4.61600915914736,0.11,2299.535,2301.6006371491603,1.0,1.0,-1.0,1.0,0.0,1.0,22.722008640765125,4583.863010066762,4561.141001425997,0.8312742983203024,0.29,26.0,REV_SHORT,STOP,2024-06-27 04:15:00,2024-06-27 04:20:00,2024-06-27 06:29:00,2299.68
2024-06-27 10:55:00,2024-06-27 11:00:00,2024-06-27 14:59:00,393842.0,1962066.0,1962305.0,393890.0,-1.0,4.0,2330.0,2332.128354116573,2320.0,2.946292440291924,0.03,2329.055,2326.27,3.0,-1.0,-1.0,-1.0,1.0,0.0,9.220062349719683,4561.141001425997,4569.496001425997,2.606708233146053,0.29,48.0,REV_SHORT,TIME,2024-06-27 14:55:00,2024-06-27 15:00:00,2024-06-27 18:59:00,2329.2
2024-06-28 06:00:00,2024-06-28 06:05:00,2024-06-28 06:15:00,394059.0,1963146.0,1963156.0,394062.0,-1.0,4.0,2330.0,2331.268822693017,2320.0,5.876169546001073,0.06,2329.63,2331.268822693017,1.0,-1.0,-1.0,-1.0,1.0,0.0,9.832936158099983,4569.496001425997,4559.663065267897,1.1876453860334482,0.29,3.0,REV_SHORT,STOP,2024-06-28 10:00:00,2024-06-28 10:05:00,2024-06-28 10:15:00,2329.775
2024-07-01 15:05:00,2024-07-01 15:10:00,2024-07-01 15:18:00,394444.0,1965066.0,1965074.0,394446.0,1.0,1.0,2330.0,2328.8853592239298,2340.0,6.081009200014067,0.07,2330.455,2328.8853592239298,1.0,1.0,1.0,-1.0,0.0,1.0,10.987485432491214,4559.663065267897,4548.675579835405,1.1146407760700325,0.29,2.0,BREAK_LONG,STOP,2024-07-01 19:05:00,2024-07-01 19:10:00,2024-07-01 19:18:00,2330.31
2024-07-02 01:55:00,2024-07-02 02:00:00,2024-07-02 02:07:00,394562.0,1965651.0,1965658.0,394564.0,-1.0,4.0,2330.0,2331.3903981811686,2320.0,5.507318336884404,0.12,2329.64,2331.3903981811686,1.0,-1.0,1.0,1.0,0.0,1.0,21.004778174024977,4548.675579835405,4527.67080166138,1.0007963623374354,0.29,2.0,REV_SHORT,STOP,2024-07-02 05:55:00,2024-07-02 06:00:00,2024-07-02 06:07:00,2329.785
2024-07-02 08:05:00,2024-07-02 08:10:00,2024-07-02 09:36:00,394636.0,1966021.0,1966107.0,394654.0,1.0,3.0,2320.0,2318.3544149173003,2330.0,2.068192341618189,0.02,2322.15,2330.0,2.0,-1.0,-1.0,-1.0,1.0,0.0,7.59117016539949,4527.67080166138,4543.37080166138,1.4811701653993439,0.29,18.0,REV_LONG,TARGET,2024-07-02 12:05:00,2024-07-02 12:10:00,2024-07-02 13:36:00,2322.005
2024-07-03 08:45:00,2024-07-03 08:50:00,2024-07-03 09:08:00,394920.0,1967436.0,1967454.0,394924.0,1.0,1.0,2350.0,2347.7085005796466,2360.0,2.338720998406111,0.06,2351.39,2347.7085005796466,1.0,1.0,1.0,1.0,0.0,0.0,22.088996522119487,4543.37080166138,4521.2818051392605,2.2914994203534893,0.29,4.0,BREAK_LONG,STOP,2024-07-03 12:45:00,2024-07-03 12:50:00,2024-07-03 13:08:00,2351.245
2024-07-04 10:35:00,2024-07-04 10:40:00,2024-07-04 14:39:00,395218.0,1968921.0,1969160.0,395266.0,-1.0,4.0,2360.0,2362.4576795930607,2350.0,3.5671345068363256,0.04,2359.73,2357.345,3.0,-1.0,-1.0,-1.0,0.0,1.0,10.910718372242627,4521.2818051392605,4530.821805139261,1.0853591861217966,0.29,48.0,REV_SHORT,TIME,2024-07-04 14:35:00,2024-07-04 14:40:00,2024-07-04 18:39:00,2359.875
2024-07-05 09:55:00,2024-07-05 10:00:00,2024-07-05 10:07:00,395486.0,1970256.0,1970263.0,395488.0,1.0,1.0,2380.0,2376.026347226646,2390.0,1.6446955113751538,0.04,2381.31,2376.026347226646,1.0,1.0,1.0,1.0,0.0,1.0,21.134611093415515,4530.821805139261,4509.687194045846,3.973652773354075,0.29,2.0,BREAK_LONG,STOP,2024-07-05 13:55:00,2024-07-05 14:00:00,2024-07-05 14:07:00,2381.165
2024-07-09 10:15:00,2024-07-09 10:20:00,2024-07-09 10:58:00,396042.0,1973026.0,1973064.0,396050.0,1.0,3.0,2360.0,2356.6088831598436,2370.0,1.6251343107337335,0.04,2361.71,2356.6088831598436,1.0,-1.0,-1.0,1.0,0.0,0.0,20.40446736062586,4509.687194045846,4489.28272668522,2.8122336803124397,0.29,8.0,REV_LONG,STOP,2024-07-09 14:15:00,2024-07-09 14:20:00,2024-07-09 14:58:00,2361.565
2024-07-10 01:45:00,2024-07-10 01:50:00,2024-07-10 02:47:00,396216.0,1973891.0,1973948.0,396228.0,-1.0,4.0,2370.0,2370.851221484715,2360.0,4.958210780943918,0.12,2369.03,2370.851221484715,1.0,-1.0,-1.0,1.0,0.0,0.0,21.854657816578765,4489.28272668522,4467.428068868641,0.86244296942992,0.29,12.0,REV_SHORT,STOP,2024-07-10 05:45:00,2024-07-10 05:50:00,2024-07-10 06:47:00,2369.175
2024-07-11 00:40:00,2024-07-11 00:45:00,2024-07-11 02:36:00,396479.0,1975201.0,1975312.0,396502.0,1.0,1.0,2380.0,2379.1690302680277,2390.0,2.107017720960978,0.06,2382.655,2379.1690302680277,1.0,1.0,1.0,1.0,0.0,0.0,20.915818391835273,4467.428068868641,4446.512250476806,0.8309697319724368,0.29,23.0,BREAK_LONG,STOP,2024-07-11 04:40:00,2024-07-11 04:45:00,2024-07-11 06:36:00,2382.51
2024-07-11 10:20:00,2024-07-11 10:25:00,2024-07-11 10:51:00,396595.0,1975781.0,1975807.0,396601.0,-1.0,4.0,2410.0,2414.049277250022,2400.0,1.7443868663220277,0.02,2408.93,2414.049277250022,1.0,-1.0,-1.0,-1.0,1.0,1.0,10.238554500044302,4446.512250476806,4436.273695976762,4.168554500043883,0.29,6.0,REV_SHORT,STOP,2024-07-11 14:20:00,2024-07-11 14:25:00,2024-07-11 14:51:00,2409.075
2024-07-15 04:50:00,2024-07-15 04:55:00,2024-07-15 05:31:00,397081.0,1978201.0,1978237.0,397089.0,1.0,1.0,2410.0,2408.682707599576,2420.0,3.1269459079833233,0.08,2411.425,2408.682707599576,1.0,1.0,1.0,1.0,0.0,1.0,21.93833920339239,4436.273695976762,4414.335356773369,1.3172924004237938,0.29,8.0,BREAK_LONG,STOP,2024-07-15 08:50:00,2024-07-15 08:55:00,2024-07-15 09:31:00,2411.28
2024-07-15 10:20:00,2024-07-15 10:25:00,2024-07-15 10:55:00,397147.0,1978531.0,1978561.0,397154.0,1.0,1.0,2420.0,2417.698424203044,2430.0,1.7790274833687942,0.04,2422.125,2430.0,2.0,1.0,1.0,1.0,0.0,1.0,17.706303187824233,4414.335356773369,4445.835356773369,2.3015757969562407,0.29,7.0,BREAK_LONG,TARGET,2024-07-15 14:20:00,2024-07-15 14:25:00,2024-07-15 14:55:00,2421.98
2024-07-15 23:10:00,2024-07-15 23:15:00,2024-07-16 01:33:00,397289.0,1979236.0,1979374.0,397317.0,-1.0,4.0,2430.0,2432.249953977629,2420.0,3.6490200897750285,0.08,2429.6150000000002,2432.249953977629,1.0,-1.0,-1.0,1.0,1.0,1.0,21.07963182103049,4445.835356773369,4424.755724952339,1.389907955258766,0.29,28.0,REV_SHORT,STOP,2024-07-16 03:10:00,2024-07-16 03:15:00,2024-07-16 05:33:00,2429.76
2024-07-16 05:30:00,2024-07-16 05:35:00,2024-07-16 05:37:00,397365.0,1979616.0,1979618.0,397366.0,-1.0,4.0,2440.0,2441.9867545507423,2430.0,3.1667630447129693,0.03,2439.11,2441.9867545507423,1.0,-1.0,-1.0,-1.0,1.0,1.0,8.630263652226404,4424.755724952339,4416.125461300113,1.5735091014846985,0.29,1.0,REV_SHORT,STOP,2024-07-16 09:30:00,2024-07-16 09:35:00,2024-07-16 09:37:00,2439.255
2024-07-16 20:55:00,2024-07-16 21:00:00,2024-07-16 21:03:00,397538.0,1980476.0,1980479.0,397539.0,-1.0,4.0,2470.0,2474.0797156800886,2460.0,1.921275157008917,0.02,2469.26,2474.0797156800886,1.0,-1.0,-1.0,-1.0,0.0,1.0,9.639431360176786,4416.125461300113,4406.486029939936,1.4294313601774438,0.29,1.0,REV_SHORT,STOP,2024-07-17 00:55:00,2024-07-17 01:00:00,2024-07-17 01:03:00,2469.405
2024-07-17 19:25:00,2024-07-17 19:30:00,2024-07-17 20:05:00,397796.0,1981761.0,1981796.0,397804.0,1.0,1.0,2460.0,2459.2371018478048,2470.0,4.920517680926792,0.12,2461.055,2459.2371018478048,1.0,1.0,1.0,1.0,0.0,0.0,21.814777826341015,4406.486029939936,4384.671252113595,0.7628981521952053,0.29,8.0,BREAK_LONG,STOP,2024-07-17 23:25:00,2024-07-17 23:30:00,2024-07-18 00:05:00,2460.91
2024-07-18 20:25:00,2024-07-18 20:30:00,2024-07-18 21:15:00,398084.0,1983196.0,1983241.0,398094.0,1.0,3.0,2430.0,2425.2345722353507,2440.0,1.5654787738526197,0.01,2430.99,2425.2345722353507,1.0,-1.0,-1.0,-1.0,1.0,1.0,5.755427764649085,4384.671252113595,4378.9158243489455,2.110855529298153,0.29,10.0,REV_LONG,STOP,2024-07-19 00:25:00,2024-07-19 00:30:00,2024-07-19 01:15:00,2430.845
2024-07-19 02:20:00,2024-07-19 02:25:00,2024-07-19 02:56:00,398155.0,1983551.0,1983582.0,398162.0,-1.0,2.0,2420.0,2422.246680146064,2410.0,1.5909686646052712,0.04,2417.52,2422.246680146064,1.0,1.0,1.0,1.0,0.0,0.0,18.906720584256618,4378.9158243489455,4360.009103764689,2.2466801460643335,0.29,7.0,BREAK_SHORT,STOP,2024-07-19 06:20:00,2024-07-19 06:25:00,2024-07-19 06:56:00,2417.665
2024-07-19 08:15:00,2024-07-19 08:20:00,2024-07-19 09:07:00,398226.0,1983906.0,1983953.0,398236.0,-1.0,2.0,2410.0,2412.0484730261496,2400.0,2.7966205878762347,0.06,2408.875,2400.0,2.0,1.0,1.0,1.0,0.0,0.0,19.040838156897735,4360.009103764689,4413.259103764689,2.048473026149654,0.29,10.0,BREAK_SHORT,TARGET,2024-07-19 12:15:00,2024-07-19 12:20:00,2024-07-19 13:07:00,2409.02
2024-07-19 11:00:00,2024-07-19 11:05:00,2024-07-19 15:04:00,398259.0,1984071.0,1984310.0,398307.0,1.0,3.0,2400.0,2394.678892016808,2410.0,1.4588095768071627,0.01,2400.91,2398.94,3.0,-1.0,-1.0,-1.0,1.0,1.0,6.231107983192032,4413.259103764689,4411.289103764689,2.882215966383809,0.29,48.0,REV_LONG,TIME,2024-07-19 15:00:00,2024-07-19 15:05:00,2024-07-19 19:04:00,2400.765
2024-07-21 18:30:00,2024-07-21 18:35:00,2024-07-21 19:55:00,398337.0,1984456.0,1984536.0,398354.0,-1.0,4.0,2410.0,2412.162506587796,2400.0,3.0643207394753693,0.07,2409.17,2412.162506587796,1.0,1.0,0.0,1.0,0.0,1.0,20.94754611457211,4411.289103764689,4390.341557650117,1.4950131755918377,0.29,17.0,REV_SHORT,STOP,2024-07-21 22:30:00,2024-07-21 22:35:00,2024-07-21 23:55:00,2409.315
2024-07-21 21:35:00,2024-07-21 21:40:00,2024-07-22 01:39:00,398374.0,1984641.0,1984880.0,398422.0,-1.0,4.0,2410.0,2413.128232355634,2400.0,2.545073896230701,0.05,2409.425,2404.745,3.0,1.0,-1.0,1.0,0.0,1.0,18.51616177816823,4390.341557650117,4413.741557650118,1.7464647112672238,0.29,48.0,REV_SHORT,TIME,2024-07-22 01:35:00,2024-07-22 01:40:00,2024-07-22 05:39:00,2409.57
2024-07-22 02:20:00,2024-07-22 02:25:00,2024-07-22 06:24:00,398431.0,1984926.0,1985165.0,398479.0,1.0,3.0,2400.0,2398.0911447945896,2410.0,1.5644329288164263,0.02,2402.735,2403.985,3.0,-1.0,-1.0,-1.0,0.0,0.0,9.287710410821092,4413.741557650118,4416.241557650118,1.8777104108208191,0.29,48.0,REV_LONG,TIME,2024-07-22 06:20:00,2024-07-22 06:25:00,2024-07-22 10:24:00,2402.59
2024-07-22 21:05:00,2024-07-22 21:10:00,2024-07-22 21:22:00,398644.0,1985986.0,1985998.0,398647.0,-1.0,4.0,2400.0,2401.2957456124686,2390.0,3.2373681718296075,0.04,2398.63,2401.2957456124686,1.0,1.0,-1.0,-1.0,0.0,0.0,10.662982449874107,4416.241557650118,4405.578575200244,1.061491224937405,0.29,3.0,REV_SHORT,STOP,2024-07-23 01:05:00,2024-07-23 01:10:00,2024-07-23 01:22:00,2398.775
2024-07-22 23:15:00,2024-07-22 23:20:00,2024-07-23 02:16:00,398670.0,1986116.0,1986292.0,398706.0,-1.0,2.0,2400.0,2401.583922012698,2390.0,1.2629612219062913,0.02,2396.465,2390.0,2.0,1.0,1.0,-1.0,0.0,0.0,10.237844025396043,4405.578575200244,4418.508575200244,1.5839220126983449,0.29,36.0,BREAK_SHORT,TARGET,2024-07-23 03:15:00,2024-07-23 03:20:00,2024-07-23 06:16:00,2396.61
2024-07-23 07:30:00,2024-07-23 07:35:00,2024-07-23 09:54:00,398769.0,1986611.0,1986750.0,398797.0,-1.0,4.0,2410.0,2412.860124795698,2400.0,2.0801773419919147,0.05,2408.685,2400.0,2.0,-1.0,-1.0,1.0,1.0,0.0,20.875623978490694,4418.508575200244,4461.933575200244,1.5602495913967103,0.29,28.0,REV_SHORT,TARGET,2024-07-23 11:30:00,2024-07-23 11:35:00,2024-07-23 13:54:00,2408.83
2024-07-23 21:20:00,2024-07-23 21:25:00,2024-07-23 22:18:00,398923.0,1987376.0,1987429.0,398934.0,-1.0,4.0,2410.0,2412.816300154553,2400.0,1.4267320128554941,0.04,2407.535,2412.816300154553,1.0,-1.0,1.0,1.0,0.0,0.0,21.125200618213057,4461.933575200244,4440.808374582031,1.1426003091061199,0.29,11.0,REV_SHORT,STOP,2024-07-24 01:20:00,2024-07-24 01:25:00,2024-07-24 02:18:00,2407.68
2024-07-24 11:05:00,2024-07-24 11:10:00,2024-07-24 12:14:00,399088.0,1988201.0,1988265.0,399101.0,-1.0,4.0,2430.0,2432.962001054637,2420.0,1.1759272720872849,0.01,2427.005,2420.0,2.0,-1.0,-1.0,-1.0,1.0,0.0,5.9570010546367484,4440.808374582031,4447.813374582031,3.114002109272998,0.29,13.0,REV_SHORT,TARGET,2024-07-24 15:05:00,2024-07-24 15:10:00,2024-07-24 16:14:00,2427.15
2024-07-25 07:50:00,2024-07-25 07:55:00,2024-07-25 08:01:00,399325.0,1989381.0,1989387.0,399327.0,1.0,3.0,2370.0,2367.6111139099567,2380.0,2.3046845896295634,0.05,2371.36,2367.6111139099567,1.0,-1.0,-1.0,1.0,1.0,0.0,18.744430450217354,4447.813374582031,4429.068944131814,2.1677721800870207,0.29,2.0,REV_LONG,STOP,2024-07-25 11:50:00,2024-07-25 11:55:00,2024-07-25 12:01:00,2371.215
2024-07-28 18:25:00,2024-07-28 18:30:00,2024-07-28 21:53:00,399716.0,1991326.0,1991529.0,399757.0,-1.0,4.0,2400.0,2404.4411565188366,2390.0,1.3157142504708206,0.01,2398.205,2390.0,2.0,-1.0,0.0,-1.0,0.0,0.0,6.236156518836651,4429.068944131814,4437.273944131814,2.332313037672585,0.29,41.0,REV_SHORT,TARGET,2024-07-28 22:25:00,2024-07-28 22:30:00,2024-07-29 01:53:00,2398.35
2024-07-31 05:00:00,2024-07-31 05:05:00,2024-07-31 05:37:00,400395.0,1994711.0,1994743.0,400402.0,1.0,1.0,2420.0,2418.20397992953,2430.0,3.6883648540477547,0.08,2420.72,2418.20397992953,1.0,1.0,1.0,1.0,0.0,1.0,20.128160563759593,4437.273944131814,4417.145783568054,1.796020070469982,0.29,7.0,BREAK_LONG,STOP,2024-07-31 09:00:00,2024-07-31 09:05:00,2024-07-31 09:37:00,2420.575
2024-07-31 22:55:00,2024-07-31 23:00:00,2024-08-01 02:59:00,400598.0,1995721.0,1995960.0,400646.0,1.0,3.0,2440.0,2436.014549921987,2450.0,1.636053468106602,0.04,2441.32,2444.655,3.0,1.0,-1.0,1.0,1.0,0.0,21.221800312052437,4417.145783568054,4430.485783568054,2.610900156026634,0.29,48.0,REV_LONG,TIME,2024-08-01 02:55:00,2024-08-01 03:00:00,2024-08-01 06:59:00,2441.175
2024-08-05 00:05:00,2024-08-05 00:10:00,2024-08-05 01:11:00,401164.0,1998541.0,1998602.0,401177.0,1.0,1.0,2450.0,2446.9518304751573,2460.0,1.505327344396897,0.04,2452.16,2446.9518304751573,1.0,1.0,1.0,1.0,0.0,0.0,20.83267809937024,4430.485783568054,4409.653105468684,3.048169524842628,0.29,13.0,BREAK_LONG,STOP,2024-08-05 04:05:00,2024-08-05 04:10:00,2024-08-05 05:11:00,2452.015
2024-08-06 10:35:00,2024-08-06 10:40:00,2024-08-06 11:09:00,401566.0,2000546.0,2000575.0,401572.0,1.0,3.0,2390.0,2384.279124613043,2400.0,1.3373723838897387,0.03,2391.005,2384.279124613043,1.0,-1.0,-1.0,1.0,1.0,0.0,20.177626160870656,4409.653105468684,4389.475479307814,4.041750773914014,0.29,6.0,REV_LONG,STOP,2024-08-06 14:35:00,2024-08-06 14:40:00,2024-08-06 15:09:00,2390.86
2024-08-06 13:05:00,2024-08-06 13:10:00,2024-08-06 13:57:00,401596.0,2000696.0,2000743.0,401606.0,-1.0,4.0,2390.0,2393.1104654370015,2380.0,2.5144315524177214,0.02,2389.38,2393.1104654370015,1.0,1.0,1.0,-1.0,1.0,1.0,7.460930874002771,4389.475479307814,4382.014548433811,2.850930874003206,0.29,10.0,REV_SHORT,STOP,2024-08-06 17:05:00,2024-08-06 17:10:00,2024-08-06 17:57:00,2389.525
2024-08-06 18:15:00,2024-08-06 18:20:00,2024-08-06 21:21:00,401646.0,2000941.0,2001122.0,401683.0,-1.0,4.0,2390.0,2391.3090901326163,2380.0,3.2133794223939143,0.04,2388.625,2380.0,2.0,1.0,0.0,-1.0,0.0,1.0,10.73636053046539,4382.014548433811,4416.514548433811,1.2381802652324583,0.29,37.0,REV_SHORT,TARGET,2024-08-06 22:15:00,2024-08-06 22:20:00,2024-08-07 01:21:00,2388.77
2024-08-07 04:00:00,2024-08-07 04:05:00,2024-08-07 07:57:00,401763.0,2001526.0,2001758.0,401810.0,1.0,3.0,2390.0,2387.1604540193,2400.0,2.9451112557143344,0.03,2390.415,2400.0,2.0,-1.0,1.0,-1.0,0.0,1.0,9.763637942100559,4416.514548433811,4445.269548433811,1.8890919614004626,0.29,47.0,REV_LONG,TARGET,2024-08-07 08:00:00,2024-08-07 08:05:00,2024-08-07 11:57:00,2390.27
2024-08-08 23:50:00,2024-08-08 23:55:00,2024-08-09 01:46:00,402265.0,2004026.0,2004137.0,402288.0,1.0,3.0,2420.0,2418.610354278336,2430.0,3.180229976728336,0.04,2421.335,2418.610354278336,1.0,1.0,-1.0,-1.0,0.0,0.0,10.898582886655277,4445.269548433811,4434.370965547156,1.5692914433278984,0.29,23.0,REV_LONG,STOP,2024-08-09 03:50:00,2024-08-09 03:55:00,2024-08-09 05:46:00,2421.19
2024-08-09 07:00:00,2024-08-09 07:05:00,2024-08-09 07:32:00,402351.0,2004456.0,2004483.0,402357.0,1.0,1.0,2430.0,2428.4512303799543,2440.0,1.9583635163158866,0.02,2432.355,2428.4512303799543,1.0,1.0,1.0,-1.0,0.0,1.0,7.807539240091501,4434.370965547156,4426.563426307064,1.548769620045589,0.29,6.0,BREAK_LONG,STOP,2024-08-09 11:00:00,2024-08-09 11:05:00,2024-08-09 11:32:00,2432.21
2024-08-11 18:50:00,2024-08-11 18:55:00,2024-08-11 19:13:00,402481.0,2005101.0,2005119.0,402485.0,1.0,3.0,2430.0,2428.9665627825516,2440.0,6.1952324437563675,0.14,2430.5,2428.9665627825516,1.0,1.0,0.0,1.0,0.0,0.0,21.468121044277723,4426.563426307064,4405.0953052627865,1.206874434897432,0.29,4.0,REV_LONG,STOP,2024-08-11 22:50:00,2024-08-11 22:55:00,2024-08-11 23:13:00,2430.355
2024-08-13 04:50:00,2024-08-13 04:55:00,2024-08-13 08:31:00,402877.0,2007076.0,2007292.0,402921.0,1.0,3.0,2460.0,2458.2174327464327,2470.0,2.9704465802429936,0.07,2461.185,2470.0,2.0,1.0,-1.0,1.0,0.0,0.0,20.772970774970876,4405.0953052627865,4466.800305262787,1.565134507134516,0.29,44.0,REV_LONG,TARGET,2024-08-13 08:50:00,2024-08-13 08:55:00,2024-08-13 12:31:00,2461.04
2024-08-13 21:35:00,2024-08-13 21:40:00,2024-08-13 22:32:00,403066.0,2008016.0,2008068.0,403077.0,-1.0,4.0,2470.0,2473.37143060863,2460.0,2.1231221128933053,0.02,2469.09,2460.0,2.0,-1.0,-1.0,-1.0,0.0,1.0,8.562861217259524,4466.800305262787,4484.980305262788,1.4228612172599922,0.29,11.0,REV_SHORT,TARGET,2024-08-14 01:35:00,2024-08-14 01:40:00,2024-08-14 02:32:00,2469.235
2024-08-14 10:50:00,2024-08-14 10:55:00,2024-08-14 11:33:00,403225.0,2008811.0,2008849.0,403233.0,1.0,3.0,2450.0,2445.7355804795743,2460.0,1.9475476263672697,0.04,2450.575,2445.7355804795743,1.0,-1.0,-1.0,1.0,1.0,0.0,19.357678081702034,4484.980305262788,4465.622627181086,4.208839040851377,0.29,8.0,REV_LONG,STOP,2024-08-14 14:50:00,2024-08-14 14:55:00,2024-08-14 15:33:00,2450.43
2024-08-19 09:05:00,2024-08-19 09:10:00,2024-08-19 09:38:00,404032.0,2012831.0,2012859.0,404038.0,1.0,3.0,2490.0,2486.3832915408143,2500.0,2.086493267893488,0.05,2490.795,2486.3832915408143,1.0,1.0,-1.0,1.0,1.0,0.0,22.058542295928874,4465.622627181086,4443.564084885156,2.2634169183712434,0.29,6.0,REV_LONG,STOP,2024-08-19 13:05:00,2024-08-19 13:10:00,2024-08-19 13:38:00,2490.65
2024-08-21 21:55:00,2024-08-21 22:00:00,2024-08-22 00:39:00,404726.0,2016286.0,2016445.0,404758.0,-1.0,2.0,2510.0,2511.2726598218783,2500.0,2.3275654624698565,0.03,2507.885,2500.0,2.0,1.0,1.0,-1.0,0.0,0.0,10.16297946563418,4443.564084885156,4467.219084885157,1.2726598218782113,0.29,32.0,BREAK_SHORT,TARGET,2024-08-22 01:55:00,2024-08-22 02:00:00,2024-08-22 04:39:00,2508.03
2024-08-22 02:30:00,2024-08-22 02:35:00,2024-08-22 06:34:00,404781.0,2016561.0,2016800.0,404829.0,-1.0,4.0,2510.0,2511.479436870193,2500.0,3.03575027116547,0.03,2508.635,2508.84,3.0,-1.0,-1.0,-1.0,0.0,0.0,8.5333106105777,4467.219084885157,4466.604084885157,1.6388737403862856,0.29,48.0,REV_SHORT,TIME,2024-08-22 06:30:00,2024-08-22 06:35:00,2024-08-22 10:34:00,2508.78
2024-08-23 13:15:00,2024-08-23 13:20:00,2024-08-23 16:58:00,405186.0,2018581.0,2018799.0,405230.0,1.0,1.0,2510.0,2507.2356796244635,2520.0,2.3552169942407883,0.05,2511.04,2512.35,4.0,1.0,1.0,1.0,0.0,0.0,19.021601877682315,4466.604084885157,4473.154084885156,2.764320375536338,0.29,44.0,BREAK_LONG,SESSION,2024-08-23 17:15:00,2024-08-23 17:20:00,2024-08-23 20:58:00,2510.895
2024-08-26 03:40:00,2024-08-26 03:45:00,2024-08-26 04:02:00,405347.0,2019381.0,2019398.0,405351.0,-1.0,4.0,2520.0,2522.648332924517,2510.0,3.3489976054300583,0.03,2519.7400000000002,2522.648332924517,1.0,-1.0,-1.0,-1.0,1.0,1.0,8.724998773550396,4473.154084885156,4464.429086111606,1.5566658490339298,0.29,4.0,REV_SHORT,STOP,2024-08-26 07:40:00,2024-08-26 07:45:00,2024-08-26 08:02:00,2519.885
2024-08-26 13:15:00,2024-08-26 13:20:00,2024-08-26 13:34:00,405462.0,2019956.0,2019970.0,405465.0,1.0,1.0,2520.0,2518.181767414056,2530.0,3.029081308648348,0.07,2521.115,2518.181767414056,1.0,1.0,1.0,1.0,0.0,0.0,20.5326281016055,4464.429086111606,4443.89645801,1.81823258594397,0.29,3.0,BREAK_LONG,STOP,2024-08-26 17:15:00,2024-08-26 17:20:00,2024-08-26 17:34:00,2520.97
2024-08-26 15:20:00,2024-08-26 15:25:00,2024-08-26 16:58:00,405487.0,2020081.0,2020174.0,405506.0,-1.0,4.0,2520.0,2521.6391946144386,2510.0,5.177278358216338,0.05,2519.755,2518.3849999999998,4.0,-1.0,-1.0,-1.0,0.0,0.0,9.420973072192282,4443.89645801,4450.746458010002,1.3283892288771881,0.29,19.0,REV_SHORT,SESSION,2024-08-26 19:20:00,2024-08-26 19:25:00,2024-08-26 20:58:00,2519.9
2024-08-27 01:35:00,2024-08-27 01:40:00,2024-08-27 03:36:00,405598.0,2020631.0,2020747.0,405622.0,1.0,1.0,2510.0,2508.844421469636,2520.0,2.447784816741641,0.06,2512.08,2508.844421469636,1.0,1.0,1.0,1.0,0.0,1.0,19.413471182183457,4450.746458010002,4431.332986827819,1.1555785303639514,0.29,24.0,BREAK_LONG,STOP,2024-08-27 05:35:00,2024-08-27 05:40:00,2024-08-27 07:36:00,2511.935
2024-08-27 08:45:00,2024-08-27 08:50:00,2024-08-27 08:56:00,405684.0,2021061.0,2021067.0,405686.0,-1.0,2.0,2510.0,2511.6301667696375,2500.0,2.3322667761360014,0.03,2508.14,2511.6301667696375,1.0,1.0,1.0,-1.0,0.0,1.0,10.47050030891296,4431.332986827819,4420.862486518906,1.6301667696376378,0.29,2.0,BREAK_SHORT,STOP,2024-08-27 12:45:00,2024-08-27 12:50:00,2024-08-27 12:56:00,2508.285
2024-08-28 03:10:00,2024-08-28 03:15:00,2024-08-28 07:14:00,405893.0,2022101.0,2022340.0,405941.0,-1.0,4.0,2510.0,2511.9963181308094,2500.0,3.163482679172377,0.07,2509.1150000000002,2504.03,3.0,1.0,1.0,1.0,1.0,1.0,20.169226915664243,4420.862486518906,4456.457486518906,1.8426362616194927,0.29,48.0,REV_SHORT,TIME,2024-08-28 07:10:00,2024-08-28 07:15:00,2024-08-28 11:14:00,2509.26
2024-08-28 08:25:00,2024-08-28 08:30:00,2024-08-28 09:03:00,405956.0,2022416.0,2022449.0,405963.0,-1.0,2.0,2500.0,2501.785467321156,2490.0,2.8134903548335806,0.07,2498.695,2501.785467321156,1.0,1.0,1.0,1.0,0.0,1.0,21.633271248090296,4456.457486518906,4434.824215270815,1.785467321155715,0.29,7.0,BREAK_SHORT,STOP,2024-08-28 12:25:00,2024-08-28 12:30:00,2024-08-28 13:03:00,2498.84
2024-08-29 19:20:00,2024-08-29 19:25:00,2024-08-29 19:36:00,406351.0,2024381.0,2024392.0,406354.0,1.0,3.0,2520.0,2519.485760812346,2530.0,6.763945456243896,0.08,2520.84,2519.485760812346,1.0,1.0,-1.0,-1.0,0.0,0.0,10.833913501232018,4434.824215270815,4423.990301769583,0.5984783753075605,0.29,3.0,REV_LONG,STOP,2024-08-29 23:20:00,2024-08-29 23:25:00,2024-08-29 23:36:00,2520.695
2024-09-02 04:15:00,2024-09-02 04:20:00,2024-09-02 04:39:00,406734.0,2026291.0,2026310.0,406738.0,-1.0,4.0,2500.0,2502.247653774615,2490.0,1.635233683177916,0.04,2497.6,2502.247653774615,1.0,1.0,1.0,1.0,0.0,1.0,18.590615098461058,4423.990301769583,4405.399686671122,1.7853075492307038,0.29,4.0,REV_SHORT,STOP,2024-09-02 08:15:00,2024-09-02 08:20:00,2024-09-02 08:39:00,2497.745
2024-09-05 08:45:00,2024-09-05 08:50:00,2024-09-05 08:55:00,407616.0,2030686.0,2030691.0,407618.0,1.0,1.0,2520.0,2517.5065994730166,2530.0,3.570643930025248,0.08,2520.24,2517.5065994730166,1.0,1.0,1.0,1.0,0.0,1.0,21.86720421586506,4405.399686671122,4383.532482455257,2.493400526983348,0.29,2.0,BREAK_LONG,STOP,2024-09-05 12:45:00,2024-09-05 12:50:00,2024-09-05 12:55:00,2520.095
2024-09-05 12:40:00,2024-09-05 12:45:00,2024-09-05 12:54:00,407663.0,2030921.0,2030930.0,407665.0,-1.0,4.0,2510.0,2511.810182930688,2500.0,4.331470718320834,0.04,2509.595,2511.810182930688,1.0,-1.0,-1.0,-1.0,0.0,0.0,8.860731722752462,4383.532482455257,4374.671750732505,2.1003658613757556,0.29,2.0,REV_SHORT,STOP,2024-09-05 16:40:00,2024-09-05 16:45:00,2024-09-05 16:54:00,2509.74
2024-09-06 01:30:00,2024-09-06 01:35:00,2024-09-06 01:57:00,407805.0,2031626.0,2031648.0,407810.0,1.0,1.0,2520.0,2519.2169253873594,2530.0,7.816366966655984,0.17,2520.44,2519.2169253873594,1.0,1.0,1.0,1.0,0.0,0.0,20.792268414890717,4374.671750732505,4353.879482317614,0.7830746126404183,0.29,5.0,BREAK_LONG,STOP,2024-09-06 05:30:00,2024-09-06 05:35:00,2024-09-06 05:57:00,2520.295
2024-09-10 09:00:00,2024-09-10 09:05:00,2024-09-10 09:43:00,408447.0,2034826.0,2034864.0,408455.0,1.0,1.0,2510.0,2508.370632646838,2520.0,1.456371989257479,0.02,2513.105,2508.370632646838,1.0,1.0,1.0,-1.0,0.0,1.0,9.46873470632363,4353.879482317614,4344.41074761129,1.6293673531617732,0.29,8.0,BREAK_LONG,STOP,2024-09-10 13:00:00,2024-09-10 13:05:00,2024-09-10 13:43:00,2512.96
2024-09-10 21:50:00,2024-09-10 21:55:00,2024-09-11 01:54:00,408589.0,2035531.0,2035770.0,408637.0,-1.0,4.0,2520.0,2523.3337466295557,2510.0,2.1568528605037836,0.05,2519.11,2520.785,3.0,-1.0,-1.0,1.0,0.0,1.0,21.118733147777675,4344.41074761129,4336.035747611291,1.4374932591117562,0.29,48.0,REV_SHORT,TIME,2024-09-11 01:50:00,2024-09-11 01:55:00,2024-09-11 05:54:00,2519.255
2024-09-13 04:05:00,2024-09-13 04:10:00,2024-09-13 05:27:00,409216.0,2038656.0,2038733.0,409232.0,-1.0,4.0,2570.0,2572.1665354819165,2560.0,3.013324453727221,0.03,2569.135,2572.1665354819165,1.0,-1.0,-1.0,-1.0,0.0,1.0,9.094606445748923,4336.035747611291,4326.941141165542,2.163070963833078,0.29,16.0,REV_SHORT,STOP,2024-09-13 08:05:00,2024-09-13 08:10:00,2024-09-13 09:27:00,2569.28
2024-09-13 15:20:00,2024-09-13 15:25:00,2024-09-13 16:56:00,409351.0,2039331.0,2039422.0,409370.0,1.0,3.0,2580.0,2577.9235631357456,2590.0,2.458873046765886,0.06,2581.415,2577.9235631357456,1.0,1.0,1.0,1.0,1.0,1.0,20.948621185526463,4326.941141165542,4305.9925199800155,1.5328737285093108,0.29,19.0,REV_LONG,STOP,2024-09-13 19:20:00,2024-09-13 19:25:00,2024-09-13 20:56:00,2581.27
2024-09-17 08:00:00,2024-09-17 08:05:00,2024-09-17 08:37:00,409815.0,2041641.0,2041673.0,409822.0,-1.0,4.0,2580.0,2582.150369538771,2570.0,3.1820392816227696,0.03,2579.245,2570.0,2.0,-1.0,1.0,-1.0,0.0,1.0,8.71610861631325,4305.9925199800155,4333.727519980015,1.830739077542082,0.29,7.0,REV_SHORT,TARGET,2024-09-17 12:00:00,2024-09-17 12:05:00,2024-09-17 12:37:00,2579.39
2024-09-18 04:25:00,2024-09-18 04:30:00,2024-09-18 05:05:00,410048.0,2042801.0,2042836.0,410056.0,1.0,3.0,2570.0,2568.1129108801683,2580.0,4.668375753523299,0.1,2570.21,2568.1129108801683,1.0,-1.0,-1.0,1.0,0.0,0.0,20.970891198317076,4333.727519980015,4312.756628781698,1.194178239663496,0.29,8.0,REV_LONG,STOP,2024-09-18 08:25:00,2024-09-18 08:30:00,2024-09-18 09:05:00,2570.065
2024-09-18 16:00:00,2024-09-18 16:05:00,2024-09-18 16:21:00,410187.0,2043496.0,2043512.0,410191.0,1.0,3.0,2550.0,2543.344016216943,2560.0,1.182678440496552,0.01,2550.975,2560.0,2.0,-1.0,-1.0,-1.0,1.0,1.0,7.630983783056763,4312.756628781698,4321.781628781699,7.031967566113991,0.29,4.0,REV_LONG,TARGET,2024-09-18 20:00:00,2024-09-18 20:05:00,2024-09-18 20:21:00,2550.83
2024-09-19 10:45:00,2024-09-19 10:50:00,2024-09-19 12:09:00,410400.0,2044556.0,2044635.0,410416.0,1.0,1.0,2580.0,2576.6263668625284,2590.0,2.1220304606583675,0.02,2580.91,2590.0,2.0,1.0,1.0,-1.0,0.0,0.0,8.567266274942995,4321.781628781699,4339.961628781699,3.3736331374714172,0.29,16.0,BREAK_LONG,TARGET,2024-09-19 14:45:00,2024-09-19 14:50:00,2024-09-19 16:09:00,2580.765
2024-09-20 07:00:00,2024-09-20 07:05:00,2024-09-20 09:33:00,410631.0,2045706.0,2045854.0,410661.0,1.0,1.0,2610.0,2608.2070089737645,2620.0,1.2030657194149965,0.02,2613.56,2608.2070089737645,1.0,1.0,1.0,-1.0,0.0,0.0,10.705982052470972,4339.961628781699,4329.255646729228,1.7929910262354447,0.29,30.0,BREAK_LONG,STOP,2024-09-20 11:00:00,2024-09-20 11:05:00,2024-09-20 13:33:00,2613.415
2024-09-20 11:55:00,2024-09-20 12:00:00,2024-09-20 15:59:00,410690.0,2046001.0,2046240.0,410738.0,1.0,1.0,2620.0,2616.6433541844394,2630.0,1.1890234568349278,0.01,2622.745,2621.405,3.0,1.0,1.0,-1.0,0.0,1.0,6.10164581556046,4329.255646729228,4327.915646729229,3.3566458155605563,0.29,48.0,BREAK_LONG,TIME,2024-09-20 15:55:00,2024-09-20 16:00:00,2024-09-20 19:59:00,2622.6
2024-09-23 00:20:00,2024-09-23 00:25:00,2024-09-23 03:16:00,410827.0,2046681.0,2046852.0,410862.0,-1.0,4.0,2630.0,2631.8217109982547,2620.0,4.0483219351429,0.09,2629.48,2620.0,2.0,-1.0,-1.0,1.0,1.0,0.0,21.075398984292406,4327.915646729229,4413.235646729228,1.3534219965099483,0.29,35.0,REV_SHORT,TARGET,2024-09-23 04:20:00,2024-09-23 04:25:00,2024-09-23 07:16:00,2629.625
2024-09-23 10:00:00,2024-09-23 10:05:00,2024-09-23 14:04:00,410943.0,2047261.0,2047500.0,410991.0,-1.0,4.0,2630.0,2635.680629862053,2620.0,1.57454979488239,0.03,2629.59,2627.195,3.0,-1.0,-1.0,1.0,1.0,1.0,18.271889586158977,4413.235646729228,4420.420646729228,2.6212597241065962,0.29,48.0,REV_SHORT,TIME,2024-09-23 14:00:00,2024-09-23 14:05:00,2024-09-23 18:04:00,2629.735
2024-09-24 06:15:00,2024-09-24 06:20:00,2024-09-24 07:36:00,411174.0,2048411.0,2048487.0,411190.0,1.0,1.0,2630.0,2628.5033798899467,2640.0,1.5825699017061434,0.04,2632.955,2628.5033798899467,1.0,1.0,1.0,1.0,0.0,0.0,17.80648044021291,4420.420646729228,4402.614166289015,1.496620110053249,0.29,16.0,BREAK_LONG,STOP,2024-09-24 10:15:00,2024-09-24 10:20:00,2024-09-24 11:36:00,2632.81
2024-09-24 22:10:00,2024-09-24 22:15:00,2024-09-24 23:00:00,411353.0,2049301.0,2049346.0,411363.0,1.0,1.0,2660.0,2658.097606581027,2670.0,2.019078045760684,0.05,2662.04,2670.0,2.0,1.0,1.0,1.0,0.0,1.0,19.711967094865486,4402.614166289015,4442.414166289015,1.9023934189731073,0.29,10.0,BREAK_LONG,TARGET,2024-09-25 02:10:00,2024-09-25 02:15:00,2024-09-25 03:00:00,2661.895
2024-09-25 09:15:00,2024-09-25 09:20:00,2024-09-25 10:52:00,411486.0,2049966.0,2050058.0,411505.0,1.0,1.0,2660.0,2657.986671253439,2670.0,1.1497176152985327,0.03,2663.575,2657.986671253439,1.0,1.0,1.0,1.0,0.0,0.0,16.764986239682457,4442.414166289015,4425.649180049333,2.013328746560797,0.29,19.0,BREAK_LONG,STOP,2024-09-25 13:15:00,2024-09-25 13:20:00,2024-09-25 14:52:00,2663.43
2024-09-25 23:30:00,2024-09-25 23:35:00,2024-09-26 02:14:00,411645.0,2050756.0,2050915.0,411677.0,1.0,1.0,2660.0,2658.650242808705,2670.0,2.35319686164942,0.03,2662.035,2658.650242808705,1.0,1.0,1.0,-1.0,0.0,0.0,10.154271573884216,4425.649180049333,4415.494908475449,1.3497571912949418,0.29,32.0,BREAK_LONG,STOP,2024-09-26 03:30:00,2024-09-26 03:35:00,2024-09-26 06:14:00,2661.89
2024-09-26 04:40:00,2024-09-26 04:45:00,2024-09-26 06:21:00,411707.0,2051066.0,2051162.0,411727.0,-1.0,4.0,2670.0,2671.4418289087553,2660.0,4.74438339480891,0.11,2669.45,2671.4418289087553,1.0,-1.0,-1.0,1.0,1.0,0.0,21.910117996309964,4415.494908475449,4393.584790479139,1.7536578175105813,0.29,20.0,REV_SHORT,STOP,2024-09-26 08:40:00,2024-09-26 08:45:00,2024-09-26 10:21:00,2669.595
2024-09-27 08:55:00,2024-09-27 09:00:00,2024-09-27 09:05:00,412034.0,2052696.0,2052701.0,412036.0,1.0,1.0,2670.0,2667.70691446638,2680.0,2.0747430064333394,0.05,2671.705,2667.70691446638,1.0,1.0,1.0,1.0,0.0,1.0,19.990427668099077,4393.584790479139,4373.59436281104,2.293085533619851,0.29,2.0,BREAK_LONG,STOP,2024-09-27 12:55:00,2024-09-27 13:00:00,2024-09-27 13:05:00,2671.56
2024-09-30 05:20:00,2024-09-30 05:25:00,2024-09-30 06:18:00,412267.0,2053856.0,2053909.0,412278.0,1.0,3.0,2650.0,2647.4842186855203,2660.0,2.786028210535061,0.06,2650.79,2647.4842186855203,1.0,-1.0,-1.0,1.0,0.0,1.0,19.834687886877873,4373.59436281104,4353.759674924162,1.8115626289594084,0.29,11.0,REV_LONG,STOP,2024-09-30 09:20:00,2024-09-30 09:25:00,2024-09-30 10:18:00,2650.645
2024-09-30 06:55:00,2024-09-30 07:00:00,2024-09-30 07:37:00,412286.0,2053951.0,2053988.0,412294.0,-1.0,2.0,2640.0,2641.990890232642,2630.0,1.5837478655071575,0.02,2637.35,2641.990890232642,1.0,1.0,1.0,-1.0,0.0,1.0,9.2817804652841,4353.759674924162,4344.477894458878,1.990890232642165,0.29,8.0,BREAK_SHORT,STOP,2024-09-30 10:55:00,2024-09-30 11:00:00,2024-09-30 11:37:00,2637.495
2024-09-30 14:30:00,2024-09-30 14:35:00,2024-09-30 14:56:00,412377.0,2054406.0,2054427.0,412382.0,-1.0,2.0,2630.0,2632.713835332838,2620.0,2.0207490498959046,0.05,2628.505,2632.713835332838,1.0,1.0,1.0,1.0,0.0,1.0,21.0441766641884,4344.477894458878,4323.433717794689,2.713835332837895,0.29,5.0,BREAK_SHORT,STOP,2024-09-30 18:30:00,2024-09-30 18:35:00,2024-09-30 18:56:00,2628.65
2024-10-01 00:45:00,2024-10-01 00:50:00,2024-10-01 01:10:00,412488.0,2054956.0,2054976.0,412493.0,-1.0,4.0,2640.0,2641.0510392669426,2630.0,4.234880961237692,0.1,2638.94,2641.0510392669426,1.0,1.0,-1.0,1.0,0.0,0.0,21.110392669424982,4323.433717794689,4302.323325125264,1.052078533884894,0.29,5.0,REV_SHORT,STOP,2024-10-01 04:45:00,2024-10-01 04:50:00,2024-10-01 05:10:00,2639.085
2024-10-01 07:15:00,2024-10-01 07:20:00,2024-10-01 07:26:00,412566.0,2055346.0,2055352.0,412568.0,1.0,1.0,2650.0,2648.831879751894,2660.0,3.6570309628663074,0.04,2651.23,2648.831879751894,1.0,1.0,1.0,-1.0,0.0,0.0,9.592480992423589,4302.323325125264,4292.7308441328405,1.1681202481056885,0.29,2.0,BREAK_LONG,STOP,2024-10-01 11:15:00,2024-10-01 11:20:00,2024-10-01 11:26:00,2651.085
2024-10-01 09:15:00,2024-10-01 09:20:00,2024-10-01 09:34:00,412590.0,2055466.0,2055480.0,412593.0,1.0,3.0,2650.0,2647.1180693350598,2660.0,2.098904384811316,0.02,2651.275,2660.0,2.0,1.0,1.0,-1.0,1.0,1.0,8.313861329880638,4292.7308441328405,4310.18084413284,1.8638613298810678,0.29,3.0,REV_LONG,TARGET,2024-10-01 13:15:00,2024-10-01 13:20:00,2024-10-01 13:34:00,2651.13
2024-10-01 14:20:00,2024-10-01 14:25:00,2024-10-01 16:58:00,412651.0,2055771.0,2055924.0,412682.0,1.0,3.0,2660.0,2656.0741793240463,2670.0,1.8827028801278964,0.02,2660.905,2663.62,4.0,1.0,1.0,-1.0,1.0,1.0,9.661641351907747,4310.18084413284,4315.61084413284,3.131641351907024,0.29,31.0,REV_LONG,SESSION,2024-10-01 18:20:00,2024-10-01 18:25:00,2024-10-01 20:58:00,2660.76
2024-10-02 07:10:00,2024-10-02 07:15:00,2024-10-02 07:23:00,412841.0,2056716.0,2056724.0,412843.0,-1.0,2.0,2650.0,2651.501814829455,2640.0,4.7456936876560025,0.1,2649.5,2651.501814829455,1.0,1.0,1.0,1.0,0.0,1.0,20.018148294548155,4315.61084413284,4295.592695838292,1.501814829454838,0.29,2.0,BREAK_SHORT,STOP,2024-10-02 11:10:00,2024-10-02 11:15:00,2024-10-02 11:23:00,2649.645
2024-10-03 09:40:00,2024-10-03 09:45:00,2024-10-03 10:01:00,413147.0,2058241.0,2058257.0,413151.0,-1.0,4.0,2650.0,2652.6432344769582,2640.0,2.350768300821327,0.05,2648.87,2640.0,2.0,1.0,1.0,1.0,0.0,1.0,18.866172384791753,4295.592695838292,4339.942695838291,2.4164689539169837,0.29,4.0,REV_SHORT,TARGET,2024-10-03 13:40:00,2024-10-03 13:45:00,2024-10-03 14:01:00,2649.015
2024-10-03 22:35:00,2024-10-03 22:40:00,2024-10-04 02:39:00,413290.0,2058951.0,2059190.0,413338.0,1.0,1.0,2660.0,2659.094421104304,2670.0,2.9362094732756767,0.03,2661.865,2665.32,3.0,1.0,1.0,-1.0,0.0,0.0,8.311736687087887,4339.942695838291,4350.307695838292,0.9055788956961668,0.29,48.0,BREAK_LONG,TIME,2024-10-04 02:35:00,2024-10-04 02:40:00,2024-10-04 06:39:00,2661.72
2024-10-07 22:45:00,2024-10-07 22:50:00,2024-10-07 23:18:00,413844.0,2061711.0,2061739.0,413850.0,-1.0,2.0,2640.0,2642.4695961281323,2630.0,1.1100589376609662,0.03,2636.56,2642.4695961281323,1.0,1.0,1.0,1.0,0.0,0.0,17.72878838439692,4350.307695838292,4332.578907453895,2.4695961281324377,0.29,6.0,BREAK_SHORT,STOP,2024-10-08 02:45:00,2024-10-08 02:50:00,2024-10-08 03:18:00,2636.705
2024-10-08 09:35:00,2024-10-08 09:40:00,2024-10-08 10:14:00,413974.0,2062361.0,2062395.0,413981.0,1.0,3.0,2640.0,2635.1713173795783,2650.0,1.871726190485854,0.02,2640.335,2635.1713173795783,1.0,-1.0,-1.0,-1.0,0.0,1.0,10.327365240843392,4332.578907453895,4322.251542213052,2.957365240843305,0.29,7.0,REV_LONG,STOP,2024-10-08 13:35:00,2024-10-08 13:40:00,2024-10-08 14:14:00,2640.19
2024-10-08 22:15:00,2024-10-08 22:20:00,2024-10-09 01:26:00,414114.0,2063056.0,2063242.0,414152.0,-1.0,2.0,2620.0,2621.6793101982535,2610.0,2.6222663081795177,0.06,2618.455,2621.6793101982535,1.0,1.0,1.0,1.0,0.0,0.0,19.3458611895212,4322.251542213052,4302.905681023531,1.6793101982532637,0.29,38.0,BREAK_SHORT,STOP,2024-10-09 02:15:00,2024-10-09 02:20:00,2024-10-09 05:26:00,2618.6
2024-10-09 12:50:00,2024-10-09 12:55:00,2024-10-09 16:54:00,414289.0,2063931.0,2064170.0,414337.0,-1.0,2.0,2610.0,2612.142041471217,2600.0,3.6307587444759992,0.08,2609.52,2608.52,3.0,1.0,1.0,1.0,0.0,1.0,20.976331769736134,4302.905681023531,4310.905681023531,2.142041471216868,0.29,48.0,BREAK_SHORT,TIME,2024-10-09 16:50:00,2024-10-09 16:55:00,2024-10-09 20:54:00,2609.665
2024-10-10 13:20:00,2024-10-10 13:25:00,2024-10-10 15:08:00,414571.0,2065336.0,2065439.0,414592.0,1.0,3.0,2620.0,2615.3287971976642,2630.0,1.3948281301987184,0.01,2621.455,2630.0,2.0,1.0,1.0,-1.0,0.0,1.0,6.126202802335683,4310.905681023531,4319.450681023531,2.4524056046708047,0.29,21.0,REV_LONG,TARGET,2024-10-10 17:20:00,2024-10-10 17:25:00,2024-10-10 19:08:00,2621.31
2024-10-10 15:30:00,2024-10-10 15:35:00,2024-10-10 16:58:00,414597.0,2065466.0,2065549.0,414614.0,-1.0,4.0,2630.0,2632.330720721753,2620.0,3.5155554075981823,0.07,2629.6,2629.775,4.0,-1.0,-1.0,1.0,1.0,1.0,19.115045052272308,4319.450681023531,4318.225681023529,1.7414414435062606,0.29,17.0,REV_SHORT,SESSION,2024-10-10 19:30:00,2024-10-10 19:35:00,2024-10-10 20:58:00,2629.745
2024-10-10 19:30:00,2024-10-10 19:35:00,2024-10-10 22:30:00,414633.0,2065641.0,2065816.0,414669.0,1.0,1.0,2630.0,2628.901212700322,2640.0,1.2889820925770603,0.02,2633.75,2640.0,2.0,1.0,1.0,-1.0,0.0,0.0,9.697574599355903,4318.225681023529,4330.725681023529,1.0987872996780603,0.29,36.0,BREAK_LONG,TARGET,2024-10-10 23:30:00,2024-10-10 23:35:00,2024-10-11 02:30:00,2633.605
2024-10-14 03:35:00,2024-10-14 03:40:00,2024-10-14 04:50:00,415006.0,2067501.0,2067571.0,415021.0,1.0,3.0,2660.0,2658.315801003526,2670.0,1.497051098976257,0.02,2662.995,2658.315801003526,1.0,1.0,1.0,-1.0,1.0,0.0,9.358397992948085,4330.725681023529,4321.367283030581,1.798397992948229,0.29,15.0,REV_LONG,STOP,2024-10-14 07:35:00,2024-10-14 07:40:00,2024-10-14 08:50:00,2662.85
2024-10-14 14:45:00,2024-10-14 14:50:00,2024-10-14 15:17:00,415140.0,2068171.0,2068198.0,415146.0,-1.0,4.0,2650.0,2651.5494772541506,2640.0,4.462095764558016,0.1,2649.435,2651.5494772541506,1.0,-1.0,1.0,1.0,0.0,1.0,21.14477254150643,4321.367283030581,4300.222510489075,1.0389545083007898,0.29,6.0,REV_SHORT,STOP,2024-10-14 18:45:00,2024-10-14 18:50:00,2024-10-14 19:17:00,2649.58
2024-10-14 22:35:00,2024-10-14 22:40:00,2024-10-14 22:48:00,415222.0,2068576.0,2068584.0,415224.0,1.0,1.0,2650.0,2648.493629401515,2660.0,2.2956600492304537,0.03,2651.985,2648.493629401515,1.0,1.0,1.0,-1.0,0.0,0.0,10.474111795454972,4300.222510489075,4289.74839869362,1.5063705984850284,0.29,2.0,BREAK_LONG,STOP,2024-10-15 02:35:00,2024-10-15 02:40:00,2024-10-15 02:48:00,2651.84
2024-10-15 15:50:00,2024-10-15 15:55:00,2024-10-15 16:58:00,415429.0,2069611.0,2069674.0,415442.0,1.0,3.0,2660.0,2658.7738903366367,2670.0,2.1568513701981753,0.03,2662.33,2662.84,4.0,1.0,1.0,-1.0,1.0,0.0,10.668328990089776,4289.74839869362,4291.278398693621,1.4822193267266706,0.29,13.0,REV_LONG,SESSION,2024-10-15 19:50:00,2024-10-15 19:55:00,2024-10-15 20:58:00,2662.185
2024-10-16 05:55:00,2024-10-16 06:00:00,2024-10-16 06:08:00,415586.0,2070391.0,2070399.0,415588.0,1.0,1.0,2680.0,2678.48184185924,2690.0,4.216183536925027,0.04,2680.69,2678.48184185924,1.0,1.0,1.0,-1.0,0.0,0.0,8.832632563040534,4291.278398693621,4282.4457661305805,1.518158140759981,0.29,2.0,BREAK_LONG,STOP,2024-10-16 09:55:00,2024-10-16 10:00:00,2024-10-16 10:08:00,2680.545
2024-10-16 21:55:00,2024-10-16 22:00:00,2024-10-16 22:42:00,415766.0,2071286.0,2071328.0,415775.0,1.0,1.0,2680.0,2678.8294021035226,2690.0,1.8822902155640966,0.02,2682.705,2678.8294021035226,1.0,1.0,1.0,-1.0,0.0,0.0,7.751195792954604,4282.4457661305805,4274.694570337626,1.1705978964773984,0.29,9.0,BREAK_LONG,STOP,2024-10-17 01:55:00,2024-10-17 02:00:00,2024-10-17 02:42:00,2682.56
2024-10-17 03:10:00,2024-10-17 03:15:00,2024-10-17 05:19:00,415829.0,2071601.0,2071725.0,415854.0,1.0,3.0,2680.0,2678.349310120891,2690.0,2.226721282965416,0.02,2681.96,2678.349310120891,1.0,1.0,1.0,-1.0,0.0,1.0,7.221379758218063,4274.694570337626,4267.473190579408,1.8713797582179001,0.29,25.0,REV_LONG,STOP,2024-10-17 07:10:00,2024-10-17 07:15:00,2024-10-17 09:19:00,2681.815
2024-10-18 07:40:00,2024-10-18 07:45:00,2024-10-18 09:07:00,416159.0,2073246.0,2073328.0,416176.0,1.0,3.0,2710.0,2707.7877622126352,2720.0,3.2966981304850838,0.03,2710.63,2707.7877622126352,1.0,1.0,1.0,-1.0,0.0,1.0,8.526713362094597,4267.473190579408,4258.946477217313,1.834475574729162,0.29,17.0,REV_LONG,STOP,2024-10-18 11:40:00,2024-10-18 11:45:00,2024-10-18 13:07:00,2710.485
2024-10-21 03:15:00,2024-10-21 03:20:00,2024-10-21 03:23:00,416382.0,2074356.0,2074359.0,416383.0,1.0,1.0,2730.0,2728.6053355431786,2740.0,2.773486961798335,0.03,2731.625,2728.6053355431786,1.0,1.0,1.0,-1.0,0.0,0.0,9.058993370464123,4258.946477217313,4249.887483846849,1.3946644568211621,0.29,1.0,BREAK_LONG,STOP,2024-10-21 07:15:00,2024-10-21 07:20:00,2024-10-21 07:23:00,2731.48
2024-10-21 14:20:00,2024-10-21 14:25:00,2024-10-21 14:45:00,416515.0,2075021.0,2075041.0,416520.0,1.0,3.0,2720.0,2718.262111403007,2730.0,4.4776009417677844,0.04,2720.405,2718.262111403007,1.0,1.0,-1.0,-1.0,1.0,1.0,8.571554387972355,4249.887483846849,4241.315929458877,1.735777193985823,0.29,5.0,REV_LONG,STOP,2024-10-21 18:20:00,2024-10-21 18:25:00,2024-10-21 18:45:00,2720.26
2024-10-21 22:15:00,2024-10-21 22:20:00,2024-10-21 23:08:00,416598.0,2075431.0,2075479.0,416608.0,-1.0,4.0,2730.0,2731.3757066479848,2720.0,3.4598255377471374,0.08,2728.825,2731.3757066479848,1.0,-1.0,-1.0,1.0,0.0,0.0,20.405653183879622,4241.315929458877,4220.910276274997,1.361413295969313,0.29,10.0,REV_SHORT,STOP,2024-10-22 02:15:00,2024-10-22 02:20:00,2024-10-22 03:08:00,2728.97
2024-10-23 02:50:00,2024-10-23 02:55:00,2024-10-23 06:54:00,416929.0,2077081.0,2077320.0,416977.0,1.0,3.0,2750.0,2747.4619440212664,2760.0,3.4100629999973173,0.03,2750.305,2751.025,3.0,1.0,1.0,-1.0,0.0,1.0,8.529167936200338,4220.910276274997,4223.070276274998,1.476111957467119,0.29,48.0,REV_LONG,TIME,2024-10-23 06:50:00,2024-10-23 06:55:00,2024-10-23 10:54:00,2750.16
2024-10-23 13:15:00,2024-10-23 13:20:00,2024-10-23 16:58:00,417054.0,2077706.0,2077924.0,417098.0,-1.0,2.0,2720.0,2722.6003532280233,2710.0,1.8249675718187373,0.04,2718.14,2715.74,4.0,1.0,1.0,1.0,0.0,1.0,17.8414129120938,4223.070276274998,4232.670276274998,2.600353228023179,0.29,44.0,BREAK_SHORT,SESSION,2024-10-23 17:15:00,2024-10-23 17:20:00,2024-10-23 20:58:00,2718.285
2024-10-24 02:25:00,2024-10-24 02:30:00,2024-10-24 06:29:00,417200.0,2078431.0,2078670.0,417248.0,1.0,1.0,2730.0,2728.509775413423,2740.0,1.7226571360972769,0.02,2732.73,2736.835,3.0,1.0,1.0,-1.0,0.0,1.0,8.440449173153866,4232.670276274998,4240.880276274998,1.4902245865770327,0.29,48.0,BREAK_LONG,TIME,2024-10-24 06:25:00,2024-10-24 06:30:00,2024-10-24 10:29:00,2732.585
2024-10-25 09:05:00,2024-10-25 09:10:00,2024-10-25 10:10:00,417556.0,2080206.0,2080266.0,417569.0,-1.0,4.0,2730.0,2733.480455861801,2720.0,2.1493037884353186,0.02,2729.2,2733.480455861801,1.0,1.0,-1.0,-1.0,0.0,1.0,8.560911723602658,4240.880276274998,4232.319364551396,1.9009117236019126,0.29,13.0,REV_SHORT,STOP,2024-10-25 13:05:00,2024-10-25 13:10:00,2024-10-25 14:10:00,2729.345
2024-10-28 05:35:00,2024-10-28 05:40:00,2024-10-28 09:33:00,417790.0,2081371.0,2081604.0,417837.0,1.0,3.0,2730.0,2727.4608739924256,2740.0,1.8057221896010887,0.04,2731.93,2740.0,2.0,-1.0,-1.0,1.0,0.0,0.0,17.87650403029693,4232.319364551396,4264.599364551396,2.0182520151486263,0.29,47.0,REV_LONG,TARGET,2024-10-28 09:35:00,2024-10-28 09:40:00,2024-10-28 13:33:00,2731.785
2024-10-30 11:00:00,2024-10-30 11:05:00,2024-10-30 11:40:00,418407.0,2084446.0,2084481.0,418415.0,-1.0,4.0,2780.0,2783.5117176993444,2770.0,1.3676863674010307,0.01,2777.805,2783.5117176993444,1.0,-1.0,1.0,-1.0,0.0,0.0,5.706717699344608,4264.599364551396,4258.892646852051,3.343435398688335,0.29,8.0,REV_SHORT,STOP,2024-10-30 15:00:00,2024-10-30 15:05:00,2024-10-30 15:40:00,2777.95
2024-10-31 03:10:00,2024-10-31 03:15:00,2024-10-31 04:34:00,418589.0,2085351.0,2085430.0,418605.0,1.0,3.0,2780.0,2777.2325931055616,2790.0,2.3141376921711223,0.05,2781.085,2777.2325931055616,1.0,1.0,-1.0,1.0,0.0,1.0,19.262034472192227,4258.892646852051,4239.630612379859,1.8548137888763427,0.29,16.0,REV_LONG,STOP,2024-10-31 07:10:00,2024-10-31 07:15:00,2024-10-31 08:34:00,2780.94
2024-10-31 10:50:00,2024-10-31 10:55:00,2024-10-31 11:00:00,418681.0,2085811.0,2085816.0,418683.0,1.0,3.0,2740.0,2734.848518926652,2750.0,1.6275090268443033,0.03,2740.615,2734.848518926652,1.0,-1.0,-1.0,1.0,1.0,1.0,17.29944322004303,4239.630612379859,4222.3311691598155,3.8629621466957444,0.29,2.0,REV_LONG,STOP,2024-10-31 14:50:00,2024-10-31 14:55:00,2024-10-31 15:00:00,2740.47
2024-10-31 22:05:00,2024-10-31 22:10:00,2024-10-31 23:53:00,418804.0,2086421.0,2086524.0,418825.0,-1.0,4.0,2750.0,2751.7364916266915,2740.0,4.863872459008289,0.05,2749.735,2751.7364916266915,1.0,1.0,-1.0,-1.0,0.0,1.0,10.007458133457021,4222.3311691598155,4212.323711026358,1.4229832533824391,0.29,21.0,REV_SHORT,STOP,2024-11-01 02:05:00,2024-11-01 02:10:00,2024-11-01 03:53:00,2749.88
2024-11-01 06:30:00,2024-11-01 06:35:00,2024-11-01 07:06:00,418905.0,2086926.0,2086957.0,418912.0,-1.0,2.0,2750.0,2751.635680245194,2740.0,1.6410632632467268,0.04,2747.23,2751.635680245194,1.0,1.0,1.0,1.0,0.0,1.0,17.62272098077665,4212.323711026358,4194.700990045581,1.6356802451940697,0.29,7.0,BREAK_SHORT,STOP,2024-11-01 10:30:00,2024-11-01 10:35:00,2024-11-01 11:06:00,2747.375
2024-11-04 00:50:00,2024-11-04 00:55:00,2024-11-04 00:59:00,419113.0,2087961.0,2087965.0,419114.0,-1.0,2.0,2740.0,2741.312855326967,2730.0,3.272459757053561,0.03,2738.665,2741.312855326967,1.0,1.0,1.0,-1.0,0.0,0.0,7.943565980901439,4194.700990045581,4186.75742406468,1.3128553269668923,0.29,1.0,BREAK_SHORT,STOP,2024-11-04 05:50:00,2024-11-04 05:55:00,2024-11-04 05:59:00,2738.81
2024-11-04 10:40:00,2024-11-04 10:45:00,2024-11-04 11:05:00,419231.0,2088551.0,2088571.0,419236.0,1.0,3.0,2740.0,2736.480210650346,2750.0,1.5037623644559865,0.03,2741.88,2736.480210650346,1.0,-1.0,1.0,1.0,0.0,0.0,16.199368048961787,4186.75742406468,4170.558056015718,2.579578699307662,0.29,5.0,REV_LONG,STOP,2024-11-04 15:40:00,2024-11-04 15:45:00,2024-11-04 16:05:00,2741.735
2024-11-06 22:50:00,2024-11-06 22:55:00,2024-11-07 02:17:00,419917.0,2091966.0,2092168.0,419958.0,-1.0,4.0,2660.0,2661.9814715963207,2650.0,3.937816545838594,0.08,2659.555,2661.9814715963207,1.0,1.0,-1.0,1.0,0.0,0.0,19.41177277056704,4170.558056015718,4151.146283245151,2.3029431926419033,0.29,41.0,REV_SHORT,STOP,2024-11-07 03:50:00,2024-11-07 03:55:00,2024-11-07 07:17:00,2659.7
2024-11-07 04:05:00,2024-11-07 04:10:00,2024-11-07 07:43:00,419980.0,2092281.0,2092494.0,420023.0,1.0,3.0,2660.0,2656.3629207221647,2670.0,1.05933494687682,0.01,2662.985,2670.0,2.0,-1.0,1.0,-1.0,0.0,1.0,6.6220792778353825,4151.146283245151,4158.16128324515,2.1841585556707708,0.29,43.0,REV_LONG,TARGET,2024-11-07 09:05:00,2024-11-07 09:10:00,2024-11-07 12:43:00,2662.84
2024-11-08 01:35:00,2024-11-08 01:40:00,2024-11-08 03:37:00,420226.0,2093506.0,2093623.0,420250.0,-1.0,2.0,2690.0,2691.843521649747,2680.0,1.4054980341877603,0.02,2686.92,2691.843521649747,1.0,1.0,1.0,-1.0,0.0,0.0,9.847043299493635,4158.16128324515,4148.3142399456565,1.84352164974668,0.29,24.0,BREAK_SHORT,STOP,2024-11-08 06:35:00,2024-11-08 06:40:00,2024-11-08 08:37:00,2687.065
2024-11-11 14:05:00,2024-11-11 14:10:00,2024-11-11 15:05:00,420652.0,2095631.0,2095686.0,420664.0,-1.0,4.0,2620.0,2621.714323190779,2610.0,3.4894105997202876,0.07,2619.105,2621.714323190779,1.0,1.0,1.0,1.0,1.0,0.0,18.265262335452466,4148.3142399456565,4130.048977610204,1.8986463815584476,0.29,12.0,REV_SHORT,STOP,2024-11-11 19:05:00,2024-11-11 19:10:00,2024-11-11 20:05:00,2619.25
2024-11-11 22:50:00,2024-11-11 22:55:00,2024-11-11 23:01:00,420745.0,2096091.0,2096097.0,420747.0,1.0,3.0,2620.0,2618.331224060176,2630.0,4.599822762522576,0.04,2620.415,2618.331224060176,1.0,-1.0,-1.0,-1.0,0.0,0.0,8.335103759296544,4130.048977610204,4121.7138738509075,1.527551879648141,0.29,2.0,REV_LONG,STOP,2024-11-12 03:50:00,2024-11-12 03:55:00,2024-11-12 04:01:00,2620.27
2024-11-12 02:45:00,2024-11-12 02:50:00,2024-11-12 04:09:00,420792.0,2096326.0,2096405.0,420808.0,1.0,3.0,2600.0,2593.6613648530893,2610.0,1.0555271244599134,0.01,2601.61,2593.6613648530893,1.0,-1.0,-1.0,-1.0,1.0,1.0,7.948635146910875,4121.7138738509075,4113.765238703996,3.247270293820987,0.29,16.0,REV_LONG,STOP,2024-11-12 07:45:00,2024-11-12 07:50:00,2024-11-12 09:09:00,2601.465
2024-11-12 10:15:00,2024-11-12 10:20:00,2024-11-12 10:40:00,420882.0,2096776.0,2096796.0,420887.0,-1.0,2.0,2610.0,2613.4143387793915,2600.0,2.2485440154095677,0.04,2609.285,2600.0,2.0,1.0,1.0,1.0,0.0,1.0,16.517355117566694,4113.765238703996,4150.905238703996,3.414338779391404,0.29,5.0,BREAK_SHORT,TARGET,2024-11-12 15:15:00,2024-11-12 15:20:00,2024-11-12 15:40:00,2609.43
2024-11-12 13:30:00,2024-11-12 13:35:00,2024-11-12 16:58:00,420921.0,2096971.0,2097174.0,420962.0,-1.0,4.0,2600.0,2603.3721118723133,2590.0,1.3721565537825693,0.03,2597.735,2598.52,4.0,1.0,1.0,1.0,1.0,1.0,16.911335616939596,4150.905238703996,4148.550238703996,2.4142237446264985,0.29,41.0,REV_SHORT,SESSION,2024-11-12 18:30:00,2024-11-12 18:35:00,2024-11-12 21:58:00,2597.88
2024-11-13 06:10:00,2024-11-13 06:15:00,2024-11-13 07:03:00,421109.0,2097906.0,2097954.0,421119.0,-1.0,4.0,2610.0,2612.569941700552,2600.0,3.0096253459316284,0.06,2609.435,2612.569941700552,1.0,1.0,-1.0,1.0,0.0,0.0,18.80965020331314,4148.550238703996,4129.740588500683,1.7298834011041788,0.29,10.0,REV_SHORT,STOP,2024-11-13 11:10:00,2024-11-13 11:15:00,2024-11-13 12:03:00,2609.58
2024-11-13 15:15:00,2024-11-13 15:20:00,2024-11-13 16:58:00,421218.0,2098451.0,2098549.0,421238.0,-1.0,2.0,2580.0,2582.2627471516507,2570.0,1.2655311264467075,0.03,2576.85,2573.125,4.0,1.0,1.0,1.0,0.0,0.0,16.23824145495246,4129.740588500683,4140.915588500682,2.2627471516506317,0.29,20.0,BREAK_SHORT,SESSION,2024-11-13 20:15:00,2024-11-13 20:20:00,2024-11-13 21:58:00,2576.995
2024-11-13 21:50:00,2024-11-13 21:55:00,2024-11-13 22:09:00,421285.0,2098781.0,2098795.0,421288.0,-1.0,2.0,2560.0,2562.0983919215532,2550.0,4.08679491042467,0.08,2559.72,2562.0983919215532,1.0,1.0,1.0,1.0,0.0,1.0,19.027135372427438,4140.915588500682,4121.888453128255,2.098391921553433,0.29,3.0,BREAK_SHORT,STOP,2024-11-14 02:50:00,2024-11-14 02:55:00,2024-11-14 03:09:00,2559.865
2024-11-14 00:45:00,2024-11-14 00:50:00,2024-11-14 04:31:00,421320.0,2098956.0,2099177.0,421365.0,-1.0,2.0,2560.0,2561.8554604579385,2550.0,1.663872776757689,0.04,2557.405,2550.0,2.0,1.0,1.0,1.0,0.0,1.0,17.801841831753336,4121.888453128255,4151.5084531282555,1.8554604579386837,0.29,45.0,BREAK_SHORT,TARGET,2024-11-14 05:45:00,2024-11-14 05:50:00,2024-11-14 09:31:00,2557.55
2024-11-14 12:35:00,2024-11-14 12:40:00,2024-11-14 13:29:00,421462.0,2099666.0,2099715.0,421472.0,1.0,3.0,2570.0,2567.2684527990095,2580.0,2.72643679481428,0.03,2570.685,2567.2684527990095,1.0,-1.0,1.0,-1.0,1.0,1.0,10.249641602971222,4151.5084531282555,4141.258811525285,2.553094401981349,0.29,10.0,REV_LONG,STOP,2024-11-14 17:35:00,2024-11-14 17:40:00,2024-11-14 18:29:00,2570.54
2024-11-15 01:20:00,2024-11-15 01:25:00,2024-11-15 01:44:00,421603.0,2100366.0,2100385.0,421607.0,-1.0,2.0,2560.0,2561.7417181354626,2550.0,1.030835447242559,0.03,2555.96,2561.7417181354626,1.0,1.0,1.0,1.0,0.0,0.0,17.345154406387792,4141.258811525285,4123.913657118897,1.7417181354627367,0.29,4.0,BREAK_SHORT,STOP,2024-11-15 06:20:00,2024-11-15 06:25:00,2024-11-15 06:44:00,2556.105
2024-11-17 20:40:00,2024-11-17 20:45:00,2024-11-17 20:47:00,421823.0,2101461.0,2101463.0,421824.0,1.0,1.0,2590.0,2586.8997610775714,2600.0,1.6598179557895185,0.02,2591.825,2586.8997610775714,1.0,1.0,1.0,-1.0,0.0,0.0,9.850477844856869,4123.913657118897,4114.0631792740405,3.1002389224288,0.29,1.0,BREAK_LONG,STOP,2024-11-18 01:40:00,2024-11-18 01:45:00,2024-11-18 01:47:00,2591.68
2024-11-18 04:40:00,2024-11-18 04:45:00,2024-11-18 08:31:00,421919.0,2101941.0,2102167.0,421965.0,1.0,1.0,2590.0,2587.7639687178626,2600.0,1.0930492314545677,0.01,2593.61,2600.0,2.0,1.0,1.0,-1.0,0.0,1.0,5.846031282137574,4114.0631792740405,4120.45317927404,2.2360312821375583,0.29,46.0,BREAK_LONG,TARGET,2024-11-18 09:40:00,2024-11-18 09:45:00,2024-11-18 13:31:00,2593.465
2024-11-18 21:45:00,2024-11-18 21:50:00,2024-11-19 01:49:00,422112.0,2102901.0,2103140.0,422160.0,1.0,1.0,2620.0,2618.227897392739,2630.0,1.5414166320080205,0.04,2622.86,2624.145,3.0,1.0,1.0,1.0,0.0,0.0,18.528410429044015,4120.45317927404,4125.593179274039,1.7721026072607615,0.29,48.0,BREAK_LONG,TIME,2024-11-19 02:45:00,2024-11-19 02:50:00,2024-11-19 06:49:00,2622.715
2024-11-19 12:35:00,2024-11-19 12:40:00,2024-11-19 12:56:00,422290.0,2103791.0,2103807.0,422294.0,1.0,1.0,2630.0,2627.8331112870706,2640.0,2.4943358952712527,0.05,2631.315,2627.8331112870706,1.0,1.0,1.0,1.0,0.0,0.0,17.40944356464752,4125.593179274039,4108.183735709392,2.1668887129293517,0.29,4.0,BREAK_LONG,STOP,2024-11-19 17:35:00,2024-11-19 17:40:00,2024-11-19 17:56:00,2631.17
2024-11-19 14:05:00,2024-11-19 14:10:00,2024-11-19 15:13:00,422308.0,2103881.0,2103944.0,422321.0,-1.0,4.0,2630.0,2631.8684646887186,2620.0,4.398524138059467,0.04,2629.67,2631.8684646887186,1.0,-1.0,-1.0,-1.0,0.0,1.0,8.793858754874236,4108.183735709392,4099.389876954518,1.626929377437357,0.29,13.0,REV_SHORT,STOP,2024-11-19 19:05:00,2024-11-19 19:10:00,2024-11-19 20:13:00,2629.815
2024-11-20 01:20:00,2024-11-20 01:25:00,2024-11-20 02:05:00,422431.0,2104491.0,2104531.0,422440.0,1.0,3.0,2630.0,2627.8380071142506,2640.0,3.21268543673345,0.07,2630.725,2627.8380071142506,1.0,1.0,-1.0,1.0,1.0,0.0,20.208950200245457,4099.389876954518,4079.180926754272,1.6439857714987323,0.29,9.0,REV_LONG,STOP,2024-11-20 06:20:00,2024-11-20 06:25:00,2024-11-20 07:05:00,2630.58
2024-11-21 04:15:00,2024-11-21 04:20:00,2024-11-21 06:16:00,422742.0,2106041.0,2106157.0,422766.0,-1.0,4.0,2670.0,2671.8895917593463,2660.0,1.0395239066756463,0.03,2666.06,2671.8895917593463,1.0,-1.0,-1.0,1.0,1.0,0.0,17.488775278039157,4079.180926754272,4061.692151476233,2.0491835186932175,0.29,24.0,REV_SHORT,STOP,2024-11-21 09:15:00,2024-11-21 09:20:00,2024-11-21 11:16:00,2666.205
2024-11-21 09:25:00,2024-11-21 09:30:00,2024-11-21 12:57:00,422804.0,2106351.0,2106558.0,422846.0,-1.0,4.0,2670.0,2672.8314266970074,2660.0,1.1985072996096064,0.03,2666.995,2672.8314266970074,1.0,-1.0,-1.0,1.0,0.0,1.0,17.509280091022447,4061.692151476233,4044.1828713852105,2.4028533940148993,0.29,42.0,REV_SHORT,STOP,2024-11-21 14:25:00,2024-11-21 14:30:00,2024-11-21 17:57:00,2667.14
2024-11-21 22:20:00,2024-11-21 22:25:00,2024-11-21 23:49:00,422947.0,2107061.0,2107145.0,422964.0,-1.0,4.0,2690.0,2691.360258596957,2680.0,5.1731859944801935,0.1,2689.52,2691.360258596957,1.0,-1.0,-1.0,1.0,1.0,0.0,18.402585969570286,4044.1828713852105,4025.7802854156403,1.6205171939139194,0.29,17.0,REV_SHORT,STOP,2024-11-22 03:20:00,2024-11-22 03:25:00,2024-11-22 04:49:00,2689.665
2024-11-25 03:30:00,2024-11-25 03:35:00,2024-11-25 04:18:00,423285.0,2108746.0,2108789.0,423294.0,-1.0,4.0,2670.0,2675.146838810793,2660.0,1.624265733559564,0.03,2669.375,2675.146838810793,1.0,1.0,1.0,1.0,1.0,1.0,17.315516432378445,4025.7802854156403,4008.464768983262,3.1136776215849626,0.29,9.0,REV_SHORT,STOP,2024-11-25 08:30:00,2024-11-25 08:35:00,2024-11-25 09:18:00,2669.52
2024-11-25 13:30:00,2024-11-25 13:35:00,2024-11-25 16:58:00,423405.0,2109346.0,2109549.0,423446.0,1.0,3.0,2620.0,2614.0908537590326,2630.0,1.418117132266069,0.03,2620.67,2625.565,4.0,-1.0,-1.0,1.0,1.0,1.0,19.737438722902425,4008.464768983262,4023.1497689832618,3.1582924819346485,0.29,41.0,REV_LONG,SESSION,2024-11-25 18:30:00,2024-11-25 18:35:00,2024-11-25 21:58:00,2620.525
2024-11-26 19:30:00,2024-11-26 19:35:00,2024-11-26 19:44:00,423741.0,2111016.0,2111025.0,423743.0,1.0,3.0,2630.0,2628.6687139116207,2640.0,5.903906740334673,0.12,2630.31,2628.6687139116207,1.0,-1.0,-1.0,1.0,0.0,1.0,19.695433060551295,4023.1497689832618,4003.4543359227105,1.052572176758805,0.29,2.0,REV_LONG,STOP,2024-11-27 00:30:00,2024-11-27 00:35:00,2024-11-27 00:44:00,2630.165
2024-11-27 04:05:00,2024-11-27 04:10:00,2024-11-27 04:59:00,423844.0,2111531.0,2111580.0,423854.0,1.0,1.0,2650.0,2647.9659509080984,2660.0,3.039560517688314,0.06,2650.945,2647.9659509080984,1.0,1.0,1.0,1.0,0.0,0.0,17.874294551410458,4003.4543359227105,3985.5800413713,2.034049091901404,0.29,10.0,BREAK_LONG,STOP,2024-11-27 09:05:00,2024-11-27 09:10:00,2024-11-27 09:59:00,2650.8
2024-11-29 14:35:00,2024-11-29 14:40:00,2024-11-29 16:58:00,424522.0,2114911.0,2115049.0,424550.0,-1.0,2.0,2650.0,2651.4210156113536,2640.0,4.779820536706639,0.05,2649.445,2650.495,4.0,1.0,1.0,-1.0,0.0,0.0,9.88007805676716,3985.5800413713,3980.3300413713014,1.4210156113536099,0.29,28.0,BREAK_SHORT,SESSION,2024-11-29 19:35:00,2024-11-29 19:40:00,2024-11-29 21:58:00,2649.59
2024-12-01 19:55:00,2024-12-01 20:00:00,2024-12-01 20:20:00,424574.0,2115166.0,2115186.0,424579.0,-1.0,2.0,2640.0,2642.506055976767,2630.0,1.8842007676504988,0.02,2638.17,2630.0,2.0,1.0,1.0,-1.0,0.0,0.0,8.672111953534113,3980.3300413713014,3996.6700413713015,2.5060559767672093,0.29,5.0,BREAK_SHORT,TARGET,2024-12-02 00:55:00,2024-12-02 01:00:00,2024-12-02 01:20:00,2638.315
2024-12-02 03:30:00,2024-12-02 03:35:00,2024-12-02 04:14:00,424665.0,2115621.0,2115660.0,424673.0,-1.0,4.0,2630.0,2634.018880912155,2620.0,1.793228442261533,0.03,2629.0,2634.018880912155,1.0,1.0,1.0,1.0,0.0,1.0,15.056642736465164,3996.6700413713015,3981.6133986348364,2.257761824310085,0.29,8.0,REV_SHORT,STOP,2024-12-02 08:30:00,2024-12-02 08:35:00,2024-12-02 09:14:00,2629.145
2024-12-02 09:25:00,2024-12-02 09:30:00,2024-12-02 11:02:00,424736.0,2115976.0,2116068.0,424755.0,-1.0,4.0,2650.0,2653.0374741791575,2640.0,1.629862245974011,0.04,2648.08,2640.0,2.0,-1.0,-1.0,1.0,1.0,0.0,19.829896716630174,3981.6133986348364,4013.933398634836,2.9049483583146496,0.29,19.0,REV_SHORT,TARGET,2024-12-02 14:25:00,2024-12-02 14:30:00,2024-12-02 16:02:00,2648.225
2024-12-03 03:20:00,2024-12-03 03:25:00,2024-12-03 07:24:00,424939.0,2116986.0,2117225.0,424987.0,1.0,3.0,2640.0,2638.476834993366,2650.0,5.268841461482776,0.05,2640.315,2638.64,3.0,-1.0,-1.0,-1.0,0.0,0.0,9.190825033169858,4013.933398634836,4005.558398634835,1.6563300132673677,0.29,48.0,REV_LONG,TIME,2024-12-03 08:20:00,2024-12-03 08:25:00,2024-12-03 12:24:00,2640.17
2024-12-03 09:05:00,2024-12-03 09:10:00,2024-12-03 09:53:00,425008.0,2117331.0,2117374.0,425017.0,1.0,1.0,2650.0,2647.66354020584,2660.0,2.1062784048075773,0.05,2651.6349999999998,2647.66354020584,1.0,1.0,1.0,1.0,0.0,1.0,19.857298970798638,4005.558398634835,3985.7010996640365,2.3364597941600245,0.29,9.0,BREAK_LONG,STOP,2024-12-03 14:05:00,2024-12-03 14:10:00,2024-12-03 14:53:00,2651.49
2024-12-03 19:50:00,2024-12-03 19:55:00,2024-12-03 20:01:00,425125.0,2117911.0,2117917.0,425127.0,1.0,3.0,2640.0,2639.272995417589,2650.0,6.761916797478542,0.07,2640.655,2639.272995417589,1.0,-1.0,-1.0,-1.0,0.0,0.0,9.674032076879485,3985.7010996640365,3976.027067587157,0.8140091648217276,0.29,2.0,REV_LONG,STOP,2024-12-04 00:50:00,2024-12-04 00:55:00,2024-12-04 01:01:00,2640.51
2024-12-04 01:10:00,2024-12-04 01:15:00,2024-12-04 01:49:00,425189.0,2118231.0,2118265.0,425196.0,-1.0,4.0,2650.0,2651.4471043169074,2640.0,3.174569233681593,0.03,2648.705,2651.4471043169074,1.0,-1.0,-1.0,-1.0,0.0,1.0,8.226312950722331,3976.027067587157,3967.8007546364347,1.3542086338148758,0.29,7.0,REV_SHORT,STOP,2024-12-04 06:10:00,2024-12-04 06:15:00,2024-12-04 06:49:00,2648.85
2024-12-04 12:00:00,2024-12-04 12:05:00,2024-12-04 16:04:00,425319.0,2118881.0,2119120.0,425367.0,1.0,3.0,2650.0,2645.820851486889,2660.0,2.1480197581934717,0.04,2650.325,2649.89,3.0,1.0,1.0,1.0,0.0,1.0,18.016594052443907,3967.8007546364347,3966.060754636435,2.498297026222509,0.29,48.0,REV_LONG,TIME,2024-12-04 17:00:00,2024-12-04 17:05:00,2024-12-04 21:04:00,2650.18
2024-12-05 10:15:00,2024-12-05 10:20:00,2024-12-05 11:06:00,425574.0,2120151.0,2120197.0,425584.0,-1.0,2.0,2640.0,2643.0162908806965,2630.0,1.708177928425823,0.02,2638.21,2643.0162908806965,1.0,1.0,1.0,-1.0,0.0,1.0,9.612581761392903,3966.060754636435,3956.448172875042,3.0162908806962885,0.29,10.0,BREAK_SHORT,STOP,2024-12-05 15:15:00,2024-12-05 15:20:00,2024-12-05 16:06:00,2638.355
2024-12-09 21:10:00,2024-12-09 21:15:00,2024-12-09 23:06:00,426245.0,2123491.0,2123602.0,426268.0,-1.0,4.0,2670.0,2672.0216079365473,2660.0,2.1415833907966824,0.05,2668.195,2672.0216079365473,1.0,-1.0,-1.0,1.0,0.0,0.0,19.13303968273567,3956.448172875042,3937.3151331923063,2.143215873094559,0.29,23.0,REV_SHORT,STOP,2024-12-10 02:10:00,2024-12-10 02:15:00,2024-12-10 04:06:00,2668.34
2024-12-10 11:15:00,2024-12-10 11:20:00,2024-12-10 12:01:00,426414.0,2124336.0,2124377.0,426423.0,-1.0,4.0,2690.0,2693.248220272279,2680.0,1.130548564086787,0.03,2687.03,2693.248220272279,1.0,-1.0,-1.0,1.0,1.0,1.0,18.654660816836437,3937.3151331923063,3918.66047237547,2.6064405445576946,0.29,9.0,REV_SHORT,STOP,2024-12-10 16:15:00,2024-12-10 16:20:00,2024-12-10 17:01:00,2687.175
2024-12-10 22:00:00,2024-12-10 22:05:00,2024-12-10 22:38:00,426531.0,2124916.0,2124949.0,426538.0,1.0,3.0,2700.0,2697.9540436475763,2710.0,3.6048002067245144,0.03,2700.57,2697.9540436475763,1.0,1.0,1.0,-1.0,0.0,1.0,7.847869057271509,3918.66047237547,3910.8126033181984,1.961912704846936,0.29,7.0,REV_LONG,STOP,2024-12-11 03:00:00,2024-12-11 03:05:00,2024-12-11 03:38:00,2700.425
2024-12-11 04:15:00,2024-12-11 04:20:00,2024-12-11 08:19:00,426606.0,2125291.0,2125530.0,426654.0,1.0,3.0,2690.0,2684.773054365509,2700.0,1.2386161920023433,0.01,2691.575,2697.19,3.0,1.0,-1.0,-1.0,0.0,1.0,6.801945634490949,3910.8126033181984,3916.4276033181986,2.7838912689822473,0.29,48.0,REV_LONG,TIME,2024-12-11 09:15:00,2024-12-11 09:20:00,2024-12-11 13:19:00,2691.43
2024-12-11 10:25:00,2024-12-11 10:30:00,2024-12-11 13:11:00,426680.0,2125661.0,2125822.0,426713.0,1.0,1.0,2710.0,2706.72186527702,2720.0,1.793553201592198,0.02,2711.475,2720.0,2.0,1.0,1.0,-1.0,0.0,1.0,9.506269445960243,3916.4276033181986,3933.477603318199,3.2781347229803512,0.29,33.0,BREAK_LONG,TARGET,2024-12-11 15:25:00,2024-12-11 15:30:00,2024-12-11 18:11:00,2711.33
2024-12-11 13:25:00,2024-12-11 13:30:00,2024-12-11 16:58:00,426716.0,2125841.0,2126049.0,426758.0,-1.0,4.0,2720.0,2722.2713613460905,2710.0,3.6812933151670206,0.07,2719.65,2718.495,4.0,-1.0,-1.0,1.0,1.0,1.0,18.34952942263317,3933.477603318199,3941.5626033182,2.0027226921814276,0.29,42.0,REV_SHORT,SESSION,2024-12-11 18:25:00,2024-12-11 18:30:00,2024-12-11 21:58:00,2719.795
2024-12-13 07:35:00,2024-12-13 07:40:00,2024-12-13 07:45:00,427198.0,2128241.0,2128246.0,427200.0,-1.0,4.0,2670.0,2672.429930888082,2660.0,3.5532035050216413,0.07,2669.7,2672.429930888082,1.0,1.0,1.0,1.0,1.0,1.0,19.10951621657387,3941.5626033182,3922.4530871016264,2.0698617761633056,0.29,2.0,REV_SHORT,STOP,2024-12-13 12:35:00,2024-12-13 12:40:00,2024-12-13 12:45:00,2669.845
2024-12-17 01:35:00,2024-12-17 01:40:00,2024-12-17 02:12:00,427678.0,2130631.0,2130663.0,427685.0,-1.0,2.0,2650.0,2651.677117149436,2640.0,4.028651182508975,0.08,2649.355,2651.677117149436,1.0,1.0,1.0,1.0,0.0,0.0,18.576937195488426,3922.4530871016264,3903.876149906138,1.6771171494359685,0.29,7.0,BREAK_SHORT,STOP,2024-12-17 06:35:00,2024-12-17 06:40:00,2024-12-17 07:12:00,2649.5
2024-12-18 09:35:00,2024-12-18 09:40:00,2024-12-18 13:39:00,428050.0,2132486.0,2132725.0,428098.0,-1.0,2.0,2640.0,2641.844550333133,2630.0,4.030493579371876,0.08,2639.4900000000002,2637.355,3.0,1.0,1.0,1.0,0.0,1.0,18.83640266506336,3903.876149906138,3920.9561499061397,1.8445503331330728,0.29,48.0,BREAK_SHORT,TIME,2024-12-18 14:35:00,2024-12-18 14:40:00,2024-12-18 18:39:00,2639.635
2024-12-18 14:50:00,2024-12-18 14:55:00,2024-12-18 14:58:00,428113.0,2132801.0,2132804.0,428114.0,1.0,3.0,2610.0,2606.0282391504443,2620.0,2.1633500942122676,0.02,2610.445,2606.0282391504443,1.0,-1.0,-1.0,-1.0,1.0,0.0,8.83352169911177,3920.9561499061397,3912.122628207028,4.403521699111707,0.29,1.0,REV_LONG,STOP,2024-12-18 19:50:00,2024-12-18 19:55:00,2024-12-18 19:58:00,2610.3
2024-12-19 10:45:00,2024-12-19 10:50:00,2024-12-19 14:01:00,428340.0,2133931.0,2134122.0,428379.0,1.0,3.0,2590.0,2585.6793379616643,2600.0,2.0595377151876493,0.02,2590.36,2600.0,2.0,-1.0,-1.0,-1.0,1.0,1.0,9.361324076671735,3912.122628207028,3931.4026282070276,2.7213240766718,0.29,39.0,REV_LONG,TARGET,2024-12-19 15:45:00,2024-12-19 15:50:00,2024-12-19 19:01:00,2590.215
2024-12-20 08:55:00,2024-12-20 09:00:00,2024-12-20 09:18:00,428594.0,2135196.0,2135214.0,428598.0,-1.0,4.0,2610.0,2615.6275517732647,2600.0,1.4736721334677254,0.03,2609.31,2615.6275517732647,1.0,1.0,-1.0,1.0,1.0,1.0,18.952655319794303,3931.4026282070276,3912.4499728872333,2.8351035465297314,0.29,4.0,REV_SHORT,STOP,2024-12-20 13:55:00,2024-12-20 14:00:00,2024-12-20 14:18:00,2609.455
2024-12-23 01:45:00,2024-12-23 01:50:00,2024-12-23 03:01:00,428784.0,2136141.0,2136212.0,428799.0,1.0,1.0,2630.0,2628.455293035932,2640.0,2.103660335501634,0.05,2632.175,2628.455293035932,1.0,1.0,1.0,1.0,0.0,1.0,18.598534820341683,3912.4499728872333,3893.8514380668917,1.5447069640679358,0.29,15.0,BREAK_LONG,STOP,2024-12-23 06:45:00,2024-12-23 06:50:00,2024-12-23 08:01:00,2632.03
2024-12-24 02:15:00,2024-12-24 02:20:00,2024-12-24 06:19:00,429066.0,2137546.0,2137785.0,429114.0,-1.0,4.0,2620.0,2622.118511383677,2610.0,3.276852901840423,0.06,2619.285,2615.13,3.0,-1.0,-1.0,1.0,0.0,1.0,17.001068302061867,3893.8514380668917,3918.78143806689,1.237022767354067,0.29,48.0,REV_SHORT,TIME,2024-12-24 07:15:00,2024-12-24 07:20:00,2024-12-24 11:19:00,2619.43
2024-12-25 18:30:00,2024-12-25 18:35:00,2024-12-25 19:23:00,429525.0,2139831.0,2139879.0,429535.0,-1.0,4.0,2620.0,2620.6061900235513,2610.0,5.771968831407467,0.12,2619.04,2620.6061900235513,1.0,-1.0,0.0,1.0,0.0,0.0,18.794280282616455,3918.78143806689,3899.9871577842737,0.6323800471031431,0.29,10.0,REV_SHORT,STOP,2024-12-25 23:30:00,2024-12-25 23:35:00,2024-12-26 00:23:00,2619.185
2024-12-26 08:15:00,2024-12-26 08:20:00,2024-12-26 10:07:00,429690.0,2140656.0,2140763.0,429712.0,-1.0,4.0,2630.0,2631.9356255344555,2620.0,3.589521011895485,0.07,2629.335,2631.9356255344555,1.0,-1.0,-1.0,1.0,1.0,0.0,18.204378741188524,3899.9871577842737,3881.782779043085,1.5212510689107592,0.29,22.0,REV_SHORT,STOP,2024-12-26 13:15:00,2024-12-26 13:20:00,2024-12-26 15:07:00,2629.48
2024-12-27 15:00:00,2024-12-27 15:05:00,2024-12-27 16:57:00,430047.0,2142436.0,2142548.0,430070.0,-1.0,4.0,2620.0,2622.1268108899653,2610.0,1.751833739355251,0.02,2617.72,2622.1268108899653,1.0,1.0,1.0,-1.0,1.0,1.0,8.813621779931054,3881.782779043085,3872.969157263154,1.283621779930459,0.29,23.0,REV_SHORT,STOP,2024-12-27 20:00:00,2024-12-27 20:05:00,2024-12-27 21:57:00,2617.865
2024-12-30 06:10:00,2024-12-30 06:15:00,2024-12-30 07:47:00,430217.0,2143281.0,2143373.0,430236.0,1.0,3.0,2610.0,2608.5803273362917,2620.0,1.3235876415606398,0.03,2613.495,2620.0,2.0,-1.0,-1.0,1.0,1.0,0.0,14.744017991124563,3872.969157263154,3892.4841572631544,1.6693453274168142,0.29,19.0,REV_LONG,TARGET,2024-12-30 11:10:00,2024-12-30 11:15:00,2024-12-30 12:47:00,2613.35
2024-12-30 20:40:00,2024-12-30 20:45:00,2024-12-31 00:44:00,430379.0,2144086.0,2144325.0,430427.0,-1.0,4.0,2610.0,2612.14758558358,2600.0,3.005685989326645,0.03,2609.1150000000002,2606.365,3.0,1.0,-1.0,-1.0,0.0,1.0,9.09775675073979,3892.4841572631544,3900.734157263156,1.065171167160336,0.29,48.0,REV_SHORT,TIME,2024-12-31 01:40:00,2024-12-31 01:45:00,2024-12-31 05:44:00,2609.26
2025-01-02 10:45:00,2025-01-02 10:50:00,2025-01-02 11:57:00,430896.0,2146662.0,2146729.0,430910.0,1.0,1.0,2650.0,2647.4250428527116,2660.0,1.206149418732134,0.01,2653.125,2660.0,2.0,1.0,1.0,-1.0,0.0,0.0,5.699957147288387,3900.734157263156,3907.609157263156,2.5749571472884845,0.29,14.0,BREAK_LONG,TARGET,2025-01-02 15:45:00,2025-01-02 15:50:00,2025-01-02 16:57:00,2652.98
2025-01-02 15:35:00,2025-01-02 15:40:00,2025-01-02 16:58:00,430954.0,2146952.0,2147030.0,430970.0,-1.0,4.0,2660.0,2661.3135906001635,2650.0,4.689250768475053,0.09,2659.325,2657.79,4.0,-1.0,-1.0,1.0,1.0,0.0,17.89731540147295,3907.609157263156,3921.4241572631545,1.47718120032739,0.29,16.0,REV_SHORT,SESSION,2025-01-02 20:35:00,2025-01-02 20:40:00,2025-01-02 21:58:00,2659.47
2025-01-03 09:45:00,2025-01-03 09:50:00,2025-01-03 11:51:00,431160.0,2147977.0,2148098.0,431185.0,-1.0,4.0,2650.0,2654.061270995655,2640.0,1.6879263198817127,0.03,2648.83,2640.0,2.0,-1.0,1.0,1.0,1.0,1.0,15.693812986964986,3921.4241572631545,3947.9141572631543,2.6525419913099744,0.29,25.0,REV_SHORT,TARGET,2025-01-03 14:45:00,2025-01-03 14:50:00,2025-01-03 16:51:00,2648.975
2025-01-06 02:45:00,2025-01-06 02:50:00,2025-01-06 03:58:00,431352.0,2148932.0,2149000.0,431366.0,-1.0,2.0,2630.0,2631.789856700533,2620.0,1.0240595274136557,0.03,2625.965,2631.789856700533,1.0,1.0,1.0,1.0,0.0,0.0,17.474570101599056,3947.9141572631543,3930.439587161555,1.7898567005331216,0.29,14.0,BREAK_SHORT,STOP,2025-01-06 07:45:00,2025-01-06 07:50:00,2025-01-06 08:58:00,2626.11
2025-01-07 00:30:00,2025-01-07 00:35:00,2025-01-07 02:52:00,431601.0,2150172.0,2150309.0,431629.0,1.0,1.0,2640.0,2638.661752937951,2650.0,1.3878806039120613,0.04,2643.41,2638.661752937951,1.0,1.0,1.0,1.0,0.0,0.0,18.992988248195616,3930.439587161555,3911.4465989133596,1.338247062049079,0.29,28.0,BREAK_LONG,STOP,2025-01-07 05:30:00,2025-01-07 05:35:00,2025-01-07 07:52:00,2643.265
2025-01-08 00:35:00,2025-01-08 00:40:00,2025-01-08 00:57:00,431878.0,2151552.0,2151569.0,431882.0,-1.0,4.0,2650.0,2650.893052153412,2640.0,4.975173081595654,0.1,2649.07,2650.893052153412,1.0,-1.0,-1.0,1.0,0.0,0.0,18.23052153411936,3911.4465989133596,3893.2160773792402,0.95610430682412,0.29,4.0,REV_SHORT,STOP,2025-01-08 05:35:00,2025-01-08 05:40:00,2025-01-08 05:57:00,2649.215
2025-01-09 00:20:00,2025-01-09 00:25:00,2025-01-09 01:33:00,432151.0,2152912.0,2152980.0,432165.0,-1.0,4.0,2660.0,2661.6670009631744,2650.0,4.146447289920009,0.08,2659.4,2661.6670009631744,1.0,-1.0,1.0,1.0,0.0,1.0,18.13600770539415,3893.2160773792402,3875.080069673846,1.1840019263494264,0.29,14.0,REV_SHORT,STOP,2025-01-09 05:20:00,2025-01-09 05:25:00,2025-01-09 06:33:00,2659.545
2025-01-09 06:40:00,2025-01-09 06:45:00,2025-01-09 06:48:00,432227.0,2153292.0,2153295.0,432228.0,-1.0,4.0,2670.0,2671.5112841838445,2660.0,3.854451550881101,0.08,2669.14,2671.5112841838445,1.0,-1.0,-1.0,1.0,1.0,0.0,18.970273470757093,3875.080069673846,3856.109796203089,1.782568367689414,0.29,1.0,REV_SHORT,STOP,2025-01-09 11:40:00,2025-01-09 11:45:00,2025-01-09 11:48:00,2669.285
2025-01-09 13:25:00,2025-01-09 13:30:00,2025-01-09 16:58:00,432308.0,2153697.0,2153905.0,432350.0,-1.0,4.0,2670.0,2673.0592550141887,2660.0,2.4418495766238286,0.05,2669.265,2670.265,4.0,-1.0,-1.0,1.0,0.0,1.0,18.971275070944106,3856.109796203089,3851.109796203089,2.0585100283765527,0.29,42.0,REV_SHORT,SESSION,2025-01-09 18:25:00,2025-01-09 18:30:00,2025-01-09 21:58:00,2669.41
2025-01-10 04:35:00,2025-01-10 04:40:00,2025-01-10 08:31:00,432478.0,2154542.0,2154773.0,432525.0,-1.0,4.0,2680.0,2683.356421842956,2670.0,2.8037075692709545,0.05,2679.845,2670.0,2.0,-1.0,-1.0,1.0,1.0,1.0,17.55710921478112,3851.109796203089,3900.334796203088,1.7428436859113539,0.29,47.0,REV_SHORT,TARGET,2025-01-10 09:35:00,2025-01-10 09:40:00,2025-01-10 13:31:00,2679.99
2025-01-13 07:40:00,2025-01-13 07:45:00,2025-01-13 10:58:00,432791.0,2156102.0,2156295.0,432830.0,1.0,3.0,2670.0,2662.959845220284,2680.0,1.0321813046238766,0.01,2671.345,2662.959845220284,1.0,-1.0,-1.0,-1.0,1.0,0.0,8.385154779715776,3900.334796203088,3891.949641423372,2.600309559432797,0.29,39.0,REV_LONG,STOP,2025-01-13 12:40:00,2025-01-13 12:45:00,2025-01-13 15:58:00,2671.2
2025-01-13 14:05:00,2025-01-13 14:10:00,2025-01-13 15:50:00,432868.0,2156487.0,2156587.0,432889.0,-1.0,2.0,2660.0,2661.7281332044,2650.0,1.882927528458217,0.04,2657.66,2661.7281332044,1.0,1.0,1.0,1.0,0.0,1.0,16.272532817600222,3891.949641423372,3875.677108605772,1.7281332043998088,0.29,21.0,BREAK_SHORT,STOP,2025-01-13 19:05:00,2025-01-13 19:10:00,2025-01-13 20:50:00,2657.805
2025-01-14 07:05:00,2025-01-14 07:10:00,2025-01-14 07:23:00,433060.0,2157442.0,2157455.0,433063.0,-1.0,4.0,2670.0,2671.4336906271774,2660.0,3.221113519742011,0.07,2668.725,2671.4336906271774,1.0,1.0,1.0,1.0,0.0,0.0,18.96083439024233,3875.677108605772,3856.7162742155297,1.547381254354727,0.29,3.0,REV_SHORT,STOP,2025-01-14 12:05:00,2025-01-14 12:10:00,2025-01-14 12:23:00,2668.87
2025-01-14 10:25:00,2025-01-14 10:30:00,2025-01-14 13:10:00,433100.0,2157642.0,2157802.0,433133.0,1.0,1.0,2670.0,2667.212620229252,2680.0,1.9046516740140185,0.04,2671.615,2667.212620229252,1.0,1.0,1.0,1.0,0.0,0.0,17.609519082991028,3856.7162742155297,3839.1067551325386,2.78737977074806,0.29,33.0,BREAK_LONG,STOP,2025-01-14 15:25:00,2025-01-14 15:30:00,2025-01-14 18:10:00,2671.47
2025-01-14 21:00:00,2025-01-14 21:05:00,2025-01-15 01:04:00,433215.0,2158212.0,2158451.0,433263.0,1.0,3.0,2670.0,2668.769123686048,2680.0,5.583640456284224,0.11,2670.475,2679.825,3.0,-1.0,-1.0,1.0,0.0,0.0,18.764639453473137,3839.1067551325386,3941.9567551325376,1.171752627904523,0.29,48.0,REV_LONG,TIME,2025-01-15 02:00:00,2025-01-15 02:05:00,2025-01-15 06:04:00,2670.33
2025-01-15 01:25:00,2025-01-15 01:30:00,2025-01-15 05:29:00,433268.0,2158477.0,2158716.0,433316.0,1.0,1.0,2680.0,2678.7440586809857,2690.0,2.489195929470393,0.06,2681.97,2685.67,3.0,1.0,1.0,1.0,0.0,0.0,19.35564791408433,3941.9567551325376,3964.1567551325393,1.2559413190140585,0.29,48.0,BREAK_LONG,TIME,2025-01-15 06:25:00,2025-01-15 06:30:00,2025-01-15 10:29:00,2681.825
2025-01-15 12:20:00,2025-01-15 12:25:00,2025-01-15 13:12:00,433399.0,2159132.0,2159179.0,433409.0,-1.0,4.0,2690.0,2694.2354746234105,2680.0,1.8525292076691535,0.01,2689.245,2694.2354746234105,1.0,-1.0,-1.0,-1.0,1.0,1.0,4.9904746234105914,3964.1567551325393,3959.1662805091287,2.4909492468218315,0.29,10.0,REV_SHORT,STOP,2025-01-15 17:20:00,2025-01-15 17:25:00,2025-01-15 18:12:00,2689.39
2025-01-16 06:35:00,2025-01-16 06:40:00,2025-01-16 08:31:00,433606.0,2160162.0,2160273.0,433629.0,-1.0,4.0,2710.0,2711.970470974284,2700.0,3.806508928587285,0.03,2709.48,2711.970470974284,1.0,-1.0,-1.0,-1.0,1.0,0.0,7.471412922852323,3959.1662805091287,3951.6948675862764,1.5009419485682338,0.29,23.0,REV_SHORT,STOP,2025-01-16 11:35:00,2025-01-16 11:40:00,2025-01-16 13:31:00,2709.625
2025-01-17 16:15:00,2025-01-17 16:20:00,2025-01-17 16:58:00,433998.0,2162117.0,2162155.0,434006.0,1.0,3.0,2700.0,2698.602174961354,2710.0,4.989949053201759,0.05,2700.505,2702.885,4.0,-1.0,-1.0,-1.0,1.0,1.0,9.514125193229575,3951.6948675862764,3963.594867586277,1.3956500772921876,0.29,8.0,REV_LONG,SESSION,2025-01-17 21:15:00,2025-01-17 21:20:00,2025-01-17 21:58:00,2700.36
2025-01-20 06:20:00,2025-01-20 06:25:00,2025-01-20 10:24:00,434155.0,2162897.0,2163136.0,434203.0,-1.0,4.0,2710.0,2713.3756645529265,2700.0,1.3629141822247148,0.01,2707.715,2709.09,3.0,-1.0,-1.0,-1.0,0.0,1.0,5.6606645529263915,3963.594867586277,3962.219867586277,1.6513291058527746,0.29,48.0,REV_SHORT,TIME,2025-01-20 11:20:00,2025-01-20 11:25:00,2025-01-20 15:24:00,2707.86
2025-01-20 13:45:00,2025-01-20 13:50:00,2025-01-20 16:58:00,434244.0,2163342.0,2163530.0,434282.0,-1.0,4.0,2710.0,2712.050685888805,2700.0,3.598294645032159,0.03,2709.43,2708.05,4.0,-1.0,-1.0,-1.0,0.0,0.0,7.862057666416149,3962.219867586277,3966.359867586276,2.051371777610339,0.29,38.0,REV_SHORT,SESSION,2025-01-20 18:45:00,2025-01-20 18:50:00,2025-01-20 21:58:00,2709.575
2025-01-21 09:30:00,2025-01-21 09:35:00,2025-01-21 09:41:00,434469.0,2164462.0,2164468.0,434471.0,-1.0,4.0,2730.0,2733.659867581064,2720.0,2.5343688482344175,0.02,2729.795,2733.659867581064,1.0,-1.0,-1.0,-1.0,1.0,1.0,7.729735162128236,3966.359867586276,3958.6301324241476,2.309735162128123,0.29,2.0,REV_SHORT,STOP,2025-01-21 14:30:00,2025-01-21 14:35:00,2025-01-21 14:41:00,2729.94
2025-01-21 23:20:00,2025-01-21 23:25:00,2025-01-22 01:21:00,434623.0,2165227.0,2165343.0,434647.0,1.0,1.0,2750.0,2748.7923494837423,2760.0,3.5603109319724466,0.08,2751.25,2748.7923494837423,1.0,1.0,1.0,1.0,0.0,0.0,19.66120413006138,3958.6301324241476,3938.9689282940863,1.2076505162577476,0.29,24.0,BREAK_LONG,STOP,2025-01-22 04:20:00,2025-01-22 04:25:00,2025-01-22 06:21:00,2751.105
2025-01-27 14:25:00,2025-01-27 14:30:00,2025-01-27 15:37:00,435632.0,2170257.0,2170324.0,435646.0,-1.0,4.0,2740.0,2741.5179062695443,2730.0,3.20683001374706,0.03,2738.78,2741.5179062695443,1.0,1.0,1.0,-1.0,1.0,0.0,8.213718808632166,3938.9689282940863,3930.755209485454,1.7758125390883608,0.29,14.0,REV_SHORT,STOP,2025-01-27 19:25:00,2025-01-27 19:30:00,2025-01-27 20:37:00,2738.925
2025-01-27 18:25:00,2025-01-27 18:30:00,2025-01-27 21:05:00,435668.0,2170432.0,2170587.0,435700.0,1.0,3.0,2740.0,2738.9994505846043,2750.0,1.4689546428067028,0.04,2743.455,2738.9994505846043,1.0,-1.0,0.0,1.0,0.0,0.0,17.822197661582322,3930.755209485454,3912.9330118238718,1.2310988307907873,0.29,32.0,REV_LONG,STOP,2025-01-27 23:25:00,2025-01-27 23:30:00,2025-01-28 02:05:00,2743.31
2025-01-28 02:00:00,2025-01-28 02:05:00,2025-01-28 02:08:00,435759.0,2170887.0,2170890.0,435760.0,-1.0,2.0,2740.0,2740.921821080644,2730.0,5.73429468330059,0.12,2739.3,2740.921821080644,1.0,1.0,1.0,1.0,0.0,0.0,19.461852967724553,3912.9330118238718,3893.471158856147,0.9218210806438404,0.29,1.0,BREAK_SHORT,STOP,2025-01-28 07:00:00,2025-01-28 07:05:00,2025-01-28 07:08:00,2739.445
2025-01-30 03:20:00,2025-01-30 03:25:00,2025-01-30 07:24:00,436327.0,2173717.0,2173956.0,436375.0,1.0,1.0,2770.0,2768.55235737003,2780.0,1.9791067586370408,0.05,2772.395,2777.875,3.0,1.0,1.0,1.0,0.0,0.0,19.213213149848798,3893.471158856147,3920.8711588561473,1.4476426299697454,0.29,48.0,BREAK_LONG,TIME,2025-01-30 08:20:00,2025-01-30 08:25:00,2025-01-30 12:24:00,2772.25
2025-01-31 02:30:00,2025-01-31 02:35:00,2025-01-31 06:34:00,436593.0,2175042.0,2175281.0,436641.0,-1.0,4.0,2800.0,2801.7544567013383,2790.0,4.998834622530992,0.1,2799.795,2796.915,3.0,-1.0,-1.0,1.0,0.0,0.0,19.594567013382402,3920.8711588561473,3949.6711588561484,1.4789134026771633,0.29,48.0,REV_SHORT,TIME,2025-01-31 07:30:00,2025-01-31 07:35:00,2025-01-31 11:34:00,2799.94
2025-01-31 16:10:00,2025-01-31 16:15:00,2025-01-31 16:57:00,436757.0,2175862.0,2175904.0,436766.0,1.0,1.0,2800.0,2797.771375668317,2810.0,2.7298034463756125,0.03,2801.05,2797.771375668317,1.0,1.0,1.0,-1.0,0.0,1.0,9.835872995049613,3949.6711588561484,3939.835285861099,2.2286243316831076,0.29,9.0,BREAK_LONG,STOP,2025-01-31 21:10:00,2025-01-31 21:15:00,2025-01-31 21:57:00,2800.905
2025-02-02 21:20:00,2025-02-02 21:25:00,2025-02-02 23:11:00,436807.0,2176107.0,2176213.0,436829.0,-1.0,2.0,2780.0,2783.1163644712537,2770.0,2.2335271064040976,0.04,2779.06,2783.1163644712537,1.0,1.0,1.0,1.0,0.0,1.0,16.225457885015203,3939.835285861099,3923.6098279760836,3.1163644712539047,0.29,22.0,BREAK_SHORT,STOP,2025-02-03 02:20:00,2025-02-03 02:25:00,2025-02-03 04:11:00,2779.205
2025-02-04 02:40:00,2025-02-04 02:45:00,2025-02-04 04:47:00,437147.0,2177802.0,2177924.0,437172.0,1.0,3.0,2810.0,2806.2029147757294,2820.0,1.3083300148116244,0.01,2812.18,2820.0,2.0,1.0,-1.0,-1.0,0.0,1.0,5.977085224270468,3923.6098279760836,3931.4298279760837,1.9541704485405171,0.29,25.0,REV_LONG,TARGET,2025-02-04 07:40:00,2025-02-04 07:45:00,2025-02-04 09:47:00,2812.035
2025-02-04 21:25:00,2025-02-04 21:30:00,2025-02-05 00:49:00,437360.0,2178862.0,2179061.0,437400.0,1.0,1.0,2850.0,2847.7464878246874,2860.0,2.3220744823145996,0.05,2851.435,2860.0,2.0,1.0,1.0,1.0,0.0,0.0,18.442560876562766,3931.4298279760837,3974.254827976084,2.2535121753128045,0.29,40.0,BREAK_LONG,TARGET,2025-02-05 02:25:00,2025-02-05 02:30:00,2025-02-05 05:49:00,2851.29
2025-02-05 01:40:00,2025-02-05 01:45:00,2025-02-05 02:01:00,437411.0,2179117.0,2179133.0,437415.0,1.0,1.0,2860.0,2858.5153466675943,2870.0,3.6222356988875193,0.07,2861.0,2858.5153466675943,1.0,1.0,1.0,1.0,0.0,1.0,17.392573326840193,3974.254827976084,3956.862254649244,1.484653332405752,0.29,4.0,BREAK_LONG,STOP,2025-02-05 06:40:00,2025-02-05 06:45:00,2025-02-05 07:01:00,2860.855
2025-02-05 08:55:00,2025-02-05 09:00:00,2025-02-05 09:36:00,437498.0,2179552.0,2179588.0,437506.0,1.0,3.0,2860.0,2857.323829146679,2870.0,1.6792883297426722,0.04,2862.055,2870.0,2.0,1.0,1.0,1.0,0.0,0.0,18.924683413282764,3956.862254649244,3988.6422546492445,2.632341706641165,0.29,8.0,REV_LONG,TARGET,2025-02-05 13:55:00,2025-02-05 14:00:00,2025-02-05 14:36:00,2861.91
2025-02-06 02:00:00,2025-02-06 02:05:00,2025-02-06 02:47:00,437691.0,2180512.0,2180554.0,437700.0,1.0,3.0,2860.0,2857.285661450947,2870.0,2.1910788685551768,0.05,2861.27,2857.285661450947,1.0,1.0,-1.0,1.0,1.0,0.0,19.921692745265318,3988.6422546492445,3968.720561903979,2.0686770981060856,0.29,9.0,REV_LONG,STOP,2025-02-06 07:00:00,2025-02-06 07:05:00,2025-02-06 07:47:00,2861.125
2025-02-09 21:10:00,2025-02-09 21:15:00,2025-02-10 01:03:00,438185.0,2182972.0,2183200.0,438231.0,1.0,1.0,2870.0,2867.7182444280807,2880.0,1.465346883164702,0.01,2872.7,2880.0,2.0,1.0,1.0,-1.0,0.0,0.0,4.981755571919166,3968.720561903979,3976.0205619039793,2.2817555719194997,0.29,46.0,BREAK_LONG,TARGET,2025-02-10 02:10:00,2025-02-10 02:15:00,2025-02-10 06:03:00,2872.555
2025-02-10 06:30:00,2025-02-10 06:35:00,2025-02-10 08:21:00,438297.0,2183532.0,2183638.0,438319.0,1.0,3.0,2900.0,2897.422385857575,2910.0,1.7627235142150304,0.02,2901.975,2910.0,2.0,1.0,1.0,-1.0,1.0,1.0,9.105228284849545,3976.0205619039793,3992.0705619039795,2.015228284849683,0.29,22.0,REV_LONG,TARGET,2025-02-10 11:30:00,2025-02-10 11:35:00,2025-02-10 13:21:00,2901.83
2025-02-10 20:25:00,2025-02-10 20:30:00,2025-02-10 20:53:00,438452.0,2184302.0,2184325.0,438457.0,-1.0,4.0,2930.0,2933.1474846342257,2920.0,2.3951031123599695,0.05,2929.275,2933.1474846342257,1.0,-1.0,-1.0,1.0,1.0,0.0,19.362423171128285,3992.0705619039795,3972.7081387328512,2.6849692684520208,0.29,5.0,REV_SHORT,STOP,2025-02-11 01:25:00,2025-02-11 01:30:00,2025-02-11 01:53:00,2929.42
2025-02-11 08:20:00,2025-02-11 08:25:00,2025-02-11 08:38:00,438595.0,2185017.0,2185030.0,438598.0,-1.0,2.0,2890.0,2893.5305056757256,2880.0,1.2872948514357385,0.03,2887.6150000000002,2893.5305056757256,1.0,1.0,1.0,1.0,0.0,0.0,17.746517027176196,3972.7081387328512,3954.961621705675,3.53050567572558,0.29,3.0,BREAK_SHORT,STOP,2025-02-11 13:20:00,2025-02-11 13:25:00,2025-02-11 13:38:00,2887.76
2025-02-11 22:20:00,2025-02-11 22:25:00,2025-02-11 23:33:00,438751.0,2185792.0,2185860.0,438765.0,1.0,3.0,2890.0,2886.0722903708806,2900.0,1.8064728082007904,0.03,2891.035,2886.0722903708806,1.0,-1.0,-1.0,1.0,0.0,1.0,14.888128887357652,3954.961621705675,3940.0734928183174,2.6454192582389937,0.29,14.0,REV_LONG,STOP,2025-02-12 03:20:00,2025-02-12 03:25:00,2025-02-12 04:33:00,2890.89
2025-02-12 03:25:00,2025-02-12 03:30:00,2025-02-12 04:59:00,438812.0,2186097.0,2186186.0,438830.0,1.0,3.0,2890.0,2886.8501113886105,2900.0,1.7684625234912297,0.04,2891.6,2886.8501113886105,1.0,-1.0,-1.0,1.0,0.0,1.0,18.999554445557806,3940.0734928183174,3921.0739383727596,2.339777222779097,0.29,18.0,REV_LONG,STOP,2025-02-12 08:25:00,2025-02-12 08:30:00,2025-02-12 09:59:00,2891.455
2025-02-13 02:35:00,2025-02-13 02:40:00,2025-02-13 03:41:00,439078.0,2187422.0,2187483.0,439091.0,-1.0,4.0,2920.0,2922.102342210321,2910.0,1.1875621120732094,0.01,2916.57,2910.0,2.0,-1.0,-1.0,-1.0,0.0,0.0,5.532342210320621,3921.0739383727596,3927.6439383727597,2.294684420641385,0.29,13.0,REV_SHORT,TARGET,2025-02-13 07:35:00,2025-02-13 07:40:00,2025-02-13 08:41:00,2916.715
2025-02-14 01:05:00,2025-02-14 01:10:00,2025-02-14 05:09:00,439336.0,2188707.0,2188946.0,439384.0,1.0,1.0,2930.0,2928.510229490288,2940.0,2.8048489025105683,0.06,2931.53,2935.12,3.0,1.0,1.0,1.0,0.0,0.0,18.118623058272533,3927.6439383727597,3949.183938372758,1.4897705097119667,0.29,48.0,BREAK_LONG,TIME,2025-02-14 06:05:00,2025-02-14 06:10:00,2025-02-14 10:09:00,2931.385
2025-02-14 07:50:00,2025-02-14 07:55:00,2025-02-14 08:06:00,439417.0,2189112.0,2189123.0,439420.0,1.0,3.0,2930.0,2926.8678917994976,2940.0,1.9233730832737264,0.04,2931.36,2926.8678917994976,1.0,1.0,-1.0,1.0,0.0,1.0,17.968432802010284,3949.183938372758,3931.2155055707476,1.914216401004135,0.29,3.0,REV_LONG,STOP,2025-02-14 12:50:00,2025-02-14 12:55:00,2025-02-14 13:06:00,2931.215
2025-02-14 15:45:00,2025-02-14 15:50:00,2025-02-14 16:58:00,439512.0,2189587.0,2189655.0,439526.0,1.0,3.0,2880.0,2876.028513256705,2890.0,1.7413956804020245,0.03,2881.125,2882.67,4.0,-1.0,-1.0,1.0,1.0,1.0,15.289460229884751,3931.2155055707476,3935.850505570748,1.9829734865895692,0.29,14.0,REV_LONG,SESSION,2025-02-14 20:45:00,2025-02-14 20:50:00,2025-02-14 21:58:00,2880.98
2025-02-17 21:55:00,2025-02-17 22:00:00,2025-02-17 22:33:00,439850.0,2191267.0,2191300.0,439857.0,1.0,1.0,2900.0,2898.207288039721,2910.0,1.2601308868816552,0.03,2903.425,2910.0,2.0,1.0,1.0,1.0,0.0,0.0,15.653135880837906,3935.850505570748,3955.5755055707473,1.792711960278969,0.29,7.0,BREAK_LONG,TARGET,2025-02-18 02:55:00,2025-02-18 03:00:00,2025-02-18 03:33:00,2903.28
2025-02-18 20:00:00,2025-02-18 20:05:00,2025-02-18 21:50:00,440103.0,2192527.0,2192632.0,440125.0,1.0,3.0,2930.0,2927.629278679826,2940.0,2.7422154265328236,0.02,2930.935,2927.629278679826,1.0,1.0,-1.0,-1.0,0.0,1.0,6.611442640348287,3955.5755055707473,3948.964062930399,1.1214426403482083,0.29,22.0,REV_LONG,STOP,2025-02-19 01:00:00,2025-02-19 01:05:00,2025-02-19 02:50:00,2930.79
2025-02-19 08:15:00,2025-02-19 08:20:00,2025-02-19 10:59:00,440250.0,2193262.0,2193421.0,440282.0,-1.0,4.0,2940.0,2942.794920796896,2930.0,1.51377601095457,0.03,2937.705,2930.0,2.0,-1.0,-1.0,1.0,0.0,0.0,15.269762390687902,3948.964062930399,3972.079062930399,2.409841593791776,0.29,32.0,REV_SHORT,TARGET,2025-02-19 13:15:00,2025-02-19 13:20:00,2025-02-19 15:59:00,2937.85
2025-02-19 13:25:00,2025-02-19 13:30:00,2025-02-19 14:19:00,440312.0,2193572.0,2193621.0,440322.0,1.0,3.0,2920.0,2917.433198540565,2930.0,2.912695606547914,0.03,2920.645,2930.0,2.0,-1.0,-1.0,-1.0,1.0,1.0,9.635404378304429,3972.079062930399,4000.144062930399,2.4036029188702206,0.29,10.0,REV_LONG,TARGET,2025-02-19 18:25:00,2025-02-19 18:30:00,2025-02-19 19:19:00,2920.5
2025-02-19 14:30:00,2025-02-19 14:35:00,2025-02-19 14:55:00,440325.0,2193637.0,2193657.0,440330.0,-1.0,4.0,2930.0,2931.8814823360635,2920.0,2.758199816753289,0.06,2928.72,2931.8814823360635,1.0,-1.0,1.0,1.0,0.0,0.0,18.968894016382364,4000.144062930399,3981.1751689140165,2.342964672126658,0.29,5.0,REV_SHORT,STOP,2025-02-19 19:30:00,2025-02-19 19:35:00,2025-02-19 19:55:00,2928.865
2025-02-20 21:00:00,2025-02-20 21:05:00,2025-02-20 21:20:00,440667.0,2195337.0,2195352.0,440671.0,1.0,3.0,2930.0,2924.968963365488,2940.0,1.7175803791865676,0.03,2930.5,2940.0,2.0,-1.0,-1.0,1.0,1.0,1.0,16.59310990353606,3981.1751689140165,4009.6751689140165,3.012073269023771,0.29,4.0,REV_LONG,TARGET,2025-02-21 02:00:00,2025-02-21 02:05:00,2025-02-21 02:20:00,2930.355
2025-02-21 03:20:00,2025-02-21 03:25:00,2025-02-21 05:02:00,440743.0,2195717.0,2195814.0,440763.0,1.0,3.0,2920.0,2915.6519855131323,2930.0,1.6120474506611884,0.03,2921.145,2930.0,2.0,-1.0,-1.0,1.0,1.0,0.0,16.479043460602952,4009.6751689140165,4036.2401689140165,2.3260289737352653,0.29,20.0,REV_LONG,TARGET,2025-02-21 08:20:00,2025-02-21 08:25:00,2025-02-21 10:02:00,2921.0
2025-02-21 12:55:00,2025-02-21 13:00:00,2025-02-21 13:22:00,440858.0,2196292.0,2196314.0,440863.0,1.0,1.0,2940.0,2937.9057254231025,2950.0,4.3889460324484775,0.08,2940.15,2937.9057254231025,1.0,1.0,1.0,1.0,0.0,1.0,17.95419661518099,4036.2401689140165,4018.2859722988355,2.0942745768973903,0.29,5.0,BREAK_LONG,STOP,2025-02-21 17:55:00,2025-02-21 18:00:00,2025-02-21 18:22:00,2940.005
2025-02-23 22:10:00,2025-02-23 22:15:00,2025-02-24 00:42:00,440957.0,2196782.0,2196929.0,440987.0,1.0,1.0,2940.0,2937.608226137527,2950.0,1.6160788380983822,0.04,2942.345,2937.608226137527,1.0,1.0,1.0,1.0,0.0,0.0,18.947095449892004,4018.2859722988355,3999.3388768489435,2.391773862473309,0.29,30.0,BREAK_LONG,STOP,2025-02-24 03:10:00,2025-02-24 03:15:00,2025-02-24 05:42:00,2942.2
2025-02-24 08:15:00,2025-02-24 08:20:00,2025-02-24 08:40:00,441078.0,2197387.0,2197407.0,441083.0,-1.0,4.0,2950.0,2951.9866048284366,2940.0,3.0610466255352144,0.06,2949.035,2951.9866048284366,1.0,-1.0,-1.0,1.0,1.0,0.0,17.709628970620543,3999.3388768489435,3981.629247878323,2.0032096568730076,0.29,5.0,REV_SHORT,STOP,2025-02-24 13:15:00,2025-02-24 13:20:00,2025-02-24 13:40:00,2949.18
2025-02-24 23:05:00,2025-02-24 23:10:00,2025-02-25 03:01:00,441244.0,2198212.0,2198443.0,441291.0,-1.0,2.0,2940.0,2941.9784569149497,2930.0,1.1785124627205177,0.03,2936.48,2930.0,2.0,1.0,1.0,1.0,0.0,1.0,16.49537074484897,3981.629247878323,4001.069247878323,1.9784569149495077,0.29,47.0,BREAK_SHORT,TARGET,2025-02-25 04:05:00,2025-02-25 04:10:00,2025-02-25 08:01:00,2936.625
2025-02-25 13:10:00,2025-02-25 13:15:00,2025-02-25 16:04:00,441413.0,2199057.0,2199226.0,441447.0,-1.0,4.0,2910.0,2914.2843403645256,2900.0,1.0481277967421152,0.01,2907.31,2914.2843403645256,1.0,1.0,1.0,-1.0,1.0,1.0,6.974340364525687,4001.069247878323,3994.0949075137974,3.9086807290515218,0.29,34.0,REV_SHORT,STOP,2025-02-25 18:10:00,2025-02-25 18:15:00,2025-02-25 21:04:00,2907.455
2025-02-25 21:10:00,2025-02-25 21:15:00,2025-02-25 21:57:00,441497.0,2199472.0,2199514.0,441506.0,-1.0,2.0,2920.0,2922.6361679144943,2910.0,1.5090839163894039,0.01,2917.6,2922.6361679144943,1.0,1.0,1.0,-1.0,0.0,1.0,5.036167914494399,3994.0949075137974,3989.058739599303,2.636167914494194,0.29,9.0,BREAK_SHORT,STOP,2025-02-26 02:10:00,2025-02-26 02:15:00,2025-02-26 02:57:00,2917.745
2025-02-26 10:30:00,2025-02-26 10:35:00,2025-02-26 10:57:00,441657.0,2200272.0,2200294.0,441662.0,-1.0,4.0,2910.0,2914.0918244137874,2900.0,1.8925148398013778,0.04,2909.22,2914.0918244137874,1.0,1.0,1.0,1.0,0.0,1.0,19.48729765515054,3989.058739599303,3969.5714419441524,3.723648827574582,0.29,5.0,REV_SHORT,STOP,2025-02-26 15:30:00,2025-02-26 15:35:00,2025-02-26 15:57:00,2909.365
2025-02-27 10:00:00,2025-02-27 10:05:00,2025-02-27 13:03:00,441927.0,2201617.0,2201795.0,441963.0,-1.0,2.0,2880.0,2885.0496963536502,2870.0,1.8695076585654649,0.03,2879.805,2885.0496963536502,1.0,1.0,1.0,1.0,0.0,1.0,15.734089060951192,3969.5714419441524,3953.837352883201,5.049696353650291,0.29,36.0,BREAK_SHORT,STOP,2025-02-27 15:00:00,2025-02-27 15:05:00,2025-02-27 18:03:00,2879.95
2025-02-28 09:15:00,2025-02-28 09:20:00,2025-02-28 09:43:00,442194.0,2202947.0,2202970.0,442199.0,-1.0,2.0,2850.0,2853.5754077407087,2840.0,2.3147878307129393,0.04,2849.48,2840.0,2.0,1.0,1.0,1.0,0.0,1.0,16.381630962834606,3953.837352883201,3991.7573528832013,3.575407740708549,0.29,5.0,BREAK_SHORT,TARGET,2025-02-28 14:15:00,2025-02-28 14:20:00,2025-02-28 14:43:00,2849.625
2025-02-28 11:15:00,2025-02-28 11:20:00,2025-02-28 13:29:00,442218.0,2203067.0,2203196.0,442244.0,-1.0,4.0,2850.0,2855.936164809378,2840.0,1.5554431764555485,0.03,2849.7,2840.0,2.0,1.0,1.0,1.0,1.0,1.0,18.708494428135054,3991.7573528832013,4020.8573528832007,3.772329618756028,0.29,26.0,REV_SHORT,TARGET,2025-02-28 16:15:00,2025-02-28 16:20:00,2025-02-28 18:29:00,2849.845
2025-02-28 14:55:00,2025-02-28 15:00:00,2025-02-28 15:09:00,442262.0,2203287.0,2203296.0,442264.0,-1.0,4.0,2850.0,2852.095875677589,2840.0,3.2577983165581412,0.07,2849.255,2852.095875677589,1.0,1.0,1.0,1.0,1.0,0.0,19.886129743122186,4020.8573528832007,4000.9712231400786,2.2617513551773896,0.29,2.0,REV_SHORT,STOP,2025-02-28 19:55:00,2025-02-28 20:00:00,2025-02-28 20:09:00,2849.4
2025-03-03 16:10:00,2025-03-03 16:15:00,2025-03-03 16:58:00,442553.0,2204737.0,2204780.0,442562.0,1.0,1.0,2890.0,2887.491447823441,2900.0,1.8245240606553694,0.04,2891.92,2893.31,4.0,1.0,1.0,1.0,0.0,0.0,17.714208706236604,4000.9712231400786,4006.531223140078,2.508552176559016,0.29,9.0,BREAK_LONG,SESSION,2025-03-03 21:10:00,2025-03-03 21:15:00,2025-03-03 21:58:00,2891.775
2025-03-04 02:30:00,2025-03-04 02:35:00,2025-03-04 03:11:00,442665.0,2205292.0,2205328.0,442673.0,-1.0,4.0,2900.0,2902.8374425203297,2890.0,1.305806027355168,0.01,2897.27,2902.8374425203297,1.0,-1.0,-1.0,-1.0,1.0,0.0,5.567442520329678,4006.531223140078,4000.9637806197484,2.374885040659234,0.29,8.0,REV_SHORT,STOP,2025-03-04 07:30:00,2025-03-04 07:35:00,2025-03-04 08:11:00,2897.415
2025-03-04 15:25:00,2025-03-04 15:30:00,2025-03-04 16:58:00,442820.0,2206067.0,2206155.0,442838.0,-1.0,4.0,2920.0,2921.4484635279055,2910.0,3.3722066035660325,0.03,2918.83,2917.815,4.0,-1.0,-1.0,-1.0,1.0,0.0,7.8553905837165985,4000.9637806197484,4004.008780619748,1.6769270558104594,0.29,18.0,REV_SHORT,SESSION,2025-03-04 20:25:00,2025-03-04 20:30:00,2025-03-04 21:58:00,2918.975
2025-03-05 03:25:00,2025-03-05 03:30:00,2025-03-05 05:58:00,442952.0,2206722.0,2206870.0,442982.0,-1.0,4.0,2920.0,2923.0932712512003,2910.0,2.716225722541267,0.02,2919.57,2910.0,2.0,-1.0,-1.0,-1.0,0.0,1.0,7.046542502400372,4004.008780619748,4023.1487806197483,2.1665425024002523,0.29,30.0,REV_SHORT,TARGET,2025-03-05 08:25:00,2025-03-05 08:30:00,2025-03-05 10:58:00,2919.715
2025-03-05 19:15:00,2025-03-05 19:20:00,2025-03-05 20:36:00,443130.0,2207607.0,2207683.0,443146.0,-1.0,4.0,2920.0,2920.935568062154,2910.0,5.940714479325917,0.06,2919.36,2920.935568062154,1.0,-1.0,-1.0,-1.0,0.0,0.0,9.45340837292224,4023.1487806197483,4013.695372246826,1.0611361243073583,0.29,16.0,REV_SHORT,STOP,2025-03-06 00:15:00,2025-03-06 00:20:00,2025-03-06 01:36:00,2919.505
2025-03-06 13:25:00,2025-03-06 13:30:00,2025-03-06 15:58:00,443348.0,2208697.0,2208845.0,443378.0,-1.0,4.0,2920.0,2921.886157223568,2910.0,3.9605080612660113,0.04,2919.4900000000002,2910.0,2.0,-1.0,-1.0,-1.0,0.0,0.0,9.584628894270281,4013.695372246826,4051.655372246827,2.222314447135143,0.29,30.0,REV_SHORT,TARGET,2025-03-06 18:25:00,2025-03-06 18:30:00,2025-03-06 20:58:00,2919.635
2025-03-07 00:35:00,2025-03-07 00:40:00,2025-03-07 01:02:00,443470.0,2209302.0,2209324.0,443475.0,1.0,1.0,2910.0,2908.462283460804,2920.0,4.397215359308414,0.09,2910.6,2908.462283460804,1.0,1.0,1.0,1.0,0.0,0.0,19.239448852763417,4051.655372246827,4032.4159233940636,1.537716539196153,0.29,5.0,BREAK_LONG,STOP,2025-03-07 05:35:00,2025-03-07 05:40:00,2025-03-07 06:02:00,2910.455
2025-03-10 06:40:00,2025-03-10 06:45:00,2025-03-10 07:40:00,443819.0,2211042.0,2211097.0,443831.0,1.0,3.0,2900.0,2896.8183226520623,2910.0,2.281736670909219,0.05,2900.835,2896.8183226520623,1.0,-1.0,-1.0,1.0,1.0,0.0,20.08338673968865,4032.4159233940636,4012.332536654375,3.1533546958751075,0.29,12.0,REV_LONG,STOP,2025-03-10 10:40:00,2025-03-10 10:45:00,2025-03-10 11:40:00,2900.69
2025-03-10 15:35:00,2025-03-10 15:40:00,2025-03-10 16:58:00,443926.0,2211577.0,2211655.0,443942.0,-1.0,4.0,2890.0,2892.5715442030755,2880.0,1.0141721013336271,0.03,2886.33,2889.295,4.0,1.0,1.0,1.0,1.0,0.0,18.724632609226774,4012.332536654375,4003.4375366543745,3.1130884061516704,0.29,16.0,REV_SHORT,SESSION,2025-03-10 19:35:00,2025-03-10 19:40:00,2025-03-10 20:58:00,2886.475
2025-03-11 09:20:00,2025-03-11 09:25:00,2025-03-11 09:39:00,444127.0,2212577.0,2212591.0,444130.0,1.0,3.0,2910.0,2905.7033635759312,2920.0,1.5499489074580861,0.03,2911.31,2920.0,2.0,1.0,1.0,1.0,1.0,1.0,16.819909272206132,4003.4375366543745,4029.5075366543747,2.353272848137352,0.29,3.0,REV_LONG,TARGET,2025-03-11 13:20:00,2025-03-11 13:25:00,2025-03-11 13:39:00,2911.165
2025-03-14 00:15:00,2025-03-14 00:20:00,2025-03-14 00:40:00,444846.0,2216157.0,2216177.0,444851.0,1.0,1.0,2990.0,2988.3029025041374,3000.0,1.4537147616582422,0.02,2993.07,2988.3029025041374,1.0,1.0,1.0,-1.0,0.0,0.0,9.534194991725599,4029.5075366543747,4019.973341662649,1.6970974958627472,0.29,5.0,BREAK_LONG,STOP,2025-03-14 04:15:00,2025-03-14 04:20:00,2025-03-14 04:40:00,2992.925
2025-03-14 09:45:00,2025-03-14 09:50:00,2025-03-14 09:58:00,444960.0,2216727.0,2216735.0,444962.0,1.0,3.0,2990.0,2985.134314874914,3000.0,1.7992028853046333,0.03,2990.445,2985.134314874914,1.0,1.0,1.0,1.0,0.0,1.0,15.932055375259097,4019.973341662649,4004.04128628739,3.3713702501728378,0.29,2.0,REV_LONG,STOP,2025-03-14 13:45:00,2025-03-14 13:50:00,2025-03-14 13:58:00,2990.3
2025-03-17 05:25:00,2025-03-17 05:30:00,2025-03-17 07:13:00,445184.0,2217842.0,2217945.0,445205.0,1.0,1.0,2990.0,2988.517484593531,3000.0,1.4366000778919141,0.04,2993.23,3000.0,2.0,1.0,1.0,1.0,0.0,0.0,18.85006162587524,4004.04128628739,4031.12128628739,1.4825154064686732,0.29,21.0,BREAK_LONG,TARGET,2025-03-17 09:25:00,2025-03-17 09:30:00,2025-03-17 11:13:00,2993.085
2025-03-17 20:05:00,2025-03-17 20:10:00,2025-03-17 22:48:00,445348.0,2218657.0,2218815.0,445380.0,1.0,3.0,3000.0,2999.1967052271966,3010.0,2.8129794599921945,0.07,3002.03,3010.0,2.0,1.0,1.0,1.0,0.0,0.0,19.833063409625083,4031.12128628739,4086.9112862873885,0.8965895456066971,0.29,32.0,REV_LONG,TARGET,2025-03-18 00:05:00,2025-03-18 00:10:00,2025-03-18 02:48:00,3001.885
2025-03-18 11:40:00,2025-03-18 11:45:00,2025-03-18 15:44:00,445535.0,2219592.0,2219831.0,445583.0,1.0,1.0,3030.0,3027.1611269919445,3040.0,1.8255351734730434,0.02,3031.705,3037.295,3.0,1.0,1.0,-1.0,0.0,0.0,9.087746016110941,4086.9112862873885,4098.091286287388,2.838873008055407,0.29,48.0,BREAK_LONG,TIME,2025-03-18 15:40:00,2025-03-18 15:45:00,2025-03-18 19:44:00,3031.56
2025-03-21 14:45:00,2025-03-21 14:50:00,2025-03-21 16:25:00,446400.0,2223902.0,2223997.0,446420.0,-1.0,4.0,3020.0,3022.6585681006013,3010.0,3.4051742145772352,0.07,3019.785,3022.6585681006013,1.0,1.0,1.0,1.0,1.0,1.0,20.11497670421022,4098.091286287388,4077.976309583178,1.8571362012021868,0.29,20.0,REV_SHORT,STOP,2025-03-21 18:45:00,2025-03-21 18:50:00,2025-03-21 20:25:00,3019.93
2025-03-23 21:00:00,2025-03-23 21:05:00,2025-03-23 22:46:00,446463.0,2224212.0,2224313.0,446484.0,1.0,3.0,3020.0,3016.3378131680606,3030.0,2.2628557980086854,0.02,3020.525,3016.3378131680606,1.0,-1.0,-1.0,-1.0,0.0,1.0,8.374373663878941,4077.976309583178,4069.601935919299,1.4243736638794418,0.29,21.0,REV_LONG,STOP,2025-03-24 01:00:00,2025-03-24 01:05:00,2025-03-24 02:46:00,3020.38
2025-03-24 05:05:00,2025-03-24 05:10:00,2025-03-24 06:28:00,446560.0,2224697.0,2224775.0,446576.0,-1.0,4.0,3030.0,3031.7923630731884,3020.0,4.330211490193134,0.09,3029.58,3031.7923630731884,1.0,-1.0,-1.0,1.0,1.0,0.0,19.911267658696488,4069.601935919299,4049.6906682606027,1.9047261463765268,0.29,16.0,REV_SHORT,STOP,2025-03-24 09:05:00,2025-03-24 09:10:00,2025-03-24 10:28:00,3029.725
2025-03-24 18:45:00,2025-03-24 18:50:00,2025-03-24 22:49:00,446712.0,2225452.0,2225691.0,446760.0,1.0,3.0,3010.0,3008.4610573554023,3020.0,4.982004014953488,0.05,3010.39,3008.62,3.0,-1.0,0.0,-1.0,0.0,0.0,9.644713222987775,4049.6906682606027,4040.840668260603,1.1278852891957878,0.29,48.0,REV_LONG,TIME,2025-03-24 22:45:00,2025-03-24 22:50:00,2025-03-25 02:49:00,3010.245
2025-03-25 04:40:00,2025-03-25 04:45:00,2025-03-25 04:51:00,446831.0,2226047.0,2226053.0,446833.0,-1.0,4.0,3020.0,3021.5842809851415,3010.0,3.2916173043522856,0.07,3018.885,3021.5842809851415,1.0,1.0,-1.0,1.0,0.0,0.0,18.894966895989,4040.840668260603,4021.945701364614,1.9585619702825496,0.29,2.0,REV_SHORT,STOP,2025-03-25 08:40:00,2025-03-25 08:45:00,2025-03-25 08:51:00,3019.03
2025-03-25 14:35:00,2025-03-25 14:40:00,2025-03-25 16:58:00,446950.0,2226642.0,2226780.0,446978.0,-1.0,2.0,3020.0,3021.5917136717644,3010.0,2.319777840176282,0.02,3018.1,3020.61,4.0,1.0,1.0,-1.0,0.0,0.0,6.9834273435290015,4021.945701364614,4016.9257013646134,1.5917136717645266,0.29,28.0,BREAK_SHORT,SESSION,2025-03-25 18:35:00,2025-03-25 18:40:00,2025-03-25 20:58:00,3018.245
2025-03-25 20:50:00,2025-03-25 20:55:00,2025-03-25 21:36:00,447013.0,2226952.0,2226993.0,447022.0,-1.0,2.0,3020.0,3020.902635356687,3010.0,2.667666581493379,0.06,3017.93,3020.902635356687,1.0,1.0,1.0,1.0,0.0,0.0,17.83581214012247,4016.9257013646134,3999.089889224491,0.9026353566869187,0.29,9.0,BREAK_SHORT,STOP,2025-03-26 00:50:00,2025-03-26 00:55:00,2025-03-26 01:36:00,3018.075
2025-03-26 02:00:00,2025-03-26 02:05:00,2025-03-26 03:52:00,447075.0,2227262.0,2227369.0,447097.0,1.0,1.0,3020.0,3018.4197888958392,3030.0,1.0977841038420142,0.01,3023.94,3030.0,2.0,1.0,1.0,-1.0,0.0,1.0,5.520211104160808,3999.089889224491,4005.149889224491,1.5802111041608582,0.29,22.0,BREAK_LONG,TARGET,2025-03-26 06:00:00,2025-03-26 06:05:00,2025-03-26 07:52:00,3023.795
2025-03-27 02:00:00,2025-03-27 02:05:00,2025-03-27 02:47:00,447351.0,2228637.0,2228679.0,447360.0,1.0,3.0,3030.0,3026.9527257092363,3040.0,1.7311126589463492,0.02,3031.73,3026.9527257092363,1.0,1.0,1.0,-1.0,0.0,0.0,9.554548581527342,4005.149889224491,3995.5953406429635,2.034548581527108,0.29,9.0,REV_LONG,STOP,2025-03-27 06:00:00,2025-03-27 06:05:00,2025-03-27 06:47:00,3031.585
2025-03-27 13:35:00,2025-03-27 13:40:00,2025-03-27 16:58:00,447490.0,2229332.0,2229530.0,447530.0,1.0,3.0,3050.0,3046.6514448047456,3060.0,2.1235246967388353,0.04,3050.925,3056.54,4.0,1.0,1.0,1.0,1.0,0.0,17.09422078101852,3995.5953406429635,4018.0553406429626,2.417110390509214,0.29,40.0,REV_LONG,SESSION,2025-03-27 17:35:00,2025-03-27 17:40:00,2025-03-27 20:58:00,3050.78
2025-03-27 20:35:00,2025-03-27 20:40:00,2025-03-27 21:48:00,447562.0,2229687.0,2229755.0,447576.0,1.0,1.0,3060.0,3058.5975017230967,3070.0,2.687147818986331,0.06,3061.69,3070.0,2.0,1.0,1.0,1.0,0.0,0.0,18.554989661420223,4018.0553406429626,4067.9153406429623,1.402498276903277,0.29,14.0,BREAK_LONG,TARGET,2025-03-28 00:35:00,2025-03-28 00:40:00,2025-03-28 01:48:00,3061.545
2025-03-28 03:50:00,2025-03-28 03:55:00,2025-03-28 04:07:00,447649.0,2230122.0,2230134.0,447652.0,1.0,3.0,3080.0,3076.622422364737,3090.0,2.153172148005731,0.02,3080.865,3076.622422364737,1.0,1.0,1.0,-1.0,1.0,0.0,8.485155270525865,4067.9153406429623,4059.4301853724364,2.215155270526423,0.29,3.0,REV_LONG,STOP,2025-03-28 07:50:00,2025-03-28 07:55:00,2025-03-28 08:07:00,3080.72
2025-03-30 21:40:00,2025-03-30 21:45:00,2025-03-30 22:22:00,447851.0,2231127.0,2231164.0,447859.0,1.0,1.0,3090.0,3087.1102459674803,3100.0,1.8393066981572088,0.04,3091.65,3100.0,2.0,1.0,1.0,1.0,0.0,0.0,18.15901613007918,4059.4301853724364,4092.830185372436,2.889754032519536,0.29,8.0,BREAK_LONG,TARGET,2025-03-31 01:40:00,2025-03-31 01:45:00,2025-03-31 02:22:00,3091.505
2025-03-31 09:15:00,2025-03-31 09:20:00,2025-03-31 09:31:00,447990.0,2231822.0,2231833.0,447993.0,1.0,3.0,3120.0,3115.084664957132,3130.0,1.8354344203020272,0.01,3120.345,3115.084664957132,1.0,1.0,1.0,-1.0,1.0,1.0,5.2603350428676094,4092.830185372436,4087.5698503295685,3.3406700857358245,0.29,3.0,REV_LONG,STOP,2025-03-31 13:15:00,2025-03-31 13:20:00,2025-03-31 13:31:00,3120.2
2025-04-01 02:10:00,2025-04-01 02:15:00,2025-04-01 03:47:00,448181.0,2232772.0,2232864.0,448200.0,1.0,3.0,3130.0,3125.003738607642,3140.0,1.7038504555555523,0.01,3130.55,3125.003738607642,1.0,1.0,-1.0,-1.0,0.0,0.0,5.546261392358247,4087.5698503295685,4082.02358893721,3.3125227847154495,0.29,19.0,REV_LONG,STOP,2025-04-01 06:10:00,2025-04-01 06:15:00,2025-04-01 07:47:00,3130.405
2025-04-01 18:25:00,2025-04-01 18:30:00,2025-04-01 20:23:00,448364.0,2233682.0,2233795.0,448387.0,1.0,3.0,3110.0,3106.925216184474,3120.0,1.6098499051007475,0.02,3111.935,3120.0,2.0,-1.0,0.0,-1.0,0.0,0.0,10.019567631052269,4082.02358893721,4098.15358893721,1.7695676310527049,0.29,23.0,REV_LONG,TARGET,2025-04-01 22:25:00,2025-04-01 22:30:00,2025-04-02 00:23:00,3111.79
2025-04-02 04:45:00,2025-04-02 04:50:00,2025-04-02 05:33:00,448488.0,2234302.0,2234345.0,448497.0,1.0,1.0,3130.0,3127.35222340219,3140.0,1.2921871470530053,0.01,3132.87,3127.35222340219,1.0,1.0,1.0,-1.0,0.0,0.0,5.517776597810098,4098.15358893721,4092.6358123393998,2.647776597810179,0.29,9.0,BREAK_LONG,STOP,2025-04-02 08:45:00,2025-04-02 08:50:00,2025-04-02 09:33:00,3132.725
2025-04-07 19:40:00,2025-04-07 19:45:00,2025-04-07 20:31:00,449483.0,2239257.0,2239303.0,449493.0,1.0,3.0,2980.0,2977.524872493926,2990.0,3.3541264671913344,0.03,2980.39,2990.0,2.0,-1.0,-1.0,-1.0,0.0,0.0,8.595382518221413,4092.6358123393998,4121.4658123394,2.3902550121472963,0.29,10.0,REV_LONG,TARGET,2025-04-07 23:40:00,2025-04-07 23:45:00,2025-04-08 00:31:00,2980.245
2025-04-07 20:50:00,2025-04-07 20:55:00,2025-04-07 21:08:00,449497.0,2239327.0,2239340.0,449500.0,-1.0,4.0,2990.0,2994.2092231066067,2980.0,1.320167449693019,0.03,2988.085,2994.2092231066067,1.0,1.0,-1.0,1.0,0.0,1.0,18.372669319820034,4121.4658123394,4103.09314301958,2.8884462132136033,0.29,3.0,REV_SHORT,STOP,2025-04-08 00:50:00,2025-04-08 00:55:00,2025-04-08 01:08:00,2988.23
2025-04-08 08:35:00,2025-04-08 08:40:00,2025-04-08 08:53:00,449638.0,2240032.0,2240045.0,449641.0,1.0,3.0,3010.0,3004.7132703094894,3020.0,1.2053268625633007,0.01,3011.645,3004.7132703094894,1.0,-1.0,1.0,-1.0,0.0,0.0,6.931729690510566,4103.09314301958,4096.161413329069,4.07345938102115,0.29,3.0,REV_LONG,STOP,2025-04-08 12:35:00,2025-04-08 12:40:00,2025-04-08 12:53:00,3011.5
2025-04-08 09:55:00,2025-04-08 10:00:00,2025-04-08 12:00:00,449654.0,2240112.0,2240232.0,449679.0,1.0,3.0,3010.0,3001.443761040039,3020.0,1.0433598368873458,0.01,3010.525,3001.443761040039,1.0,-1.0,1.0,-1.0,0.0,1.0,9.081238959960956,4096.161413329069,4087.0801743691077,5.032477919921722,0.29,25.0,REV_LONG,STOP,2025-04-08 13:55:00,2025-04-08 14:00:00,2025-04-08 16:00:00,3010.38
2025-04-15 15:15:00,2025-04-15 15:20:00,2025-04-15 16:03:00,451098.0,2247307.0,2247350.0,451107.0,-1.0,4.0,3230.0,3232.793886359378,3220.0,3.037344640496603,0.06,3229.625,3232.793886359378,1.0,-1.0,-1.0,1.0,0.0,1.0,19.013318156268724,4087.0801743691077,4068.066856212839,1.717772718756102,0.29,9.0,REV_SHORT,STOP,2025-04-15 19:15:00,2025-04-15 19:20:00,2025-04-15 20:03:00,3229.77
2025-04-15 19:00:00,2025-04-15 19:05:00,2025-04-15 19:22:00,451131.0,2247467.0,2247484.0,451135.0,-1.0,4.0,3240.0,3243.3454342393657,3230.0,2.5967311043485664,0.05,3239.635,3243.3454342393657,1.0,-1.0,-1.0,1.0,0.0,1.0,18.552171196827207,4068.066856212839,4049.5146850160118,2.120868478731521,0.29,4.0,REV_SHORT,STOP,2025-04-15 23:00:00,2025-04-15 23:05:00,2025-04-15 23:22:00,3239.78
2025-04-16 12:35:00,2025-04-16 12:40:00,2025-04-16 14:23:00,451342.0,2248522.0,2248625.0,451363.0,-1.0,4.0,3330.0,3335.0604963870965,3320.0,1.4230560922474234,0.01,3328.845,3335.0604963870965,1.0,-1.0,-1.0,-1.0,1.0,1.0,6.215496387096664,4049.5146850160118,4043.299188628915,3.840992774192968,0.29,21.0,REV_SHORT,STOP,2025-04-16 16:35:00,2025-04-16 16:40:00,2025-04-16 18:23:00,3328.99
2025-04-17 00:55:00,2025-04-17 01:00:00,2025-04-17 01:31:00,451478.0,2249197.0,2249228.0,451485.0,1.0,3.0,3340.0,3336.47009221432,3350.0,2.4340671207729034,0.05,3340.41,3336.47009221432,1.0,1.0,-1.0,1.0,0.0,1.0,19.699538928398397,4043.299188628915,4023.5996497005167,2.8498155713598217,0.29,7.0,REV_LONG,STOP,2025-04-17 04:55:00,2025-04-17 05:00:00,2025-04-17 05:31:00,3340.265
2025-04-17 07:25:00,2025-04-17 07:30:00,2025-04-17 08:15:00,451556.0,2249587.0,2249632.0,451566.0,-1.0,4.0,3330.0,3334.3465039044972,3320.0,1.6959491455738869,0.01,3329.025,3334.3465039044972,1.0,-1.0,1.0,-1.0,0.0,1.0,5.321503904497149,4023.5996497005167,4018.2781457960195,3.293007808994785,0.29,10.0,REV_SHORT,STOP,2025-04-17 11:25:00,2025-04-17 11:30:00,2025-04-17 12:15:00,3329.17
2025-04-17 10:05:00,2025-04-17 10:10:00,2025-04-17 10:30:00,451588.0,2249747.0,2249767.0,451593.0,1.0,3.0,3310.0,3302.1500404628714,3320.0,1.1480200303473813,0.02,3310.46,3302.1500404628714,1.0,1.0,-1.0,1.0,1.0,1.0,16.619919074257268,4018.2781457960195,4001.6582267217623,6.019919074256664,0.29,5.0,REV_LONG,STOP,2025-04-17 14:05:00,2025-04-17 14:10:00,2025-04-17 14:30:00,3310.315
2025-04-17 16:00:00,2025-04-17 16:05:00,2025-04-17 16:25:00,451659.0,2250102.0,2250122.0,451664.0,-1.0,4.0,3320.0,3323.421780760222,3310.0,1.900889723501357,0.02,3318.795,3323.421780760222,1.0,-1.0,1.0,-1.0,0.0,1.0,9.253561520444237,4001.6582267217623,3992.404665201318,2.773561520444327,0.29,5.0,REV_SHORT,STOP,2025-04-17 20:00:00,2025-04-17 20:05:00,2025-04-17 20:25:00,3318.94
2025-04-21 01:20:00,2025-04-21 01:25:00,2025-04-21 02:09:00,452035.0,2251972.0,2252016.0,452044.0,-1.0,4.0,3380.0,3387.663320929721,3370.0,1.2264725058011872,0.01,3379.73,3387.663320929721,1.0,-1.0,-1.0,-1.0,1.0,1.0,7.93332092972105,3992.404665201318,3984.471344271597,3.4366418594413575,0.29,9.0,REV_SHORT,STOP,2025-04-21 05:20:00,2025-04-21 05:25:00,2025-04-21 06:09:00,3379.875
2025-04-21 15:45:00,2025-04-21 15:50:00,2025-04-21 16:58:00,452208.0,2252837.0,2252905.0,452222.0,1.0,3.0,3420.0,3416.001267834373,3430.0,2.1396216784548403,0.04,3420.46,3424.53,4.0,1.0,1.0,1.0,1.0,0.0,17.8349286625089,3984.471344271597,4000.7513442715976,2.967464331254323,0.29,14.0,REV_LONG,SESSION,2025-04-21 19:45:00,2025-04-21 19:50:00,2025-04-21 20:58:00,3420.315
2025-04-22 20:45:00,2025-04-22 20:50:00,2025-04-22 20:53:00,452532.0,2254447.0,2254450.0,452533.0,-1.0,4.0,3360.0,3365.5274407681104,3350.0,1.1588555636016455,0.02,3358.335,3365.5274407681104,1.0,1.0,-1.0,1.0,0.0,0.0,14.384881536220748,4000.7513442715976,3986.366462735377,6.354881536221121,0.29,1.0,REV_SHORT,STOP,2025-04-23 00:45:00,2025-04-23 00:50:00,2025-04-23 00:53:00,3358.48
2025-04-24 05:50:00,2025-04-24 05:55:00,2025-04-24 05:58:00,452917.0,2256367.0,2256370.0,452918.0,-1.0,2.0,3330.0,3334.316275466861,3320.0,1.614235816568108,0.03,3328.84,3334.316275466861,1.0,1.0,1.0,1.0,0.0,1.0,16.428826400582693,3986.366462735377,3969.937636334794,4.31627546686104,0.29,1.0,BREAK_SHORT,STOP,2025-04-24 09:50:00,2025-04-24 09:55:00,2025-04-24 09:58:00,3328.985
2025-04-25 04:25:00,2025-04-25 04:30:00,2025-04-25 04:47:00,453176.0,2257657.0,2257674.0,453180.0,-1.0,2.0,3300.0,3304.9191126863398,3290.0,1.7761071561194102,0.03,3299.545,3304.9191126863398,1.0,1.0,1.0,1.0,0.0,1.0,16.122338059019057,3969.937636334794,3953.815298275775,4.919112686339577,0.29,4.0,BREAK_SHORT,STOP,2025-04-25 08:25:00,2025-04-25 08:30:00,2025-04-25 08:47:00,3299.69
2025-04-28 03:50:00,2025-04-28 03:55:00,2025-04-28 04:54:00,453445.0,2258997.0,2259056.0,453457.0,-1.0,4.0,3290.0,3294.7859515932614,3280.0,1.4435745957260535,0.03,3288.735,3280.0,2.0,1.0,1.0,1.0,0.0,0.0,18.152854779783866,3953.815298275775,3980.0202982757755,4.241903186523284,0.29,12.0,REV_SHORT,TARGET,2025-04-28 07:50:00,2025-04-28 07:55:00,2025-04-28 08:54:00,3288.88
2025-04-28 22:25:00,2025-04-28 22:30:00,2025-04-28 22:57:00,453656.0,2260047.0,2260074.0,453662.0,-1.0,4.0,3330.0,3336.082781171601,3320.0,1.4885232448024937,0.01,3329.62,3320.0,2.0,-1.0,1.0,-1.0,0.0,1.0,6.462781171600909,3980.0202982757755,3989.6402982757754,4.345562343202115,0.29,6.0,REV_SHORT,TARGET,2025-04-29 02:25:00,2025-04-29 02:30:00,2025-04-29 02:57:00,3329.765
2025-04-29 20:20:00,2025-04-29 20:25:00,2025-04-29 20:36:00,453907.0,2261297.0,2261308.0,453910.0,1.0,1.0,3320.0,3316.8076397816103,3330.0,2.9529326638750204,0.05,3320.145,3316.8076397816103,1.0,1.0,1.0,1.0,0.0,1.0,16.686801091948382,3989.6402982757754,3972.953497183827,3.1923602183895596,0.29,3.0,BREAK_LONG,STOP,2025-04-30 00:20:00,2025-04-30 00:25:00,2025-04-30 00:36:00,3320.0
2025-05-01 11:05:00,2025-05-01 11:10:00,2025-05-01 11:18:00,454360.0,2263557.0,2263565.0,454362.0,1.0,3.0,3220.0,3214.303278763439,3230.0,1.5788467430175328,0.01,3220.39,3214.303278763439,1.0,-1.0,-1.0,-1.0,1.0,0.0,6.086721236561061,3972.953497183827,3966.866775947266,6.08344247312235,0.29,2.0,REV_LONG,STOP,2025-05-01 15:05:00,2025-05-01 15:10:00,2025-05-01 15:18:00,3220.245
2025-05-05 18:35:00,2025-05-05 18:40:00,2025-05-05 20:22:00,454990.0,2266692.0,2266794.0,455011.0,1.0,3.0,3330.0,3326.1998697316203,3340.0,1.865993129823215,0.02,3331.015,3326.1998697316203,1.0,1.0,0.0,-1.0,0.0,1.0,9.630260536759124,3966.866775947266,3957.236515410507,2.520260536759316,0.29,21.0,REV_LONG,STOP,2025-05-05 22:35:00,2025-05-05 22:40:00,2025-05-06 00:22:00,3330.87
2025-05-07 02:15:00,2025-05-07 02:20:00,2025-05-07 03:34:00,455358.0,2268527.0,2268601.0,455373.0,1.0,1.0,3390.0,3386.2702921385653,3400.0,1.6430182846976011,0.03,3391.465,3386.2702921385653,1.0,1.0,1.0,1.0,0.0,0.0,15.584123584304507,3957.236515410507,3941.6523918262023,3.7297078614345764,0.29,15.0,BREAK_LONG,STOP,2025-05-07 06:15:00,2025-05-07 06:20:00,2025-05-07 07:34:00,3391.32
2025-05-09 07:20:00,2025-05-09 07:25:00,2025-05-09 07:27:00,455971.0,2271582.0,2271584.0,455972.0,-1.0,4.0,3330.0,3333.062174554887,3320.0,2.3176518777085175,0.05,3329.125,3333.062174554887,1.0,1.0,-1.0,1.0,0.0,1.0,19.685872774434756,3941.6523918262023,3921.9665190517676,2.7343491097735932,0.29,1.0,REV_SHORT,STOP,2025-05-09 11:20:00,2025-05-09 11:25:00,2025-05-09 11:27:00,3329.27
2025-05-09 12:35:00,2025-05-09 12:40:00,2025-05-09 13:13:00,456034.0,2271897.0,2271930.0,456041.0,1.0,3.0,3340.0,3336.151836714193,3350.0,2.0786261871599008,0.02,3340.65,3336.151836714193,1.0,1.0,1.0,-1.0,1.0,0.0,8.99632657161419,3921.9665190517676,3912.9701924801534,3.736326571614317,0.29,7.0,REV_LONG,STOP,2025-05-09 16:35:00,2025-05-09 16:40:00,2025-05-09 17:13:00,3340.505
2025-05-19 20:40:00,2025-05-19 20:45:00,2025-05-19 21:17:00,457775.0,2280567.0,2280599.0,457782.0,1.0,3.0,3220.0,3211.0801130697373,3230.0,1.0000119525463866,0.01,3220.54,3230.0,2.0,-1.0,-1.0,-1.0,1.0,1.0,9.459886930262655,3912.9701924801534,3922.4301924801534,6.099773860525569,0.29,7.0,REV_LONG,TARGET,2025-05-20 00:40:00,2025-05-20 00:45:00,2025-05-20 01:17:00,3220.395
2025-05-20 20:50:00,2025-05-20 20:55:00,2025-05-20 21:01:00,458053.0,2281952.0,2281958.0,458055.0,1.0,1.0,3300.0,3296.960983150239,3310.0,1.4061591265093871,0.03,3302.38,3310.0,2.0,1.0,1.0,1.0,0.0,0.0,16.257050549283576,3922.4301924801534,3945.290192480153,3.03901684976113,0.29,2.0,BREAK_LONG,TARGET,2025-05-21 00:50:00,2025-05-21 00:55:00,2025-05-21 01:01:00,3302.235
2025-05-20 22:55:00,2025-05-20 23:00:00,2025-05-21 01:42:00,458078.0,2282077.0,2282239.0,458111.0,1.0,1.0,3300.0,3295.4895422227864,3310.0,1.321503207351119,0.03,3301.74,3310.0,2.0,1.0,1.0,1.0,0.0,0.0,18.751373331640025,3945.290192480153,3970.0701924801538,4.510457777213785,0.29,33.0,BREAK_LONG,TARGET,2025-05-21 02:55:00,2025-05-21 03:00:00,2025-05-21 05:42:00,3301.595
2025-05-23 03:00:00,2025-05-23 03:05:00,2025-05-23 03:49:00,458679.0,2285072.0,2285116.0,458688.0,-1.0,4.0,3330.0,3334.537838382386,3320.0,1.8433987728754209,0.01,3329.425,3334.537838382386,1.0,-1.0,-1.0,-1.0,1.0,0.0,5.112838382385689,3970.0701924801538,3964.957354097768,3.065676764771962,0.29,9.0,REV_SHORT,STOP,2025-05-23 07:00:00,2025-05-23 07:05:00,2025-05-23 07:49:00,3329.57
2025-05-23 05:40:00,2025-05-23 05:45:00,2025-05-23 07:45:00,458711.0,2285232.0,2285352.0,458736.0,-1.0,4.0,3330.0,3335.3651529494014,3320.0,1.7634406983453863,0.01,3329.805,3335.3651529494014,1.0,-1.0,-1.0,-1.0,1.0,1.0,5.560152949401527,3964.957354097768,3959.3972011483665,2.610305898802785,0.29,25.0,REV_SHORT,STOP,2025-05-23 09:40:00,2025-05-23 09:45:00,2025-05-23 11:45:00,3329.95
2025-05-23 08:15:00,2025-05-23 08:20:00,2025-05-23 08:41:00,458742.0,2285387.0,2285408.0,458747.0,1.0,1.0,3350.0,3344.5709903725583,3360.0,1.6155254189902846,0.03,3350.47,3360.0,2.0,1.0,1.0,1.0,0.0,1.0,17.697028882324503,3959.3972011483665,3987.987201148367,5.429009627441528,0.29,5.0,BREAK_LONG,TARGET,2025-05-23 12:15:00,2025-05-23 12:20:00,2025-05-23 12:41:00,3350.325
2025-05-25 22:50:00,2025-05-25 22:55:00,2025-05-25 23:12:00,458905.0,2286197.0,2286214.0,458909.0,1.0,1.0,3350.0,3346.067590944099,3360.0,1.7093155959487234,0.03,3351.21,3346.067590944099,1.0,1.0,1.0,1.0,0.0,0.0,15.427227167703677,3987.987201148367,3972.5599739806635,3.932409055901013,0.29,4.0,BREAK_LONG,STOP,2025-05-26 02:50:00,2025-05-26 02:55:00,2025-05-26 03:12:00,3351.065
2025-05-26 12:40:00,2025-05-26 12:45:00,2025-05-26 16:44:00,459071.0,2287027.0,2287266.0,459119.0,1.0,1.0,3340.0,3338.2778983293288,3350.0,1.3961279752108364,0.04,3343.17,3342.33,3.0,1.0,1.0,1.0,0.0,1.0,19.568406682685236,3972.5599739806635,3969.199973980663,1.7221016706711136,0.29,48.0,BREAK_LONG,TIME,2025-05-26 16:40:00,2025-05-26 16:45:00,2025-05-26 20:44:00,3343.025
2025-05-27 00:00:00,2025-05-27 00:05:00,2025-05-27 00:33:00,459195.0,2287642.0,2287670.0,459201.0,1.0,3.0,3340.0,3338.2554524670754,3350.0,3.0435032994965567,0.06,3341.16,3338.2554524670754,1.0,1.0,-1.0,1.0,0.0,0.0,17.427285197546553,3969.199973980663,3951.7726887831163,2.0890950658496164,0.29,6.0,REV_LONG,STOP,2025-05-27 04:00:00,2025-05-27 04:05:00,2025-05-27 04:33:00,3341.015
2025-05-29 01:10:00,2025-05-29 01:15:00,2025-05-29 01:40:00,459761.0,2290462.0,2290487.0,459767.0,1.0,3.0,3270.0,3267.1233574231887,3280.0,2.046541632703209,0.02,3271.35,3267.1233574231887,1.0,-1.0,1.0,-1.0,0.0,1.0,8.453285153622346,3951.7726887831163,3943.319403629494,2.7932851536226098,0.29,6.0,REV_LONG,STOP,2025-05-29 05:10:00,2025-05-29 05:15:00,2025-05-29 05:40:00,3271.205
2025-06-02 01:55:00,2025-06-02 02:00:00,2025-06-02 02:19:00,460322.0,2293257.0,2293276.0,460326.0,1.0,1.0,3320.0,3317.623858759297,3330.0,1.1043774897035792,0.03,3323.505,3330.0,2.0,1.0,1.0,1.0,0.0,0.0,17.64342372210922,3943.319403629494,3962.8044036294937,2.3761412407028497,0.29,4.0,BREAK_LONG,TARGET,2025-06-02 05:55:00,2025-06-02 06:00:00,2025-06-02 06:19:00,3323.36
2025-06-02 02:55:00,2025-06-02 03:00:00,2025-06-02 03:12:00,460334.0,2293317.0,2293329.0,460337.0,1.0,1.0,3340.0,3337.0003171044905,3350.0,1.024972745087212,0.03,3343.42,3350.0,2.0,1.0,1.0,1.0,0.0,0.0,19.259048686528786,3962.8044036294937,3982.5444036294934,2.9996828955097166,0.29,3.0,BREAK_LONG,TARGET,2025-06-02 06:55:00,2025-06-02 07:00:00,2025-06-02 07:12:00,3343.275
2025-06-02 18:30:00,2025-06-02 18:35:00,2025-06-02 19:26:00,460509.0,2294187.0,2294238.0,460520.0,-1.0,4.0,3390.0,3392.416732741879,3380.0,2.7663752915564936,0.03,3389.12,3392.416732741879,1.0,-1.0,0.0,-1.0,0.0,0.0,9.890198225637505,3982.5444036294934,3972.654205403856,2.033465483757531,0.29,11.0,REV_SHORT,STOP,2025-06-02 22:30:00,2025-06-02 22:35:00,2025-06-02 23:26:00,3389.265
2025-06-02 20:20:00,2025-06-02 20:25:00,2025-06-02 20:42:00,460531.0,2294297.0,2294314.0,460535.0,1.0,3.0,3380.0,3374.5006067564277,3390.0,1.6228400454533107,0.03,3380.41,3374.5006067564277,1.0,1.0,-1.0,1.0,0.0,1.0,17.72817973071642,3972.654205403856,3954.9260256731395,2.7087864871450553,0.29,4.0,REV_LONG,STOP,2025-06-03 00:20:00,2025-06-03 00:25:00,2025-06-03 00:42:00,3380.265
2025-06-03 01:40:00,2025-06-03 01:45:00,2025-06-03 02:43:00,460595.0,2294617.0,2294675.0,460607.0,1.0,3.0,3360.0,3354.907783597309,3370.0,1.2911371784484984,0.03,3361.495,3354.907783597309,1.0,1.0,-1.0,1.0,1.0,0.0,19.761649208072868,3954.9260256731395,3935.1643764650667,2.884432805381785,0.29,12.0,REV_LONG,STOP,2025-06-03 05:40:00,2025-06-03 05:45:00,2025-06-03 06:43:00,3361.35
2025-06-03 08:20:00,2025-06-03 08:25:00,2025-06-03 08:41:00,460675.0,2295017.0,2295033.0,460679.0,1.0,3.0,3350.0,3347.7344201455358,3360.0,1.186151908114296,0.01,3353.345,3360.0,2.0,1.0,-1.0,-1.0,1.0,0.0,5.610579854464049,3935.1643764650667,3941.819376465067,2.731159708928409,0.29,4.0,REV_LONG,TARGET,2025-06-03 12:20:00,2025-06-03 12:25:00,2025-06-03 12:41:00,3353.2
2025-06-03 19:20:00,2025-06-03 19:25:00,2025-06-03 21:01:00,460795.0,2295612.0,2295708.0,460815.0,-1.0,4.0,3360.0,3362.346516276937,3350.0,1.9561757834191216,0.04,3358.17,3350.0,2.0,-1.0,-1.0,1.0,0.0,0.0,16.706065107748145,3941.819376465067,3974.499376465067,1.2730325538739662,0.29,20.0,REV_SHORT,TARGET,2025-06-03 23:20:00,2025-06-03 23:25:00,2025-06-04 01:01:00,3358.315
2025-06-03 23:50:00,2025-06-03 23:55:00,2025-06-04 00:02:00,460849.0,2295882.0,2295889.0,460851.0,1.0,3.0,3360.0,3357.1319590756552,3370.0,2.803690588471815,0.02,3360.515,3357.1319590756552,1.0,1.0,-1.0,-1.0,0.0,1.0,6.766081848689283,3974.499376465067,3967.733294616378,2.5560818486896286,0.29,2.0,REV_LONG,STOP,2025-06-04 03:50:00,2025-06-04 03:55:00,2025-06-04 04:02:00,3360.37
2025-06-05 03:30:00,2025-06-05 03:35:00,2025-06-05 05:21:00,461169.0,2297477.0,2297583.0,461191.0,1.0,1.0,3370.0,3367.5967365306906,3380.0,1.0507148096717422,0.03,3373.645,3380.0,2.0,1.0,1.0,1.0,0.0,0.0,18.144790407928213,3967.733294616378,3986.798294616378,2.4032634693096284,0.29,22.0,BREAK_LONG,TARGET,2025-06-05 07:30:00,2025-06-05 07:35:00,2025-06-05 09:21:00,3373.5
2025-06-05 06:00:00,2025-06-05 06:05:00,2025-06-05 06:06:00,461199.0,2297627.0,2297628.0,461200.0,-1.0,4.0,3390.0,3392.9435537210134,3380.0,3.0785677063882058,0.03,3389.77,3392.9435537210134,1.0,-1.0,-1.0,-1.0,1.0,0.0,9.520661163040131,3986.798294616378,3977.277633453338,3.057107442026708,0.29,1.0,REV_SHORT,STOP,2025-06-05 10:00:00,2025-06-05 10:05:00,2025-06-05 10:06:00,3389.915
2025-06-05 23:55:00,2025-06-06 00:00:00,2025-06-06 00:21:00,461402.0,2298637.0,2298658.0,461407.0,-1.0,4.0,3370.0,3373.0914774807384,3360.0,3.0139714463931204,0.03,3369.83,3373.0914774807384,1.0,-1.0,-1.0,-1.0,0.0,1.0,9.784432442215348,3977.277633453338,3967.4932010111224,2.2429549614774116,0.29,5.0,REV_SHORT,STOP,2025-06-06 03:55:00,2025-06-06 04:00:00,2025-06-06 04:21:00,3369.975
2025-06-06 16:20:00,2025-06-06 16:25:00,2025-06-06 16:58:00,461599.0,2299622.0,2299655.0,461606.0,1.0,3.0,3310.0,3306.0253575526162,3320.0,1.881582013313708,0.02,3310.875,3311.705,4.0,-1.0,-1.0,-1.0,1.0,1.0,9.699284894767516,3967.4932010111224,3969.1532010111223,2.3592848947670984,0.29,7.0,REV_LONG,SESSION,2025-06-06 20:20:00,2025-06-06 20:25:00,2025-06-06 20:58:00,3310.73
2025-06-08 20:30:00,2025-06-08 20:35:00,2025-06-08 20:44:00,461637.0,2299807.0,2299816.0,461639.0,1.0,3.0,3310.0,3303.4663739125263,3320.0,1.0290078241398286,0.01,3311.615,3303.4663739125263,1.0,-1.0,-1.0,-1.0,0.0,1.0,8.14862608747353,3969.1532010111223,3961.0045749236488,2.8072521749473074,0.29,2.0,REV_LONG,STOP,2025-06-09 00:30:00,2025-06-09 00:35:00,2025-06-09 00:44:00,3311.47
2025-06-09 20:50:00,2025-06-09 20:55:00,2025-06-09 21:29:00,461917.0,2301202.0,2301236.0,461924.0,-1.0,2.0,3320.0,3322.2735399668704,3310.0,1.5631069285805987,0.02,3317.485,3310.0,2.0,1.0,1.0,-1.0,0.0,0.0,9.577079933740606,3961.0045749236488,3975.974574923649,2.273539966870615,0.29,7.0,BREAK_SHORT,TARGET,2025-06-10 00:50:00,2025-06-10 00:55:00,2025-06-10 01:29:00,3317.63
2025-06-11 21:30:00,2025-06-11 21:35:00,2025-06-12 01:34:00,462477.0,2303992.0,2304231.0,462525.0,1.0,1.0,3370.0,3365.8854503131192,3380.0,1.222921369690747,0.03,3372.235,3375.085,3.0,1.0,1.0,1.0,0.0,1.0,19.04864906064267,3975.974574923649,3984.5245749236487,4.1145496868806415,0.29,48.0,BREAK_LONG,TIME,2025-06-12 01:30:00,2025-06-12 01:35:00,2025-06-12 05:34:00,3372.09
2025-06-16 14:30:00,2025-06-16 14:35:00,2025-06-16 14:47:00,463233.0,2307762.0,2307774.0,463236.0,1.0,3.0,3390.0,3386.9269084297557,3400.0,2.9458889961442107,0.06,3390.24,3386.9269084297557,1.0,-1.0,-1.0,1.0,1.0,1.0,19.878549421464413,3984.5245749236487,3964.6460255021843,2.2161831404880914,0.29,3.0,REV_LONG,STOP,2025-06-16 18:30:00,2025-06-16 18:35:00,2025-06-16 18:47:00,3390.095
2025-06-17 02:30:00,2025-06-17 02:35:00,2025-06-17 04:55:00,463365.0,2308417.0,2308557.0,463394.0,-1.0,2.0,3390.0,3392.54749095127,3380.0,1.219816194212706,0.03,3386.895,3380.0,2.0,1.0,1.0,1.0,0.0,1.0,16.95747285381003,3964.6460255021843,3985.3310255021843,2.5474909512701287,0.29,29.0,BREAK_SHORT,TARGET,2025-06-17 06:30:00,2025-06-17 06:35:00,2025-06-17 08:55:00,3387.04
2025-06-18 12:05:00,2025-06-18 12:10:00,2025-06-18 13:38:00,463756.0,2310367.0,2310455.0,463774.0,1.0,1.0,3390.0,3386.724187250975,3400.0,1.9172399483737783,0.02,3391.275,3386.724187250975,1.0,1.0,1.0,-1.0,0.0,0.0,9.101625498050453,3985.3310255021843,3976.229400004134,3.2758127490252265,0.29,18.0,BREAK_LONG,STOP,2025-06-18 16:05:00,2025-06-18 16:10:00,2025-06-18 17:38:00,3391.13
2025-06-22 21:35:00,2025-06-22 21:40:00,2025-06-22 22:15:00,464410.0,2313622.0,2313657.0,464418.0,-1.0,2.0,3360.0,3363.798857006263,3350.0,1.0266040237841412,0.02,3356.9900000000002,3363.798857006263,1.0,1.0,1.0,1.0,0.0,0.0,13.61771401252554,3976.229400004134,3962.6116859916083,3.7988570062628293,0.29,8.0,BREAK_SHORT,STOP,2025-06-23 01:35:00,2025-06-23 01:40:00,2025-06-23 02:15:00,3357.135
2025-06-23 01:40:00,2025-06-23 01:45:00,2025-06-23 04:02:00,464459.0,2313867.0,2314004.0,464487.0,1.0,3.0,3350.0,3345.777103894357,3360.0,1.1250734930206914,0.01,3352.47,3360.0,2.0,-1.0,-1.0,-1.0,1.0,0.0,6.69289610564283,3962.6116859916083,3970.1416859916085,2.635792211285803,0.29,28.0,REV_LONG,TARGET,2025-06-23 05:40:00,2025-06-23 05:45:00,2025-06-23 08:02:00,3352.325
2025-06-23 08:30:00,2025-06-23 08:35:00,2025-06-23 08:39:00,464541.0,2314277.0,2314281.0,464542.0,1.0,3.0,3360.0,3356.644841184287,3370.0,2.1238977056541386,0.02,3360.92,3356.644841184287,1.0,-1.0,-1.0,-1.0,0.0,0.0,8.550317631425969,3970.1416859916085,3961.5913683601825,3.4103176314252934,0.29,1.0,REV_LONG,STOP,2025-06-23 12:30:00,2025-06-23 12:35:00,2025-06-23 12:39:00,3360.775
2025-06-23 22:15:00,2025-06-23 22:20:00,2025-06-23 23:17:00,464694.0,2315037.0,2315094.0,464706.0,-1.0,4.0,3350.0,3354.808028514509,3340.0,1.25456215389417,0.01,3348.2400000000002,3354.808028514509,1.0,1.0,1.0,-1.0,0.0,1.0,6.56802851450857,3961.5913683601825,3955.023339845674,3.7860570290178197,0.29,12.0,REV_SHORT,STOP,2025-06-24 02:15:00,2025-06-24 02:20:00,2025-06-24 03:17:00,3348.385
2025-06-24 21:25:00,2025-06-24 21:30:00,2025-06-24 21:51:00,464960.0,2316362.0,2316383.0,464965.0,-1.0,4.0,3330.0,3334.1607071416083,3320.0,2.214173499611955,0.02,3329.755,3334.1607071416083,1.0,1.0,-1.0,-1.0,0.0,1.0,8.811414283216436,3955.023339845674,3946.2119255624575,1.9714142832167048,0.29,5.0,REV_SHORT,STOP,2025-06-25 01:25:00,2025-06-25 01:30:00,2025-06-25 01:51:00,3329.9
2025-06-26 15:25:00,2025-06-26 15:30:00,2025-06-26 16:58:00,465452.0,2318817.0,2318905.0,465470.0,1.0,3.0,3330.0,3327.5991827785615,3340.0,2.86219967260636,0.06,3330.81,3328.155,4.0,-1.0,-1.0,1.0,0.0,1.0,19.26490332863068,3946.2119255624575,3930.281925562459,1.6316344428766856,0.29,18.0,REV_LONG,SESSION,2025-06-26 19:25:00,2025-06-26 19:30:00,2025-06-26 20:58:00,3330.665
2025-06-29 23:15:00,2025-06-29 23:20:00,2025-06-30 00:51:00,465810.0,2320597.0,2320688.0,465829.0,-1.0,4.0,3280.0,3283.1093815400413,3270.0,2.6020904639450477,0.02,3279.47,3283.1093815400413,1.0,1.0,-1.0,-1.0,0.0,1.0,7.278763080083081,3930.281925562459,3923.003162482376,2.73876308008286,0.29,19.0,REV_SHORT,STOP,2025-06-30 03:15:00,2025-06-30 03:20:00,2025-06-30 04:51:00,3279.615
2025-06-30 09:25:00,2025-06-30 09:30:00,2025-06-30 11:04:00,465932.0,2321207.0,2321301.0,465951.0,1.0,3.0,3280.0,3277.468426908081,3290.0,1.8964200594055214,0.04,3281.795,3290.0,2.0,-1.0,1.0,1.0,0.0,0.0,17.306292367677088,3923.003162482376,3955.8231624823757,2.7131461838380813,0.29,19.0,REV_LONG,TARGET,2025-06-30 13:25:00,2025-06-30 13:30:00,2025-06-30 15:04:00,3281.65
2025-06-30 19:05:00,2025-06-30 19:10:00,2025-06-30 21:19:00,466036.0,2321722.0,2321851.0,466062.0,1.0,1.0,3310.0,3308.0146652002136,3320.0,2.68741546273153,0.06,3311.265,3320.0,2.0,1.0,1.0,1.0,0.0,0.0,19.502008798717725,3955.8231624823757,4008.2331624823764,1.9853347997863118,0.29,26.0,BREAK_LONG,TARGET,2025-06-30 23:05:00,2025-06-30 23:10:00,2025-07-01 01:19:00,3311.12
2025-07-01 04:10:00,2025-07-01 04:15:00,2025-07-01 05:26:00,466145.0,2322267.0,2322338.0,466160.0,-1.0,4.0,3340.0,3343.412113237673,3330.0,1.469041540713223,0.01,3337.98,3343.412113237673,1.0,-1.0,-1.0,-1.0,1.0,1.0,5.432113237673093,4008.2331624823764,4002.8010492447033,2.4342264753461382,0.29,15.0,REV_SHORT,STOP,2025-07-01 08:10:00,2025-07-01 08:15:00,2025-07-01 09:26:00,3338.125
2025-07-01 07:05:00,2025-07-01 07:10:00,2025-07-01 08:21:00,466180.0,2322442.0,2322513.0,466195.0,-1.0,4.0,3350.0,3353.486838641264,3340.0,2.460969232457014,0.02,3349.59,3353.486838641264,1.0,-1.0,-1.0,-1.0,1.0,0.0,7.793677282527824,4002.8010492447033,3995.0073719621755,1.9836772825280822,0.29,15.0,REV_SHORT,STOP,2025-07-01 11:05:00,2025-07-01 11:10:00,2025-07-01 12:21:00,3349.735
2025-07-01 11:30:00,2025-07-01 11:35:00,2025-07-01 11:56:00,466233.0,2322707.0,2322728.0,466238.0,1.0,3.0,3340.0,3337.2643353896424,3350.0,1.434808109305848,0.03,3342.495,3337.2643353896424,1.0,1.0,1.0,1.0,1.0,0.0,15.691993831072523,3995.0073719621755,3979.315378131103,3.361329220716002,0.29,5.0,REV_LONG,STOP,2025-07-01 15:30:00,2025-07-01 15:35:00,2025-07-01 15:56:00,3342.35
2025-07-02 06:00:00,2025-07-02 06:05:00,2025-07-02 08:15:00,466443.0,2323752.0,2323882.0,466470.0,1.0,1.0,3340.0,3338.028252859892,3350.0,1.405536548888772,0.01,3343.005,3338.028252859892,1.0,1.0,1.0,-1.0,0.0,0.0,4.976747140108273,3979.315378131103,3974.3386309909947,1.9717471401083728,0.29,27.0,BREAK_LONG,STOP,2025-07-02 10:00:00,2025-07-02 10:05:00,2025-07-02 12:15:00,3342.86
2025-07-02 23:05:00,2025-07-02 23:10:00,2025-07-03 01:12:00,466636.0,2324712.0,2324834.0,466661.0,-1.0,4.0,3350.0,3352.5105702646047,3340.0,2.8785607623826968,0.03,3349.285,3352.5105702646047,1.0,-1.0,1.0,-1.0,0.0,1.0,9.676710793814436,3974.3386309909947,3964.6619201971803,1.8311405292093808,0.29,25.0,REV_SHORT,STOP,2025-07-03 03:05:00,2025-07-03 03:10:00,2025-07-03 05:12:00,3349.43
2025-07-03 11:30:00,2025-07-03 11:35:00,2025-07-03 12:46:00,466785.0,2325457.0,2325528.0,466800.0,-1.0,4.0,3330.0,3333.3442870252466,3320.0,2.3450305633051847,0.04,3329.355,3333.3442870252466,1.0,1.0,1.0,1.0,1.0,0.0,15.95714810098616,3964.6619201971803,3948.704772096194,3.5885740504929813,0.29,15.0,REV_SHORT,STOP,2025-07-03 15:30:00,2025-07-03 15:35:00,2025-07-03 16:46:00,3329.5
2025-07-04 00:30:00,2025-07-04 00:35:00,2025-07-04 03:13:00,466929.0,2326172.0,2326330.0,466961.0,1.0,1.0,3340.0,3338.341173359014,3350.0,2.633361332790258,0.03,3341.55,3338.341173359014,1.0,1.0,1.0,-1.0,0.0,0.0,9.62647992295797,3948.704772096194,3939.078292173236,1.6588266409860213,0.29,32.0,BREAK_LONG,STOP,2025-07-04 04:30:00,2025-07-04 04:35:00,2025-07-04 07:13:00,3341.405
2025-07-04 05:15:00,2025-07-04 05:20:00,2025-07-04 05:26:00,466986.0,2326457.0,2326463.0,466988.0,1.0,3.0,3340.0,3338.6033647076265,3350.0,2.5320494136138847,0.06,3341.83,3338.6033647076265,1.0,1.0,1.0,1.0,0.0,0.0,19.35981175424058,3939.078292173236,3919.7184804189956,1.7432705847466885,0.29,2.0,REV_LONG,STOP,2025-07-04 09:15:00,2025-07-04 09:20:00,2025-07-04 09:26:00,3341.685
2025-07-06 19:25:00,2025-07-06 19:30:00,2025-07-06 19:33:00,467144.0,2327242.0,2327245.0,467145.0,1.0,3.0,3330.0,3328.446542689449,3340.0,3.395527849805425,0.07,3331.075,3328.446542689449,1.0,-1.0,-1.0,1.0,0.0,0.0,18.399201173856,3919.7184804189956,3901.3192792451396,1.4069146211018961,0.29,1.0,REV_LONG,STOP,2025-07-06 23:25:00,2025-07-06 23:30:00,2025-07-06 23:33:00,3330.93
2025-07-06 23:00:00,2025-07-06 23:05:00,2025-07-06 23:10:00,467187.0,2327457.0,2327462.0,467189.0,-1.0,2.0,3310.0,3312.793952962181,3300.0,1.5289725083084935,0.03,3307.735,3312.793952962181,1.0,1.0,1.0,1.0,0.0,0.0,15.17685888654205,3901.3192792451396,3886.1424203585975,2.793952962180654,0.29,2.0,BREAK_SHORT,STOP,2025-07-07 03:00:00,2025-07-07 03:05:00,2025-07-07 03:10:00,3307.88
2025-07-07 06:50:00,2025-07-07 06:55:00,2025-07-07 08:42:00,467281.0,2327927.0,2328034.0,467303.0,1.0,3.0,3300.0,3295.111929492779,3310.0,1.0456067981822683,0.01,3302.39,3310.0,2.0,-1.0,-1.0,-1.0,1.0,0.0,7.278070507220946,3886.1424203585975,3893.7524203585976,2.806141014441711,0.29,22.0,REV_LONG,TARGET,2025-07-07 10:50:00,2025-07-07 10:55:00,2025-07-07 12:42:00,3302.245
2025-07-07 10:55:00,2025-07-07 11:00:00,2025-07-07 12:15:00,467330.0,2328172.0,2328247.0,467346.0,-1.0,4.0,3320.0,3322.9391521977036,3310.0,1.5300678778220822,0.03,3317.825,3322.9391521977036,1.0,1.0,-1.0,1.0,0.0,1.0,15.342456593111365,3893.7524203585976,3878.4099637654863,3.0083043954076696,0.29,16.0,REV_SHORT,STOP,2025-07-07 14:55:00,2025-07-07 15:00:00,2025-07-07 16:15:00,3317.97
2025-07-07 13:25:00,2025-07-07 13:30:00,2025-07-07 15:39:00,467360.0,2328322.0,2328451.0,467386.0,1.0,1.0,3330.0,3327.8229487223466,3340.0,1.535802009095555,0.02,3332.625,3340.0,2.0,1.0,1.0,-1.0,0.0,0.0,9.604102555306781,3878.4099637654863,3893.1599637654863,2.17705127765335,0.29,26.0,BREAK_LONG,TARGET,2025-07-07 17:25:00,2025-07-07 17:30:00,2025-07-07 19:39:00,3332.48
2025-07-08 19:45:00,2025-07-08 19:50:00,2025-07-08 22:41:00,467700.0,2330012.0,2330183.0,467735.0,1.0,3.0,3300.0,3296.3681050386976,3310.0,1.8900145271707263,0.02,3301.085,3296.3681050386976,1.0,-1.0,-1.0,-1.0,0.0,1.0,9.433789922604774,3893.1599637654863,3883.7261738428815,1.8737899226048018,0.29,35.0,REV_LONG,STOP,2025-07-08 23:45:00,2025-07-08 23:50:00,2025-07-09 02:41:00,3300.94
2025-07-09 14:05:00,2025-07-09 14:10:00,2025-07-09 16:58:00,467920.0,2331112.0,2331280.0,467954.0,1.0,3.0,3310.0,3307.2413780081124,3320.0,2.2148745881990743,0.02,3311.21,3313.725,4.0,1.0,1.0,-1.0,1.0,1.0,7.937243983775261,3883.7261738428815,3888.7561738428813,1.9072439837758821,0.29,34.0,REV_LONG,SESSION,2025-07-09 18:05:00,2025-07-09 18:10:00,2025-07-09 20:58:00,3311.065
2025-07-10 01:05:00,2025-07-10 01:10:00,2025-07-10 04:57:00,468040.0,2331707.0,2331934.0,468086.0,1.0,1.0,3320.0,3318.5205785848925,3330.0,1.2801868315314118,0.03,3323.555,3330.0,2.0,1.0,1.0,1.0,0.0,0.0,15.10326424532195,3888.7561738428813,3908.0911738428817,1.4794214151073972,0.29,46.0,BREAK_LONG,TARGET,2025-07-10 05:05:00,2025-07-10 05:10:00,2025-07-10 08:57:00,3323.41
2025-07-10 15:05:00,2025-07-10 15:10:00,2025-07-10 16:58:00,468208.0,2332547.0,2332655.0,468230.0,1.0,1.0,3320.0,3318.5606909571457,3330.0,1.0195418287223292,0.01,3324.225,3324.37,4.0,1.0,1.0,-1.0,0.0,0.0,5.664309042854256,3908.0911738428817,3908.2361738428817,1.4393090428541742,0.29,22.0,BREAK_LONG,SESSION,2025-07-10 19:05:00,2025-07-10 19:10:00,2025-07-10 20:58:00,3324.08
2025-07-11 01:35:00,2025-07-11 01:40:00,2025-07-11 02:19:00,468322.0,2333112.0,2333151.0,468330.0,-1.0,4.0,3340.0,3342.121361946813,3330.0,1.9554479960569622,0.04,3338.02,3342.121361946813,1.0,-1.0,-1.0,1.0,1.0,0.0,16.405447787252342,3908.2361738428817,3891.8307260556294,2.082723893626515,0.29,8.0,REV_SHORT,STOP,2025-07-11 05:35:00,2025-07-11 05:40:00,2025-07-11 06:19:00,3338.165
2025-07-11 04:10:00,2025-07-11 04:15:00,2025-07-11 04:31:00,468353.0,2333267.0,2333283.0,468357.0,1.0,1.0,3340.0,3337.9735905897323,3350.0,1.5526139554033196,0.02,3342.685,3337.9735905897323,1.0,1.0,1.0,-1.0,0.0,0.0,9.422818820535213,3891.8307260556294,3882.407907235094,2.0264094102677643,0.29,4.0,BREAK_LONG,STOP,2025-07-11 08:10:00,2025-07-11 08:15:00,2025-07-11 08:31:00,3342.54
2025-07-11 06:15:00,2025-07-11 06:20:00,2025-07-11 07:46:00,468378.0,2333392.0,2333478.0,468396.0,1.0,1.0,3340.0,3337.9875849556083,3350.0,1.4013231484779656,0.01,3342.99,3350.0,2.0,1.0,1.0,-1.0,0.0,0.0,5.002415044391455,3882.407907235094,3889.4179072350944,2.0124150443918833,0.29,18.0,BREAK_LONG,TARGET,2025-07-11 10:15:00,2025-07-11 10:20:00,2025-07-11 11:46:00,3342.845
2025-07-13 20:40:00,2025-07-13 20:45:00,2025-07-13 20:51:00,468539.0,2334192.0,2334198.0,468541.0,1.0,1.0,3370.0,3367.577880712439,3380.0,1.312331246315449,0.01,3372.95,3367.577880712439,1.0,1.0,1.0,-1.0,0.0,0.0,5.372119287560963,3889.4179072350944,3884.0457879475334,2.422119287561132,0.29,2.0,BREAK_LONG,STOP,2025-07-14 00:40:00,2025-07-14 00:45:00,2025-07-14 00:51:00,3372.805
2025-07-14 00:45:00,2025-07-14 00:50:00,2025-07-14 02:45:00,468588.0,2334437.0,2334552.0,468612.0,-1.0,4.0,3360.0,3362.867893201632,3350.0,2.647472433598639,0.05,3359.34,3362.867893201632,1.0,-1.0,1.0,1.0,0.0,1.0,17.639466008158706,3884.0457879475334,3866.4063219393747,2.075786403264031,0.29,24.0,REV_SHORT,STOP,2025-07-14 04:45:00,2025-07-14 04:50:00,2025-07-14 06:45:00,3359.485
2025-07-14 03:05:00,2025-07-14 03:10:00,2025-07-14 03:11:00,468616.0,2334577.0,2334578.0,468617.0,-1.0,4.0,3370.0,3372.183163996772,3360.0,3.9562047173300687,0.07,3369.725,3372.183163996772,1.0,-1.0,-1.0,1.0,0.0,0.0,17.20714797740311,3866.4063219393747,3849.1991739619716,2.266327993542873,0.29,1.0,REV_SHORT,STOP,2025-07-14 07:05:00,2025-07-14 07:10:00,2025-07-14 07:11:00,3369.87
2025-07-14 06:15:00,2025-07-14 06:20:00,2025-07-14 07:50:00,468654.0,2334767.0,2334857.0,468673.0,1.0,1.0,3370.0,3367.9231416624807,3380.0,1.4168902782052182,0.01,3372.92,3367.9231416624807,1.0,1.0,1.0,-1.0,0.0,0.0,4.99685833751937,3849.1991739619716,3844.2023156244522,2.0768583375194747,0.29,19.0,BREAK_LONG,STOP,2025-07-14 10:15:00,2025-07-14 10:20:00,2025-07-14 11:50:00,3372.775
2025-07-14 15:20:00,2025-07-14 15:25:00,2025-07-14 16:58:00,468763.0,2335312.0,2335405.0,468782.0,-1.0,4.0,3350.0,3351.160817955394,3340.0,4.02554382194448,0.08,3348.94,3342.895,4.0,-1.0,1.0,1.0,1.0,0.0,17.766543643152545,3844.2023156244522,3892.562315624453,1.2716359107882773,0.29,19.0,REV_SHORT,SESSION,2025-07-14 19:20:00,2025-07-14 19:25:00,2025-07-14 20:58:00,3349.085
2025-07-14 22:30:00,2025-07-14 22:35:00,2025-07-14 23:05:00,468837.0,2335677.0,2335707.0,468844.0,-1.0,4.0,3350.0,3353.0226197339293,3340.0,2.7393171603137128,0.05,3349.54,3353.0226197339293,1.0,-1.0,-1.0,1.0,0.0,1.0,17.413098669646843,3892.562315624453,3875.149216954806,1.755239467858653,0.29,7.0,REV_SHORT,STOP,2025-07-15 02:30:00,2025-07-15 02:35:00,2025-07-15 03:05:00,3349.685
2025-07-15 00:35:00,2025-07-15 00:40:00,2025-07-15 02:35:00,468862.0,2335802.0,2335917.0,468886.0,1.0,1.0,3360.0,3358.5987759218183,3370.0,4.918950036666253,0.05,3360.525,3358.5987759218183,1.0,1.0,1.0,-1.0,0.0,0.0,9.631120390909018,3875.149216954806,3865.518096563897,1.4012240781815049,0.29,24.0,BREAK_LONG,STOP,2025-07-15 04:35:00,2025-07-15 04:40:00,2025-07-15 06:35:00,3360.38
2025-07-20 20:30:00,2025-07-20 20:35:00,2025-07-21 00:34:00,469917.0,2341057.0,2341296.0,469965.0,1.0,1.0,3350.0,3348.7595657267875,3360.0,1.7716968186265902,0.04,3352.815,3355.475,3.0,1.0,1.0,1.0,0.0,0.0,16.221737092850162,3865.518096563897,3876.1580965638964,1.2404342732123923,0.29,48.0,BREAK_LONG,TIME,2025-07-21 00:30:00,2025-07-21 00:35:00,2025-07-21 04:34:00,3352.67
2025-07-21 01:05:00,2025-07-21 01:10:00,2025-07-21 01:12:00,469972.0,2341332.0,2341334.0,469973.0,-1.0,4.0,3360.0,3361.1243242559094,3350.0,6.203360442822237,0.06,3359.58,3361.1243242559094,1.0,-1.0,-1.0,-1.0,1.0,0.0,9.265945535456922,3876.1580965638964,3866.8921510284395,1.368648511818833,0.29,1.0,REV_SHORT,STOP,2025-07-21 05:05:00,2025-07-21 05:10:00,2025-07-21 05:12:00,3359.725
2025-07-21 07:30:00,2025-07-21 07:35:00,2025-07-21 08:23:00,470049.0,2341717.0,2341765.0,470059.0,1.0,1.0,3370.0,3368.4336479315925,3380.0,2.584962776277882,0.05,3371.66,3380.0,2.0,1.0,1.0,1.0,0.0,0.0,16.131760342036618,3866.8921510284395,3908.59215102844,1.5663520684072625,0.29,10.0,BREAK_LONG,TARGET,2025-07-21 11:30:00,2025-07-21 11:35:00,2025-07-21 12:23:00,3371.515
2025-07-23 15:45:00,2025-07-23 15:50:00,2025-07-23 16:58:00,470700.0,2344962.0,2345030.0,470714.0,1.0,3.0,3390.0,3387.582954617953,3400.0,3.2277335780874843,0.06,3390.52,3387.582954617953,1.0,-1.0,-1.0,1.0,1.0,0.0,17.622272292282105,3908.59215102844,3890.969878736158,2.0240907640936987,0.29,14.0,REV_LONG,STOP,2025-07-23 19:45:00,2025-07-23 19:50:00,2025-07-23 20:58:00,3390.375
2025-07-23 23:20:00,2025-07-23 23:25:00,2025-07-24 02:27:00,470779.0,2345352.0,2345534.0,470816.0,1.0,3.0,3380.0,3373.3312248973034,3390.0,1.4214584082165178,0.02,3380.215,3373.3312248973034,1.0,-1.0,-1.0,1.0,0.0,1.0,13.767550205393492,3890.969878736158,3877.2023285307646,3.0275502053923646,0.29,37.0,REV_LONG,STOP,2025-07-24 03:20:00,2025-07-24 03:25:00,2025-07-24 06:27:00,3380.07
2025-07-24 08:05:00,2025-07-24 08:10:00,2025-07-24 08:50:00,470884.0,2345877.0,2345917.0,470893.0,1.0,3.0,3360.0,3357.0347300544595,3370.0,1.2508094356893404,0.03,3362.795,3357.0347300544595,1.0,-1.0,-1.0,1.0,1.0,0.0,17.280809836621756,3877.2023285307646,3859.921518694143,2.320539891081575,0.29,9.0,REV_LONG,STOP,2025-07-24 12:05:00,2025-07-24 12:10:00,2025-07-24 12:50:00,3362.65
2025-07-25 01:45:00,2025-07-25 01:50:00,2025-07-25 04:26:00,471084.0,2346872.0,2347028.0,471116.0,-1.0,2.0,3360.0,3361.601151049914,3350.0,1.1243051041586882,0.03,3356.14,3350.0,2.0,1.0,1.0,1.0,0.0,0.0,16.383453149741854,3859.921518694143,3878.3415186941425,1.6011510499139654,0.29,32.0,BREAK_SHORT,TARGET,2025-07-25 05:45:00,2025-07-25 05:50:00,2025-07-25 08:26:00,3356.285
2025-07-25 07:30:00,2025-07-25 07:35:00,2025-07-25 08:41:00,471153.0,2347217.0,2347283.0,471167.0,1.0,3.0,3340.0,3337.990692443774,3350.0,2.9907212313278344,0.03,3341.0,3337.990692443774,1.0,-1.0,-1.0,-1.0,1.0,0.0,9.027922668677547,3878.3415186941425,3869.313596025465,2.0286151124521,0.29,14.0,REV_LONG,STOP,2025-07-25 11:30:00,2025-07-25 11:35:00,2025-07-25 12:41:00,3340.855
2025-07-25 11:55:00,2025-07-25 12:00:00,2025-07-25 13:11:00,471206.0,2347482.0,2347553.0,471221.0,-1.0,2.0,3330.0,3333.342444584776,3320.0,1.5354080921583504,0.03,3328.08,3333.342444584776,1.0,1.0,1.0,1.0,0.0,0.0,15.787333754327845,3869.313596025465,3853.526262271137,3.3424445847760422,0.29,15.0,BREAK_SHORT,STOP,2025-07-25 15:55:00,2025-07-25 16:00:00,2025-07-25 17:11:00,3328.225
2025-07-28 10:10:00,2025-07-28 10:15:00,2025-07-28 10:28:00,471461.0,2348752.0,2348765.0,471464.0,-1.0,2.0,3310.0,3314.0560391703048,3300.0,1.4590522827987649,0.03,3308.34,3314.0560391703048,1.0,1.0,1.0,1.0,0.0,0.0,17.148117510913835,3853.526262271137,3836.378144760223,4.056039170304546,0.29,3.0,BREAK_SHORT,STOP,2025-07-28 14:10:00,2025-07-28 14:15:00,2025-07-28 14:28:00,3308.485
2025-07-31 19:20:00,2025-07-31 19:25:00,2025-07-31 20:01:00,472387.0,2353362.0,2353398.0,472395.0,1.0,3.0,3290.0,3287.694009713022,3300.0,3.1490325646064092,0.03,3290.66,3287.694009713022,1.0,-1.0,-1.0,-1.0,0.0,1.0,8.897970860934038,3836.378144760223,3827.480173899289,1.5019805739566643,0.29,8.0,REV_LONG,STOP,2025-07-31 23:20:00,2025-07-31 23:25:00,2025-08-01 00:01:00,3290.515
2025-08-01 07:05:00,2025-08-01 07:10:00,2025-08-01 08:19:00,472528.0,2354067.0,2354136.0,472542.0,-1.0,4.0,3300.0,3302.263657319736,3290.0,3.9778259425506923,0.07,3299.8,3302.263657319736,1.0,-1.0,-1.0,1.0,1.0,1.0,17.24560123815081,3827.480173899289,3810.2345726611384,2.317314639472135,0.29,14.0,REV_SHORT,STOP,2025-08-01 11:05:00,2025-08-01 11:10:00,2025-08-01 12:19:00,3299.945
2025-08-04 03:05:00,2025-08-04 03:10:00,2025-08-04 07:07:00,472756.0,2355202.0,2355439.0,472804.0,-1.0,4.0,3360.0,3363.6624639488855,3350.0,2.4566953995211214,0.02,3359.71,3363.6624639488855,1.0,-1.0,-1.0,-1.0,0.0,1.0,7.904927897770904,3810.2345726611384,3802.3296447633675,2.0449278977711494,0.29,48.0,REV_SHORT,STOP,2025-08-04 07:05:00,2025-08-04 07:10:00,2025-08-04 11:07:00,3359.855
2025-08-04 08:05:00,2025-08-04 08:10:00,2025-08-04 09:14:00,472816.0,2355502.0,2355566.0,472829.0,-1.0,4.0,3370.0,3372.614120297779,3360.0,3.411888617480521,0.03,3369.755,3372.614120297779,1.0,-1.0,-1.0,-1.0,1.0,1.0,8.5773608933373,3802.3296447633675,3793.75228387003,2.0382405955585803,0.29,13.0,REV_SHORT,STOP,2025-08-04 12:05:00,2025-08-04 12:10:00,2025-08-04 13:14:00,3369.9
2025-08-04 20:55:00,2025-08-04 21:00:00,2025-08-04 21:09:00,472958.0,2356207.0,2356216.0,472960.0,-1.0,4.0,3380.0,3382.171060201055,3370.0,3.5060307046472734,0.03,3379.47,3382.171060201055,1.0,-1.0,-1.0,-1.0,0.0,1.0,8.103180603165129,3793.75228387003,3785.649103266865,1.4221204021100513,0.29,2.0,REV_SHORT,STOP,2025-08-05 00:55:00,2025-08-05 01:00:00,2025-08-05 01:09:00,3379.615
2025-08-05 01:20:00,2025-08-05 01:25:00,2025-08-05 02:42:00,473011.0,2356472.0,2356549.0,473027.0,1.0,3.0,3370.0,3367.088881215505,3380.0,2.465031452625668,0.05,3370.815,3367.088881215505,1.0,1.0,-1.0,1.0,0.0,1.0,18.630593922475782,3785.649103266865,3767.0185093443893,1.4422375689898703,0.29,16.0,REV_LONG,STOP,2025-08-05 05:20:00,2025-08-05 05:25:00,2025-08-05 06:42:00,3370.67
2025-08-05 10:45:00,2025-08-05 10:50:00,2025-08-05 11:52:00,473124.0,2357037.0,2357099.0,473137.0,1.0,1.0,3380.0,3376.7339042649182,3390.0,1.1887289551123728,0.01,3382.795,3390.0,2.0,1.0,1.0,-1.0,0.0,0.0,6.061095735081835,3767.0185093443893,3774.223509344389,3.266095735081922,0.29,13.0,BREAK_LONG,TARGET,2025-08-05 14:45:00,2025-08-05 14:50:00,2025-08-05 15:52:00,3382.65
2025-08-06 06:05:00,2025-08-06 06:10:00,2025-08-06 09:04:00,473344.0,2358132.0,2358306.0,473379.0,1.0,3.0,3360.0,3357.2864369459257,3370.0,2.2361865850386877,0.04,3361.215,3370.0,2.0,-1.0,-1.0,1.0,1.0,1.0,15.71425221629761,3774.223509344389,3809.3635093443886,2.027126108148681,0.29,35.0,REV_LONG,TARGET,2025-08-06 10:05:00,2025-08-06 10:10:00,2025-08-06 13:04:00,3361.07
2025-08-06 14:30:00,2025-08-06 14:35:00,2025-08-06 16:34:00,473445.0,2358637.0,2358756.0,473469.0,1.0,3.0,3370.0,3368.201888279045,3380.0,2.8204938120911245,0.06,3371.29,3368.201888279045,1.0,1.0,-1.0,1.0,0.0,1.0,18.528670325730673,3809.3635093443886,3790.834839018658,1.8162234419109262,0.29,24.0,REV_LONG,STOP,2025-08-06 18:30:00,2025-08-06 18:35:00,2025-08-06 20:34:00,3371.145
2025-08-07 01:15:00,2025-08-07 01:20:00,2025-08-07 02:41:00,473562.0,2359217.0,2359298.0,473579.0,-1.0,4.0,3380.0,3382.015399933124,3370.0,2.1574604888532125,0.02,3378.21,3382.015399933124,1.0,-1.0,-1.0,-1.0,0.0,0.0,7.610799866248271,3790.834839018658,3783.2240391524097,1.7207998662482893,0.29,17.0,REV_SHORT,STOP,2025-08-07 05:15:00,2025-08-07 05:20:00,2025-08-07 06:41:00,3378.355
2025-08-07 12:15:00,2025-08-07 12:20:00,2025-08-07 12:41:00,473694.0,2359877.0,2359898.0,473699.0,1.0,1.0,3390.0,3387.233200152909,3400.0,2.042032098800364,0.04,3391.43,3387.233200152909,1.0,1.0,1.0,1.0,0.0,0.0,16.78719938836366,3783.2240391524097,3766.436839764046,2.766799847091102,0.29,5.0,BREAK_LONG,STOP,2025-08-07 16:15:00,2025-08-07 16:20:00,2025-08-07 16:41:00,3391.285
2025-08-08 02:50:00,2025-08-08 02:55:00,2025-08-08 03:07:00,473857.0,2360687.0,2360699.0,473860.0,1.0,3.0,3390.0,3387.4418631566427,3400.0,1.507546665785431,0.03,3392.45,3400.0,2.0,1.0,-1.0,1.0,0.0,0.0,15.024410530071236,3766.436839764046,3789.0868397640465,2.616273686714758,0.29,3.0,REV_LONG,TARGET,2025-08-08 06:50:00,2025-08-08 06:55:00,2025-08-08 07:07:00,3392.305
2025-08-08 05:25:00,2025-08-08 05:30:00,2025-08-08 06:29:00,473888.0,2360842.0,2360901.0,473900.0,-1.0,4.0,3400.0,3402.905292114626,3390.0,2.880949904480098,0.05,3399.58,3390.0,2.0,-1.0,-1.0,1.0,0.0,0.0,16.62646057312941,3789.0868397640465,3836.986839764046,2.7805842292515064,0.29,12.0,REV_SHORT,TARGET,2025-08-08 09:25:00,2025-08-08 09:30:00,2025-08-08 10:29:00,3399.725
2025-08-11 10:50:00,2025-08-11 10:55:00,2025-08-11 13:39:00,474229.0,2362542.0,2362706.0,474262.0,-1.0,2.0,3350.0,3354.3067192413005,3340.0,1.292111946759036,0.03,3348.065,3354.3067192413005,1.0,1.0,1.0,1.0,0.0,0.0,18.725157723901248,3836.986839764046,3818.261682040145,4.3067192413004065,0.29,33.0,BREAK_SHORT,STOP,2025-08-11 14:50:00,2025-08-11 14:55:00,2025-08-11 17:39:00,3348.21
2025-08-13 01:25:00,2025-08-13 01:30:00,2025-08-13 01:35:00,474668.0,2364727.0,2364732.0,474670.0,1.0,3.0,3350.0,3348.766967230735,3360.0,3.2743122919305314,0.07,3351.395,3348.766967230735,1.0,-1.0,1.0,1.0,0.0,0.0,18.396229384853545,3818.261682040145,3799.8654526552914,1.416065538529781,0.29,2.0,REV_LONG,STOP,2025-08-13 05:25:00,2025-08-13 05:30:00,2025-08-13 05:35:00,3351.25
2025-08-13 03:35:00,2025-08-13 03:40:00,2025-08-13 04:46:00,474694.0,2364857.0,2364923.0,474708.0,-1.0,4.0,3360.0,3362.031834901703,3350.0,4.040916274987573,0.03,3359.645,3362.031834901703,1.0,-1.0,-1.0,-1.0,1.0,0.0,7.160504705108906,3799.8654526552914,3792.7049479501825,2.093669803405988,0.29,14.0,REV_SHORT,STOP,2025-08-13 07:35:00,2025-08-13 07:40:00,2025-08-13 08:46:00,3359.79
2025-08-13 20:35:00,2025-08-13 20:40:00,2025-08-13 21:05:00,474886.0,2365812.0,2365837.0,474892.0,1.0,1.0,3370.0,3368.200659552143,3380.0,2.282755381419569,0.05,3371.795,3368.200659552143,1.0,1.0,1.0,1.0,0.0,1.0,17.971702239285605,3792.7049479501825,3774.733245710897,1.7993404478570563,0.29,6.0,BREAK_LONG,STOP,2025-08-14 00:35:00,2025-08-14 00:40:00,2025-08-14 01:05:00,3371.65
2025-08-15 06:40:00,2025-08-15 06:45:00,2025-08-15 07:34:00,475283.0,2367792.0,2367841.0,475293.0,-1.0,2.0,3340.0,3342.0423974457226,3330.0,1.993835792762927,0.02,3338.02,3342.0423974457226,1.0,1.0,1.0,-1.0,0.0,0.0,8.044794891445235,3774.733245710897,3766.6884508194516,2.0423974457227776,0.29,10.0,BREAK_SHORT,STOP,2025-08-15 10:40:00,2025-08-15 10:45:00,2025-08-15 11:34:00,3338.165
2025-08-17 19:30:00,2025-08-17 19:35:00,2025-08-17 20:10:00,475425.0,2368497.0,2368532.0,475433.0,-1.0,2.0,3330.0,3331.816951151835,3320.0,2.336282925786069,0.02,3328.275,3331.816951151835,1.0,1.0,1.0,-1.0,0.0,0.0,7.083902303669674,3766.6884508194516,3759.604548515782,1.816951151834767,0.29,8.0,BREAK_SHORT,STOP,2025-08-17 23:30:00,2025-08-17 23:35:00,2025-08-18 00:10:00,3328.42
2025-08-18 20:05:00,2025-08-18 20:10:00,2025-08-18 23:10:00,475708.0,2369907.0,2370087.0,475745.0,1.0,3.0,3330.0,3325.5177897350163,3340.0,1.314483556039043,0.01,3331.775,3340.0,2.0,-1.0,-1.0,-1.0,0.0,1.0,6.257210264983769,3759.604548515782,3767.829548515782,1.5344205299668336,0.29,37.0,REV_LONG,TARGET,2025-08-19 00:05:00,2025-08-19 00:10:00,2025-08-19 03:10:00,3331.63
2025-08-19 09:25:00,2025-08-19 09:30:00,2025-08-19 10:45:00,475868.0,2370707.0,2370782.0,475884.0,1.0,3.0,3330.0,3326.4918803391606,3340.0,1.5936653803116976,0.01,3331.7,3326.4918803391606,1.0,-1.0,-1.0,-1.0,0.0,0.0,5.208119660839202,3767.829548515782,3762.6214288549427,2.4362393216789604,0.29,16.0,REV_LONG,STOP,2025-08-19 13:25:00,2025-08-19 13:30:00,2025-08-19 14:45:00,3331.555
2025-08-19 12:45:00,2025-08-19 12:50:00,2025-08-19 16:49:00,475908.0,2370907.0,2371146.0,475956.0,-1.0,2.0,3320.0,3322.1355692331963,3310.0,3.085267260422798,0.06,3319.165,3315.535,3.0,1.0,1.0,1.0,0.0,1.0,17.823415399177975,3762.6214288549427,3784.4014288549433,2.1355692331961715,0.29,48.0,BREAK_SHORT,TIME,2025-08-19 16:45:00,2025-08-19 16:50:00,2025-08-19 20:49:00,3319.31
2025-08-21 03:55:00,2025-08-21 04:00:00,2025-08-21 06:44:00,476354.0,2373127.0,2373291.0,476387.0,-1.0,4.0,3340.0,3342.436234590552,3330.0,2.350969680604846,0.05,3338.725,3330.0,2.0,-1.0,1.0,1.0,0.0,1.0,18.556172952760335,3784.4014288549433,3828.026428854943,1.642469181104267,0.29,33.0,REV_SHORT,TARGET,2025-08-21 07:55:00,2025-08-21 08:00:00,2025-08-21 10:44:00,3338.87
2025-08-22 00:40:00,2025-08-22 00:45:00,2025-08-22 01:46:00,476591.0,2374307.0,2374368.0,476604.0,-1.0,2.0,3330.0,3331.0826096090836,3320.0,5.182388821818577,0.1,3329.29,3331.0826096090836,1.0,1.0,1.0,1.0,0.0,0.0,17.926096090836836,3828.026428854943,3810.100332764106,1.0826096090836013,0.29,13.0,BREAK_SHORT,STOP,2025-08-22 04:40:00,2025-08-22 04:45:00,2025-08-22 05:46:00,3329.435
2025-08-22 15:45:00,2025-08-22 15:50:00,2025-08-22 16:58:00,476772.0,2375212.0,2375280.0,476786.0,1.0,3.0,3370.0,3368.317780975873,3380.0,3.183847657788691,0.06,3371.11,3371.835,4.0,1.0,1.0,1.0,1.0,1.0,16.753314144762044,3810.100332764106,3814.4503327641055,1.364438048253402,0.29,14.0,REV_LONG,SESSION,2025-08-22 19:45:00,2025-08-22 19:50:00,2025-08-22 20:58:00,3370.965
2025-08-24 20:00:00,2025-08-24 20:05:00,2025-08-24 22:10:00,476811.0,2375402.0,2375527.0,476837.0,-1.0,4.0,3370.0,3371.77357322725,3360.0,1.3912659939914866,0.01,3366.85,3360.0,2.0,-1.0,1.0,-1.0,0.0,0.0,4.923573227250017,3814.4503327641055,3821.3003327641054,1.3371464544995144,0.29,26.0,REV_SHORT,TARGET,2025-08-25 00:00:00,2025-08-25 00:05:00,2025-08-25 02:10:00,3366.995
2025-08-25 08:00:00,2025-08-25 08:05:00,2025-08-25 10:01:00,476955.0,2376122.0,2376238.0,476979.0,-1.0,4.0,3370.0,3372.2229295501843,3360.0,3.7139458722725367,0.03,3369.63,3372.2229295501843,1.0,-1.0,-1.0,-1.0,0.0,1.0,7.778788650552541,3821.3003327641054,3813.521544113553,1.3458591003678564,0.29,24.0,REV_SHORT,STOP,2025-08-25 12:00:00,2025-08-25 12:05:00,2025-08-25 14:01:00,3369.775
2025-08-26 16:00:00,2025-08-26 16:05:00,2025-08-26 16:45:00,477327.0,2377977.0,2378017.0,477336.0,-1.0,4.0,3390.0,3391.515840615245,3380.0,4.99520882880482,0.09,3389.595,3391.515840615245,1.0,-1.0,-1.0,1.0,1.0,0.0,17.287565537206774,3813.521544113553,3796.233978576346,1.1216812304901709,0.29,9.0,REV_SHORT,STOP,2025-08-26 20:00:00,2025-08-26 20:05:00,2025-08-26 20:45:00,3389.74
2025-08-28 00:15:00,2025-08-28 00:20:00,2025-08-28 01:41:00,477690.0,2379782.0,2379863.0,477707.0,1.0,3.0,3390.0,3388.9371884370826,3400.0,4.829246580156085,0.1,3390.835,3388.9371884370826,1.0,1.0,-1.0,1.0,1.0,0.0,18.97811562917468,3796.233978576346,3777.2558629471714,0.8056231258355838,0.29,17.0,REV_LONG,STOP,2025-08-28 04:15:00,2025-08-28 04:20:00,2025-08-28 05:41:00,3390.69
2025-08-29 04:00:00,2025-08-29 04:05:00,2025-08-29 05:31:00,478011.0,2381382.0,2381468.0,478029.0,1.0,1.0,3410.0,3408.4384716686845,3420.0,1.6030518030920502,0.04,3412.88,3408.4384716686845,1.0,1.0,1.0,1.0,0.0,0.0,17.766113325262268,3777.2558629471714,3759.489749621909,1.561528331315601,0.29,18.0,BREAK_LONG,STOP,2025-08-29 08:00:00,2025-08-29 08:05:00,2025-08-29 09:31:00,3412.735
2025-08-31 18:45:00,2025-08-31 18:50:00,2025-08-31 22:49:00,478176.0,2382202.0,2382441.0,478224.0,-1.0,4.0,3450.0,3452.648556623429,3440.0,3.3487400319260727,0.03,3449.7400000000002,3448.045,3.0,-1.0,0.0,-1.0,0.0,0.0,8.725669870286765,3759.489749621909,3764.5747496219096,2.277113246858088,0.29,48.0,REV_SHORT,TIME,2025-08-31 22:45:00,2025-08-31 22:50:00,2025-09-01 02:49:00,3449.885
2025-09-01 19:25:00,2025-09-01 19:30:00,2025-09-01 20:04:00,478460.0,2383617.0,2383651.0,478467.0,-1.0,4.0,3480.0,3482.194224203753,3470.0,1.292481710988837,0.01,3476.875,3482.194224203753,1.0,-1.0,1.0,-1.0,0.0,0.0,5.319224203753038,3764.5747496219096,3759.2555254181566,1.5884484075055398,0.29,7.0,REV_SHORT,STOP,2025-09-01 23:25:00,2025-09-01 23:30:00,2025-09-02 00:04:00,3477.02
2025-09-02 12:00:00,2025-09-02 12:05:00,2025-09-02 12:07:00,478659.0,2384612.0,2384614.0,478660.0,-1.0,4.0,3520.0,3523.9552501872,3510.0,1.925475528442104,0.03,3519.185,3523.9552501872,1.0,-1.0,-1.0,1.0,1.0,0.0,14.310750561599889,3759.2555254181566,3744.9447748565567,4.150500374399504,0.29,1.0,REV_SHORT,STOP,2025-09-02 16:00:00,2025-09-02 16:05:00,2025-09-02 16:07:00,3519.33
2025-09-03 13:10:00,2025-09-03 13:15:00,2025-09-03 14:37:00,478949.0,2386057.0,2386139.0,478966.0,1.0,1.0,3570.0,3567.741346275599,3580.0,1.435339098709946,0.03,3572.775,3567.741346275599,1.0,1.0,1.0,1.0,0.0,0.0,15.100961173203359,3744.9447748565567,3729.8438136833533,2.2586537244008196,0.29,17.0,BREAK_LONG,STOP,2025-09-03 17:10:00,2025-09-03 17:15:00,2025-09-03 18:37:00,3572.63
2025-09-03 21:05:00,2025-09-03 21:10:00,2025-09-03 21:32:00,479032.0,2386467.0,2386489.0,479037.0,-1.0,4.0,3560.0,3564.876009803372,3550.0,1.418466280970059,0.01,3558.725,3550.0,2.0,-1.0,1.0,-1.0,0.0,0.0,6.15100980337229,3729.8438136833533,3738.5688136833533,2.9020196067444757,0.29,5.0,REV_SHORT,TARGET,2025-09-04 01:05:00,2025-09-04 01:10:00,2025-09-04 01:32:00,3558.87
2025-09-05 02:25:00,2025-09-05 02:30:00,2025-09-05 03:38:00,479372.0,2388162.0,2388230.0,479386.0,1.0,3.0,3550.0,3547.1724172297227,3560.0,2.422895118425295,0.04,3550.92,3547.1724172297227,1.0,1.0,-1.0,1.0,0.0,1.0,14.990331081109618,3738.5688136833533,3723.5784826022436,2.36516554055439,0.29,14.0,REV_LONG,STOP,2025-09-05 06:25:00,2025-09-05 06:30:00,2025-09-05 07:38:00,3550.775
2025-09-05 05:20:00,2025-09-05 05:25:00,2025-09-05 05:49:00,479407.0,2388337.0,2388361.0,479412.0,-1.0,4.0,3550.0,3552.4229132386104,3540.0,3.4163869216058793,0.03,3549.61,3552.4229132386104,1.0,-1.0,1.0,-1.0,0.0,0.0,8.438739715830707,3723.5784826022436,3715.139742886413,2.1958264772206832,0.29,5.0,REV_SHORT,STOP,2025-09-05 09:20:00,2025-09-05 09:25:00,2025-09-05 09:49:00,3549.755
2025-09-07 19:25:00,2025-09-07 19:30:00,2025-09-07 21:11:00,479564.0,2389117.0,2389218.0,479585.0,1.0,3.0,3590.0,3586.4706976938187,3600.0,2.5010983184570605,0.04,3590.335,3586.4706976938187,1.0,1.0,-1.0,1.0,0.0,0.0,15.457209224725373,3715.139742886413,3699.6825336616876,2.7586046123621113,0.29,21.0,REV_LONG,STOP,2025-09-07 23:25:00,2025-09-07 23:30:00,2025-09-08 01:11:00,3590.19
2025-09-08 02:05:00,2025-09-08 02:10:00,2025-09-08 02:14:00,479644.0,2389517.0,2389521.0,479645.0,-1.0,4.0,3590.0,3593.6591645045464,3580.0,2.4413198266035203,0.02,3589.69,3593.6591645045464,1.0,-1.0,-1.0,-1.0,0.0,1.0,7.93832900909274,3699.6825336616876,3691.744204652595,2.068329009092471,0.29,1.0,REV_SHORT,STOP,2025-09-08 06:05:00,2025-09-08 06:10:00,2025-09-08 06:14:00,3589.835
2025-09-08 08:05:00,2025-09-08 08:10:00,2025-09-08 08:55:00,479716.0,2389877.0,2389922.0,479726.0,-1.0,4.0,3620.0,3623.278247417115,3610.0,1.5445798858759447,0.01,3618.06,3623.278247417115,1.0,-1.0,-1.0,-1.0,1.0,1.0,5.218247417114981,3691.744204652595,3686.52595723548,2.4864948342297755,0.29,10.0,REV_SHORT,STOP,2025-09-08 12:05:00,2025-09-08 12:10:00,2025-09-08 12:55:00,3618.205
2025-09-08 18:40:00,2025-09-08 18:45:00,2025-09-08 20:23:00,479831.0,2390447.0,2390545.0,479851.0,1.0,3.0,3630.0,3627.9931388274317,3640.0,4.440696189600339,0.08,3630.2,3640.0,2.0,1.0,0.0,1.0,0.0,0.0,17.654889380544773,3686.52595723548,3764.9259572354813,1.6137223451367564,0.29,20.0,REV_LONG,TARGET,2025-09-08 22:40:00,2025-09-08 22:45:00,2025-09-09 00:23:00,3630.055
2025-09-09 00:35:00,2025-09-09 00:40:00,2025-09-09 02:06:00,479902.0,2390802.0,2390888.0,479920.0,1.0,1.0,3650.0,3647.4989888629016,3660.0,1.3471620346459263,0.03,3652.825,3647.4989888629016,1.0,1.0,1.0,1.0,0.0,0.0,15.978033411294746,3764.9259572354813,3748.9479238241865,2.5010111370982995,0.29,18.0,BREAK_LONG,STOP,2025-09-09 04:35:00,2025-09-09 04:40:00,2025-09-09 06:06:00,3652.68
2025-09-09 20:15:00,2025-09-09 20:20:00,2025-09-09 20:26:00,480126.0,2391917.0,2391923.0,480128.0,1.0,3.0,3630.0,3627.3790772915386,3640.0,3.514045638767222,0.03,3630.175,3627.3790772915386,1.0,1.0,-1.0,-1.0,0.0,0.0,8.38776812538481,3748.9479238241865,3740.5601556988017,2.691845416922328,0.29,2.0,REV_LONG,STOP,2025-09-10 00:15:00,2025-09-10 00:20:00,2025-09-10 00:26:00,3630.03
2025-09-09 21:55:00,2025-09-09 22:00:00,2025-09-09 22:08:00,480146.0,2392017.0,2392025.0,480148.0,-1.0,4.0,3630.0,3634.444990908743,3620.0,2.041056538056853,0.03,3629.695,3634.444990908743,1.0,-1.0,1.0,1.0,0.0,1.0,14.249972726228407,3740.5601556988017,3726.3101829725733,3.4599818174854917,0.29,2.0,REV_SHORT,STOP,2025-09-10 01:55:00,2025-09-10 02:00:00,2025-09-10 02:08:00,3629.84
2025-09-10 00:20:00,2025-09-10 00:25:00,2025-09-10 04:24:00,480175.0,2392162.0,2392401.0,480223.0,1.0,1.0,3640.0,3638.1448360017916,3650.0,2.925337831071836,0.03,3641.165,3644.085,3.0,1.0,1.0,-1.0,0.0,0.0,9.060491994624954,3726.3101829725733,3735.0701829725735,1.8551639982085477,0.29,48.0,BREAK_LONG,TIME,2025-09-10 04:20:00,2025-09-10 04:25:00,2025-09-10 08:24:00,3641.02
2025-09-10 09:45:00,2025-09-10 09:50:00,2025-09-10 11:25:00,480288.0,2392727.0,2392822.0,480308.0,-1.0,4.0,3650.0,3656.0832101938804,3640.0,1.1695338150747692,0.02,3648.67,3640.0,2.0,-1.0,-1.0,1.0,0.0,0.0,14.826420387760663,3735.0701829725735,3752.4101829725737,3.736420387760784,0.29,20.0,REV_SHORT,TARGET,2025-09-10 13:45:00,2025-09-10 13:50:00,2025-09-10 15:25:00,3648.815
2025-09-10 18:30:00,2025-09-10 18:35:00,2025-09-10 22:26:00,480381.0,2393187.0,2393418.0,480428.0,1.0,3.0,3640.0,3638.1983243259583,3650.0,4.0077640313580325,0.03,3640.555,3638.1983243259583,1.0,1.0,0.0,-1.0,0.0,1.0,7.0700270221245765,3752.4101829725737,3745.340155950449,1.8933513480831927,0.29,47.0,REV_LONG,STOP,2025-09-10 22:30:00,2025-09-10 22:35:00,2025-09-11 02:26:00,3640.41
2025-09-12 08:40:00,2025-09-12 08:45:00,2025-09-12 09:12:00,480827.0,2395412.0,2395439.0,480833.0,1.0,3.0,3640.0,3637.0439353400366,3650.0,2.7542225187113885,0.02,3640.495,3650.0,2.0,1.0,-1.0,-1.0,0.0,1.0,6.902129319926644,3745.340155950449,3764.3501559504493,2.602129319926645,0.29,6.0,REV_LONG,TARGET,2025-09-12 12:40:00,2025-09-12 12:45:00,2025-09-12 13:12:00,3640.35
2025-09-15 10:50:00,2025-09-15 10:55:00,2025-09-15 11:49:00,481129.0,2396917.0,2396971.0,481140.0,1.0,1.0,3660.0,3656.9136386176037,3670.0,1.5015211960757264,0.03,3662.145,3670.0,2.0,1.0,1.0,1.0,0.0,1.0,15.694084147188732,3764.3501559504493,3787.9151559504494,3.0863613823963707,0.29,11.0,BREAK_LONG,TARGET,2025-09-15 14:50:00,2025-09-15 14:55:00,2025-09-15 15:49:00,3662.0
2025-09-15 12:20:00,2025-09-15 12:25:00,2025-09-15 12:41:00,481147.0,2397007.0,2397023.0,481151.0,1.0,1.0,3680.0,3677.134604830846,3690.0,1.4433864422033191,0.03,3682.4,3677.134604830846,1.0,1.0,1.0,1.0,0.0,1.0,15.796185507462269,3787.9151559504494,3772.118970442987,2.865395169154028,0.29,4.0,BREAK_LONG,STOP,2025-09-15 16:20:00,2025-09-15 16:25:00,2025-09-15 16:41:00,3682.255
2025-09-16 03:10:00,2025-09-16 03:15:00,2025-09-16 03:39:00,481313.0,2397832.0,2397856.0,481318.0,1.0,1.0,3690.0,3687.67625059049,3700.0,1.5897033756141503,0.03,3692.435,3687.67625059049,1.0,1.0,1.0,1.0,0.0,1.0,14.27624822853022,3772.118970442987,3757.842722214457,2.323749409509977,0.29,5.0,BREAK_LONG,STOP,2025-09-16 07:10:00,2025-09-16 07:15:00,2025-09-16 07:39:00,3692.29
2025-09-18 00:10:00,2025-09-18 00:15:00,2025-09-18 01:55:00,481829.0,2400402.0,2400502.0,481850.0,-1.0,2.0,3660.0,3661.9990814819685,3650.0,2.5721317111177493,0.05,3658.64,3650.0,2.0,1.0,1.0,1.0,0.0,0.0,16.795407409842937,3757.842722214457,3801.0427222144563,1.999081481968253,0.29,21.0,BREAK_SHORT,TARGET,2025-09-18 04:10:00,2025-09-18 04:15:00,2025-09-18 05:55:00,3658.785
2025-09-18 02:25:00,2025-09-18 02:30:00,2025-09-18 03:11:00,481856.0,2400537.0,2400578.0,481865.0,-1.0,2.0,3640.0,3643.423704892041,3630.0,1.7430556578664407,0.03,3638.53,3643.423704892041,1.0,1.0,1.0,1.0,0.0,0.0,14.681114676121979,3801.0427222144563,3786.3616075383343,3.4237048920408464,0.29,9.0,BREAK_SHORT,STOP,2025-09-18 06:25:00,2025-09-18 06:30:00,2025-09-18 07:11:00,3638.675
2025-09-22 20:45:00,2025-09-22 20:50:00,2025-09-22 21:06:00,482616.0,2404322.0,2404338.0,482620.0,-1.0,4.0,3750.0,3751.651368421282,3740.0,2.1225457006144053,0.02,3747.92,3751.651368421282,1.0,-1.0,-1.0,-1.0,0.0,0.0,7.462736842563572,3786.3616075383343,3778.8988706957707,1.9427368425636897,0.29,4.0,REV_SHORT,STOP,2025-09-23 00:45:00,2025-09-23 00:50:00,2025-09-23 01:06:00,3748.065
2025-09-22 23:00:00,2025-09-22 23:05:00,2025-09-23 01:29:00,482643.0,2404457.0,2404601.0,482672.0,1.0,3.0,3740.0,3735.1080413276222,3750.0,1.290380395009715,0.02,3741.61,3750.0,2.0,1.0,-1.0,1.0,0.0,0.0,13.003917344755791,3778.8988706957707,3795.6788706957705,3.513917344755229,0.29,29.0,REV_LONG,TARGET,2025-09-23 03:00:00,2025-09-23 03:05:00,2025-09-23 05:29:00,3741.465
2025-09-23 05:25:00,2025-09-23 05:30:00,2025-09-23 05:44:00,482720.0,2404842.0,2404856.0,482723.0,-1.0,4.0,3790.0,3793.163151499432,3780.0,1.101681797195227,0.01,3786.9,3780.0,2.0,-1.0,-1.0,-1.0,1.0,0.0,6.263151499431842,3795.6788706957705,3802.5788706957705,3.826302998864023,0.29,3.0,REV_SHORT,TARGET,2025-09-23 09:25:00,2025-09-23 09:30:00,2025-09-23 09:44:00,3787.045
2025-09-24 15:25:00,2025-09-24 15:30:00,2025-09-24 15:33:00,483116.0,2406817.0,2406820.0,483117.0,-1.0,2.0,3720.0,3722.6824295940537,3710.0,1.6109343117558668,0.03,3717.825,3722.6824295940537,1.0,1.0,1.0,1.0,0.0,1.0,14.57228878216165,3802.5788706957705,3788.006581913609,2.6824295940535543,0.29,1.0,BREAK_SHORT,STOP,2025-09-24 19:25:00,2025-09-24 19:30:00,2025-09-24 19:33:00,3717.97
2025-09-24 20:20:00,2025-09-24 20:25:00,2025-09-24 21:39:00,483163.0,2407047.0,2407121.0,483178.0,-1.0,4.0,3750.0,3752.61918533681,3740.0,3.308087022773689,0.06,3749.69,3740.0,2.0,-1.0,-1.0,1.0,0.0,1.0,17.575112020859702,3788.006581913609,3846.146581913609,2.168370673620495,0.29,15.0,REV_SHORT,TARGET,2025-09-25 00:20:00,2025-09-25 00:25:00,2025-09-25 01:39:00,3749.835
2025-09-29 20:25:00,2025-09-29 20:30:00,2025-09-29 21:01:00,483992.0,2411177.0,2411208.0,483999.0,-1.0,4.0,3840.0,3842.1392637296135,3830.0,2.363362901417582,0.02,3838.53,3842.1392637296135,1.0,-1.0,-1.0,-1.0,0.0,0.0,7.218527459226608,3846.146581913609,3838.9280544543826,2.608527459226928,0.29,7.0,REV_SHORT,STOP,2025-09-30 00:25:00,2025-09-30 00:30:00,2025-09-30 01:01:00,3838.675
2025-09-30 18:55:00,2025-09-30 19:00:00,2025-09-30 19:09:00,484250.0,2412462.0,2412471.0,484252.0,-1.0,4.0,3860.0,3862.080981187984,3850.0,4.182787939370927,0.04,3859.75,3862.080981187984,1.0,-1.0,-1.0,-1.0,0.0,0.0,9.32392475193592,3838.9280544543826,3829.6041297024467,2.3519623759672235,0.29,2.0,REV_SHORT,STOP,2025-09-30 22:55:00,2025-09-30 23:00:00,2025-09-30 23:09:00,3859.895
2025-10-01 05:40:00,2025-10-01 05:45:00,2025-10-01 07:14:00,484379.0,2413107.0,2413196.0,484397.0,1.0,3.0,3890.0,3881.861181580148,3900.0,1.1830803735598598,0.02,3890.17,3881.861181580148,1.0,1.0,1.0,1.0,1.0,1.0,16.617636839704574,3829.6041297024467,3812.986492862742,3.7476368397042914,0.29,18.0,REV_LONG,STOP,2025-10-01 09:40:00,2025-10-01 09:45:00,2025-10-01 11:14:00,3890.025
2025-10-02 02:20:00,2025-10-02 02:25:00,2025-10-02 02:47:00,484615.0,2414282.0,2414304.0,484620.0,1.0,1.0,3870.0,3867.950895618394,3880.0,1.083140895576338,0.03,3873.735,3867.950895618394,1.0,1.0,1.0,1.0,0.0,1.0,17.352313144818254,3812.986492862742,3795.634179717924,2.049104381606059,0.29,5.0,BREAK_LONG,STOP,2025-10-02 06:20:00,2025-10-02 06:25:00,2025-10-02 06:47:00,3873.59
2025-10-02 19:50:00,2025-10-02 19:55:00,2025-10-02 20:07:00,484813.0,2415267.0,2415279.0,484816.0,1.0,1.0,3860.0,3858.2318830213426,3870.0,1.564912148796293,0.02,3862.82,3858.2318830213426,1.0,1.0,1.0,-1.0,0.0,0.0,9.176233957315162,3795.634179717924,3786.4579457606087,1.7681169786572253,0.29,3.0,BREAK_LONG,STOP,2025-10-02 23:50:00,2025-10-02 23:55:00,2025-10-03 00:07:00,3862.675
2025-10-02 21:35:00,2025-10-02 21:40:00,2025-10-02 23:14:00,484834.0,2415372.0,2415466.0,484853.0,1.0,3.0,3850.0,3846.0100145058127,3860.0,1.3752156109711076,0.01,3851.9,3846.0100145058127,1.0,-1.0,-1.0,-1.0,0.0,1.0,5.8899854941873855,3786.4579457606087,3780.5679602664213,2.9799709883750185,0.29,19.0,REV_LONG,STOP,2025-10-03 01:35:00,2025-10-03 01:40:00,2025-10-03 03:14:00,3851.755
2025-10-02 23:35:00,2025-10-02 23:40:00,2025-10-03 01:15:00,484858.0,2415492.0,2415587.0,484878.0,1.0,3.0,3840.0,3836.4364612845557,3850.0,2.1119463657354025,0.02,3840.795,3850.0,2.0,-1.0,-1.0,-1.0,1.0,0.0,8.717077430888821,3780.5679602664213,3798.977960266421,3.267077430888935,0.29,20.0,REV_LONG,TARGET,2025-10-03 03:35:00,2025-10-03 03:40:00,2025-10-03 05:15:00,3840.65
2025-10-05 19:15:00,2025-10-05 19:20:00,2025-10-05 20:25:00,485082.0,2416607.0,2416672.0,485096.0,-1.0,4.0,3910.0,3915.257414347697,3900.0,1.7931631283390606,0.03,3909.795,3900.0,2.0,-1.0,-1.0,1.0,1.0,0.0,16.387243043090166,3798.977960266421,3828.3629602664214,4.314828695393519,0.29,14.0,REV_SHORT,TARGET,2025-10-05 23:15:00,2025-10-05 23:20:00,2025-10-06 00:25:00,3909.94
2025-10-06 21:05:00,2025-10-06 21:10:00,2025-10-06 21:12:00,485380.0,2418092.0,2418094.0,485381.0,1.0,3.0,3960.0,3956.5684057456883,3970.0,2.673252573340361,0.02,3960.225,3956.5684057456883,1.0,1.0,-1.0,-1.0,0.0,0.0,7.313188508623171,3828.3629602664214,3821.049771757798,3.813188508623593,0.29,1.0,REV_LONG,STOP,2025-10-07 01:05:00,2025-10-07 01:10:00,2025-10-07 01:12:00,3960.08
2025-10-07 05:25:00,2025-10-07 05:30:00,2025-10-07 07:45:00,485480.0,2418592.0,2418727.0,485508.0,-1.0,4.0,3960.0,3965.4040051788406,3950.0,1.4016203213645542,0.02,3958.9900000000002,3965.4040051788406,1.0,-1.0,1.0,1.0,0.0,1.0,12.828010357680796,3821.049771757798,3808.2217614001174,3.4680103576815733,0.29,28.0,REV_SHORT,STOP,2025-10-07 09:25:00,2025-10-07 09:30:00,2025-10-07 11:45:00,3959.135
2025-10-08 10:15:00,2025-10-08 10:20:00,2025-10-08 11:06:00,485814.0,2420257.0,2420303.0,485824.0,1.0,1.0,4040.0,4034.8497838132625,4050.0,1.4514055380859978,0.01,4041.03,4050.0,2.0,1.0,1.0,-1.0,0.0,1.0,6.180216186737653,3808.2217614001174,3817.1917614001172,5.15021618673765,0.29,10.0,BREAK_LONG,TARGET,2025-10-08 14:15:00,2025-10-08 14:20:00,2025-10-08 15:06:00,4040.885
2025-10-13 12:25:00,2025-10-13 12:30:00,2025-10-13 12:45:00,486668.0,2424512.0,2424527.0,486672.0,1.0,1.0,4110.0,4105.515645218778,4120.0,1.9745942598145572,0.01,4110.385,4105.515645218778,1.0,1.0,1.0,-1.0,0.0,1.0,4.869354781221773,3817.1917614001172,3812.3224066188955,4.484354781221792,0.29,4.0,BREAK_LONG,STOP,2025-10-13 16:25:00,2025-10-13 16:30:00,2025-10-13 16:45:00,4110.24
2025-10-13 21:30:00,2025-10-13 21:35:00,2025-10-13 21:49:00,486765.0,2424992.0,2425006.0,486768.0,1.0,1.0,4140.0,4134.803308864789,4150.0,1.0869727722626676,0.01,4142.085,4134.803308864789,1.0,1.0,1.0,-1.0,0.0,0.0,7.2816911352110765,3812.3224066188955,3805.0407154836844,5.196691135210765,0.29,3.0,BREAK_LONG,STOP,2025-10-14 01:30:00,2025-10-14 01:35:00,2025-10-14 01:49:00,4141.94
2025-10-14 12:20:00,2025-10-14 12:25:00,2025-10-14 12:40:00,486943.0,2425882.0,2425897.0,486947.0,1.0,3.0,4130.0,4124.903157111197,4140.0,1.73650042118203,0.03,4130.42,4140.0,2.0,1.0,-1.0,1.0,0.0,0.0,16.550528666408354,3805.0407154836844,3833.780715483684,5.843685777604656,0.29,4.0,REV_LONG,TARGET,2025-10-14 16:20:00,2025-10-14 16:25:00,2025-10-14 16:40:00,4130.275
2025-10-15 20:40:00,2025-10-15 20:45:00,2025-10-15 20:50:00,487307.0,2427692.0,2427697.0,487309.0,1.0,1.0,4220.0,4216.069948675708,4230.0,1.3510431491418509,0.03,4221.995000000001,4216.069948675708,1.0,1.0,1.0,1.0,0.0,0.0,17.775153972879707,3833.780715483684,3816.0055615108045,3.9300513242927435,0.29,2.0,BREAK_LONG,STOP,2025-10-16 00:40:00,2025-10-16 00:45:00,2025-10-16 00:50:00,4221.85
2025-10-16 00:55:00,2025-10-16 01:00:00,2025-10-16 01:15:00,487358.0,2427947.0,2427962.0,487362.0,1.0,3.0,4230.0,4226.460631576315,4240.0,1.183991577586566,0.03,4232.660000000001,4226.460631576315,1.0,1.0,1.0,1.0,0.0,0.0,18.598105271057648,3816.0055615108045,3797.407456239747,3.578736847370922,0.29,4.0,REV_LONG,STOP,2025-10-16 04:55:00,2025-10-16 05:00:00,2025-10-16 05:15:00,4232.515
2025-10-16 03:30:00,2025-10-16 03:35:00,2025-10-16 05:56:00,487389.0,2428102.0,2428243.0,487418.0,-1.0,4.0,4230.0,4236.835035032469,4220.0,1.3156745403951176,0.01,4229.565,4236.835035032469,1.0,-1.0,-1.0,-1.0,0.0,1.0,7.270035032469423,3797.407456239747,3790.1374212072774,5.040070064939291,0.29,29.0,REV_SHORT,STOP,2025-10-16 07:30:00,2025-10-16 07:35:00,2025-10-16 09:56:00,4229.71
2025-10-16 09:25:00,2025-10-16 09:30:00,2025-10-16 09:43:00,487460.0,2428457.0,2428470.0,487463.0,-1.0,4.0,4250.0,4257.784516926755,4240.0,1.2218101466324736,0.01,4249.78,4257.784516926755,1.0,-1.0,-1.0,-1.0,1.0,1.0,8.004516926755059,3790.1374212072774,3782.1329042805223,5.709033853508948,0.29,3.0,REV_SHORT,STOP,2025-10-16 13:25:00,2025-10-16 13:30:00,2025-10-16 13:43:00,4249.925
2025-10-16 11:40:00,2025-10-16 11:45:00,2025-10-16 12:14:00,487487.0,2428592.0,2428621.0,487493.0,1.0,1.0,4270.0,4264.495629937821,4280.0,1.3947302846883007,0.02,4270.97,4280.0,2.0,1.0,1.0,1.0,0.0,1.0,12.948740124358665,3782.1329042805223,3800.192904280522,5.504370062179403,0.29,6.0,BREAK_LONG,TARGET,2025-10-16 15:40:00,2025-10-16 15:45:00,2025-10-16 16:14:00,4270.825
2025-10-20 08:35:00,2025-10-20 08:40:00,2025-10-20 08:40:00,488002.0,2431157.0,2431157.0,488003.0,-1.0,4.0,4310.0,4317.913276418815,4300.0,1.064151399922909,0.02,4309.235,4317.913276418815,1.0,-1.0,-1.0,1.0,1.0,0.0,17.35655283763117,3800.192904280522,3782.8363514428906,6.47655283763099,0.29,1.0,REV_SHORT,STOP,2025-10-20 12:35:00,2025-10-20 12:40:00,2025-10-20 12:40:00,4309.38
2025-10-20 19:50:00,2025-10-20 19:55:00,2025-10-20 20:25:00,488125.0,2431767.0,2431797.0,488132.0,1.0,3.0,4360.0,4354.347841707202,4370.0,1.0766657252978948,0.01,4361.885,4370.0,2.0,1.0,-1.0,-1.0,0.0,1.0,7.537158292798267,3782.8363514428906,3790.9513514428904,5.174316585596101,0.29,7.0,REV_LONG,TARGET,2025-10-20 23:50:00,2025-10-20 23:55:00,2025-10-21 00:25:00,4361.74
2025-10-23 19:35:00,2025-10-23 19:40:00,2025-10-23 19:51:00,488950.0,2435877.0,2435888.0,488953.0,1.0,3.0,4110.0,4103.892182162137,4120.0,1.1483341134964493,0.01,4111.39,4120.0,2.0,-1.0,-1.0,-1.0,0.0,1.0,7.497817837863295,3790.9513514428904,3799.56135144289,4.3856356757261254,0.29,3.0,REV_LONG,TARGET,2025-10-23 23:35:00,2025-10-23 23:40:00,2025-10-23 23:51:00,4111.245
2025-10-24 02:25:00,2025-10-24 02:30:00,2025-10-24 02:41:00,489032.0,2436287.0,2436298.0,489035.0,-1.0,2.0,4090.0,4096.088896928724,4080.0,1.1878056062876394,0.02,4088.735,4096.088896928724,1.0,1.0,1.0,1.0,0.0,1.0,14.70779385744845,3799.56135144289,3784.8535575854416,6.0888969287246635,0.29,3.0,BREAK_SHORT,STOP,2025-10-24 06:25:00,2025-10-24 06:30:00,2025-10-24 06:41:00,4088.88
2025-10-24 06:40:00,2025-10-24 06:45:00,2025-10-24 07:03:00,489083.0,2436542.0,2436560.0,489087.0,1.0,3.0,4060.0,4051.8037728030135,4070.0,1.1366535645532059,0.01,4060.32,4051.8037728030135,1.0,-1.0,-1.0,-1.0,1.0,0.0,8.51622719698662,3784.8535575854416,3776.337330388455,5.882454393972252,0.29,4.0,REV_LONG,STOP,2025-10-24 10:40:00,2025-10-24 10:45:00,2025-10-24 11:03:00,4060.175
2025-10-30 15:20:00,2025-10-30 15:25:00,2025-10-30 16:58:00,490291.0,2442562.0,2442655.0,490310.0,1.0,1.0,4020.0,4015.3013161604795,4030.0,1.8828388466821386,0.01,4020.4,4024.47,4.0,1.0,1.0,-1.0,0.0,1.0,5.098683839520618,3776.337330388455,3780.4073303884547,4.698683839520529,0.29,19.0,BREAK_LONG,SESSION,2025-10-30 19:20:00,2025-10-30 19:25:00,2025-10-30 20:58:00,4020.255
2025-11-04 07:40:00,2025-11-04 07:45:00,2025-11-04 08:35:00,491027.0,2446227.0,2446277.0,491038.0,1.0,3.0,3990.0,3982.456711140324,4000.0,1.1477312030774276,0.01,3990.625,3982.456711140324,1.0,-1.0,1.0,-1.0,0.0,1.0,8.168288859676068,3780.4073303884547,3772.2390415287787,3.3665777193519664,0.29,11.0,REV_LONG,STOP,2025-11-04 12:40:00,2025-11-04 12:45:00,2025-11-04 13:35:00,3990.48
2025-11-04 23:55:00,2025-11-05 00:00:00,2025-11-05 00:24:00,491210.0,2447137.0,2447161.0,491215.0,-1.0,4.0,3970.0,3975.6232598885313,3960.0,1.4042220773756076,0.02,3969.125,3975.6232598885313,1.0,1.0,-1.0,1.0,1.0,1.0,12.996519777062531,3772.2390415287787,3759.242521751716,3.456519777062772,0.29,5.0,REV_SHORT,STOP,2025-11-05 04:55:00,2025-11-05 05:00:00,2025-11-05 05:24:00,3969.27
2025-11-05 21:45:00,2025-11-05 21:50:00,2025-11-05 22:39:00,491460.0,2448382.0,2448431.0,491470.0,1.0,1.0,3980.0,3976.4714533748775,3990.0,1.374034559176991,0.03,3982.17,3990.0,2.0,1.0,1.0,1.0,0.0,1.0,17.09563987536785,3759.242521751716,3782.732521751716,3.528546625122722,0.29,10.0,BREAK_LONG,TARGET,2025-11-06 02:45:00,2025-11-06 02:50:00,2025-11-06 03:39:00,3982.025
2025-11-06 10:50:00,2025-11-06 10:55:00,2025-11-06 12:18:00,491617.0,2449167.0,2449250.0,491634.0,1.0,3.0,3980.0,3973.8689527365755,3990.0,1.5499409965981998,0.02,3980.195,3973.8689527365755,1.0,-1.0,-1.0,1.0,1.0,0.0,12.652094526849398,3782.732521751716,3770.0804272248665,5.992094526848402,0.29,17.0,REV_LONG,STOP,2025-11-06 15:50:00,2025-11-06 15:55:00,2025-11-06 17:18:00,3980.05
2025-11-06 20:25:00,2025-11-06 20:30:00,2025-11-06 21:02:00,491720.0,2449677.0,2449709.0,491727.0,-1.0,4.0,4000.0,4003.0605425849058,3990.0,1.7234754678259256,0.01,3998.265,4003.0605425849058,1.0,-1.0,-1.0,-1.0,0.0,1.0,4.795542584905888,3770.0804272248665,3765.2848846399606,2.8910851698119684,0.29,7.0,REV_SHORT,STOP,2025-11-07 01:25:00,2025-11-07 01:30:00,2025-11-07 02:02:00,3998.41
2025-11-06 22:20:00,2025-11-06 22:25:00,2025-11-06 23:03:00,491743.0,2449792.0,2449830.0,491751.0,1.0,3.0,3990.0,3987.0560868036036,4000.0,1.7842879936820717,0.04,3991.705,3987.0560868036036,1.0,1.0,-1.0,1.0,0.0,0.0,18.595652785585116,3765.2848846399606,3746.6892318543755,3.2678263927929687,0.29,8.0,REV_LONG,STOP,2025-11-07 03:20:00,2025-11-07 03:25:00,2025-11-07 04:03:00,3991.56
2025-11-07 06:05:00,2025-11-07 06:10:00,2025-11-07 06:28:00,491836.0,2450257.0,2450275.0,491840.0,-1.0,4.0,4010.0,4013.4712714378525,4000.0,1.0689156590123008,0.01,4006.96,4000.0,2.0,-1.0,-1.0,-1.0,0.0,1.0,6.511271437852429,3746.6892318543755,3753.6492318543756,3.102542875704837,0.29,4.0,REV_SHORT,TARGET,2025-11-07 11:05:00,2025-11-07 11:10:00,2025-11-07 11:28:00,4007.105
2025-11-10 08:15:00,2025-11-10 08:20:00,2025-11-10 08:40:00,492138.0,2451762.0,2451782.0,492143.0,1.0,1.0,4100.0,4096.151662973057,4110.0,1.756800300809369,0.03,4101.175,4096.151662973057,1.0,1.0,1.0,1.0,0.0,1.0,15.070011080830225,3753.6492318543756,3738.5792207735453,3.8483370269432147,0.29,5.0,BREAK_LONG,STOP,2025-11-10 13:15:00,2025-11-10 13:20:00,2025-11-10 13:40:00,4101.03
2025-11-10 10:10:00,2025-11-10 10:15:00,2025-11-10 10:49:00,492161.0,2451877.0,2451911.0,492168.0,-1.0,4.0,4090.0,4095.4107863747117,4080.0,1.234812034088807,0.01,4088.515,4080.0,2.0,-1.0,-1.0,-1.0,1.0,0.0,6.895786374711861,3738.5792207735453,3747.094220773545,5.131572749423937,0.29,7.0,REV_SHORT,TARGET,2025-11-10 15:10:00,2025-11-10 15:15:00,2025-11-10 15:49:00,4088.66
2025-11-11 04:20:00,2025-11-11 04:25:00,2025-11-11 07:53:00,492367.0,2452902.0,2453110.0,492409.0,1.0,1.0,4140.0,4136.605382688433,4150.0,1.5203352426551346,0.01,4141.92,4136.605382688433,1.0,1.0,1.0,-1.0,0.0,0.0,5.314617311567417,3747.094220773545,3741.779603461978,3.394617311566906,0.29,42.0,BREAK_LONG,STOP,2025-11-11 09:20:00,2025-11-11 09:25:00,2025-11-11 12:53:00,4141.775
2025-11-11 20:40:00,2025-11-11 20:45:00,2025-11-11 21:42:00,492551.0,2453817.0,2453874.0,492563.0,1.0,3.0,4130.0,4124.540933026921,4140.0,1.1639028625198808,0.02,4131.685,4124.540933026921,1.0,1.0,-1.0,1.0,0.0,1.0,14.288133946158268,3741.779603461978,3727.4914695158195,3.688133946157802,0.29,12.0,REV_LONG,STOP,2025-11-12 01:40:00,2025-11-12 01:45:00,2025-11-12 02:42:00,4131.54
2025-11-13 08:15:00,2025-11-13 08:20:00,2025-11-13 08:34:00,492966.0,2455887.0,2455901.0,492969.0,1.0,3.0,4230.0,4223.467019978961,4240.0,1.1066541933996552,0.02,4231.3150000000005,4223.467019978961,1.0,1.0,1.0,1.0,1.0,0.0,15.695960042079605,3727.4914695158195,3711.79550947374,5.115960042077243,0.29,3.0,REV_LONG,STOP,2025-11-13 13:15:00,2025-11-13 13:20:00,2025-11-13 13:34:00,4231.17
2025-11-20 00:15:00,2025-11-20 00:20:00,2025-11-20 00:39:00,494250.0,2462282.0,2462301.0,494254.0,1.0,3.0,4070.0,4065.818740903601,4080.0,1.540870948913341,0.01,4071.4,4065.818740903601,1.0,-1.0,-1.0,-1.0,0.0,0.0,5.581259096399208,3711.79550947374,3706.2142503773407,4.592518192797664,0.29,4.0,REV_LONG,STOP,2025-11-20 05:15:00,2025-11-20 05:20:00,2025-11-20 05:39:00,4071.255
2025-11-20 23:55:00,2025-11-21 00:00:00,2025-11-21 00:51:00,494522.0,2463637.0,2463688.0,494533.0,1.0,3.0,4050.0,4045.643128588301,4060.0,1.3900747040692618,0.01,4051.65,4045.643128588301,1.0,-1.0,-1.0,-1.0,0.0,1.0,6.006871411699195,3706.2142503773407,3700.2073789656415,4.513742823397958,0.29,11.0,REV_LONG,STOP,2025-11-21 04:55:00,2025-11-21 05:00:00,2025-11-21 05:51:00,4051.505
2025-11-21 14:35:00,2025-11-21 14:40:00,2025-11-21 15:18:00,494698.0,2464517.0,2464555.0,494706.0,-1.0,4.0,4090.0,4094.2800489535207,4080.0,1.9657121020710941,0.03,4089.465,4080.0,2.0,-1.0,-1.0,1.0,1.0,0.0,14.445146860561636,3700.2073789656415,3728.602378965642,4.220097907041449,0.29,8.0,REV_SHORT,TARGET,2025-11-21 19:35:00,2025-11-21 19:40:00,2025-11-21 20:18:00,4089.61
2025-11-24 01:15:00,2025-11-24 01:20:00,2025-11-24 01:26:00,494814.0,2465092.0,2465098.0,494816.0,-1.0,4.0,4050.0,4055.2328847336144,4040.0,1.0646683004156818,0.01,4047.855,4055.2328847336144,1.0,1.0,1.0,-1.0,0.0,0.0,7.377884733614337,3728.602378965642,3721.2244942320276,4.185769467229126,0.29,2.0,REV_SHORT,STOP,2025-11-24 06:15:00,2025-11-24 06:20:00,2025-11-24 06:26:00,4048.0
2025-11-24 07:50:00,2025-11-24 07:55:00,2025-11-24 08:32:00,494893.0,2465487.0,2465524.0,494901.0,-1.0,4.0,4080.0,4085.917811606778,4070.0,1.0218712706238315,0.01,4078.045,4085.917811606778,1.0,-1.0,-1.0,-1.0,1.0,1.0,7.872811606777759,3721.2244942320276,3713.35168262525,3.545623213555914,0.29,8.0,REV_SHORT,STOP,2025-11-24 12:50:00,2025-11-24 12:55:00,2025-11-24 13:32:00,4078.19
2025-11-24 15:45:00,2025-11-24 15:50:00,2025-11-24 16:43:00,494988.0,2465962.0,2466015.0,494999.0,-1.0,4.0,4130.0,4134.986922012262,4120.0,1.5720134885493482,0.01,4129.16,4134.986922012262,1.0,-1.0,-1.0,-1.0,1.0,0.0,5.826922012262003,3713.35168262525,3707.524760612988,4.01384402452474,0.29,11.0,REV_SHORT,STOP,2025-11-24 20:45:00,2025-11-24 20:50:00,2025-11-24 21:43:00,4129.305
2025-11-25 01:35:00,2025-11-25 01:40:00,2025-11-25 02:30:00,495094.0,2466487.0,2466537.0,495105.0,1.0,3.0,4140.0,4136.809820113268,4150.0,2.276916872761726,0.02,4140.835,4136.809820113268,1.0,1.0,1.0,-1.0,0.0,0.0,8.050359773464152,3707.524760612988,3699.4744008395237,3.890359773464402,0.29,11.0,REV_LONG,STOP,2025-11-25 06:35:00,2025-11-25 06:40:00,2025-11-25 07:30:00,4140.69
2025-11-25 21:00:00,2025-11-25 21:05:00,2025-11-25 21:19:00,495315.0,2467587.0,2467601.0,495318.0,-1.0,4.0,4150.0,4154.722257236877,4140.0,1.8083813082104612,0.01,4149.48,4154.722257236877,1.0,-1.0,-1.0,-1.0,0.0,1.0,5.2422572368777764,3699.4744008395237,3694.232143602646,3.5045144737540914,0.29,3.0,REV_SHORT,STOP,2025-11-26 02:00:00,2025-11-26 02:05:00,2025-11-26 02:19:00,4149.625
2025-11-27 09:25:00,2025-11-27 09:30:00,2025-11-27 13:29:00,495740.0,2469707.0,2469946.0,495788.0,-1.0,4.0,4160.0,4162.178593013299,4150.0,1.4461917213894493,0.01,4157.2,4156.345,3.0,-1.0,-1.0,-1.0,0.0,0.0,4.97859301329936,3694.232143602646,3695.0871436026455,2.697186026598774,0.29,48.0,REV_SHORT,TIME,2025-11-27 14:25:00,2025-11-27 14:30:00,2025-11-27 18:29:00,4157.345
2025-11-27 14:10:00,2025-11-27 14:15:00,2025-11-27 16:58:00,495797.0,2469992.0,2470155.0,495830.0,-1.0,4.0,4160.0,4161.082028849102,4150.0,6.353561184781447,0.06,4159.575,4157.135,4.0,-1.0,-1.0,-1.0,0.0,1.0,9.042173094614554,3695.0871436026455,3709.727143602643,1.2240576982047189,0.29,33.0,REV_SHORT,SESSION,2025-11-27 19:10:00,2025-11-27 19:15:00,2025-11-27 21:58:00,4159.72
2025-12-01 03:25:00,2025-12-01 03:30:00,2025-12-01 03:35:00,496220.0,2472097.0,2472102.0,496222.0,1.0,1.0,4250.0,4245.933502282601,4260.0,2.300834272412417,0.04,4250.195000000001,4245.933502282601,1.0,1.0,1.0,1.0,0.0,1.0,17.045990869599336,3709.727143602643,3692.6811527330437,4.066497717398836,0.29,2.0,BREAK_LONG,STOP,2025-12-01 08:25:00,2025-12-01 08:30:00,2025-12-01 08:35:00,4250.05
2025-12-01 05:15:00,2025-12-01 05:20:00,2025-12-01 06:21:00,496242.0,2472207.0,2472268.0,496255.0,-1.0,4.0,4260.0,4264.428266489054,4250.0,1.158864458373057,0.01,4257.745,4250.0,2.0,-1.0,-1.0,-1.0,1.0,1.0,6.683266489054404,3692.6811527330437,3700.4261527330436,4.106532978109119,0.29,13.0,REV_SHORT,TARGET,2025-12-01 10:15:00,2025-12-01 10:20:00,2025-12-01 11:21:00,4257.89
2025-12-01 21:10:00,2025-12-01 21:15:00,2025-12-01 21:50:00,496421.0,2473097.0,2473132.0,496429.0,-1.0,4.0,4220.0,4224.2774944532675,4210.0,1.5644380202097954,0.01,4218.709999999999,4224.2774944532675,1.0,-1.0,1.0,-1.0,0.0,0.0,5.567494453268409,3700.4261527330436,3694.858658279775,5.324988906536253,0.29,8.0,REV_SHORT,STOP,2025-12-02 02:10:00,2025-12-02 02:15:00,2025-12-02 02:50:00,4218.855
2025-12-02 01:40:00,2025-12-02 01:45:00,2025-12-02 01:54:00,496475.0,2473367.0,2473376.0,496477.0,-1.0,2.0,4210.0,4214.0765000209785,4200.0,1.4284481963311828,0.01,4208.28,4214.0765000209785,1.0,1.0,1.0,-1.0,0.0,0.0,5.796500020978783,3694.858658279775,3689.0621582587964,4.076500020978202,0.29,2.0,BREAK_SHORT,STOP,2025-12-02 06:40:00,2025-12-02 06:45:00,2025-12-02 06:54:00,4208.425
2025-12-03 08:35:00,2025-12-03 08:40:00,2025-12-03 08:53:00,496834.0,2475157.0,2475170.0,496837.0,1.0,1.0,4220.0,4216.427265545368,4230.0,2.1952878880721705,0.04,4220.675,4230.0,2.0,1.0,1.0,1.0,0.0,1.0,16.990937818529346,3689.0621582587964,3726.3621582587957,3.5727344546323607,0.29,3.0,BREAK_LONG,TARGET,2025-12-03 13:35:00,2025-12-03 13:40:00,2025-12-03 13:53:00,4220.53
2025-12-04 07:40:00,2025-12-04 07:45:00,2025-12-04 08:07:00,497099.0,2476477.0,2476499.0,497104.0,1.0,3.0,4190.0,4187.249689548354,4200.0,1.3244464582344997,0.03,4192.735000000001,4187.249689548354,1.0,-1.0,-1.0,1.0,0.0,0.0,16.45593135494073,3726.3621582587957,3709.906226903855,3.090620903293453,0.29,5.0,REV_LONG,STOP,2025-12-04 12:40:00,2025-12-04 12:45:00,2025-12-04 13:07:00,4192.59
2025-12-08 06:45:00,2025-12-08 06:50:00,2025-12-08 08:10:00,497640.0,2479172.0,2479252.0,497657.0,1.0,1.0,4210.0,4206.859134543341,4220.0,1.2231711334005073,0.03,4212.77,4206.859134543341,1.0,1.0,1.0,1.0,0.0,0.0,17.732596369979543,3709.906226903855,3692.1736305338754,3.140865456659005,0.29,17.0,BREAK_LONG,STOP,2025-12-08 11:45:00,2025-12-08 11:50:00,2025-12-08 13:10:00,4212.625
2025-12-08 09:25:00,2025-12-08 09:30:00,2025-12-08 09:44:00,497672.0,2479332.0,2479346.0,497675.0,-1.0,4.0,4210.0,4213.7202200003785,4200.0,1.9955373321028786,0.04,4209.139999999999,4200.0,2.0,1.0,-1.0,1.0,0.0,1.0,18.320880001516343,3692.1736305338754,3728.733630533873,3.8804400007566255,0.29,3.0,REV_SHORT,TARGET,2025-12-08 14:25:00,2025-12-08 14:30:00,2025-12-08 14:44:00,4209.285
2025-12-08 09:50:00,2025-12-08 09:55:00,2025-12-08 09:57:00,497677.0,2479357.0,2479359.0,497678.0,1.0,3.0,4200.0,4194.256080061321,4210.0,1.0718628523168552,0.01,4201.8550000000005,4210.0,2.0,-1.0,-1.0,-1.0,0.0,0.0,7.598919938679501,3728.733630533873,3736.8786305338726,4.597839877359369,0.29,1.0,REV_LONG,TARGET,2025-12-08 14:50:00,2025-12-08 14:55:00,2025-12-08 14:57:00,4201.71
2025-12-08 23:55:00,2025-12-09 00:00:00,2025-12-09 00:51:00,497834.0,2480137.0,2480188.0,497845.0,-1.0,2.0,4190.0,4192.4309534721515,4180.0,1.4562473337396062,0.03,4187.37,4180.0,2.0,1.0,1.0,1.0,0.0,1.0,15.182860416454785,3736.8786305338726,3758.9886305338723,2.430953472151265,0.29,11.0,BREAK_SHORT,TARGET,2025-12-09 04:55:00,2025-12-09 05:00:00,2025-12-09 05:51:00,4187.515
2025-12-09 04:20:00,2025-12-09 04:25:00,2025-12-09 07:20:00,497887.0,2480402.0,2480577.0,497923.0,-1.0,4.0,4210.0,4214.774140316948,4200.0,1.7491169648763003,0.03,4209.4,4200.0,2.0,-1.0,-1.0,1.0,1.0,0.0,16.12242095084639,3758.9886305338723,3787.188630533871,3.6582806338977023,0.29,36.0,REV_SHORT,TARGET,2025-12-09 09:20:00,2025-12-09 09:25:00,2025-12-09 12:20:00,4209.545
2025-12-09 14:20:00,2025-12-09 14:25:00,2025-12-09 14:56:00,498007.0,2481002.0,2481033.0,498014.0,-1.0,4.0,4210.0,4213.944766279965,4200.0,1.3696380818794398,0.03,4208.0599999999995,4213.944766279965,1.0,-1.0,-1.0,1.0,0.0,1.0,17.654298839896,3787.188630533871,3769.534331693975,2.949532559929489,0.29,7.0,REV_SHORT,STOP,2025-12-09 19:20:00,2025-12-09 19:25:00,2025-12-09 19:56:00,4208.205
2025-12-10 07:15:00,2025-12-10 07:20:00,2025-12-10 08:47:00,498198.0,2481952.0,2482039.0,498216.0,-1.0,4.0,4200.0,4203.4605314064365,4190.0,2.662200078841861,0.05,4199.785,4203.4605314064365,1.0,1.0,1.0,1.0,0.0,1.0,18.377657032183382,3769.534331693975,3751.156674661792,2.171062812873316,0.29,18.0,REV_SHORT,STOP,2025-12-10 12:15:00,2025-12-10 12:20:00,2025-12-10 13:47:00,4199.93
2025-12-11 08:20:00,2025-12-11 08:25:00,2025-12-11 08:43:00,498487.0,2483392.0,2483410.0,498491.0,1.0,3.0,4210.0,4203.6520358128,4220.0,1.2172851748800078,0.02,4211.025000000001,4220.0,2.0,-1.0,-1.0,1.0,0.0,1.0,14.745928374401046,3751.156674661792,3769.1066746617907,3.4459283743997595,0.29,4.0,REV_LONG,TARGET,2025-12-11 13:20:00,2025-12-11 13:25:00,2025-12-11 13:43:00,4210.88
2025-12-12 15:55:00,2025-12-12 16:00:00,2025-12-12 16:58:00,498854.0,2485222.0,2485280.0,498866.0,-1.0,4.0,4300.0,4305.304939920945,4290.0,1.4371156593234196,0.01,4299.025,4301.205000000001,4.0,-1.0,-1.0,-1.0,0.0,0.0,6.279939920945253,3769.1066746617907,3766.9266746617895,4.969879841891039,0.29,12.0,REV_SHORT,SESSION,2025-12-12 20:55:00,2025-12-12 21:00:00,2025-12-12 21:58:00,4299.17
2025-12-16 03:30:00,2025-12-16 03:35:00,2025-12-16 07:17:00,499257.0,2487227.0,2487449.0,499302.0,1.0,3.0,4280.0,4273.491242688938,4290.0,1.3964782856484996,0.02,4280.38,4290.0,2.0,-1.0,-1.0,1.0,1.0,1.0,13.777514622124729,3766.9266746617895,3786.1666746617893,3.8175146221235168,0.29,45.0,REV_LONG,TARGET,2025-12-16 08:30:00,2025-12-16 08:35:00,2025-12-16 12:17:00,4280.235
2025-12-16 13:25:00,2025-12-16 13:30:00,2025-12-16 13:37:00,499376.0,2487822.0,2487829.0,499378.0,1.0,3.0,4300.0,4295.908945748439,4310.0,1.2668808348999068,0.03,4302.125,4310.0,2.0,1.0,1.0,1.0,0.0,0.0,18.648162754683653,3786.1666746617893,3809.7916746617893,4.812108503122087,0.29,2.0,REV_LONG,TARGET,2025-12-16 18:25:00,2025-12-16 18:30:00,2025-12-16 18:37:00,4301.98
2025-12-16 15:00:00,2025-12-16 15:05:00,2025-12-16 15:53:00,499395.0,2487917.0,2487965.0,499405.0,1.0,1.0,4310.0,4305.370209348486,4320.0,1.3296621596751732,0.03,4311.650000000001,4305.370209348486,1.0,1.0,1.0,1.0,0.0,1.0,18.839371954542912,3809.7916746617893,3790.9523027072464,4.629790651513882,0.29,10.0,BREAK_LONG,STOP,2025-12-16 20:00:00,2025-12-16 20:05:00,2025-12-16 20:53:00,4311.505
2025-12-17 08:25:00,2025-12-17 08:30:00,2025-12-17 08:31:00,499592.0,2488897.0,2488898.0,499593.0,-1.0,4.0,4330.0,4333.419945726859,4320.0,1.9269584693757873,0.04,4328.834999999999,4333.419945726859,1.0,-1.0,-1.0,1.0,0.0,0.0,18.339782907438348,3790.9523027072464,3772.612519799808,3.3698914537176137,0.29,1.0,REV_SHORT,STOP,2025-12-17 13:25:00,2025-12-17 13:30:00,2025-12-17 13:31:00,4328.98
2025-12-19 08:20:00,2025-12-19 08:25:00,2025-12-19 09:01:00,500143.0,2491642.0,2491678.0,500151.0,1.0,1.0,4330.0,4326.685556879674,4340.0,1.3258931638343403,0.01,4332.410000000001,4326.685556879674,1.0,1.0,1.0,-1.0,0.0,1.0,5.724443120327123,3772.612519799808,3766.888076679481,3.314443120326608,0.29,8.0,BREAK_LONG,STOP,2025-12-19 13:20:00,2025-12-19 13:25:00,2025-12-19 14:01:00,4332.265
2025-12-22 08:20:00,2025-12-22 08:25:00,2025-12-22 08:25:00,500419.0,2493017.0,2493017.0,500420.0,1.0,1.0,4420.0,4416.628672477613,4430.0,2.4098981648561493,0.04,4420.55,4416.628672477613,1.0,1.0,1.0,1.0,0.0,1.0,15.685310089549603,3766.888076679481,3751.2027665899313,3.3713275223870225,0.29,1.0,BREAK_LONG,STOP,2025-12-22 13:20:00,2025-12-22 13:25:00,2025-12-22 13:25:00,4420.405
2025-12-22 16:15:00,2025-12-22 16:20:00,2025-12-22 16:58:00,500514.0,2493492.0,2493530.0,500522.0,1.0,1.0,4440.0,4437.779808393842,4450.0,1.1032338405513675,0.03,4443.59,4443.6449999999995,4.0,1.0,1.0,1.0,0.0,0.0,17.43057481847336,3751.2027665899313,3751.3677665899295,2.220191606157217,0.29,8.0,BREAK_LONG,SESSION,2025-12-22 21:15:00,2025-12-22 21:20:00,2025-12-22 21:58:00,4443.445
2025-12-26 05:30:00,2025-12-26 05:35:00,2025-12-26 05:37:00,501489.0,2498347.0,2498349.0,501490.0,1.0,1.0,4520.0,4517.008279240435,4530.0,2.044895949761753,0.02,4521.275000000001,4517.008279240435,1.0,1.0,1.0,-1.0,0.0,1.0,8.533441519131884,3751.3677665899295,3742.8343250707976,2.991720759565711,0.29,1.0,BREAK_LONG,STOP,2025-12-26 10:30:00,2025-12-26 10:35:00,2025-12-26 10:37:00,4521.13
2025-12-26 07:15:00,2025-12-26 07:20:00,2025-12-26 07:31:00,501510.0,2498452.0,2498463.0,501513.0,-1.0,4.0,4510.0,4514.13587813564,4500.0,1.7685498478643493,0.01,4509.03,4514.13587813564,1.0,-1.0,-1.0,-1.0,0.0,0.0,5.105878135640523,3742.8343250707976,3737.728446935157,3.821756271280034,0.29,3.0,REV_SHORT,STOP,2025-12-26 12:15:00,2025-12-26 12:20:00,2025-12-26 12:31:00,4509.175
2025-12-30 19:50:00,2025-12-30 19:55:00,2025-12-30 20:04:00,502201.0,2501892.0,2501901.0,502203.0,-1.0,4.0,4340.0,4346.857718884102,4330.0,1.32113057838478,0.02,4339.594999999999,4346.857718884102,1.0,1.0,-1.0,1.0,0.0,0.0,14.525437768204938,3737.728446935157,3723.203009166952,5.395437768203142,0.29,2.0,REV_SHORT,STOP,2025-12-31 00:50:00,2025-12-31 00:55:00,2025-12-31 01:04:00,4339.74
2025-12-31 15:35:00,2025-12-31 15:40:00,2025-12-31 15:53:00,502438.0,2503077.0,2503090.0,502441.0,-1.0,4.0,4320.0,4326.8515191837505,4310.0,1.2404408965887321,0.02,4319.33,4310.0,2.0,1.0,1.0,1.0,0.0,1.0,15.043038367501142,3723.203009166952,3741.863009166952,4.9930383675023124,0.29,3.0,REV_SHORT,TARGET,2025-12-31 20:35:00,2025-12-31 20:40:00,2025-12-31 20:53:00,4319.475
