ts_decision,ts_fill,ts_exit,i_decision,i_fill_m1,i_exit_m1,i_exit_m5,q,scenario,level,stop,target,r_est,lots,fill_px,exit_px,exit_reason,ctx_ema,ctx_vwap,ctx_dxy,extension_vwap,retest,risk_amount,equity_before,equity_after,atr,spread,bars_held,scenario_name,exit_reason_name,ts_decision_utc,ts_fill_utc,ts_exit_utc,m5_close
2024-01-02 07:05:00,2024-01-02 07:10:00,2024-01-02 10:38:00,358744.0,1787211.0,1787419.0,358786.0,-1.0,2.0,2070.0,2071.543009933304,2060.0,1.3494782404279984,0.04,2066.63,2060.0,2.0,1.0,1.0,1.0,0.0,0.0,19.652039733215133,4547.114106110267,4573.634106110268,1.5430099333037741,0.29,42.0,BREAK_SHORT,TARGET,2024-01-02 12:05:00,2024-01-02 12:10:00,2024-01-02 15:38:00,2066.775
2024-01-02 11:00:00,2024-01-02 11:05:00,2024-01-02 15:04:00,358791.0,1787446.0,1787685.0,358839.0,1.0,3.0,2060.0,2056.1067447321607,2070.0,2.243620657437047,0.02,2060.39,2060.8,3.0,-1.0,-1.0,-1.0,1.0,1.0,8.56651053567839,4573.634106110268,4574.454106110268,2.6165105356784117,0.29,48.0,REV_LONG,TIME,2024-01-02 16:00:00,2024-01-02 16:05:00,2024-01-02 20:04:00,2060.245
2024-01-03 07:00:00,2024-01-03 07:05:00,2024-01-03 08:48:00,359019.0,1788581.0,1788684.0,359040.0,-1.0,2.0,2050.0,2051.6216069551683,2040.0,1.471837196512825,0.04,2046.92,2040.0,2.0,1.0,1.0,1.0,0.0,1.0,18.80642782067298,4574.454106110268,4602.1341061102685,1.6216069551681573,0.29,21.0,BREAK_SHORT,TARGET,2024-01-03 12:00:00,2024-01-03 12:05:00,2024-01-03 13:48:00,2047.065
2024-01-04 08:45:00,2024-01-04 08:50:00,2024-01-04 09:07:00,359316.0,1790061.0,1790078.0,359320.0,1.0,3.0,2040.0,2038.0006009372314,2050.0,1.9023320875883711,0.02,2042.135,2038.0006009372314,1.0,-1.0,-1.0,-1.0,0.0,0.0,8.26879812553716,4602.1341061102685,4593.865307984732,1.7687981255369327,0.29,4.0,REV_LONG,STOP,2024-01-04 13:45:00,2024-01-04 13:50:00,2024-01-04 14:07:00,2041.99
2024-01-05 08:45:00,2024-01-05 08:50:00,2024-01-05 08:54:00,359592.0,1791436.0,1791440.0,359593.0,1.0,3.0,2030.0,2023.5884855642262,2040.0,1.100938885885556,0.01,2031.4,2040.0,2.0,-1.0,-1.0,-1.0,1.0,0.0,7.8115144357739155,4593.865307984732,4602.465307984732,3.1430288715476697,0.29,1.0,REV_LONG,TARGET,2024-01-05 13:45:00,2024-01-05 13:50:00,2024-01-05 13:54:00,2031.255
2024-01-05 10:15:00,2024-01-05 10:20:00,2024-01-05 11:48:00,359610.0,1791526.0,1791614.0,359628.0,-1.0,4.0,2060.0,2065.6122324279236,2050.0,1.1497841859059321,0.03,2058.35,2050.0,2.0,-1.0,-1.0,1.0,1.0,0.0,21.78669728377099,4602.465307984732,4627.515307984731,4.354464855846931,0.29,18.0,REV_SHORT,TARGET,2024-01-05 15:15:00,2024-01-05 15:20:00,2024-01-05 16:48:00,2058.495
2024-01-08 04:55:00,2024-01-08 05:00:00,2024-01-08 06:19:00,359822.0,1792581.0,1792660.0,359838.0,-1.0,4.0,2030.0,2032.593204732692,2020.0,2.6468167130291542,0.06,2029.14,2020.0,2.0,1.0,1.0,1.0,1.0,1.0,20.71922839615081,4627.515307984731,4682.355307984732,1.5364094653838392,0.29,16.0,REV_SHORT,TARGET,2024-01-08 09:55:00,2024-01-08 10:00:00,2024-01-08 11:19:00,2029.285
2024-01-08 12:45:00,2024-01-08 12:50:00,2024-01-08 16:49:00,359916.0,1793051.0,1793290.0,359964.0,-1.0,2.0,2030.0,2031.5983321913711,2020.0,1.6642423967462907,0.02,2027.2450000000001,2028.32,3.0,1.0,1.0,-1.0,0.0,0.0,8.70666438274202,4682.355307984732,4680.205307984732,1.5983321913710746,0.29,48.0,BREAK_SHORT,TIME,2024-01-08 17:45:00,2024-01-08 17:50:00,2024-01-08 21:49:00,2027.39
2024-01-09 11:15:00,2024-01-09 11:20:00,2024-01-09 12:03:00,360174.0,1794336.0,1794379.0,360183.0,-1.0,2.0,2030.0,2031.9214503761964,2020.0,1.8273664605417066,0.05,2027.705,2031.9214503761964,1.0,1.0,1.0,1.0,0.0,0.0,21.082251880982312,4680.205307984732,4659.12305610375,1.9214503761963768,0.29,9.0,BREAK_SHORT,STOP,2024-01-09 16:15:00,2024-01-09 16:20:00,2024-01-09 17:03:00,2027.85
2024-01-09 15:15:00,2024-01-09 15:20:00,2024-01-09 16:58:00,360222.0,1794576.0,1794674.0,360242.0,-1.0,4.0,2030.0,2031.1227339505488,2020.0,7.63744715731771,0.18,2029.835,2030.165,4.0,1.0,1.0,1.0,0.0,0.0,23.179211109877087,4659.12305610375,4653.183056103751,1.0054679010978569,0.29,20.0,REV_SHORT,SESSION,2024-01-09 20:15:00,2024-01-09 20:20:00,2024-01-09 21:58:00,2029.98
2024-01-12 08:45:00,2024-01-12 08:50:00,2024-01-12 09:33:00,360972.0,1798311.0,1798354.0,360981.0,1.0,1.0,2050.0,2047.5586208321336,2060.0,1.0835017871275554,0.01,2053.53,2060.0,2.0,1.0,1.0,-1.0,0.0,0.0,5.971379167866644,4653.183056103751,4659.653056103751,2.4413791678663777,0.29,9.0,BREAK_LONG,TARGET,2024-01-12 13:45:00,2024-01-12 13:50:00,2024-01-12 14:33:00,2053.385
2024-01-14 21:00:00,2024-01-14 21:05:00,2024-01-15 01:04:00,361107.0,1798981.0,1799220.0,361155.0,1.0,1.0,2050.0,2049.0358903299025,2060.0,8.143542032485286,0.09,2050.235,2054.405,3.0,1.0,1.0,-1.0,0.0,1.0,10.791987030878772,4659.653056103751,4697.183056103751,0.9641096700972932,0.29,48.0,BREAK_LONG,TIME,2024-01-15 02:00:00,2024-01-15 02:05:00,2024-01-15 06:04:00,2050.09
2024-01-16 08:50:00,2024-01-16 08:55:00,2024-01-16 12:07:00,361525.0,1801066.0,1801258.0,361564.0,-1.0,4.0,2040.0,2046.2794800414672,2030.0,1.0388904420726508,0.02,2038.295,2030.0,2.0,1.0,1.0,1.0,1.0,1.0,15.968960082934244,4697.183056103751,4713.7730561037515,2.4889600829344523,0.29,39.0,REV_SHORT,TARGET,2024-01-16 13:50:00,2024-01-16 13:55:00,2024-01-16 17:07:00,2038.44
2024-01-17 09:20:00,2024-01-17 09:25:00,2024-01-17 09:56:00,361807.0,1802471.0,1802502.0,361814.0,1.0,3.0,2020.0,2016.5299638814442,2030.0,2.480597003725695,0.03,2020.4,2016.5299638814442,1.0,-1.0,-1.0,-1.0,0.0,1.0,11.610108355667533,4713.7730561037515,4702.162947748084,2.240072237111744,0.29,7.0,REV_LONG,STOP,2024-01-17 14:20:00,2024-01-17 14:25:00,2024-01-17 14:56:00,2020.255
2024-01-18 13:45:00,2024-01-18 13:50:00,2024-01-18 15:31:00,362136.0,1804111.0,1804212.0,362157.0,-1.0,4.0,2020.0,2021.6297868788547,2010.0,5.479759249341111,0.13,2019.835,2021.6297868788547,1.0,-1.0,-1.0,1.0,1.0,1.0,23.332229425110654,4702.162947748084,4678.830718322974,1.339573757709245,0.29,21.0,REV_SHORT,STOP,2024-01-18 18:45:00,2024-01-18 18:50:00,2024-01-18 20:31:00,2019.98
2024-01-19 05:15:00,2024-01-19 05:20:00,2024-01-19 05:31:00,362310.0,1804976.0,1804987.0,362313.0,1.0,1.0,2030.0,2029.0790629893297,2040.0,5.255057853706423,0.13,2030.825,2029.0790629893297,1.0,1.0,1.0,1.0,0.0,0.0,22.697181138714313,4678.830718322974,4656.13353718426,0.9209370106702798,0.29,3.0,BREAK_LONG,STOP,2024-01-19 10:15:00,2024-01-19 10:20:00,2024-01-19 10:31:00,2030.68
2024-01-28 19:40:00,2024-01-28 19:45:00,2024-01-28 23:44:00,363851.0,1812651.0,1812890.0,363899.0,1.0,3.0,2020.0,2018.7073090725444,2030.0,5.55526232098647,0.06,2020.43,2027.09,3.0,1.0,-1.0,-1.0,0.0,1.0,10.336145564734124,4656.13353718426,4696.093537184259,1.305381854911143,0.29,48.0,REV_LONG,TIME,2024-01-29 00:40:00,2024-01-29 00:45:00,2024-01-29 04:44:00,2020.285
2024-01-29 04:30:00,2024-01-29 04:35:00,2024-01-29 04:41:00,363957.0,1813181.0,1813187.0,363959.0,1.0,3.0,2030.0,2028.982712046725,2040.0,7.177381773877602,0.08,2030.33,2028.982712046725,1.0,1.0,1.0,-1.0,1.0,1.0,10.778303626198976,4696.093537184259,4685.31523355806,0.994575906549904,0.29,2.0,REV_LONG,STOP,2024-01-29 09:30:00,2024-01-29 09:35:00,2024-01-29 09:41:00,2030.185
2024-01-29 15:25:00,2024-01-29 15:30:00,2024-01-29 16:58:00,364088.0,1813836.0,1813924.0,364106.0,1.0,1.0,2030.0,2028.5713892228212,2040.0,1.52364606708343,0.02,2033.1,2032.385,4.0,1.0,1.0,-1.0,0.0,0.0,9.057221554357511,4685.31523355806,4683.88523355806,1.4286107771788337,0.29,18.0,BREAK_LONG,SESSION,2024-01-29 20:25:00,2024-01-29 20:30:00,2024-01-29 21:58:00,2032.955
2024-01-31 10:00:00,2024-01-31 10:05:00,2024-01-31 11:08:00,364575.0,1816261.0,1816324.0,364588.0,1.0,1.0,2050.0,2047.7996731722499,2060.0,1.5415617030952238,0.04,2052.6,2047.7996731722499,1.0,1.0,1.0,1.0,0.0,0.0,19.201307311000164,4683.88523355806,4664.683926247059,2.2003268277501298,0.29,13.0,BREAK_LONG,STOP,2024-01-31 15:00:00,2024-01-31 15:05:00,2024-01-31 16:08:00,2052.455
2024-01-31 14:50:00,2024-01-31 14:55:00,2024-01-31 15:03:00,364633.0,1816551.0,1816559.0,364635.0,-1.0,4.0,2050.0,2052.389030885467,2040.0,1.250901410851317,0.02,2046.885,2040.0,2.0,-1.0,-1.0,-1.0,1.0,0.0,11.008061770934091,4664.683926247059,4678.453926247059,2.93806177093362,0.29,2.0,REV_SHORT,TARGET,2024-01-31 19:50:00,2024-01-31 19:55:00,2024-01-31 20:03:00,2047.03
2024-02-01 05:20:00,2024-02-01 05:25:00,2024-02-01 08:40:00,364795.0,1817356.0,1817551.0,364835.0,-1.0,2.0,2040.0,2041.031744433689,2030.0,4.10316772962094,0.1,2038.8700000000001,2041.031744433689,1.0,1.0,1.0,1.0,0.0,0.0,21.617444336889093,4678.453926247059,4656.83648191017,1.0317444336890014,0.29,40.0,BREAK_SHORT,STOP,2024-02-01 10:20:00,2024-02-01 10:25:00,2024-02-01 13:40:00,2039.015
2024-02-04 18:10:00,2024-02-04 18:15:00,2024-02-04 22:14:00,365213.0,1819436.0,1819675.0,365261.0,-1.0,4.0,2040.0,2042.7624074476985,2030.0,3.1538785675249126,0.07,2039.69,2033.105,3.0,1.0,0.0,1.0,0.0,1.0,21.50685213388897,4656.83648191017,4702.93148191017,0.8948148953967152,0.29,48.0,REV_SHORT,TIME,2024-02-04 23:10:00,2024-02-04 23:15:00,2024-02-05 03:14:00,2039.835
2024-02-08 09:40:00,2024-02-08 09:45:00,2024-02-08 13:03:00,366227.0,1824491.0,1824689.0,366267.0,-1.0,4.0,2030.0,2035.2065007791905,2020.0,1.6370413117893128,0.04,2029.44,2035.2065007791905,1.0,1.0,1.0,1.0,0.0,1.0,23.06600311676175,4702.93148191017,4679.865478793408,2.343001558380594,0.29,40.0,REV_SHORT,STOP,2024-02-08 14:40:00,2024-02-08 14:45:00,2024-02-08 18:03:00,2029.585
2024-02-16 08:45:00,2024-02-16 08:50:00,2024-02-16 10:44:00,367872.0,1832686.0,1832800.0,367895.0,1.0,3.0,2000.0,1994.2432298904487,2010.0,1.2392049000100163,0.03,2001.28,2010.0,2.0,-1.0,-1.0,1.0,1.0,1.0,21.110310328653895,4679.865478793408,4706.025478793408,1.8335402191030097,0.29,23.0,REV_LONG,TARGET,2024-02-16 13:45:00,2024-02-16 13:50:00,2024-02-16 15:44:00,2001.135
2024-02-19 00:50:00,2024-02-19 00:55:00,2024-02-19 03:47:00,368053.0,1833586.0,1833758.0,368088.0,1.0,1.0,2020.0,2019.2901233769694,2030.0,3.6466160123349125,0.1,2021.595,2019.2901233769694,1.0,1.0,1.0,1.0,0.0,0.0,23.048766230306228,4706.025478793408,4682.976712563102,0.7098766230305664,0.29,35.0,BREAK_LONG,STOP,2024-02-19 05:50:00,2024-02-19 05:55:00,2024-02-19 08:47:00,2021.45
2024-02-21 00:25:00,2024-02-21 00:30:00,2024-02-21 01:49:00,368600.0,1836311.0,1836390.0,368616.0,1.0,3.0,2030.0,2029.2102304430316,2040.0,7.1140145677323465,0.17,2030.54,2029.2102304430316,1.0,1.0,1.0,1.0,1.0,1.0,22.606082468462095,4682.976712563102,4660.370630094641,0.5695391139367091,0.29,16.0,REV_LONG,STOP,2024-02-21 05:25:00,2024-02-21 05:30:00,2024-02-21 06:49:00,2030.395
2024-02-22 05:25:00,2024-02-22 05:30:00,2024-02-22 06:03:00,368936.0,1837986.0,1838019.0,368943.0,1.0,3.0,2030.0,2028.8170542926164,2040.0,5.644864215357825,0.13,2030.5,2028.8170542926164,1.0,1.0,1.0,1.0,0.0,1.0,21.87829419598711,4660.370630094641,4638.492335898653,0.9058914147673265,0.29,7.0,REV_LONG,STOP,2024-02-22 10:25:00,2024-02-22 10:30:00,2024-02-22 11:03:00,2030.355
2024-02-23 02:15:00,2024-02-23 02:20:00,2024-02-23 03:43:00,369174.0,1839171.0,1839254.0,369191.0,1.0,3.0,2020.0,2019.2426127252083,2030.0,4.215987999090984,0.11,2021.305,2019.2426127252083,1.0,-1.0,-1.0,1.0,1.0,0.0,22.686260022708893,4638.492335898653,4615.806075875945,0.8447745495834257,0.29,17.0,REV_LONG,STOP,2024-02-23 07:15:00,2024-02-23 07:20:00,2024-02-23 08:43:00,2021.16
2024-02-23 14:05:00,2024-02-23 14:10:00,2024-02-23 16:58:00,369316.0,1839881.0,1840049.0,369350.0,-1.0,4.0,2040.0,2041.979676258178,2030.0,4.289796373727895,0.05,2039.715,2035.71,4.0,-1.0,-1.0,-1.0,1.0,1.0,11.323381290890211,4615.806075875945,4635.831075875944,1.1193525163557085,0.29,34.0,REV_SHORT,SESSION,2024-02-23 19:05:00,2024-02-23 19:10:00,2024-02-23 21:58:00,2039.86
2024-02-26 14:10:00,2024-02-26 14:15:00,2024-02-26 15:04:00,369593.0,1841261.0,1841310.0,369603.0,-1.0,4.0,2030.0,2030.7365905684424,2020.0,8.746443802277295,0.1,2029.635,2030.7365905684424,1.0,-1.0,1.0,-1.0,0.0,1.0,11.015905684423617,4635.831075875944,4624.81517019152,0.8531811368850305,0.29,10.0,REV_SHORT,STOP,2024-02-26 19:10:00,2024-02-26 19:15:00,2024-02-26 20:04:00,2029.78
2024-02-27 19:15:00,2024-02-27 19:20:00,2024-02-27 19:23:00,369918.0,1842876.0,1842879.0,369919.0,-1.0,2.0,2030.0,2030.4249895942878,2020.0,14.676921389202118,0.34,2029.76,2030.4249895942878,1.0,1.0,1.0,1.0,0.0,1.0,22.609646205785793,4624.81517019152,4602.2055239857345,0.42498959428778915,0.29,1.0,BREAK_SHORT,STOP,2024-02-28 00:15:00,2024-02-28 00:20:00,2024-02-28 00:23:00,2029.905
2024-03-05 03:45:00,2024-03-05 03:50:00,2024-03-05 07:49:00,371124.0,1848886.0,1849125.0,371172.0,1.0,1.0,2120.0,2118.6521497898843,2130.0,3.137247512920921,0.04,2121.395,2123.73,3.0,1.0,1.0,-1.0,0.0,0.0,10.971400840462593,4602.2055239857345,4611.545523985735,1.3478502101157503,0.29,48.0,BREAK_LONG,TIME,2024-03-05 08:45:00,2024-03-05 08:50:00,2024-03-05 12:49:00,2121.25
2024-03-05 09:30:00,2024-03-05 09:35:00,2024-03-05 09:46:00,371193.0,1849231.0,1849242.0,371196.0,1.0,1.0,2130.0,2126.8473500393584,2140.0,1.9308546958865267,0.05,2131.335,2126.8473500393584,1.0,1.0,1.0,1.0,0.0,0.0,22.438249803208237,4611.545523985735,4589.107274182526,3.1526499606416785,0.29,3.0,BREAK_LONG,STOP,2024-03-05 14:30:00,2024-03-05 14:35:00,2024-03-05 14:46:00,2131.19
2024-03-06 07:00:00,2024-03-06 07:05:00,2024-03-06 09:27:00,371439.0,1850456.0,1850598.0,371468.0,1.0,1.0,2130.0,2128.873211607797,2140.0,2.663998591660915,0.07,2131.91,2140.0,2.0,1.0,1.0,1.0,0.0,0.0,21.257518745418565,4589.107274182526,4645.7372741825275,1.1267883922028223,0.29,29.0,BREAK_LONG,TARGET,2024-03-06 12:00:00,2024-03-06 12:05:00,2024-03-06 14:27:00,2131.765
2024-03-07 08:05:00,2024-03-07 08:10:00,2024-03-07 09:42:00,371728.0,1851896.0,1851988.0,371747.0,-1.0,4.0,2160.0,2165.598866740853,2150.0,1.178957550897872,0.01,2158.44,2150.0,2.0,-1.0,-1.0,-1.0,0.0,0.0,7.1588667408527735,4645.7372741825275,4654.177274182528,1.5977334817055837,0.29,19.0,REV_SHORT,TARGET,2024-03-07 13:05:00,2024-03-07 13:10:00,2024-03-07 14:42:00,2158.585
2024-03-07 15:35:00,2024-03-07 15:40:00,2024-03-07 16:58:00,371818.0,1852346.0,1852424.0,371834.0,-1.0,4.0,2160.0,2161.06217127687,2150.0,5.442089630705652,0.06,2159.345,2160.055,4.0,-1.0,-1.0,-1.0,0.0,1.0,10.303027661219858,4654.177274182528,4649.917274182528,1.034342553739795,0.29,16.0,REV_SHORT,SESSION,2024-03-07 20:35:00,2024-03-07 20:40:00,2024-03-07 21:58:00,2159.49
2024-03-08 08:45:00,2024-03-08 08:50:00,2024-03-08 09:07:00,372012.0,1853311.0,1853328.0,372016.0,-1.0,4.0,2180.0,2187.2541628415333,2170.0,1.050609569423227,0.01,2178.84,2170.0,2.0,-1.0,-1.0,-1.0,1.0,1.0,8.414162841533198,4649.917274182528,4658.757274182528,3.5383256830663763,0.29,4.0,REV_SHORT,TARGET,2024-03-08 13:45:00,2024-03-08 13:50:00,2024-03-08 14:07:00,2178.985
2024-03-08 12:30:00,2024-03-08 12:35:00,2024-03-08 12:45:00,372057.0,1853536.0,1853546.0,372060.0,1.0,1.0,2190.0,2186.600620064804,2200.0,1.5721640774684342,0.04,2191.81,2186.600620064804,1.0,1.0,1.0,1.0,0.0,0.0,20.837519740784046,4658.757274182528,4637.919754441744,3.399379935195958,0.29,3.0,BREAK_LONG,STOP,2024-03-08 17:30:00,2024-03-08 17:35:00,2024-03-08 17:45:00,2191.665
2024-03-10 18:20:00,2024-03-10 18:25:00,2024-03-10 19:24:00,372115.0,1853821.0,1853880.0,372127.0,-1.0,4.0,2180.0,2181.553868175977,2170.0,4.959078765195245,0.05,2179.6150000000002,2181.553868175977,1.0,-1.0,0.0,-1.0,0.0,1.0,9.69434087988475,4637.919754441744,4628.225413561859,0.9277363519538313,0.29,12.0,REV_SHORT,STOP,2024-03-10 22:20:00,2024-03-10 22:25:00,2024-03-10 23:24:00,2179.76
2024-03-11 00:15:00,2024-03-11 00:20:00,2024-03-11 01:36:00,372186.0,1854176.0,1854252.0,372202.0,1.0,1.0,2180.0,2179.0878050918986,2190.0,4.356480553091168,0.11,2181.125,2179.0878050918986,1.0,1.0,1.0,1.0,0.0,0.0,22.40914398911491,4628.225413561859,4605.816269572744,0.9121949081013199,0.29,16.0,BREAK_LONG,STOP,2024-03-11 04:15:00,2024-03-11 04:20:00,2024-03-11 05:36:00,2180.98
2024-03-11 06:00:00,2024-03-11 06:05:00,2024-03-11 06:27:00,372255.0,1854521.0,1854543.0,372260.0,1.0,1.0,2180.0,2178.6191523128878,2190.0,4.863854110080052,0.11,2180.56,2178.6191523128878,1.0,1.0,1.0,1.0,0.0,1.0,21.349324558234002,4605.816269572744,4584.46694501451,1.3808476871122979,0.29,5.0,BREAK_LONG,STOP,2024-03-11 10:00:00,2024-03-11 10:05:00,2024-03-11 10:27:00,2180.415
2024-03-11 12:50:00,2024-03-11 12:55:00,2024-03-11 14:24:00,372337.0,1854931.0,1855020.0,372355.0,1.0,3.0,2180.0,2177.823444492069,2190.0,2.6659196207489746,0.06,2181.145,2177.823444492069,1.0,1.0,1.0,1.0,0.0,1.0,19.929333047585715,4584.46694501451,4564.5376119669245,1.5931110158621187,0.29,18.0,REV_LONG,STOP,2024-03-11 16:50:00,2024-03-11 16:55:00,2024-03-11 18:24:00,2181.0
2024-03-11 22:20:00,2024-03-11 22:25:00,2024-03-11 22:57:00,372439.0,1855436.0,1855468.0,372446.0,1.0,3.0,2180.0,2179.246058942158,2190.0,9.107647391345917,0.21,2180.31,2179.246058942158,1.0,1.0,-1.0,1.0,0.0,0.0,22.342762214680533,4564.5376119669245,4542.194849752244,0.8778821156836877,0.29,7.0,REV_LONG,STOP,2024-03-12 02:20:00,2024-03-12 02:25:00,2024-03-12 02:57:00,2180.165
2024-03-14 10:25:00,2024-03-14 10:30:00,2024-03-14 11:36:00,373136.0,1858911.0,1858977.0,373150.0,1.0,3.0,2160.0,2156.454138884387,2170.0,1.7333011962215727,0.02,2161.41,2156.454138884387,1.0,-1.0,-1.0,-1.0,1.0,1.0,9.911722231226122,4542.194849752244,4532.283127521018,2.5917222312264445,0.29,14.0,REV_LONG,STOP,2024-03-14 14:25:00,2024-03-14 14:30:00,2024-03-14 15:36:00,2161.265
2024-03-15 06:10:00,2024-03-15 06:15:00,2024-03-15 06:42:00,373361.0,1860031.0,1860058.0,373367.0,1.0,1.0,2170.0,2168.710033657361,2180.0,4.120244297754618,0.05,2170.915,2168.710033657361,1.0,1.0,1.0,-1.0,0.0,0.0,11.02483171319591,4532.283127521018,4521.258295807822,1.2899663426390822,0.29,6.0,BREAK_LONG,STOP,2024-03-15 10:10:00,2024-03-15 10:15:00,2024-03-15 10:42:00,2170.77
2024-03-15 08:50:00,2024-03-15 08:55:00,2024-03-15 09:31:00,373393.0,1860191.0,1860227.0,373401.0,1.0,3.0,2160.0,2156.6558417325014,2170.0,2.204527160182538,0.02,2160.82,2156.6558417325014,1.0,-1.0,-1.0,-1.0,1.0,1.0,8.328316534997612,4521.258295807822,4512.929979272824,1.9283165349971483,0.29,8.0,REV_LONG,STOP,2024-03-15 12:50:00,2024-03-15 12:55:00,2024-03-15 13:31:00,2160.675
2024-03-17 23:00:00,2024-03-17 23:05:00,2024-03-18 03:04:00,373551.0,1860976.0,1861215.0,373599.0,-1.0,2.0,2150.0,2151.2012805657387,2140.0,1.698271145098086,0.05,2147.05,2148.105,3.0,1.0,1.0,1.0,0.0,0.0,20.756402828692444,4512.929979272824,4507.654979272826,1.201280565738858,0.29,48.0,BREAK_SHORT,TIME,2024-03-18 03:00:00,2024-03-18 03:05:00,2024-03-18 07:04:00,2147.195
2024-03-18 09:05:00,2024-03-18 09:10:00,2024-03-18 09:16:00,373672.0,1861581.0,1861587.0,373674.0,1.0,3.0,2160.0,2157.902681667069,2170.0,2.918390340216956,0.03,2160.99,2157.902681667069,1.0,1.0,1.0,-1.0,1.0,0.0,9.26195499879259,4507.654979272826,4498.393024274033,1.4846366658616834,0.29,2.0,REV_LONG,STOP,2024-03-18 13:05:00,2024-03-18 13:10:00,2024-03-18 13:16:00,2160.845
2024-03-18 10:20:00,2024-03-18 10:25:00,2024-03-18 14:24:00,373687.0,1861656.0,1861895.0,373735.0,-1.0,4.0,2160.0,2161.7431113181465,2150.0,4.664486617460586,0.1,2159.67,2159.75,3.0,-1.0,-1.0,1.0,1.0,0.0,20.731113181464025,4498.393024274033,4497.593024274034,1.786222636293272,0.29,48.0,REV_SHORT,TIME,2024-03-18 14:20:00,2024-03-18 14:25:00,2024-03-18 18:24:00,2159.815
2024-03-20 00:05:00,2024-03-20 00:10:00,2024-03-20 04:09:00,374116.0,1863791.0,1864030.0,374164.0,-1.0,4.0,2160.0,2160.6252613474944,2150.0,11.07057583266234,0.25,2159.745,2156.005,3.0,-1.0,-1.0,1.0,0.0,0.0,22.006533687363117,4497.593024274034,4591.093024274029,0.6605226949889523,0.29,48.0,REV_SHORT,TIME,2024-03-20 04:05:00,2024-03-20 04:10:00,2024-03-20 08:09:00,2159.89
2024-03-20 15:00:00,2024-03-20 15:05:00,2024-03-20 15:25:00,374295.0,1864686.0,1864706.0,374300.0,-1.0,4.0,2180.0,2186.0673933550647,2170.0,1.4354153967080783,0.01,2179.47,2186.0673933550647,1.0,-1.0,-1.0,-1.0,1.0,1.0,6.5973933550649235,4591.093024274029,4584.495630918964,4.474786710129452,0.29,5.0,REV_SHORT,STOP,2024-03-20 19:00:00,2024-03-20 19:05:00,2024-03-20 19:25:00,2179.615
2024-03-22 13:40:00,2024-03-22 13:45:00,2024-03-22 14:18:00,374831.0,1867356.0,1867389.0,374838.0,-1.0,2.0,2160.0,2161.840017143586,2150.0,3.4848258551467137,0.08,2159.2,2161.840017143586,1.0,1.0,1.0,1.0,0.0,1.0,21.120137148689537,4584.495630918964,4563.375493770274,1.8400171435858685,0.29,7.0,BREAK_SHORT,STOP,2024-03-22 17:40:00,2024-03-22 17:45:00,2024-03-22 18:18:00,2159.345
2024-03-25 09:45:00,2024-03-25 09:50:00,2024-03-25 13:49:00,375060.0,1868496.0,1868735.0,375108.0,-1.0,4.0,2180.0,2182.3833211166666,2170.0,1.3284267431426315,0.04,2177.065,2175.065,3.0,-1.0,-1.0,1.0,1.0,0.0,21.273284466666155,4563.375493770274,4571.375493770274,1.9466422333333688,0.29,48.0,REV_SHORT,TIME,2024-03-25 13:45:00,2024-03-25 13:50:00,2024-03-25 17:49:00,2177.21
2024-03-26 03:25:00,2024-03-26 03:30:00,2024-03-26 05:10:00,375260.0,1869491.0,1869591.0,375281.0,1.0,3.0,2170.0,2169.2431909922984,2180.0,4.167048930957643,0.1,2171.325,2180.0,2.0,-1.0,-1.0,1.0,0.0,0.0,20.818090077013952,4571.375493770274,4658.125493770276,0.923618015402796,0.29,21.0,REV_LONG,TARGET,2024-03-26 07:25:00,2024-03-26 07:30:00,2024-03-26 09:10:00,2171.18
2024-03-27 11:35:00,2024-03-27 11:40:00,2024-03-27 15:39:00,375634.0,1871356.0,1871595.0,375682.0,1.0,3.0,2190.0,2187.539341309071,2200.0,3.159572226522677,0.03,2190.535,2191.15,3.0,1.0,1.0,-1.0,1.0,1.0,8.986976072786547,4658.125493770276,4659.970493770276,1.8513173818581818,0.29,48.0,REV_LONG,TIME,2024-03-27 15:35:00,2024-03-27 15:40:00,2024-03-27 19:39:00,2190.39
2024-03-28 12:45:00,2024-03-28 12:50:00,2024-03-28 13:26:00,375924.0,1872801.0,1872837.0,375932.0,1.0,1.0,2220.0,2217.474575194936,2230.0,1.537861541768871,0.02,2222.41,2217.474575194936,1.0,1.0,1.0,-1.0,0.0,0.0,9.870849610128062,4659.970493770276,4650.099644160148,2.525424805064187,0.29,8.0,BREAK_LONG,STOP,2024-03-28 16:45:00,2024-03-28 16:50:00,2024-03-28 17:26:00,2222.265
2024-03-28 15:45:00,2024-03-28 15:50:00,2024-03-28 16:50:00,375960.0,1872981.0,1873041.0,375973.0,1.0,3.0,2220.0,2218.1146406032285,2230.0,3.7064031408625118,0.04,2220.64,2230.0,2.0,1.0,1.0,-1.0,1.0,1.0,10.101437587085456,4650.099644160148,4687.539644160149,1.290718793543545,0.29,13.0,REV_LONG,TARGET,2024-03-28 19:45:00,2024-03-28 19:50:00,2024-03-28 20:50:00,2220.495
2024-04-02 10:55:00,2024-04-02 11:00:00,2024-04-02 11:27:00,376730.0,1876816.0,1876843.0,376736.0,1.0,3.0,2260.0,2255.294659722872,2270.0,1.6906541096204388,0.04,2260.7599999999998,2255.294659722872,1.0,1.0,1.0,1.0,0.0,0.0,21.86136110851112,4687.539644160149,4665.678283051638,4.010680554256224,0.29,6.0,REV_LONG,STOP,2024-04-02 14:55:00,2024-04-02 15:00:00,2024-04-02 15:27:00,2260.615
2024-04-02 14:25:00,2024-04-02 14:30:00,2024-04-02 16:34:00,376772.0,1877026.0,1877150.0,376797.0,1.0,1.0,2270.0,2267.8419330148263,2280.0,2.7089135274426828,0.07,2271.12,2280.0,2.0,1.0,1.0,1.0,0.0,1.0,22.946468896215265,4665.678283051638,4727.838283051638,2.1580669851737824,0.29,25.0,BREAK_LONG,TARGET,2024-04-02 18:25:00,2024-04-02 18:30:00,2024-04-02 20:34:00,2270.975
2024-04-03 08:30:00,2024-04-03 08:35:00,2024-04-03 10:01:00,376977.0,1878046.0,1878132.0,376995.0,1.0,3.0,2270.0,2264.2885251272087,2280.0,1.2392262721153675,0.03,2271.305,2280.0,2.0,1.0,-1.0,1.0,1.0,1.0,21.04942461837345,4727.838283051638,4753.923283051639,2.43294974558255,0.29,18.0,REV_LONG,TARGET,2024-04-03 12:30:00,2024-04-03 12:35:00,2024-04-03 14:01:00,2271.16
2024-04-03 10:15:00,2024-04-03 10:20:00,2024-04-03 10:44:00,376998.0,1878151.0,1878175.0,377003.0,-1.0,4.0,2280.0,2282.9585666034513,2270.0,1.512047938817309,0.02,2277.8,2282.9585666034513,1.0,-1.0,1.0,-1.0,0.0,0.0,10.317133206902326,4753.923283051639,4743.606149844737,3.607133206902031,0.29,5.0,REV_SHORT,STOP,2024-04-03 14:15:00,2024-04-03 14:20:00,2024-04-03 14:44:00,2277.945
2024-04-04 09:30:00,2024-04-04 09:35:00,2024-04-04 10:02:00,377265.0,1879481.0,1879508.0,377271.0,-1.0,4.0,2290.0,2292.3650588147193,2280.0,1.6364400326736144,0.02,2287.675,2292.3650588147193,1.0,-1.0,1.0,-1.0,1.0,0.0,9.380117629438246,4743.606149844737,4734.226032215299,2.330117629439113,0.29,6.0,REV_SHORT,STOP,2024-04-04 13:30:00,2024-04-04 13:35:00,2024-04-04 14:02:00,2287.82
2024-04-05 05:50:00,2024-04-05 05:55:00,2024-04-05 08:31:00,377497.0,1880636.0,1880792.0,377529.0,1.0,1.0,2290.0,2288.106192734489,2300.0,2.008190957930761,0.05,2292.06,2288.106192734489,1.0,1.0,1.0,1.0,0.0,0.0,19.76903632755466,4734.226032215299,4714.456995887744,1.8938072655111542,0.29,32.0,BREAK_LONG,STOP,2024-04-05 09:50:00,2024-04-05 09:55:00,2024-04-05 12:31:00,2291.915
2024-04-05 10:00:00,2024-04-05 10:05:00,2024-04-05 10:15:00,377547.0,1880886.0,1880896.0,377550.0,-1.0,4.0,2300.0,2304.7399232484013,2290.0,1.1518377234140762,0.03,2297.89,2304.7399232484013,1.0,-1.0,-1.0,1.0,1.0,0.0,20.54976974520423,4714.456995887744,4693.907226142539,4.209846496801678,0.29,3.0,REV_SHORT,STOP,2024-04-05 14:00:00,2024-04-05 14:05:00,2024-04-05 14:15:00,2298.035
2024-04-08 06:45:00,2024-04-08 06:50:00,2024-04-08 07:04:00,377784.0,1882066.0,1882080.0,377787.0,1.0,1.0,2340.0,2337.9869654685103,2350.0,1.2337220895758387,0.02,2343.365,2337.9869654685103,1.0,1.0,1.0,-1.0,0.0,0.0,10.756069062978895,4693.907226142539,4683.15115707956,2.0130345314895206,0.29,3.0,BREAK_LONG,STOP,2024-04-08 10:45:00,2024-04-08 10:50:00,2024-04-08 11:04:00,2343.22
2024-04-09 03:35:00,2024-04-09 03:40:00,2024-04-09 05:16:00,378022.0,1883251.0,1883347.0,378042.0,1.0,1.0,2350.0,2347.778046313778,2360.0,1.926044817431641,0.05,2351.955,2360.0,2.0,1.0,1.0,1.0,0.0,0.0,20.88476843111039,4683.15115707956,4723.3761570795605,2.221953686222347,0.29,20.0,BREAK_LONG,TARGET,2024-04-09 07:35:00,2024-04-09 07:40:00,2024-04-09 09:16:00,2351.81
2024-04-09 16:10:00,2024-04-09 16:15:00,2024-04-09 16:58:00,378173.0,1884006.0,1884049.0,378182.0,1.0,1.0,2350.0,2348.494474312193,2360.0,1.3967220333868238,0.04,2353.295,2352.57,4.0,1.0,1.0,1.0,0.0,0.0,19.202102751229177,4723.3761570795605,4720.476157079561,1.5055256878070604,0.29,9.0,BREAK_LONG,SESSION,2024-04-09 20:10:00,2024-04-09 20:15:00,2024-04-09 20:58:00,2353.15
2024-04-10 15:10:00,2024-04-10 15:15:00,2024-04-10 16:22:00,378437.0,1885321.0,1885388.0,378451.0,-1.0,2.0,2330.0,2333.2245434254287,2320.0,1.978807088512985,0.05,2328.785,2333.2245434254287,1.0,1.0,1.0,1.0,0.0,1.0,22.19771712714419,4720.476157079561,4698.278439952416,3.224543425428786,0.29,14.0,BREAK_SHORT,STOP,2024-04-10 19:10:00,2024-04-10 19:15:00,2024-04-10 20:22:00,2328.93
2024-04-11 12:55:00,2024-04-11 13:00:00,2024-04-11 13:09:00,378686.0,1886561.0,1886570.0,378688.0,-1.0,4.0,2350.0,2352.0457701015507,2340.0,3.9863064758599447,0.09,2349.63,2352.0457701015507,1.0,-1.0,-1.0,1.0,1.0,1.0,21.741930913955457,4698.278439952416,4676.53650903846,2.3715402031010613,0.29,2.0,REV_SHORT,STOP,2024-04-11 16:55:00,2024-04-11 17:00:00,2024-04-11 17:09:00,2349.775
2024-04-12 02:50:00,2024-04-12 02:55:00,2024-04-12 03:59:00,378841.0,1887331.0,1887395.0,378854.0,1.0,1.0,2390.0,2387.8902148101906,2400.0,1.0701247647359184,0.01,2393.74,2400.0,2.0,1.0,1.0,-1.0,0.0,0.0,5.849785189809154,4676.53650903846,4682.7965090384605,2.1097851898094544,0.29,13.0,BREAK_LONG,TARGET,2024-04-12 06:50:00,2024-04-12 06:55:00,2024-04-12 07:59:00,2393.595
2024-04-15 04:45:00,2024-04-15 04:50:00,2024-04-15 05:02:00,379140.0,1888821.0,1888833.0,379143.0,-1.0,2.0,2350.0,2352.6967840949233,2340.0,1.7119542117909183,0.05,2348.015,2352.6967840949233,1.0,1.0,1.0,1.0,0.0,0.0,23.408920474616934,4682.7965090384605,4659.387588563844,2.696784094923195,0.29,3.0,BREAK_SHORT,STOP,2024-04-15 08:45:00,2024-04-15 08:50:00,2024-04-15 09:02:00,2348.16
2024-04-15 10:55:00,2024-04-15 11:00:00,2024-04-15 12:42:00,379214.0,1889191.0,1889293.0,379235.0,-1.0,4.0,2350.0,2355.4711543850913,2340.0,1.6128611718090216,0.03,2349.55,2355.4711543850913,1.0,1.0,1.0,1.0,0.0,1.0,17.763463155273257,4659.387588563844,4641.624125408571,5.8323087701825544,0.29,21.0,REV_SHORT,STOP,2024-04-15 14:55:00,2024-04-15 15:00:00,2024-04-15 16:42:00,2349.695
2024-04-17 04:50:00,2024-04-17 04:55:00,2024-04-17 06:15:00,379693.0,1891576.0,1891656.0,379710.0,1.0,1.0,2390.0,2388.1081928447634,2400.0,2.2564170696102375,0.03,2391.7599999999998,2388.1081928447634,1.0,1.0,1.0,-1.0,0.0,1.0,10.95542146570915,4641.624125408571,4630.668703942862,1.8918071552366664,0.29,17.0,BREAK_LONG,STOP,2024-04-17 08:50:00,2024-04-17 08:55:00,2024-04-17 10:15:00,2391.615
2024-04-19 03:20:00,2024-04-19 03:25:00,2024-04-19 04:12:00,380227.0,1894236.0,1894283.0,380237.0,-1.0,4.0,2390.0,2395.4836268997947,2380.0,1.6227312739449973,0.03,2389.58,2380.0,2.0,-1.0,-1.0,1.0,0.0,1.0,17.710880699384234,4630.668703942862,4659.408703942861,3.107253799589504,0.29,10.0,REV_SHORT,TARGET,2024-04-19 07:20:00,2024-04-19 07:25:00,2024-04-19 08:12:00,2389.725
2024-04-19 10:25:00,2024-04-19 10:30:00,2024-04-19 11:01:00,380312.0,1894661.0,1894692.0,380319.0,-1.0,4.0,2390.0,2393.3482829443315,2380.0,1.7278788282198776,0.02,2388.455,2393.3482829443315,1.0,-1.0,-1.0,-1.0,0.0,0.0,9.786565888663063,4659.408703942861,4649.622138054198,3.3865658886627448,0.29,7.0,REV_SHORT,STOP,2024-04-19 14:25:00,2024-04-19 14:30:00,2024-04-19 15:01:00,2388.6
2024-04-21 21:35:00,2024-04-21 21:40:00,2024-04-21 23:02:00,380434.0,1895266.0,1895348.0,380451.0,-1.0,2.0,2380.0,2381.8576555298514,2370.0,1.2704265027774562,0.04,2376.635,2370.0,2.0,1.0,1.0,1.0,0.0,1.0,20.890622119404725,4649.622138054198,4676.162138054199,1.8576555298512336,0.29,17.0,BREAK_SHORT,TARGET,2024-04-22 01:35:00,2024-04-22 01:40:00,2024-04-22 03:02:00,2376.78
2024-04-22 03:00:00,2024-04-22 03:05:00,2024-04-22 04:05:00,380499.0,1895591.0,1895651.0,380512.0,-1.0,2.0,2360.0,2362.8525097339284,2350.0,1.0688112026185883,0.01,2356.64,2362.8525097339284,1.0,1.0,1.0,-1.0,0.0,0.0,6.212509733928528,4676.162138054199,4669.949628320271,2.8525097339284367,0.29,13.0,BREAK_SHORT,STOP,2024-04-22 07:00:00,2024-04-22 07:05:00,2024-04-22 08:05:00,2356.785
2024-04-23 06:25:00,2024-04-23 06:30:00,2024-04-23 06:37:00,380816.0,1897171.0,1897178.0,380818.0,-1.0,4.0,2300.0,2301.984477483528,2290.0,4.315855922754399,0.05,2299.73,2301.984477483528,1.0,1.0,1.0,-1.0,1.0,0.0,11.272387417639038,4669.949628320271,4658.677240902632,2.3989549670558272,0.29,2.0,REV_SHORT,STOP,2024-04-23 10:25:00,2024-04-23 10:30:00,2024-04-23 10:37:00,2299.875
2024-04-24 04:20:00,2024-04-24 04:25:00,2024-04-24 08:24:00,381067.0,1898421.0,1898660.0,381115.0,-1.0,2.0,2320.0,2321.6542978725197,2310.0,2.2424407452767694,0.03,2318.06,2314.19,3.0,1.0,1.0,-1.0,0.0,0.0,10.782893617559239,4658.677240902632,4670.287240902631,1.6542978725198898,0.29,48.0,BREAK_SHORT,TIME,2024-04-24 08:20:00,2024-04-24 08:25:00,2024-04-24 12:24:00,2318.205
2024-04-24 21:45:00,2024-04-24 21:50:00,2024-04-24 22:32:00,381264.0,1899401.0,1899443.0,381273.0,-1.0,4.0,2320.0,2321.447972056443,2310.0,4.922471573390201,0.06,2319.515,2321.447972056443,1.0,1.0,-1.0,-1.0,0.0,0.0,11.597832338659828,4670.287240902631,4658.6894085639715,1.3359441128858545,0.29,9.0,REV_SHORT,STOP,2024-04-25 01:45:00,2024-04-25 01:50:00,2024-04-25 02:32:00,2319.66
2024-04-25 09:30:00,2024-04-25 09:35:00,2024-04-25 09:43:00,381405.0,1900106.0,1900114.0,381407.0,-1.0,2.0,2320.0,2324.0625306264656,2310.0,2.151245740043942,0.05,2319.6,2324.0625306264656,1.0,1.0,1.0,1.0,0.0,1.0,22.312653132328254,4658.6894085639715,4636.376755431643,4.062530626465717,0.29,2.0,BREAK_SHORT,STOP,2024-04-25 13:30:00,2024-04-25 13:35:00,2024-04-25 13:43:00,2319.745
2024-04-26 02:05:00,2024-04-26 02:10:00,2024-04-26 02:52:00,381592.0,1901036.0,1901078.0,381601.0,-1.0,4.0,2340.0,2342.110477503248,2330.0,2.6693107258963034,0.03,2338.81,2342.110477503248,1.0,-1.0,-1.0,-1.0,0.0,0.0,9.901432509744607,4636.376755431643,4626.475322921899,1.600955006496359,0.29,9.0,REV_SHORT,STOP,2024-04-26 06:05:00,2024-04-26 06:10:00,2024-04-26 06:52:00,2338.955
2024-04-29 08:45:00,2024-04-29 08:50:00,2024-04-29 09:43:00,381948.0,1902811.0,1902864.0,381959.0,1.0,3.0,2330.0,2327.51458273298,2340.0,3.1268414122983894,0.07,2330.54,2327.51458273298,1.0,-1.0,-1.0,1.0,0.0,1.0,21.177920869138237,4626.475322921899,4605.29740205276,1.7708345340394347,0.29,11.0,REV_LONG,STOP,2024-04-29 12:45:00,2024-04-29 12:50:00,2024-04-29 13:43:00,2330.395
2024-04-30 09:50:00,2024-04-30 09:55:00,2024-04-30 10:12:00,382237.0,1904251.0,1904268.0,382241.0,-1.0,4.0,2310.0,2314.9508469183997,2300.0,1.6741649586569936,0.04,2309.36,2300.0,2.0,1.0,1.0,1.0,1.0,1.0,22.36338767359848,4605.29740205276,4642.73740205276,3.071693836799153,0.29,4.0,REV_SHORT,TARGET,2024-04-30 13:50:00,2024-04-30 13:55:00,2024-04-30 14:12:00,2309.505
2024-05-02 00:25:00,2024-05-02 00:30:00,2024-05-02 03:15:00,382676.0,1906436.0,1906601.0,382710.0,-1.0,4.0,2320.0,2321.658898041264,2310.0,5.427537698391624,0.06,2319.845,2310.0,2.0,-1.0,1.0,-1.0,0.0,1.0,10.883388247584662,4642.73740205276,4701.807402052759,1.1677960825283051,0.29,34.0,REV_SHORT,TARGET,2024-05-02 04:25:00,2024-05-02 04:30:00,2024-05-02 07:15:00,2319.99
2024-05-02 09:25:00,2024-05-02 09:30:00,2024-05-02 10:36:00,382784.0,1906976.0,1907042.0,382798.0,1.0,3.0,2290.0,2284.6868428585176,2300.0,1.5658099775969159,0.03,2290.655,2300.0,2.0,-1.0,-1.0,1.0,1.0,1.0,17.904471424447816,4701.807402052759,4729.842402052758,2.97631428296502,0.29,14.0,REV_LONG,TARGET,2024-05-02 13:25:00,2024-05-02 13:30:00,2024-05-02 14:36:00,2290.51
2024-05-02 12:05:00,2024-05-02 12:10:00,2024-05-02 16:09:00,382816.0,1907136.0,1907375.0,382864.0,1.0,3.0,2300.0,2295.7633305496365,2310.0,1.9649415890728528,0.04,2300.565,2301.915,3.0,-1.0,-1.0,1.0,1.0,1.0,19.206677801454134,4729.842402052758,4735.242402052758,3.2033389007268047,0.29,48.0,REV_LONG,TIME,2024-05-02 16:05:00,2024-05-02 16:10:00,2024-05-02 20:09:00,2300.42
2024-05-06 01:20:00,2024-05-06 01:25:00,2024-05-06 03:40:00,383239.0,1909241.0,1909376.0,383267.0,1.0,1.0,2310.0,2308.4575667003646,2320.0,3.039441026010286,0.08,2311.315,2320.0,2.0,1.0,1.0,1.0,0.0,0.0,22.85946639708345,4735.242402052758,4804.722402052757,1.5424332996352315,0.29,28.0,BREAK_LONG,TARGET,2024-05-06 05:20:00,2024-05-06 05:25:00,2024-05-06 07:40:00,2311.17
2024-05-07 09:20:00,2024-05-07 09:25:00,2024-05-07 13:24:00,383611.0,1911096.0,1911335.0,383659.0,-1.0,4.0,2320.0,2324.855099395834,2310.0,1.7008783526868976,0.02,2319.355,2314.7,3.0,-1.0,1.0,-1.0,0.0,1.0,11.000198791667572,4804.722402052757,4814.032402052758,2.130198791667539,0.29,48.0,REV_SHORT,TIME,2024-05-07 13:20:00,2024-05-07 13:25:00,2024-05-07 17:24:00,2319.5
2024-05-07 22:00:00,2024-05-07 22:05:00,2024-05-07 22:36:00,383751.0,1911791.0,1911822.0,383758.0,-1.0,2.0,2310.0,2311.5513041728154,2300.0,3.324218967786537,0.09,2308.88,2311.5513041728154,1.0,1.0,1.0,1.0,0.0,1.0,24.04173755533793,4814.032402052758,4789.99066449742,1.551304172815463,0.29,7.0,BREAK_SHORT,STOP,2024-05-08 02:00:00,2024-05-08 02:05:00,2024-05-08 02:36:00,2309.025
2024-05-08 18:30:00,2024-05-08 18:35:00,2024-05-08 21:32:00,383985.0,1912956.0,1913133.0,384021.0,-1.0,4.0,2310.0,2311.445724992301,2300.0,6.040382012028433,0.14,2309.82,2311.445724992301,1.0,1.0,0.0,1.0,0.0,1.0,22.76014989221403,4789.99066449742,4767.230514605206,0.8814499846023224,0.29,36.0,REV_SHORT,STOP,2024-05-08 22:30:00,2024-05-08 22:35:00,2024-05-09 01:32:00,2309.965
2024-05-09 04:00:00,2024-05-09 04:05:00,2024-05-09 05:41:00,384099.0,1913526.0,1913622.0,384119.0,1.0,3.0,2310.0,2308.3945546431546,2320.0,5.1390006935785255,0.06,2310.285,2308.3945546431546,1.0,-1.0,-1.0,-1.0,0.0,1.0,11.342672141071489,4767.230514605206,4755.887842464134,1.390890713691371,0.29,20.0,REV_LONG,STOP,2024-05-09 08:00:00,2024-05-09 08:05:00,2024-05-09 09:41:00,2310.14
2024-05-13 21:20:00,2024-05-13 21:25:00,2024-05-13 21:57:00,384847.0,1917251.0,1917283.0,384854.0,-1.0,4.0,2340.0,2341.730210432331,2330.0,3.493971170689968,0.04,2339.12,2341.730210432331,1.0,1.0,-1.0,-1.0,0.0,0.0,10.440841729325257,4755.887842464134,4745.447000734809,1.190420864661709,0.29,7.0,REV_SHORT,STOP,2024-05-14 01:20:00,2024-05-14 01:25:00,2024-05-14 01:57:00,2339.265
2024-05-15 11:35:00,2024-05-15 11:40:00,2024-05-15 13:36:00,385294.0,1919481.0,1919597.0,385318.0,1.0,1.0,2380.0,2376.3252547029256,2390.0,2.158325573172551,0.05,2380.655,2390.0,2.0,1.0,1.0,1.0,0.0,0.0,21.648726485373118,4745.447000734809,4792.1720007348085,3.6747452970745353,0.29,24.0,BREAK_LONG,TARGET,2024-05-15 15:35:00,2024-05-15 15:40:00,2024-05-15 17:36:00,2380.51
2024-05-15 19:30:00,2024-05-15 19:35:00,2024-05-15 22:06:00,385377.0,1919891.0,1920042.0,385408.0,1.0,1.0,2390.0,2388.854813339616,2400.0,4.489734947956878,0.11,2390.8849999999998,2388.854813339616,1.0,1.0,1.0,1.0,0.0,1.0,22.332053264219667,4792.1720007348085,4769.839947470589,1.1451866603838845,0.29,31.0,BREAK_LONG,STOP,2024-05-15 23:30:00,2024-05-15 23:35:00,2024-05-16 02:06:00,2390.74
2024-05-16 00:45:00,2024-05-16 00:50:00,2024-05-16 02:11:00,385440.0,1920206.0,1920287.0,385457.0,1.0,1.0,2390.0,2388.712104979548,2400.0,3.0707978258083504,0.08,2391.485,2388.712104979548,1.0,1.0,1.0,1.0,0.0,0.0,22.183160163618595,4769.839947470589,4747.656787306971,1.2878950204522972,0.29,17.0,BREAK_LONG,STOP,2024-05-16 04:45:00,2024-05-16 04:50:00,2024-05-16 06:11:00,2391.34
2024-05-19 18:30:00,2024-05-19 18:35:00,2024-05-19 20:34:00,385917.0,1922581.0,1922700.0,385941.0,-1.0,4.0,2420.0,2423.7359690154194,2410.0,1.4200218461559462,0.02,2418.06,2423.7359690154194,1.0,-1.0,0.0,-1.0,0.0,1.0,11.351938030838937,4747.656787306971,4736.304849276132,2.4519380308382965,0.29,24.0,REV_SHORT,STOP,2024-05-19 22:30:00,2024-05-19 22:35:00,2024-05-20 00:34:00,2418.205
2024-05-20 08:30:00,2024-05-20 08:35:00,2024-05-20 08:42:00,386085.0,1923421.0,1923428.0,386087.0,1.0,3.0,2420.0,2413.4340055280627,2430.0,1.3866889015564254,0.01,2420.375,2413.4340055280627,1.0,1.0,-1.0,-1.0,1.0,1.0,6.9409944719373025,4736.304849276132,4729.3638548041945,3.4119889438740643,0.29,2.0,REV_LONG,STOP,2024-05-20 12:30:00,2024-05-20 12:35:00,2024-05-20 12:42:00,2420.23
2024-05-20 15:35:00,2024-05-20 15:40:00,2024-05-20 15:51:00,386170.0,1923846.0,1923857.0,386173.0,1.0,3.0,2430.0,2428.2054397641004,2440.0,2.14978515309333,0.03,2431.95,2428.2054397641004,1.0,1.0,1.0,-1.0,0.0,0.0,11.233680707698113,4729.3638548041945,4718.130174096496,1.959120471799257,0.29,3.0,REV_LONG,STOP,2024-05-20 19:35:00,2024-05-20 19:40:00,2024-05-20 19:51:00,2431.805
2024-05-20 21:05:00,2024-05-20 21:10:00,2024-05-20 21:27:00,386224.0,1924111.0,1924128.0,386228.0,-1.0,4.0,2430.0,2433.1130471756223,2420.0,1.1972090350064715,0.03,2427.145,2433.1130471756223,1.0,-1.0,1.0,1.0,0.0,1.0,17.90414152686708,4718.130174096496,4700.22603256963,1.8460943512447812,0.29,4.0,REV_SHORT,STOP,2024-05-21 01:05:00,2024-05-21 01:10:00,2024-05-21 01:27:00,2427.29
2024-05-21 07:10:00,2024-05-21 07:15:00,2024-05-21 08:06:00,386345.0,1924716.0,1924767.0,386356.0,-1.0,4.0,2420.0,2423.975183700878,2410.0,1.8607283894701105,0.02,2419.09,2423.975183700878,1.0,-1.0,1.0,-1.0,0.0,1.0,9.77036740175572,4700.22603256963,4690.455665167874,1.8203674017559295,0.29,11.0,REV_SHORT,STOP,2024-05-21 11:10:00,2024-05-21 11:15:00,2024-05-21 12:06:00,2419.235
2024-05-21 09:25:00,2024-05-21 09:30:00,2024-05-21 11:04:00,386372.0,1924851.0,1924945.0,386391.0,-1.0,4.0,2430.0,2432.981161503045,2420.0,2.493163979124201,0.06,2429.265,2432.981161503045,1.0,-1.0,-1.0,1.0,1.0,0.0,22.29696901826992,4690.455665167874,4668.158696149604,2.782323006089673,0.29,19.0,REV_SHORT,STOP,2024-05-21 13:25:00,2024-05-21 13:30:00,2024-05-21 15:04:00,2429.41
2024-05-22 07:55:00,2024-05-22 08:00:00,2024-05-22 08:08:00,386630.0,1926136.0,1926144.0,386632.0,-1.0,2.0,2410.0,2412.061085104158,2400.0,1.9266770278510412,0.05,2407.94,2412.061085104158,1.0,1.0,1.0,1.0,0.0,1.0,20.60542552078914,4668.158696149604,4647.553270628815,2.061085104158046,0.29,2.0,BREAK_SHORT,STOP,2024-05-22 11:55:00,2024-05-22 12:00:00,2024-05-22 12:08:00,2408.085
2024-05-22 13:45:00,2024-05-22 13:50:00,2024-05-22 14:30:00,386700.0,1926486.0,1926526.0,386709.0,-1.0,2.0,2390.0,2392.2954575146273,2380.0,2.35441277536614,0.06,2388.63,2380.0,2.0,1.0,1.0,1.0,0.0,0.0,21.99274508776307,4647.553270628815,4699.333270628816,2.2954575146273943,0.29,9.0,BREAK_SHORT,TARGET,2024-05-22 17:45:00,2024-05-22 17:50:00,2024-05-22 18:30:00,2388.775
2024-05-22 21:00:00,2024-05-22 21:05:00,2024-05-22 21:12:00,386775.0,1926856.0,1926863.0,386777.0,1.0,3.0,2380.0,2378.3496807470447,2390.0,2.200356464202373,0.03,2381.99,2378.3496807470447,1.0,-1.0,1.0,-1.0,0.0,1.0,10.92095775886537,4699.333270628816,4688.41231286995,1.2906385059100802,0.29,2.0,REV_LONG,STOP,2024-05-23 01:00:00,2024-05-23 01:05:00,2024-05-23 01:12:00,2381.845
2024-05-22 21:35:00,2024-05-22 21:40:00,2024-05-23 01:39:00,386782.0,1926891.0,1927130.0,386830.0,1.0,3.0,2370.0,2365.4679180105854,2380.0,1.2128674520645566,0.01,2372.035,2365.4679180105854,1.0,-1.0,-1.0,-1.0,1.0,1.0,6.56708198941442,4688.41231286995,4681.845230880535,2.6841639788290452,0.29,48.0,REV_LONG,STOP,2024-05-23 01:35:00,2024-05-23 01:40:00,2024-05-23 05:39:00,2371.89
2024-05-24 04:50:00,2024-05-24 04:55:00,2024-05-24 05:11:00,387145.0,1928701.0,1928717.0,387149.0,-1.0,4.0,2340.0,2341.859617740594,2330.0,4.608397921253829,0.11,2339.745,2341.859617740594,1.0,1.0,-1.0,1.0,0.0,1.0,23.260795146533837,4681.845230880535,4658.584435734001,1.4992354811872728,0.29,4.0,REV_SHORT,STOP,2024-05-24 08:50:00,2024-05-24 08:55:00,2024-05-24 09:11:00,2339.89
2024-05-28 09:35:00,2024-05-28 09:40:00,2024-05-28 10:04:00,387754.0,1931736.0,1931760.0,387759.0,-1.0,4.0,2360.0,2365.5100536703444,2350.0,1.1556550348292352,0.01,2358.315,2350.0,2.0,-1.0,-1.0,-1.0,1.0,1.0,7.19505367034435,4658.584435734001,4666.899435734002,2.6701073406886766,0.29,5.0,REV_SHORT,TARGET,2024-05-28 13:35:00,2024-05-28 13:40:00,2024-05-28 14:04:00,2358.46
2024-05-28 10:10:00,2024-05-28 10:15:00,2024-05-28 11:39:00,387761.0,1931771.0,1931855.0,387778.0,1.0,3.0,2350.0,2346.5122634892255,2360.0,2.407942007775443,0.05,2350.47,2360.0,2.0,1.0,1.0,1.0,0.0,0.0,19.788682553871695,4666.899435734002,4714.549435734003,3.3254730215497457,0.29,17.0,REV_LONG,TARGET,2024-05-28 14:10:00,2024-05-28 14:15:00,2024-05-28 15:39:00,2350.325
2024-05-28 22:35:00,2024-05-28 22:40:00,2024-05-29 02:39:00,387898.0,1932451.0,1932690.0,387946.0,-1.0,4.0,2360.0,2361.6389775251473,2350.0,2.9805290653051246,0.08,2358.715,2352.625,3.0,-1.0,1.0,1.0,0.0,1.0,23.391820201177325,4714.549435734003,4763.269435734004,1.3979550502941471,0.29,48.0,REV_SHORT,TIME,2024-05-29 02:35:00,2024-05-29 02:40:00,2024-05-29 06:39:00,2358.86
2024-05-29 22:55:00,2024-05-29 23:00:00,2024-05-30 01:33:00,388178.0,1933846.0,1933999.0,388209.0,1.0,3.0,2330.0,2327.5840706935855,2340.0,2.9341595140232557,0.03,2330.74,2327.5840706935855,1.0,-1.0,-1.0,-1.0,1.0,0.0,9.46778791924271,4763.269435734004,4753.801647814762,1.8418586128294683,0.29,31.0,REV_LONG,STOP,2024-05-30 02:55:00,2024-05-30 03:00:00,2024-05-30 05:33:00,2330.595
2024-06-03 10:15:00,2024-06-03 10:20:00,2024-06-03 10:40:00,388866.0,1937276.0,1937296.0,388871.0,-1.0,4.0,2340.0,2343.7666505083766,2330.0,2.1928957325345846,0.02,2339.455,2343.7666505083766,1.0,-1.0,-1.0,-1.0,1.0,1.0,8.62330101675343,4753.801647814762,4745.1783467980085,3.143301016752704,0.29,5.0,REV_SHORT,STOP,2024-06-03 14:15:00,2024-06-03 14:20:00,2024-06-03 14:40:00,2339.6
2024-06-04 05:15:00,2024-06-04 05:20:00,2024-06-04 07:29:00,389082.0,1938351.0,1938480.0,389108.0,1.0,3.0,2330.0,2325.7395227783527,2340.0,1.7134504860773936,0.04,2330.995,2325.7395227783527,1.0,-1.0,-1.0,1.0,1.0,0.0,21.02190888658879,4745.1783467980085,4724.15643791142,2.020954443294998,0.29,26.0,REV_LONG,STOP,2024-06-04 09:15:00,2024-06-04 09:20:00,2024-06-04 11:29:00,2330.85
2024-06-05 02:25:00,2024-06-05 02:30:00,2024-06-05 06:29:00,389324.0,1939556.0,1939795.0,389372.0,1.0,3.0,2330.0,2327.320722362332,2340.0,1.9525984827926424,0.05,2331.615,2331.45,3.0,-1.0,-1.0,1.0,0.0,0.0,21.471388188338096,4724.15643791142,4723.33143791142,1.648555275335314,0.29,48.0,REV_LONG,TIME,2024-06-05 06:25:00,2024-06-05 06:30:00,2024-06-05 10:29:00,2331.47
2024-06-05 09:05:00,2024-06-05 09:10:00,2024-06-05 10:01:00,389404.0,1939956.0,1940007.0,389415.0,1.0,1.0,2340.0,2337.720911163954,2350.0,2.9943832110719204,0.07,2340.795,2337.720911163954,1.0,1.0,1.0,1.0,0.0,1.0,21.518621852322216,4723.33143791142,4701.812816059098,2.279088836045906,0.29,11.0,BREAK_LONG,STOP,2024-06-05 13:05:00,2024-06-05 13:10:00,2024-06-05 14:01:00,2340.65
2024-06-06 05:50:00,2024-06-06 05:55:00,2024-06-06 08:13:00,389641.0,1941136.0,1941274.0,389669.0,1.0,3.0,2360.0,2357.9477840366862,2370.0,2.8113196894634034,0.03,2361.11,2357.9477840366862,1.0,1.0,-1.0,-1.0,0.0,1.0,9.48664788994165,4701.812816059098,4692.3261681691565,1.3244319266274156,0.29,28.0,REV_LONG,STOP,2024-06-06 09:50:00,2024-06-06 09:55:00,2024-06-06 12:13:00,2360.965
2024-06-07 08:55:00,2024-06-07 09:00:00,2024-06-07 09:05:00,389954.0,1942696.0,1942701.0,389956.0,-1.0,2.0,2320.0,2324.489283173458,2310.0,1.8809837652263226,0.02,2319.46,2324.489283173458,1.0,1.0,1.0,-1.0,0.0,1.0,10.05856634691554,4692.3261681691565,4682.267601822241,4.489283173457609,0.29,2.0,BREAK_SHORT,STOP,2024-06-07 12:55:00,2024-06-07 13:00:00,2024-06-07 13:05:00,2319.605
2024-06-13 07:50:00,2024-06-13 07:55:00,2024-06-13 08:31:00,391045.0,1948131.0,1948167.0,391053.0,-1.0,2.0,2310.0,2311.8308620553457,2300.0,1.571444636467524,0.05,2307.23,2311.8308620553457,1.0,1.0,1.0,1.0,0.0,0.0,23.004310276728575,4682.267601822241,4659.263291545512,1.830862055345886,0.29,8.0,BREAK_SHORT,STOP,2024-06-13 11:50:00,2024-06-13 11:55:00,2024-06-13 12:31:00,2307.375
2024-06-14 03:25:00,2024-06-14 03:30:00,2024-06-14 04:10:00,391268.0,1949241.0,1949281.0,391277.0,1.0,3.0,2310.0,2308.729207336928,2320.0,4.64727632865649,0.05,2310.725,2320.0,2.0,-1.0,1.0,-1.0,0.0,0.0,9.978963315359124,4659.263291545512,4705.638291545512,1.4415853261430545,0.29,9.0,REV_LONG,TARGET,2024-06-14 07:25:00,2024-06-14 07:30:00,2024-06-14 08:10:00,2310.58
2024-06-14 06:00:00,2024-06-14 06:05:00,2024-06-14 06:47:00,391299.0,1949396.0,1949438.0,391308.0,1.0,1.0,2320.0,2318.3125556076943,2330.0,1.2727410353319528,0.02,2323.455,2330.0,2.0,1.0,1.0,-1.0,0.0,0.0,10.284888784611212,4705.638291545512,4718.728291545513,1.6874443923057256,0.29,9.0,BREAK_LONG,TARGET,2024-06-14 10:00:00,2024-06-14 10:05:00,2024-06-14 10:47:00,2323.31
2024-06-14 10:00:00,2024-06-14 10:05:00,2024-06-14 11:04:00,391347.0,1949636.0,1949695.0,391359.0,1.0,1.0,2330.0,2327.1925561788767,2340.0,3.3014896638052784,0.03,2330.17,2327.1925561788767,1.0,1.0,1.0,-1.0,0.0,1.0,8.932331463370247,4718.728291545513,4709.795960082142,2.8074438211235324,0.29,12.0,BREAK_LONG,STOP,2024-06-14 14:00:00,2024-06-14 14:05:00,2024-06-14 15:04:00,2330.025
2024-06-17 04:30:00,2024-06-17 04:35:00,2024-06-17 04:54:00,391557.0,1950681.0,1950700.0,391561.0,-1.0,4.0,2320.0,2322.217769103027,2310.0,2.62247421326917,0.06,2318.845,2322.217769103027,1.0,1.0,1.0,1.0,0.0,1.0,20.236614618163003,4709.795960082142,4689.559345463979,1.535538206053961,0.29,4.0,REV_SHORT,STOP,2024-06-17 08:30:00,2024-06-17 08:35:00,2024-06-17 08:54:00,2318.99
2024-06-17 07:45:00,2024-06-17 07:50:00,2024-06-17 08:31:00,391596.0,1950876.0,1950917.0,391605.0,1.0,3.0,2320.0,2317.080654215683,2330.0,3.0381211207758985,0.03,2320.28,2317.080654215683,1.0,-1.0,-1.0,-1.0,0.0,0.0,9.598037352951906,4689.559345463979,4679.961308111027,1.2586915686339828,0.29,9.0,REV_LONG,STOP,2024-06-17 11:45:00,2024-06-17 11:50:00,2024-06-17 12:31:00,2320.135
2024-06-18 13:10:00,2024-06-18 13:15:00,2024-06-18 13:28:00,391937.0,1952576.0,1952589.0,391940.0,-1.0,4.0,2330.0,2332.192344474782,2320.0,2.708873398669502,0.03,2328.905,2332.192344474782,1.0,-1.0,-1.0,-1.0,1.0,0.0,9.86203342434601,4679.961308111027,4670.099274686681,1.8946889495641872,0.29,3.0,REV_SHORT,STOP,2024-06-18 17:10:00,2024-06-18 17:15:00,2024-06-18 17:28:00,2329.05
2024-06-19 03:10:00,2024-06-19 03:15:00,2024-06-19 05:31:00,392093.0,1953351.0,1953487.0,392121.0,1.0,1.0,2330.0,2329.051519583518,2340.0,6.257953299794574,0.15,2330.56,2329.051519583518,1.0,1.0,1.0,1.0,0.0,1.0,22.627206247232152,4670.099274686681,4647.472068439449,0.9484804164823224,0.29,28.0,BREAK_LONG,STOP,2024-06-19 07:10:00,2024-06-19 07:15:00,2024-06-19 09:31:00,2330.415
2024-06-19 07:40:00,2024-06-19 07:45:00,2024-06-19 07:48:00,392147.0,1953621.0,1953624.0,392148.0,-1.0,4.0,2330.0,2330.825038653494,2320.0,4.439612258026906,0.05,2328.835,2330.825038653494,1.0,-1.0,1.0,-1.0,0.0,0.0,9.950193267470695,4647.472068439449,4637.5218751719785,1.0300773069886286,0.29,1.0,REV_SHORT,STOP,2024-06-19 11:40:00,2024-06-19 11:45:00,2024-06-19 11:48:00,2328.98
2024-06-19 12:15:00,2024-06-19 12:20:00,2024-06-19 12:57:00,392202.0,1953896.0,1953933.0,392210.0,1.0,1.0,2330.0,2328.9132508095063,2340.0,4.213002661550351,0.1,2331.04,2328.9132508095063,1.0,1.0,1.0,1.0,0.0,0.0,21.267491904936833,4637.5218751719785,4616.254383267042,1.086749190493863,0.29,8.0,BREAK_LONG,STOP,2024-06-19 16:15:00,2024-06-19 16:20:00,2024-06-19 16:57:00,2330.895
2024-06-19 18:35:00,2024-06-19 18:40:00,2024-06-19 21:01:00,392266.0,1954211.0,1954352.0,392295.0,-1.0,4.0,2330.0,2330.8772444307892,2320.0,8.606798792735955,0.1,2329.745,2330.8772444307892,1.0,-1.0,0.0,-1.0,0.0,1.0,11.32244430789342,4616.254383267042,4604.931938959148,0.37448886157841427,0.29,29.0,REV_SHORT,STOP,2024-06-19 22:35:00,2024-06-19 22:40:00,2024-06-20 01:01:00,2329.89
2024-06-25 07:50:00,2024-06-25 07:55:00,2024-06-25 08:32:00,393253.0,1959131.0,1959168.0,393261.0,1.0,3.0,2330.0,2326.8176785179357,2340.0,2.908975331140391,0.06,2330.19,2326.8176785179357,1.0,-1.0,1.0,1.0,0.0,1.0,20.233928892385848,4604.931938959148,4584.698010066762,1.514642964128136,0.29,8.0,REV_LONG,STOP,2024-06-25 11:50:00,2024-06-25 11:55:00,2024-06-25 12:32:00,2330.045
2024-06-25 11:35:00,2024-06-25 11:40:00,2024-06-25 15:39:00,393298.0,1959356.0,1959595.0,393346.0,1.0,3.0,2320.0,2314.2759148852847,2330.0,1.5802207909349346,0.01,2320.37,2319.535,3.0,-1.0,-1.0,-1.0,1.0,1.0,6.094085114715199,4584.698010066762,4583.863010066762,2.8081702294300444,0.29,48.0,REV_LONG,TIME,2024-06-25 15:35:00,2024-06-25 15:40:00,2024-06-25 19:39:00,2320.225
2024-06-27 00:15:00,2024-06-27 00:20:00,2024-06-27 02:29:00,393714.0,1961426.0,1961555.0,393740.0,-1.0,4.0,2300.0,2301.6006371491603,2290.0,4.61600915914736,0.11,2299.535,2301.6006371491603,1.0,1.0,-1.0,1.0,0.0,1.0,22.722008640765125,4583.863010066762,4561.141001425997,0.8312742983203024,0.29,26.0,REV_SHORT,STOP,2024-06-27 04:15:00,2024-06-27 04:20:00,2024-06-27 06:29:00,2299.68
2024-06-27 10:55:00,2024-06-27 11:00:00,2024-06-27 14:59:00,393842.0,1962066.0,1962305.0,393890.0,-1.0,4.0,2330.0,2332.128354116573,2320.0,2.946292440291924,0.03,2329.055,2326.27,3.0,-1.0,-1.0,-1.0,1.0,0.0,9.220062349719683,4561.141001425997,4569.496001425997,2.606708233146053,0.29,48.0,REV_SHORT,TIME,2024-06-27 14:55:00,2024-06-27 15:00:00,2024-06-27 18:59:00,2329.2
2024-06-28 06:00:00,2024-06-28 06:05:00,2024-06-28 06:15:00,394059.0,1963146.0,1963156.0,394062.0,-1.0,4.0,2330.0,2331.268822693017,2320.0,5.876169546001073,0.06,2329.63,2331.268822693017,1.0,-1.0,-1.0,-1.0,1.0,0.0,9.832936158099983,4569.496001425997,4559.663065267897,1.1876453860334482,0.29,3.0,REV_SHORT,STOP,2024-06-28 10:00:00,2024-06-28 10:05:00,2024-06-28 10:15:00,2329.775
2024-07-01 15:05:00,2024-07-01 15:10:00,2024-07-01 15:18:00,394444.0,1965066.0,1965074.0,394446.0,1.0,1.0,2330.0,2328.8853592239298,2340.0,6.081009200014067,0.07,2330.455,2328.8853592239298,1.0,1.0,1.0,-1.0,0.0,1.0,10.987485432491214,4559.663065267897,4548.675579835405,1.1146407760700325,0.29,2.0,BREAK_LONG,STOP,2024-07-01 19:05:00,2024-07-01 19:10:00,2024-07-01 19:18:00,2330.31
2024-07-02 01:55:00,2024-07-02 02:00:00,2024-07-02 02:07:00,394562.0,1965651.0,1965658.0,394564.0,-1.0,4.0,2330.0,2331.3903981811686,2320.0,5.507318336884404,0.12,2329.64,2331.3903981811686,1.0,-1.0,1.0,1.0,0.0,1.0,21.004778174024977,4548.675579835405,4527.67080166138,1.0007963623374354,0.29,2.0,REV_SHORT,STOP,2024-07-02 05:55:00,2024-07-02 06:00:00,2024-07-02 06:07:00,2329.785
2024-07-02 08:05:00,2024-07-02 08:10:00,2024-07-02 09:36:00,394636.0,1966021.0,1966107.0,394654.0,1.0,3.0,2320.0,2318.3544149173003,2330.0,2.068192341618189,0.02,2322.15,2330.0,2.0,-1.0,-1.0,-1.0,1.0,0.0,7.59117016539949,4527.67080166138,4543.37080166138,1.4811701653993439,0.29,18.0,REV_LONG,TARGET,2024-07-02 12:05:00,2024-07-02 12:10:00,2024-07-02 13:36:00,2322.005
2024-07-03 08:45:00,2024-07-03 08:50:00,2024-07-03 09:08:00,394920.0,1967436.0,1967454.0,394924.0,1.0,1.0,2350.0,2347.7085005796466,2360.0,2.338720998406111,0.06,2351.39,2347.7085005796466,1.0,1.0,1.0,1.0,0.0,0.0,22.088996522119487,4543.37080166138,4521.2818051392605,2.2914994203534893,0.29,4.0,BREAK_LONG,STOP,2024-07-03 12:45:00,2024-07-03 12:50:00,2024-07-03 13:08:00,2351.245
2024-07-04 10:35:00,2024-07-04 10:40:00,2024-07-04 14:39:00,395218.0,1968921.0,1969160.0,395266.0,-1.0,4.0,2360.0,2362.4576795930607,2350.0,3.5671345068363256,0.04,2359.73,2357.345,3.0,-1.0,-1.0,-1.0,0.0,1.0,10.910718372242627,4521.2818051392605,4530.821805139261,1.0853591861217966,0.29,48.0,REV_SHORT,TIME,2024-07-04 14:35:00,2024-07-04 14:40:00,2024-07-04 18:39:00,2359.875
2024-07-05 09:55:00,2024-07-05 10:00:00,2024-07-05 10:07:00,395486.0,1970256.0,1970263.0,395488.0,1.0,1.0,2380.0,2376.026347226646,2390.0,1.6446955113751538,0.04,2381.31,2376.026347226646,1.0,1.0,1.0,1.0,0.0,1.0,21.134611093415515,4530.821805139261,4509.687194045846,3.973652773354075,0.29,2.0,BREAK_LONG,STOP,2024-07-05 13:55:00,2024-07-05 14:00:00,2024-07-05 14:07:00,2381.165
2024-07-09 10:15:00,2024-07-09 10:20:00,2024-07-09 10:58:00,396042.0,1973026.0,1973064.0,396050.0,1.0,3.0,2360.0,2356.6088831598436,2370.0,1.6251343107337335,0.04,2361.71,2356.6088831598436,1.0,-1.0,-1.0,1.0,0.0,0.0,20.40446736062586,4509.687194045846,4489.28272668522,2.8122336803124397,0.29,8.0,REV_LONG,STOP,2024-07-09 14:15:00,2024-07-09 14:20:00,2024-07-09 14:58:00,2361.565
2024-07-10 01:45:00,2024-07-10 01:50:00,2024-07-10 02:47:00,396216.0,1973891.0,1973948.0,396228.0,-1.0,4.0,2370.0,2370.851221484715,2360.0,4.958210780943918,0.12,2369.03,2370.851221484715,1.0,-1.0,-1.0,1.0,0.0,0.0,21.854657816578765,4489.28272668522,4467.428068868641,0.86244296942992,0.29,12.0,REV_SHORT,STOP,2024-07-10 05:45:00,2024-07-10 05:50:00,2024-07-10 06:47:00,2369.175
2024-07-11 00:40:00,2024-07-11 00:45:00,2024-07-11 02:36:00,396479.0,1975201.0,1975312.0,396502.0,1.0,1.0,2380.0,2379.1690302680277,2390.0,2.107017720960978,0.06,2382.655,2379.1690302680277,1.0,1.0,1.0,1.0,0.0,0.0,20.915818391835273,4467.428068868641,4446.512250476806,0.8309697319724368,0.29,23.0,BREAK_LONG,STOP,2024-07-11 04:40:00,2024-07-11 04:45:00,2024-07-11 06:36:00,2382.51
2024-07-11 10:20:00,2024-07-11 10:25:00,2024-07-11 10:51:00,396595.0,1975781.0,1975807.0,396601.0,-1.0,4.0,2410.0,2414.049277250022,2400.0,1.7443868663220277,0.02,2408.93,2414.049277250022,1.0,-1.0,-1.0,-1.0,1.0,1.0,10.238554500044302,4446.512250476806,4436.273695976762,4.168554500043883,0.29,6.0,REV_SHORT,STOP,2024-07-11 14:20:00,2024-07-11 14:25:00,2024-07-11 14:51:00,2409.075
2024-07-15 04:50:00,2024-07-15 04:55:00,2024-07-15 05:31:00,397081.0,1978201.0,1978237.0,397089.0,1.0,1.0,2410.0,2408.682707599576,2420.0,3.1269459079833233,0.08,2411.425,2408.682707599576,1.0,1.0,1.0,1.0,0.0,1.0,21.93833920339239,4436.273695976762,4414.335356773369,1.3172924004237938,0.29,8.0,BREAK_LONG,STOP,2024-07-15 08:50:00,2024-07-15 08:55:00,2024-07-15 09:31:00,2411.28
2024-07-15 10:20:00,2024-07-15 10:25:00,2024-07-15 10:55:00,397147.0,1978531.0,1978561.0,397154.0,1.0,1.0,2420.0,2417.698424203044,2430.0,1.7790274833687942,0.04,2422.125,2430.0,2.0,1.0,1.0,1.0,0.0,1.0,17.706303187824233,4414.335356773369,4445.835356773369,2.3015757969562407,0.29,7.0,BREAK_LONG,TARGET,2024-07-15 14:20:00,2024-07-15 14:25:00,2024-07-15 14:55:00,2421.98
2024-07-15 23:10:00,2024-07-15 23:15:00,2024-07-16 01:33:00,397289.0,1979236.0,1979374.0,397317.0,-1.0,4.0,2430.0,2432.249953977629,2420.0,3.6490200897750285,0.08,2429.6150000000002,2432.249953977629,1.0,-1.0,-1.0,1.0,1.0,1.0,21.07963182103049,4445.835356773369,4424.755724952339,1.389907955258766,0.29,28.0,REV_SHORT,STOP,2024-07-16 03:10:00,2024-07-16 03:15:00,2024-07-16 05:33:00,2429.76
2024-07-16 05:30:00,2024-07-16 05:35:00,2024-07-16 05:37:00,397365.0,1979616.0,1979618.0,397366.0,-1.0,4.0,2440.0,2441.9867545507423,2430.0,3.1667630447129693,0.03,2439.11,2441.9867545507423,1.0,-1.0,-1.0,-1.0,1.0,1.0,8.630263652226404,4424.755724952339,4416.125461300113,1.5735091014846985,0.29,1.0,REV_SHORT,STOP,2024-07-16 09:30:00,2024-07-16 09:35:00,2024-07-16 09:37:00,2439.255
2024-07-16 20:55:00,2024-07-16 21:00:00,2024-07-16 21:03:00,397538.0,1980476.0,1980479.0,397539.0,-1.0,4.0,2470.0,2474.0797156800886,2460.0,1.921275157008917,0.02,2469.26,2474.0797156800886,1.0,-1.0,-1.0,-1.0,0.0,1.0,9.639431360176786,4416.125461300113,4406.486029939936,1.4294313601774438,0.29,1.0,REV_SHORT,STOP,2024-07-17 00:55:00,2024-07-17 01:00:00,2024-07-17 01:03:00,2469.405
2024-07-17 19:25:00,2024-07-17 19:30:00,2024-07-17 20:05:00,397796.0,1981761.0,1981796.0,397804.0,1.0,1.0,2460.0,2459.2371018478048,2470.0,4.920517680926792,0.12,2461.055,2459.2371018478048,1.0,1.0,1.0,1.0,0.0,0.0,21.814777826341015,4406.486029939936,4384.671252113595,0.7628981521952053,0.29,8.0,BREAK_LONG,STOP,2024-07-17 23:25:00,2024-07-17 23:30:00,2024-07-18 00:05:00,2460.91
2024-07-18 20:25:00,2024-07-18 20:30:00,2024-07-18 21:15:00,398084.0,1983196.0,1983241.0,398094.0,1.0,3.0,2430.0,2425.2345722353507,2440.0,1.5654787738526197,0.01,2430.99,2425.2345722353507,1.0,-1.0,-1.0,-1.0,1.0,1.0,5.755427764649085,4384.671252113595,4378.9158243489455,2.110855529298153,0.29,10.0,REV_LONG,STOP,2024-07-19 00:25:00,2024-07-19 00:30:00,2024-07-19 01:15:00,2430.845
2024-07-19 02:20:00,2024-07-19 02:25:00,2024-07-19 02:56:00,398155.0,1983551.0,1983582.0,398162.0,-1.0,2.0,2420.0,2422.246680146064,2410.0,1.5909686646052712,0.04,2417.52,2422.246680146064,1.0,1.0,1.0,1.0,0.0,0.0,18.906720584256618,4378.9158243489455,4360.009103764689,2.2466801460643335,0.29,7.0,BREAK_SHORT,STOP,2024-07-19 06:20:00,2024-07-19 06:25:00,2024-07-19 06:56:00,2417.665
2024-07-19 08:15:00,2024-07-19 08:20:00,2024-07-19 09:07:00,398226.0,1983906.0,1983953.0,398236.0,-1.0,2.0,2410.0,2412.0484730261496,2400.0,2.7966205878762347,0.06,2408.875,2400.0,2.0,1.0,1.0,1.0,0.0,0.0,19.040838156897735,4360.009103764689,4413.259103764689,2.048473026149654,0.29,10.0,BREAK_SHORT,TARGET,2024-07-19 12:15:00,2024-07-19 12:20:00,2024-07-19 13:07:00,2409.02
2024-07-19 11:00:00,2024-07-19 11:05:00,2024-07-19 15:04:00,398259.0,1984071.0,1984310.0,398307.0,1.0,3.0,2400.0,2394.678892016808,2410.0,1.4588095768071627,0.01,2400.91,2398.94,3.0,-1.0,-1.0,-1.0,1.0,1.0,6.231107983192032,4413.259103764689,4411.289103764689,2.882215966383809,0.29,48.0,REV_LONG,TIME,2024-07-19 15:00:00,2024-07-19 15:05:00,2024-07-19 19:04:00,2400.765
2024-07-21 18:30:00,2024-07-21 18:35:00,2024-07-21 19:55:00,398337.0,1984456.0,1984536.0,398354.0,-1.0,4.0,2410.0,2412.162506587796,2400.0,3.0643207394753693,0.07,2409.17,2412.162506587796,1.0,1.0,0.0,1.0,0.0,1.0,20.94754611457211,4411.289103764689,4390.341557650117,1.4950131755918377,0.29,17.0,REV_SHORT,STOP,2024-07-21 22:30:00,2024-07-21 22:35:00,2024-07-21 23:55:00,2409.315
2024-07-21 21:35:00,2024-07-21 21:40:00,2024-07-22 01:39:00,398374.0,1984641.0,1984880.0,398422.0,-1.0,4.0,2410.0,2413.128232355634,2400.0,2.545073896230701,0.05,2409.425,2404.745,3.0,1.0,-1.0,1.0,0.0,1.0,18.51616177816823,4390.341557650117,4413.741557650118,1.7464647112672238,0.29,48.0,REV_SHORT,TIME,2024-07-22 01:35:00,2024-07-22 01:40:00,2024-07-22 05:39:00,2409.57
2024-07-22 02:20:00,2024-07-22 02:25:00,2024-07-22 06:24:00,398431.0,1984926.0,1985165.0,398479.0,1.0,3.0,2400.0,2398.0911447945896,2410.0,1.5644329288164263,0.02,2402.735,2403.985,3.0,-1.0,-1.0,-1.0,0.0,0.0,9.287710410821092,4413.741557650118,4416.241557650118,1.8777104108208191,0.29,48.0,REV_LONG,TIME,2024-07-22 06:20:00,2024-07-22 06:25:00,2024-07-22 10:24:00,2402.59
2024-07-22 21:05:00,2024-07-22 21:10:00,2024-07-22 21:22:00,398644.0,1985986.0,1985998.0,398647.0,-1.0,4.0,2400.0,2401.2957456124686,2390.0,3.2373681718296075,0.04,2398.63,2401.2957456124686,1.0,1.0,-1.0,-1.0,0.0,0.0,10.662982449874107,4416.241557650118,4405.578575200244,1.061491224937405,0.29,3.0,REV_SHORT,STOP,2024-07-23 01:05:00,2024-07-23 01:10:00,2024-07-23 01:22:00,2398.775
2024-07-22 23:15:00,2024-07-22 23:20:00,2024-07-23 02:16:00,398670.0,1986116.0,1986292.0,398706.0,-1.0,2.0,2400.0,2401.583922012698,2390.0,1.2629612219062913,0.02,2396.465,2390.0,2.0,1.0,1.0,-1.0,0.0,0.0,10.237844025396043,4405.578575200244,4418.508575200244,1.5839220126983449,0.29,36.0,BREAK_SHORT,TARGET,2024-07-23 03:15:00,2024-07-23 03:20:00,2024-07-23 06:16:00,2396.61
2024-07-23 07:30:00,2024-07-23 07:35:00,2024-07-23 09:54:00,398769.0,1986611.0,1986750.0,398797.0,-1.0,4.0,2410.0,2412.860124795698,2400.0,2.0801773419919147,0.05,2408.685,2400.0,2.0,-1.0,-1.0,1.0,1.0,0.0,20.875623978490694,4418.508575200244,4461.933575200244,1.5602495913967103,0.29,28.0,REV_SHORT,TARGET,2024-07-23 11:30:00,2024-07-23 11:35:00,2024-07-23 13:54:00,2408.83
2024-07-23 21:20:00,2024-07-23 21:25:00,2024-07-23 22:18:00,398923.0,1987376.0,1987429.0,398934.0,-1.0,4.0,2410.0,2412.816300154553,2400.0,1.4267320128554941,0.04,2407.535,2412.816300154553,1.0,-1.0,1.0,1.0,0.0,0.0,21.125200618213057,4461.933575200244,4440.808374582031,1.1426003091061199,0.29,11.0,REV_SHORT,STOP,2024-07-24 01:20:00,2024-07-24 01:25:00,2024-07-24 02:18:00,2407.68
2024-07-24 11:05:00,2024-07-24 11:10:00,2024-07-24 12:14:00,399088.0,1988201.0,1988265.0,399101.0,-1.0,4.0,2430.0,2432.962001054637,2420.0,1.1759272720872849,0.01,2427.005,2420.0,2.0,-1.0,-1.0,-1.0,1.0,0.0,5.9570010546367484,4440.808374582031,4447.813374582031,3.114002109272998,0.29,13.0,REV_SHORT,TARGET,2024-07-24 15:05:00,2024-07-24 15:10:00,2024-07-24 16:14:00,2427.15
2024-07-25 07:50:00,2024-07-25 07:55:00,2024-07-25 08:01:00,399325.0,1989381.0,1989387.0,399327.0,1.0,3.0,2370.0,2367.6111139099567,2380.0,2.3046845896295634,0.05,2371.36,2367.6111139099567,1.0,-1.0,-1.0,1.0,1.0,0.0,18.744430450217354,4447.813374582031,4429.068944131814,2.1677721800870207,0.29,2.0,REV_LONG,STOP,2024-07-25 11:50:00,2024-07-25 11:55:00,2024-07-25 12:01:00,2371.215
2024-07-28 18:25:00,2024-07-28 18:30:00,2024-07-28 21:53:00,399716.0,1991326.0,1991529.0,399757.0,-1.0,4.0,2400.0,2404.4411565188366,2390.0,1.3157142504708206,0.01,2398.205,2390.0,2.0,-1.0,0.0,-1.0,0.0,0.0,6.236156518836651,4429.068944131814,4437.273944131814,2.332313037672585,0.29,41.0,REV_SHORT,TARGET,2024-07-28 22:25:00,2024-07-28 22:30:00,2024-07-29 01:53:00,2398.35
2024-07-31 05:00:00,2024-07-31 05:05:00,2024-07-31 05:37:00,400395.0,1994711.0,1994743.0,400402.0,1.0,1.0,2420.0,2418.20397992953,2430.0,3.6883648540477547,0.08,2420.72,2418.20397992953,1.0,1.0,1.0,1.0,0.0,1.0,20.128160563759593,4437.273944131814,4417.145783568054,1.796020070469982,0.29,7.0,BREAK_LONG,STOP,2024-07-31 09:00:00,2024-07-31 09:05:00,2024-07-31 09:37:00,2420.575
2024-07-31 22:55:00,2024-07-31 23:00:00,2024-08-01 02:59:00,400598.0,1995721.0,1995960.0,400646.0,1.0,3.0,2440.0,2436.014549921987,2450.0,1.636053468106602,0.04,2441.32,2444.655,3.0,1.0,-1.0,1.0,1.0,0.0,21.221800312052437,4417.145783568054,4430.485783568054,2.610900156026634,0.29,48.0,REV_LONG,TIME,2024-08-01 02:55:00,2024-08-01 03:00:00,2024-08-01 06:59:00,2441.175
2024-08-05 00:05:00,2024-08-05 00:10:00,2024-08-05 01:11:00,401164.0,1998541.0,1998602.0,401177.0,1.0,1.0,2450.0,2446.9518304751573,2460.0,1.505327344396897,0.04,2452.16,2446.9518304751573,1.0,1.0,1.0,1.0,0.0,0.0,20.83267809937024,4430.485783568054,4409.653105468684,3.048169524842628,0.29,13.0,BREAK_LONG,STOP,2024-08-05 04:05:00,2024-08-05 04:10:00,2024-08-05 05:11:00,2452.015
2024-08-06 10:35:00,2024-08-06 10:40:00,2024-08-06 11:09:00,401566.0,2000546.0,2000575.0,401572.0,1.0,3.0,2390.0,2384.279124613043,2400.0,1.3373723838897387,0.03,2391.005,2384.279124613043,1.0,-1.0,-1.0,1.0,1.0,0.0,20.177626160870656,4409.653105468684,4389.475479307814,4.041750773914014,0.29,6.0,REV_LONG,STOP,2024-08-06 14:35:00,2024-08-06 14:40:00,2024-08-06 15:09:00,2390.86
2024-08-06 13:05:00,2024-08-06 13:10:00,2024-08-06 13:57:00,401596.0,2000696.0,2000743.0,401606.0,-1.0,4.0,2390.0,2393.1104654370015,2380.0,2.5144315524177214,0.02,2389.38,2393.1104654370015,1.0,1.0,1.0,-1.0,1.0,1.0,7.460930874002771,4389.475479307814,4382.014548433811,2.850930874003206,0.29,10.0,REV_SHORT,STOP,2024-08-06 17:05:00,2024-08-06 17:10:00,2024-08-06 17:57:00,2389.525
2024-08-06 18:15:00,2024-08-06 18:20:00,2024-08-06 21:21:00,401646.0,2000941.0,2001122.0,401683.0,-1.0,4.0,2390.0,2391.3090901326163,2380.0,3.2133794223939143,0.04,2388.625,2380.0,2.0,1.0,0.0,-1.0,0.0,1.0,10.73636053046539,4382.014548433811,4416.514548433811,1.2381802652324583,0.29,37.0,REV_SHORT,TARGET,2024-08-06 22:15:00,2024-08-06 22:20:00,2024-08-07 01:21:00,2388.77
2024-08-07 04:00:00,2024-08-07 04:05:00,2024-08-07 07:57:00,401763.0,2001526.0,2001758.0,401810.0,1.0,3.0,2390.0,2387.1604540193,2400.0,2.9451112557143344,0.03,2390.415,2400.0,2.0,-1.0,1.0,-1.0,0.0,1.0,9.763637942100559,4416.514548433811,4445.269548433811,1.8890919614004626,0.29,47.0,REV_LONG,TARGET,2024-08-07 08:00:00,2024-08-07 08:05:00,2024-08-07 11:57:00,2390.27
2024-08-08 23:50:00,2024-08-08 23:55:00,2024-08-09 01:46:00,402265.0,2004026.0,2004137.0,402288.0,1.0,3.0,2420.0,2418.610354278336,2430.0,3.180229976728336,0.04,2421.335,2418.610354278336,1.0,1.0,-1.0,-1.0,0.0,0.0,10.898582886655277,4445.269548433811,4434.370965547156,1.5692914433278984,0.29,23.0,REV_LONG,STOP,2024-08-09 03:50:00,2024-08-09 03:55:00,2024-08-09 05:46:00,2421.19
2024-08-09 07:00:00,2024-08-09 07:05:00,2024-08-09 07:32:00,402351.0,2004456.0,2004483.0,402357.0,1.0,1.0,2430.0,2428.4512303799543,2440.0,1.9583635163158866,0.02,2432.355,2428.4512303799543,1.0,1.0,1.0,-1.0,0.0,1.0,7.807539240091501,4434.370965547156,4426.563426307064,1.548769620045589,0.29,6.0,BREAK_LONG,STOP,2024-08-09 11:00:00,2024-08-09 11:05:00,2024-08-09 11:32:00,2432.21
2024-08-11 18:50:00,2024-08-11 18:55:00,2024-08-11 19:13:00,402481.0,2005101.0,2005119.0,402485.0,1.0,3.0,2430.0,2428.9665627825516,2440.0,6.1952324437563675,0.14,2430.5,2428.9665627825516,1.0,1.0,0.0,1.0,0.0,0.0,21.468121044277723,4426.563426307064,4405.0953052627865,1.206874434897432,0.29,4.0,REV_LONG,STOP,2024-08-11 22:50:00,2024-08-11 22:55:00,2024-08-11 23:13:00,2430.355
2024-08-13 04:50:00,2024-08-13 04:55:00,2024-08-13 08:31:00,402877.0,2007076.0,2007292.0,402921.0,1.0,3.0,2460.0,2458.2174327464327,2470.0,2.9704465802429936,0.07,2461.185,2470.0,2.0,1.0,-1.0,1.0,0.0,0.0,20.772970774970876,4405.0953052627865,4466.800305262787,1.565134507134516,0.29,44.0,REV_LONG,TARGET,2024-08-13 08:50:00,2024-08-13 08:55:00,2024-08-13 12:31:00,2461.04
2024-08-13 21:35:00,2024-08-13 21:40:00,2024-08-13 22:32:00,403066.0,2008016.0,2008068.0,403077.0,-1.0,4.0,2470.0,2473.37143060863,2460.0,2.1231221128933053,0.02,2469.09,2460.0,2.0,-1.0,-1.0,-1.0,0.0,1.0,8.562861217259524,4466.800305262787,4484.980305262788,1.4228612172599922,0.29,11.0,REV_SHORT,TARGET,2024-08-14 01:35:00,2024-08-14 01:40:00,2024-08-14 02:32:00,2469.235
2024-08-14 10:50:00,2024-08-14 10:55:00,2024-08-14 11:33:00,403225.0,2008811.0,2008849.0,403233.0,1.0,3.0,2450.0,2445.7355804795743,2460.0,1.9475476263672697,0.04,2450.575,2445.7355804795743,1.0,-1.0,-1.0,1.0,1.0,0.0,19.357678081702034,4484.980305262788,4465.622627181086,4.208839040851377,0.29,8.0,REV_LONG,STOP,2024-08-14 14:50:00,2024-08-14 14:55:00,2024-08-14 15:33:00,2450.43
2024-08-19 09:05:00,2024-08-19 09:10:00,2024-08-19 09:38:00,404032.0,2012831.0,2012859.0,404038.0,1.0,3.0,2490.0,2486.3832915408143,2500.0,2.086493267893488,0.05,2490.795,2486.3832915408143,1.0,1.0,-1.0,1.0,1.0,0.0,22.058542295928874,4465.622627181086,4443.564084885156,2.2634169183712434,0.29,6.0,REV_LONG,STOP,2024-08-19 13:05:00,2024-08-19 13:10:00,2024-08-19 13:38:00,2490.65
2024-08-21 21:55:00,2024-08-21 22:00:00,2024-08-22 00:39:00,404726.0,2016286.0,2016445.0,404758.0,-1.0,2.0,2510.0,2511.2726598218783,2500.0,2.3275654624698565,0.03,2507.885,2500.0,2.0,1.0,1.0,-1.0,0.0,0.0,10.16297946563418,4443.564084885156,4467.219084885157,1.2726598218782113,0.29,32.0,BREAK_SHORT,TARGET,2024-08-22 01:55:00,2024-08-22 02:00:00,2024-08-22 04:39:00,2508.03
2024-08-22 02:30:00,2024-08-22 02:35:00,2024-08-22 06:34:00,404781.0,2016561.0,2016800.0,404829.0,-1.0,4.0,2510.0,2511.479436870193,2500.0,3.03575027116547,0.03,2508.635,2508.84,3.0,-1.0,-1.0,-1.0,0.0,0.0,8.5333106105777,4467.219084885157,4466.604084885157,1.6388737403862856,0.29,48.0,REV_SHORT,TIME,2024-08-22 06:30:00,2024-08-22 06:35:00,2024-08-22 10:34:00,2508.78
2024-08-23 13:15:00,2024-08-23 13:20:00,2024-08-23 16:58:00,405186.0,2018581.0,2018799.0,405230.0,1.0,1.0,2510.0,2507.2356796244635,2520.0,2.3552169942407883,0.05,2511.04,2512.35,4.0,1.0,1.0,1.0,0.0,0.0,19.021601877682315,4466.604084885157,4473.154084885156,2.764320375536338,0.29,44.0,BREAK_LONG,SESSION,2024-08-23 17:15:00,2024-08-23 17:20:00,2024-08-23 20:58:00,2510.895
2024-08-26 03:40:00,2024-08-26 03:45:00,2024-08-26 04:02:00,405347.0,2019381.0,2019398.0,405351.0,-1.0,4.0,2520.0,2522.648332924517,2510.0,3.3489976054300583,0.03,2519.7400000000002,2522.648332924517,1.0,-1.0,-1.0,-1.0,1.0,1.0,8.724998773550396,4473.154084885156,4464.429086111606,1.5566658490339298,0.29,4.0,REV_SHORT,STOP,2024-08-26 07:40:00,2024-08-26 07:45:00,2024-08-26 08:02:00,2519.885
2024-08-26 13:15:00,2024-08-26 13:20:00,2024-08-26 13:34:00,405462.0,2019956.0,2019970.0,405465.0,1.0,1.0,2520.0,2518.181767414056,2530.0,3.029081308648348,0.07,2521.115,2518.181767414056,1.0,1.0,1.0,1.0,0.0,0.0,20.5326281016055,4464.429086111606,4443.89645801,1.81823258594397,0.29,3.0,BREAK_LONG,STOP,2024-08-26 17:15:00,2024-08-26 17:20:00,2024-08-26 17:34:00,2520.97
2024-08-26 15:20:00,2024-08-26 15:25:00,2024-08-26 16:58:00,405487.0,2020081.0,2020174.0,405506.0,-1.0,4.0,2520.0,2521.6391946144386,2510.0,5.177278358216338,0.05,2519.755,2518.3849999999998,4.0,-1.0,-1.0,-1.0,0.0,0.0,9.420973072192282,4443.89645801,4450.746458010002,1.3283892288771881,0.29,19.0,REV_SHORT,SESSION,2024-08-26 19:20:00,2024-08-26 19:25:00,2024-08-26 20:58:00,2519.9
2024-08-27 01:35:00,2024-08-27 01:40:00,2024-08-27 03:36:00,405598.0,2020631.0,2020747.0,405622.0,1.0,1.0,2510.0,2508.844421469636,2520.0,2.447784816741641,0.06,2512.08,2508.844421469636,1.0,1.0,1.0,1.0,0.0,1.0,19.413471182183457,4450.746458010002,4431.332986827819,1.1555785303639514,0.29,24.0,BREAK_LONG,STOP,2024-08-27 05:35:00,2024-08-27 05:40:00,2024-08-27 07:36:00,2511.935
2024-08-27 08:45:00,2024-08-27 08:50:00,2024-08-27 08:56:00,405684.0,2021061.0,2021067.0,405686.0,-1.0,2.0,2510.0,2511.6301667696375,2500.0,2.3322667761360014,0.03,2508.14,2511.6301667696375,1.0,1.0,1.0,-1.0,0.0,1.0,10.47050030891296,4431.332986827819,4420.862486518906,1.6301667696376378,0.29,2.0,BREAK_SHORT,STOP,2024-08-27 12:45:00,2024-08-27 12:50:00,2024-08-27 12:56:00,2508.285
2024-08-28 03:10:00,2024-08-28 03:15:00,2024-08-28 07:14:00,405893.0,2022101.0,2022340.0,405941.0,-1.0,4.0,2510.0,2511.9963181308094,2500.0,3.163482679172377,0.07,2509.1150000000002,2504.03,3.0,1.0,1.0,1.0,1.0,1.0,20.169226915664243,4420.862486518906,4456.457486518906,1.8426362616194927,0.29,48.0,REV_SHORT,TIME,2024-08-28 07:10:00,2024-08-28 07:15:00,2024-08-28 11:14:00,2509.26
2024-08-28 08:25:00,2024-08-28 08:30:00,2024-08-28 09:03:00,405956.0,2022416.0,2022449.0,405963.0,-1.0,2.0,2500.0,2501.785467321156,2490.0,2.8134903548335806,0.07,2498.695,2501.785467321156,1.0,1.0,1.0,1.0,0.0,1.0,21.633271248090296,4456.457486518906,4434.824215270815,1.785467321155715,0.29,7.0,BREAK_SHORT,STOP,2024-08-28 12:25:00,2024-08-28 12:30:00,2024-08-28 13:03:00,2498.84
2024-08-29 19:20:00,2024-08-29 19:25:00,2024-08-29 19:36:00,406351.0,2024381.0,2024392.0,406354.0,1.0,3.0,2520.0,2519.485760812346,2530.0,6.763945456243896,0.08,2520.84,2519.485760812346,1.0,1.0,-1.0,-1.0,0.0,0.0,10.833913501232018,4434.824215270815,4423.990301769583,0.5984783753075605,0.29,3.0,REV_LONG,STOP,2024-08-29 23:20:00,2024-08-29 23:25:00,2024-08-29 23:36:00,2520.695
2024-09-02 04:15:00,2024-09-02 04:20:00,2024-09-02 04:39:00,406734.0,2026291.0,2026310.0,406738.0,-1.0,4.0,2500.0,2502.247653774615,2490.0,1.635233683177916,0.04,2497.6,2502.247653774615,1.0,1.0,1.0,1.0,0.0,1.0,18.590615098461058,4423.990301769583,4405.399686671122,1.7853075492307038,0.29,4.0,REV_SHORT,STOP,2024-09-02 08:15:00,2024-09-02 08:20:00,2024-09-02 08:39:00,2497.745
2024-09-05 08:45:00,2024-09-05 08:50:00,2024-09-05 08:55:00,407616.0,2030686.0,2030691.0,407618.0,1.0,1.0,2520.0,2517.5065994730166,2530.0,3.570643930025248,0.08,2520.24,2517.5065994730166,1.0,1.0,1.0,1.0,0.0,1.0,21.86720421586506,4405.399686671122,4383.532482455257,2.493400526983348,0.29,2.0,BREAK_LONG,STOP,2024-09-05 12:45:00,2024-09-05 12:50:00,2024-09-05 12:55:00,2520.095
2024-09-05 12:40:00,2024-09-05 12:45:00,2024-09-05 12:54:00,407663.0,2030921.0,2030930.0,407665.0,-1.0,4.0,2510.0,2511.810182930688,2500.0,4.331470718320834,0.04,2509.595,2511.810182930688,1.0,-1.0,-1.0,-1.0,0.0,0.0,8.860731722752462,4383.532482455257,4374.671750732505,2.1003658613757556,0.29,2.0,REV_SHORT,STOP,2024-09-05 16:40:00,2024-09-05 16:45:00,2024-09-05 16:54:00,2509.74
2024-09-06 01:30:00,2024-09-06 01:35:00,2024-09-06 01:57:00,407805.0,2031626.0,2031648.0,407810.0,1.0,1.0,2520.0,2519.2169253873594,2530.0,7.816366966655984,0.17,2520.44,2519.2169253873594,1.0,1.0,1.0,1.0,0.0,0.0,20.792268414890717,4374.671750732505,4353.879482317614,0.7830746126404183,0.29,5.0,BREAK_LONG,STOP,2024-09-06 05:30:00,2024-09-06 05:35:00,2024-09-06 05:57:00,2520.295
2024-09-10 09:00:00,2024-09-10 09:05:00,2024-09-10 09:43:00,408447.0,2034826.0,2034864.0,408455.0,1.0,1.0,2510.0,2508.370632646838,2520.0,1.456371989257479,0.02,2513.105,2508.370632646838,1.0,1.0,1.0,-1.0,0.0,1.0,9.46873470632363,4353.879482317614,4344.41074761129,1.6293673531617732,0.29,8.0,BREAK_LONG,STOP,2024-09-10 13:00:00,2024-09-10 13:05:00,2024-09-10 13:43:00,2512.96
2024-09-10 21:50:00,2024-09-10 21:55:00,2024-09-11 01:54:00,408589.0,2035531.0,2035770.0,408637.0,-1.0,4.0,2520.0,2523.3337466295557,2510.0,2.1568528605037836,0.05,2519.11,2520.785,3.0,-1.0,-1.0,1.0,0.0,1.0,21.118733147777675,4344.41074761129,4336.035747611291,1.4374932591117562,0.29,48.0,REV_SHORT,TIME,2024-09-11 01:50:00,2024-09-11 01:55:00,2024-09-11 05:54:00,2519.255
2024-09-13 04:05:00,2024-09-13 04:10:00,2024-09-13 05:27:00,409216.0,2038656.0,2038733.0,409232.0,-1.0,4.0,2570.0,2572.1665354819165,2560.0,3.013324453727221,0.03,2569.135,2572.1665354819165,1.0,-1.0,-1.0,-1.0,0.0,1.0,9.094606445748923,4336.035747611291,4326.941141165542,2.163070963833078,0.29,16.0,REV_SHORT,STOP,2024-09-13 08:05:00,2024-09-13 08:10:00,2024-09-13 09:27:00,2569.28
2024-09-13 15:20:00,2024-09-13 15:25:00,2024-09-13 16:56:00,409351.0,2039331.0,2039422.0,409370.0,1.0,3.0,2580.0,2577.9235631357456,2590.0,2.458873046765886,0.06,2581.415,2577.9235631357456,1.0,1.0,1.0,1.0,1.0,1.0,20.948621185526463,4326.941141165542,4305.9925199800155,1.5328737285093108,0.29,19.0,REV_LONG,STOP,2024-09-13 19:20:00,2024-09-13 19:25:00,2024-09-13 20:56:00,2581.27
2024-09-17 08:00:00,2024-09-17 08:05:00,2024-09-17 08:37:00,409815.0,2041641.0,2041673.0,409822.0,-1.0,4.0,2580.0,2582.150369538771,2570.0,3.1820392816227696,0.03,2579.245,2570.0,2.0,-1.0,1.0,-1.0,0.0,1.0,8.71610861631325,4305.9925199800155,4333.727519980015,1.830739077542082,0.29,7.0,REV_SHORT,TARGET,2024-09-17 12:00:00,2024-09-17 12:05:00,2024-09-17 12:37:00,2579.39
2024-09-18 04:25:00,2024-09-18 04:30:00,2024-09-18 05:05:00,410048.0,2042801.0,2042836.0,410056.0,1.0,3.0,2570.0,2568.1129108801683,2580.0,4.668375753523299,0.1,2570.21,2568.1129108801683,1.0,-1.0,-1.0,1.0,0.0,0.0,20.970891198317076,4333.727519980015,4312.756628781698,1.194178239663496,0.29,8.0,REV_LONG,STOP,2024-09-18 08:25:00,2024-09-18 08:30:00,2024-09-18 09:05:00,2570.065
2024-09-18 16:00:00,2024-09-18 16:05:00,2024-09-18 16:21:00,410187.0,2043496.0,2043512.0,410191.0,1.0,3.0,2550.0,2543.344016216943,2560.0,1.182678440496552,0.01,2550.975,2560.0,2.0,-1.0,-1.0,-1.0,1.0,1.0,7.630983783056763,4312.756628781698,4321.781628781699,7.031967566113991,0.29,4.0,REV_LONG,TARGET,2024-09-18 20:00:00,2024-09-18 20:05:00,2024-09-18 20:21:00,2550.83
2024-09-19 10:45:00,2024-09-19 10:50:00,2024-09-19 12:09:00,410400.0,2044556.0,2044635.0,410416.0,1.0,1.0,2580.0,2576.6263668625284,2590.0,2.1220304606583675,0.02,2580.91,2590.0,2.0,1.0,1.0,-1.0,0.0,0.0,8.567266274942995,4321.781628781699,4339.961628781699,3.3736331374714172,0.29,16.0,BREAK_LONG,TARGET,2024-09-19 14:45:00,2024-09-19 14:50:00,2024-09-19 16:09:00,2580.765
2024-09-20 07:00:00,2024-09-20 07:05:00,2024-09-20 09:33:00,410631.0,2045706.0,2045854.0,410661.0,1.0,1.0,2610.0,2608.2070089737645,2620.0,1.2030657194149965,0.02,2613.56,2608.2070089737645,1.0,1.0,1.0,-1.0,0.0,0.0,10.705982052470972,4339.961628781699,4329.255646729228,1.7929910262354447,0.29,30.0,BREAK_LONG,STOP,2024-09-20 11:00:00,2024-09-20 11:05:00,2024-09-20 13:33:00,2613.415
2024-09-20 11:55:00,2024-09-20 12:00:00,2024-09-20 15:59:00,410690.0,2046001.0,2046240.0,410738.0,1.0,1.0,2620.0,2616.6433541844394,2630.0,1.1890234568349278,0.01,2622.745,2621.405,3.0,1.0,1.0,-1.0,0.0,1.0,6.10164581556046,4329.255646729228,4327.915646729229,3.3566458155605563,0.29,48.0,BREAK_LONG,TIME,2024-09-20 15:55:00,2024-09-20 16:00:00,2024-09-20 19:59:00,2622.6
2024-09-23 00:20:00,2024-09-23 00:25:00,2024-09-23 03:16:00,410827.0,2046681.0,2046852.0,410862.0,-1.0,4.0,2630.0,2631.8217109982547,2620.0,4.0483219351429,0.09,2629.48,2620.0,2.0,-1.0,-1.0,1.0,1.0,0.0,21.075398984292406,4327.915646729229,4413.235646729228,1.3534219965099483,0.29,35.0,REV_SHORT,TARGET,2024-09-23 04:20:00,2024-09-23 04:25:00,2024-09-23 07:16:00,2629.625
2024-09-23 10:00:00,2024-09-23 10:05:00,2024-09-23 14:04:00,410943.0,2047261.0,2047500.0,410991.0,-1.0,4.0,2630.0,2635.680629862053,2620.0,1.57454979488239,0.03,2629.59,2627.195,3.0,-1.0,-1.0,1.0,1.0,1.0,18.271889586158977,4413.235646729228,4420.420646729228,2.6212597241065962,0.29,48.0,REV_SHORT,TIME,2024-09-23 14:00:00,2024-09-23 14:05:00,2024-09-23 18:04:00,2629.735
2024-09-24 06:15:00,2024-09-24 06:20:00,2024-09-24 07:36:00,411174.0,2048411.0,2048487.0,411190.0,1.0,1.0,2630.0,2628.5033798899467,2640.0,1.5825699017061434,0.04,2632.955,2628.5033798899467,1.0,1.0,1.0,1.0,0.0,0.0,17.80648044021291,4420.420646729228,4402.614166289015,1.496620110053249,0.29,16.0,BREAK_LONG,STOP,2024-09-24 10:15:00,2024-09-24 10:20:00,2024-09-24 11:36:00,2632.81
2024-09-24 22:10:00,2024-09-24 22:15:00,2024-09-24 23:00:00,411353.0,2049301.0,2049346.0,411363.0,1.0,1.0,2660.0,2658.097606581027,2670.0,2.019078045760684,0.05,2662.04,2670.0,2.0,1.0,1.0,1.0,0.0,1.0,19.711967094865486,4402.614166289015,4442.414166289015,1.9023934189731073,0.29,10.0,BREAK_LONG,TARGET,2024-09-25 02:10:00,2024-09-25 02:15:00,2024-09-25 03:00:00,2661.895
2024-09-25 09:15:00,2024-09-25 09:20:00,2024-09-25 10:52:00,411486.0,2049966.0,2050058.0,411505.0,1.0,1.0,2660.0,2657.986671253439,2670.0,1.1497176152985327,0.03,2663.575,2657.986671253439,1.0,1.0,1.0,1.0,0.0,0.0,16.764986239682457,4442.414166289015,4425.649180049333,2.013328746560797,0.29,19.0,BREAK_LONG,STOP,2024-09-25 13:15:00,2024-09-25 13:20:00,2024-09-25 14:52:00,2663.43
2024-09-25 23:30:00,2024-09-25 23:35:00,2024-09-26 02:14:00,411645.0,2050756.0,2050915.0,411677.0,1.0,1.0,2660.0,2658.650242808705,2670.0,2.35319686164942,0.03,2662.035,2658.650242808705,1.0,1.0,1.0,-1.0,0.0,0.0,10.154271573884216,4425.649180049333,4415.494908475449,1.3497571912949418,0.29,32.0,BREAK_LONG,STOP,2024-09-26 03:30:00,2024-09-26 03:35:00,2024-09-26 06:14:00,2661.89
2024-09-26 04:40:00,2024-09-26 04:45:00,2024-09-26 06:21:00,411707.0,2051066.0,2051162.0,411727.0,-1.0,4.0,2670.0,2671.4418289087553,2660.0,4.74438339480891,0.11,2669.45,2671.4418289087553,1.0,-1.0,-1.0,1.0,1.0,0.0,21.910117996309964,4415.494908475449,4393.584790479139,1.7536578175105813,0.29,20.0,REV_SHORT,STOP,2024-09-26 08:40:00,2024-09-26 08:45:00,2024-09-26 10:21:00,2669.595
2024-09-27 08:55:00,2024-09-27 09:00:00,2024-09-27 09:05:00,412034.0,2052696.0,2052701.0,412036.0,1.0,1.0,2670.0,2667.70691446638,2680.0,2.0747430064333394,0.05,2671.705,2667.70691446638,1.0,1.0,1.0,1.0,0.0,1.0,19.990427668099077,4393.584790479139,4373.59436281104,2.293085533619851,0.29,2.0,BREAK_LONG,STOP,2024-09-27 12:55:00,2024-09-27 13:00:00,2024-09-27 13:05:00,2671.56
2024-09-30 05:20:00,2024-09-30 05:25:00,2024-09-30 06:18:00,412267.0,2053856.0,2053909.0,412278.0,1.0,3.0,2650.0,2647.4842186855203,2660.0,2.786028210535061,0.06,2650.79,2647.4842186855203,1.0,-1.0,-1.0,1.0,0.0,1.0,19.834687886877873,4373.59436281104,4353.759674924162,1.8115626289594084,0.29,11.0,REV_LONG,STOP,2024-09-30 09:20:00,2024-09-30 09:25:00,2024-09-30 10:18:00,2650.645
2024-09-30 06:55:00,2024-09-30 07:00:00,2024-09-30 07:37:00,412286.0,2053951.0,2053988.0,412294.0,-1.0,2.0,2640.0,2641.990890232642,2630.0,1.5837478655071575,0.02,2637.35,2641.990890232642,1.0,1.0,1.0,-1.0,0.0,1.0,9.2817804652841,4353.759674924162,4344.477894458878,1.990890232642165,0.29,8.0,BREAK_SHORT,STOP,2024-09-30 10:55:00,2024-09-30 11:00:00,2024-09-30 11:37:00,2637.495
2024-09-30 14:30:00,2024-09-30 14:35:00,2024-09-30 14:56:00,412377.0,2054406.0,2054427.0,412382.0,-1.0,2.0,2630.0,2632.713835332838,2620.0,2.0207490498959046,0.05,2628.505,2632.713835332838,1.0,1.0,1.0,1.0,0.0,1.0,21.0441766641884,4344.477894458878,4323.433717794689,2.713835332837895,0.29,5.0,BREAK_SHORT,STOP,2024-09-30 18:30:00,2024-09-30 18:35:00,2024-09-30 18:56:00,2628.65
2024-10-01 00:45:00,2024-10-01 00:50:00,2024-10-01 01:10:00,412488.0,2054956.0,2054976.0,412493.0,-1.0,4.0,2640.0,2641.0510392669426,2630.0,4.234880961237692,0.1,2638.94,2641.0510392669426,1.0,1.0,-1.0,1.0,0.0,0.0,21.110392669424982,4323.433717794689,4302.323325125264,1.052078533884894,0.29,5.0,REV_SHORT,STOP,2024-10-01 04:45:00,2024-10-01 04:50:00,2024-10-01 05:10:00,2639.085
2024-10-01 07:15:00,2024-10-01 07:20:00,2024-10-01 07:26:00,412566.0,2055346.0,2055352.0,412568.0,1.0,1.0,2650.0,2648.831879751894,2660.0,3.6570309628663074,0.04,2651.23,2648.831879751894,1.0,1.0,1.0,-1.0,0.0,0.0,9.592480992423589,4302.323325125264,4292.7308441328405,1.1681202481056885,0.29,2.0,BREAK_LONG,STOP,2024-10-01 11:15:00,2024-10-01 11:20:00,2024-10-01 11:26:00,2651.085
2024-10-01 09:15:00,2024-10-01 09:20:00,2024-10-01 09:34:00,412590.0,2055466.0,2055480.0,412593.0,1.0,3.0,2650.0,2647.1180693350598,2660.0,2.098904384811316,0.02,2651.275,2660.0,2.0,1.0,1.0,-1.0,1.0,1.0,8.313861329880638,4292.7308441328405,4310.18084413284,1.8638613298810678,0.29,3.0,REV_LONG,TARGET,2024-10-01 13:15:00,2024-10-01 13:20:00,2024-10-01 13:34:00,2651.13
2024-10-01 14:20:00,2024-10-01 14:25:00,2024-10-01 16:58:00,412651.0,2055771.0,2055924.0,412682.0,1.0,3.0,2660.0,2656.0741793240463,2670.0,1.8827028801278964,0.02,2660.905,2663.62,4.0,1.0,1.0,-1.0,1.0,1.0,9.661641351907747,4310.18084413284,4315.61084413284,3.131641351907024,0.29,31.0,REV_LONG,SESSION,2024-10-01 18:20:00,2024-10-01 18:25:00,2024-10-01 20:58:00,2660.76
2024-10-02 07:10:00,2024-10-02 07:15:00,2024-10-02 07:23:00,412841.0,2056716.0,2056724.0,412843.0,-1.0,2.0,2650.0,2651.501814829455,2640.0,4.7456936876560025,0.1,2649.5,2651.501814829455,1.0,1.0,1.0,1.0,0.0,1.0,20.018148294548155,4315.61084413284,4295.592695838292,1.501814829454838,0.29,2.0,BREAK_SHORT,STOP,2024-10-02 11:10:00,2024-10-02 11:15:00,2024-10-02 11:23:00,2649.645
2024-10-03 09:40:00,2024-10-03 09:45:00,2024-10-03 10:01:00,413147.0,2058241.0,2058257.0,413151.0,-1.0,4.0,2650.0,2652.6432344769582,2640.0,2.350768300821327,0.05,2648.87,2640.0,2.0,1.0,1.0,1.0,0.0,1.0,18.866172384791753,4295.592695838292,4339.942695838291,2.4164689539169837,0.29,4.0,REV_SHORT,TARGET,2024-10-03 13:40:00,2024-10-03 13:45:00,2024-10-03 14:01:00,2649.015
2024-10-03 22:35:00,2024-10-03 22:40:00,2024-10-04 02:39:00,413290.0,2058951.0,2059190.0,413338.0,1.0,1.0,2660.0,2659.094421104304,2670.0,2.9362094732756767,0.03,2661.865,2665.32,3.0,1.0,1.0,-1.0,0.0,0.0,8.311736687087887,4339.942695838291,4350.307695838292,0.9055788956961668,0.29,48.0,BREAK_LONG,TIME,2024-10-04 02:35:00,2024-10-04 02:40:00,2024-10-04 06:39:00,2661.72
2024-10-07 22:45:00,2024-10-07 22:50:00,2024-10-07 23:18:00,413844.0,2061711.0,2061739.0,413850.0,-1.0,2.0,2640.0,2642.4695961281323,2630.0,1.1100589376609662,0.03,2636.56,2642.4695961281323,1.0,1.0,1.0,1.0,0.0,0.0,17.72878838439692,4350.307695838292,4332.578907453895,2.4695961281324377,0.29,6.0,BREAK_SHORT,STOP,2024-10-08 02:45:00,2024-10-08 02:50:00,2024-10-08 03:18:00,2636.705
2024-10-08 09:35:00,2024-10-08 09:40:00,2024-10-08 10:14:00,413974.0,2062361.0,2062395.0,413981.0,1.0,3.0,2640.0,2635.1713173795783,2650.0,1.871726190485854,0.02,2640.335,2635.1713173795783,1.0,-1.0,-1.0,-1.0,0.0,1.0,10.327365240843392,4332.578907453895,4322.251542213052,2.957365240843305,0.29,7.0,REV_LONG,STOP,2024-10-08 13:35:00,2024-10-08 13:40:00,2024-10-08 14:14:00,2640.19
2024-10-08 22:15:00,2024-10-08 22:20:00,2024-10-09 01:26:00,414114.0,2063056.0,2063242.0,414152.0,-1.0,2.0,2620.0,2621.6793101982535,2610.0,2.6222663081795177,0.06,2618.455,2621.6793101982535,1.0,1.0,1.0,1.0,0.0,0.0,19.3458611895212,4322.251542213052,4302.905681023531,1.6793101982532637,0.29,38.0,BREAK_SHORT,STOP,2024-10-09 02:15:00,2024-10-09 02:20:00,2024-10-09 05:26:00,2618.6
2024-10-09 12:50:00,2024-10-09 12:55:00,2024-10-09 16:54:00,414289.0,2063931.0,2064170.0,414337.0,-1.0,2.0,2610.0,2612.142041471217,2600.0,3.6307587444759992,0.08,2609.52,2608.52,3.0,1.0,1.0,1.0,0.0,1.0,20.976331769736134,4302.905681023531,4310.905681023531,2.142041471216868,0.29,48.0,BREAK_SHORT,TIME,2024-10-09 16:50:00,2024-10-09 16:55:00,2024-10-09 20:54:00,2609.665
2024-10-10 13:20:00,2024-10-10 13:25:00,2024-10-10 15:08:00,414571.0,2065336.0,2065439.0,414592.0,1.0,3.0,2620.0,2615.3287971976642,2630.0,1.3948281301987184,0.01,2621.455,2630.0,2.0,1.0,1.0,-1.0,0.0,1.0,6.126202802335683,4310.905681023531,4319.450681023531,2.4524056046708047,0.29,21.0,REV_LONG,TARGET,2024-10-10 17:20:00,2024-10-10 17:25:00,2024-10-10 19:08:00,2621.31
2024-10-10 15:30:00,2024-10-10 15:35:00,2024-10-10 16:58:00,414597.0,2065466.0,2065549.0,414614.0,-1.0,4.0,2630.0,2632.330720721753,2620.0,3.5155554075981823,0.07,2629.6,2629.775,4.0,-1.0,-1.0,1.0,1.0,1.0,19.115045052272308,4319.450681023531,4318.225681023529,1.7414414435062606,0.29,17.0,REV_SHORT,SESSION,2024-10-10 19:30:00,2024-10-10 19:35:00,2024-10-10 20:58:00,2629.745
2024-10-10 19:30:00,2024-10-10 19:35:00,2024-10-10 22:30:00,414633.0,2065641.0,2065816.0,414669.0,1.0,1.0,2630.0,2628.901212700322,2640.0,1.2889820925770603,0.02,2633.75,2640.0,2.0,1.0,1.0,-1.0,0.0,0.0,9.697574599355903,4318.225681023529,4330.725681023529,1.0987872996780603,0.29,36.0,BREAK_LONG,TARGET,2024-10-10 23:30:00,2024-10-10 23:35:00,2024-10-11 02:30:00,2633.605
2024-10-14 03:35:00,2024-10-14 03:40:00,2024-10-14 04:50:00,415006.0,2067501.0,2067571.0,415021.0,1.0,3.0,2660.0,2658.315801003526,2670.0,1.497051098976257,0.02,2662.995,2658.315801003526,1.0,1.0,1.0,-1.0,1.0,0.0,9.358397992948085,4330.725681023529,4321.367283030581,1.798397992948229,0.29,15.0,REV_LONG,STOP,2024-10-14 07:35:00,2024-10-14 07:40:00,2024-10-14 08:50:00,2662.85
2024-10-14 14:45:00,2024-10-14 14:50:00,2024-10-14 15:17:00,415140.0,2068171.0,2068198.0,415146.0,-1.0,4.0,2650.0,2651.5494772541506,2640.0,4.462095764558016,0.1,2649.435,2651.5494772541506,1.0,-1.0,1.0,1.0,0.0,1.0,21.14477254150643,4321.367283030581,4300.222510489075,1.0389545083007898,0.29,6.0,REV_SHORT,STOP,2024-10-14 18:45:00,2024-10-14 18:50:00,2024-10-14 19:17:00,2649.58
2024-10-14 22:35:00,2024-10-14 22:40:00,2024-10-14 22:48:00,415222.0,2068576.0,2068584.0,415224.0,1.0,1.0,2650.0,2648.493629401515,2660.0,2.2956600492304537,0.03,2651.985,2648.493629401515,1.0,1.0,1.0,-1.0,0.0,0.0,10.474111795454972,4300.222510489075,4289.74839869362,1.5063705984850284,0.29,2.0,BREAK_LONG,STOP,2024-10-15 02:35:00,2024-10-15 02:40:00,2024-10-15 02:48:00,2651.84
2024-10-15 15:50:00,2024-10-15 15:55:00,2024-10-15 16:58:00,415429.0,2069611.0,2069674.0,415442.0,1.0,3.0,2660.0,2658.7738903366367,2670.0,2.1568513701981753,0.03,2662.33,2662.84,4.0,1.0,1.0,-1.0,1.0,0.0,10.668328990089776,4289.74839869362,4291.278398693621,1.4822193267266706,0.29,13.0,REV_LONG,SESSION,2024-10-15 19:50:00,2024-10-15 19:55:00,2024-10-15 20:58:00,2662.185
2024-10-16 05:55:00,2024-10-16 06:00:00,2024-10-16 06:08:00,415586.0,2070391.0,2070399.0,415588.0,1.0,1.0,2680.0,2678.48184185924,2690.0,4.216183536925027,0.04,2680.69,2678.48184185924,1.0,1.0,1.0,-1.0,0.0,0.0,8.832632563040534,4291.278398693621,4282.4457661305805,1.518158140759981,0.29,2.0,BREAK_LONG,STOP,2024-10-16 09:55:00,2024-10-16 10:00:00,2024-10-16 10:08:00,2680.545
2024-10-16 21:55:00,2024-10-16 22:00:00,2024-10-16 22:42:00,415766.0,2071286.0,2071328.0,415775.0,1.0,1.0,2680.0,2678.8294021035226,2690.0,1.8822902155640966,0.02,2682.705,2678.8294021035226,1.0,1.0,1.0,-1.0,0.0,0.0,7.751195792954604,4282.4457661305805,4274.694570337626,1.1705978964773984,0.29,9.0,BREAK_LONG,STOP,2024-10-17 01:55:00,2024-10-17 02:00:00,2024-10-17 02:42:00,2682.56
2024-10-17 03:10:00,2024-10-17 03:15:00,2024-10-17 05:19:00,415829.0,2071601.0,2071725.0,415854.0,1.0,3.0,2680.0,2678.349310120891,2690.0,2.226721282965416,0.02,2681.96,2678.349310120891,1.0,1.0,1.0,-1.0,0.0,1.0,7.221379758218063,4274.694570337626,4267.473190579408,1.8713797582179001,0.29,25.0,REV_LONG,STOP,2024-10-17 07:10:00,2024-10-17 07:15:00,2024-10-17 09:19:00,2681.815
2024-10-18 07:40:00,2024-10-18 07:45:00,2024-10-18 09:07:00,416159.0,2073246.0,2073328.0,416176.0,1.0,3.0,2710.0,2707.7877622126352,2720.0,3.2966981304850838,0.03,2710.63,2707.7877622126352,1.0,1.0,1.0,-1.0,0.0,1.0,8.526713362094597,4267.473190579408,4258.946477217313,1.834475574729162,0.29,17.0,REV_LONG,STOP,2024-10-18 11:40:00,2024-10-18 11:45:00,2024-10-18 13:07:00,2710.485
2024-10-21 03:15:00,2024-10-21 03:20:00,2024-10-21 03:23:00,416382.0,2074356.0,2074359.0,416383.0,1.0,1.0,2730.0,2728.6053355431786,2740.0,2.773486961798335,0.03,2731.625,2728.6053355431786,1.0,1.0,1.0,-1.0,0.0,0.0,9.058993370464123,4258.946477217313,4249.887483846849,1.3946644568211621,0.29,1.0,BREAK_LONG,STOP,2024-10-21 07:15:00,2024-10-21 07:20:00,2024-10-21 07:23:00,2731.48
2024-10-21 14:20:00,2024-10-21 14:25:00,2024-10-21 14:45:00,416515.0,2075021.0,2075041.0,416520.0,1.0,3.0,2720.0,2718.262111403007,2730.0,4.4776009417677844,0.04,2720.405,2718.262111403007,1.0,1.0,-1.0,-1.0,1.0,1.0,8.571554387972355,4249.887483846849,4241.315929458877,1.735777193985823,0.29,5.0,REV_LONG,STOP,2024-10-21 18:20:00,2024-10-21 18:25:00,2024-10-21 18:45:00,2720.26
2024-10-21 22:15:00,2024-10-21 22:20:00,2024-10-21 23:08:00,416598.0,2075431.0,2075479.0,416608.0,-1.0,4.0,2730.0,2731.3757066479848,2720.0,3.4598255377471374,0.08,2728.825,2731.3757066479848,1.0,-1.0,-1.0,1.0,0.0,0.0,20.405653183879622,4241.315929458877,4220.910276274997,1.361413295969313,0.29,10.0,REV_SHORT,STOP,2024-10-22 02:15:00,2024-10-22 02:20:00,2024-10-22 03:08:00,2728.97
2024-10-23 02:50:00,2024-10-23 02:55:00,2024-10-23 06:54:00,416929.0,2077081.0,2077320.0,416977.0,1.0,3.0,2750.0,2747.4619440212664,2760.0,3.4100629999973173,0.03,2750.305,2751.025,3.0,1.0,1.0,-1.0,0.0,1.0,8.529167936200338,4220.910276274997,4223.070276274998,1.476111957467119,0.29,48.0,REV_LONG,TIME,2024-10-23 06:50:00,2024-10-23 06:55:00,2024-10-23 10:54:00,2750.16
2024-10-23 13:15:00,2024-10-23 13:20:00,2024-10-23 16:58:00,417054.0,2077706.0,2077924.0,417098.0,-1.0,2.0,2720.0,2722.6003532280233,2710.0,1.8249675718187373,0.04,2718.14,2715.74,4.0,1.0,1.0,1.0,0.0,1.0,17.8414129120938,4223.070276274998,4232.670276274998,2.600353228023179,0.29,44.0,BREAK_SHORT,SESSION,2024-10-23 17:15:00,2024-10-23 17:20:00,2024-10-23 20:58:00,2718.285
2024-10-24 02:25:00,2024-10-24 02:30:00,2024-10-24 06:29:00,417200.0,2078431.0,2078670.0,417248.0,1.0,1.0,2730.0,2728.509775413423,2740.0,1.7226571360972769,0.02,2732.73,2736.835,3.0,1.0,1.0,-1.0,0.0,1.0,8.440449173153866,4232.670276274998,4240.880276274998,1.4902245865770327,0.29,48.0,BREAK_LONG,TIME,2024-10-24 06:25:00,2024-10-24 06:30:00,2024-10-24 10:29:00,2732.585
2024-10-25 09:05:00,2024-10-25 09:10:00,2024-10-25 10:10:00,417556.0,2080206.0,2080266.0,417569.0,-1.0,4.0,2730.0,2733.480455861801,2720.0,2.1493037884353186,0.02,2729.2,2733.480455861801,1.0,1.0,-1.0,-1.0,0.0,1.0,8.560911723602658,4240.880276274998,4232.319364551396,1.9009117236019126,0.29,13.0,REV_SHORT,STOP,2024-10-25 13:05:00,2024-10-25 13:10:00,2024-10-25 14:10:00,2729.345
2024-10-28 05:35:00,2024-10-28 05:40:00,2024-10-28 09:33:00,417790.0,2081371.0,2081604.0,417837.0,1.0,3.0,2730.0,2727.4608739924256,2740.0,1.8057221896010887,0.04,2731.93,2740.0,2.0,-1.0,-1.0,1.0,0.0,0.0,17.87650403029693,4232.319364551396,4264.599364551396,2.0182520151486263,0.29,47.0,REV_LONG,TARGET,2024-10-28 09:35:00,2024-10-28 09:40:00,2024-10-28 13:33:00,2731.785
2024-10-30 11:00:00,2024-10-30 11:05:00,2024-10-30 11:40:00,418407.0,2084446.0,2084481.0,418415.0,-1.0,4.0,2780.0,2783.5117176993444,2770.0,1.3676863674010307,0.01,2777.805,2783.5117176993444,1.0,-1.0,1.0,-1.0,0.0,0.0,5.706717699344608,4264.599364551396,4258.892646852051,3.343435398688335,0.29,8.0,REV_SHORT,STOP,2024-10-30 15:00:00,2024-10-30 15:05:00,2024-10-30 15:40:00,2777.95
2024-10-31 03:10:00,2024-10-31 03:15:00,2024-10-31 04:34:00,418589.0,2085351.0,2085430.0,418605.0,1.0,3.0,2780.0,2777.2325931055616,2790.0,2.3141376921711223,0.05,2781.085,2777.2325931055616,1.0,1.0,-1.0,1.0,0.0,1.0,19.262034472192227,4258.892646852051,4239.630612379859,1.8548137888763427,0.29,16.0,REV_LONG,STOP,2024-10-31 07:10:00,2024-10-31 07:15:00,2024-10-31 08:34:00,2780.94
2024-10-31 10:50:00,2024-10-31 10:55:00,2024-10-31 11:00:00,418681.0,2085811.0,2085816.0,418683.0,1.0,3.0,2740.0,2734.848518926652,2750.0,1.6275090268443033,0.03,2740.615,2734.848518926652,1.0,-1.0,-1.0,1.0,1.0,1.0,17.29944322004303,4239.630612379859,4222.3311691598155,3.8629621466957444,0.29,2.0,REV_LONG,STOP,2024-10-31 14:50:00,2024-10-31 14:55:00,2024-10-31 15:00:00,2740.47
2024-10-31 22:05:00,2024-10-31 22:10:00,2024-10-31 23:53:00,418804.0,2086421.0,2086524.0,418825.0,-1.0,4.0,2750.0,2751.7364916266915,2740.0,4.863872459008289,0.05,2749.735,2751.7364916266915,1.0,1.0,-1.0,-1.0,0.0,1.0,10.007458133457021,4222.3311691598155,4212.323711026358,1.4229832533824391,0.29,21.0,REV_SHORT,STOP,2024-11-01 02:05:00,2024-11-01 02:10:00,2024-11-01 03:53:00,2749.88
2024-11-01 06:30:00,2024-11-01 06:35:00,2024-11-01 07:06:00,418905.0,2086926.0,2086957.0,418912.0,-1.0,2.0,2750.0,2751.635680245194,2740.0,1.6410632632467268,0.04,2747.23,2751.635680245194,1.0,1.0,1.0,1.0,0.0,1.0,17.62272098077665,4212.323711026358,4194.700990045581,1.6356802451940697,0.29,7.0,BREAK_SHORT,STOP,2024-11-01 10:30:00,2024-11-01 10:35:00,2024-11-01 11:06:00,2747.375
2024-11-04 00:50:00,2024-11-04 00:55:00,2024-11-04 00:59:00,419113.0,2087961.0,2087965.0,419114.0,-1.0,2.0,2740.0,2741.312855326967,2730.0,3.272459757053561,0.03,2738.665,2741.312855326967,1.0,1.0,1.0,-1.0,0.0,0.0,7.943565980901439,4194.700990045581,4186.75742406468,1.3128553269668923,0.29,1.0,BREAK_SHORT,STOP,2024-11-04 05:50:00,2024-11-04 05:55:00,2024-11-04 05:59:00,2738.81
2024-11-04 10:40:00,2024-11-04 10:45:00,2024-11-04 11:05:00,419231.0,2088551.0,2088571.0,419236.0,1.0,3.0,2740.0,2736.480210650346,2750.0,1.5037623644559865,0.03,2741.88,2736.480210650346,1.0,-1.0,1.0,1.0,0.0,0.0,16.199368048961787,4186.75742406468,4170.558056015718,2.579578699307662,0.29,5.0,REV_LONG,STOP,2024-11-04 15:40:00,2024-11-04 15:45:00,2024-11-04 16:05:00,2741.735
2024-11-06 22:50:00,2024-11-06 22:55:00,2024-11-07 02:17:00,419917.0,2091966.0,2092168.0,419958.0,-1.0,4.0,2660.0,2661.9814715963207,2650.0,3.937816545838594,0.08,2659.555,2661.9814715963207,1.0,1.0,-1.0,1.0,0.0,0.0,19.41177277056704,4170.558056015718,4151.146283245151,2.3029431926419033,0.29,41.0,REV_SHORT,STOP,2024-11-07 03:50:00,2024-11-07 03:55:00,2024-11-07 07:17:00,2659.7
2024-11-07 04:05:00,2024-11-07 04:10:00,2024-11-07 07:43:00,419980.0,2092281.0,2092494.0,420023.0,1.0,3.0,2660.0,2656.3629207221647,2670.0,1.05933494687682,0.01,2662.985,2670.0,2.0,-1.0,1.0,-1.0,0.0,1.0,6.6220792778353825,4151.146283245151,4158.16128324515,2.1841585556707708,0.29,43.0,REV_LONG,TARGET,2024-11-07 09:05:00,2024-11-07 09:10:00,2024-11-07 12:43:00,2662.84
2024-11-08 01:35:00,2024-11-08 01:40:00,2024-11-08 03:37:00,420226.0,2093506.0,2093623.0,420250.0,-1.0,2.0,2690.0,2691.843521649747,2680.0,1.4054980341877603,0.02,2686.92,2691.843521649747,1.0,1.0,1.0,-1.0,0.0,0.0,9.847043299493635,4158.16128324515,4148.3142399456565,1.84352164974668,0.29,24.0,BREAK_SHORT,STOP,2024-11-08 06:35:00,2024-11-08 06:40:00,2024-11-08 08:37:00,2687.065
2024-11-11 14:05:00,2024-11-11 14:10:00,2024-11-11 15:05:00,420652.0,2095631.0,2095686.0,420664.0,-1.0,4.0,2620.0,2621.714323190779,2610.0,3.4894105997202876,0.07,2619.105,2621.714323190779,1.0,1.0,1.0,1.0,1.0,0.0,18.265262335452466,4148.3142399456565,4130.048977610204,1.8986463815584476,0.29,12.0,REV_SHORT,STOP,2024-11-11 19:05:00,2024-11-11 19:10:00,2024-11-11 20:05:00,2619.25
2024-11-11 22:50:00,2024-11-11 22:55:00,2024-11-11 23:01:00,420745.0,2096091.0,2096097.0,420747.0,1.0,3.0,2620.0,2618.331224060176,2630.0,4.599822762522576,0.04,2620.415,2618.331224060176,1.0,-1.0,-1.0,-1.0,0.0,0.0,8.335103759296544,4130.048977610204,4121.7138738509075,1.527551879648141,0.29,2.0,REV_LONG,STOP,2024-11-12 03:50:00,2024-11-12 03:55:00,2024-11-12 04:01:00,2620.27
2024-11-12 02:45:00,2024-11-12 02:50:00,2024-11-12 04:09:00,420792.0,2096326.0,2096405.0,420808.0,1.0,3.0,2600.0,2593.6613648530893,2610.0,1.0555271244599134,0.01,2601.61,2593.6613648530893,1.0,-1.0,-1.0,-1.0,1.0,1.0,7.948635146910875,4121.7138738509075,4113.765238703996,3.247270293820987,0.29,16.0,REV_LONG,STOP,2024-11-12 07:45:00,2024-11-12 07:50:00,2024-11-12 09:09:00,2601.465
2024-11-12 10:15:00,2024-11-12 10:20:00,2024-11-12 10:40:00,420882.0,2096776.0,2096796.0,420887.0,-1.0,2.0,2610.0,2613.4143387793915,2600.0,2.2485440154095677,0.04,2609.285,2600.0,2.0,1.0,1.0,1.0,0.0,1.0,16.517355117566694,4113.765238703996,4150.905238703996,3.414338779391404,0.29,5.0,BREAK_SHORT,TARGET,2024-11-12 15:15:00,2024-11-12 15:20:00,2024-11-12 15:40:00,2609.43
2024-11-12 13:30:00,2024-11-12 13:35:00,2024-11-12 16:58:00,420921.0,2096971.0,2097174.0,420962.0,-1.0,4.0,2600.0,2603.3721118723133,2590.0,1.3721565537825693,0.03,2597.735,2598.52,4.0,1.0,1.0,1.0,1.0,1.0,16.911335616939596,4150.905238703996,4148.550238703996,2.4142237446264985,0.29,41.0,REV_SHORT,SESSION,2024-11-12 18:30:00,2024-11-12 18:35:00,2024-11-12 21:58:00,2597.88
2024-11-13 06:10:00,2024-11-13 06:15:00,2024-11-13 07:03:00,421109.0,2097906.0,2097954.0,421119.0,-1.0,4.0,2610.0,2612.569941700552,2600.0,3.0096253459316284,0.06,2609.435,2612.569941700552,1.0,1.0,-1.0,1.0,0.0,0.0,18.80965020331314,4148.550238703996,4129.740588500683,1.7298834011041788,0.29,10.0,REV_SHORT,STOP,2024-11-13 11:10:00,2024-11-13 11:15:00,2024-11-13 12:03:00,2609.58
2024-11-13 15:15:00,2024-11-13 15:20:00,2024-11-13 16:58:00,421218.0,2098451.0,2098549.0,421238.0,-1.0,2.0,2580.0,2582.2627471516507,2570.0,1.2655311264467075,0.03,2576.85,2573.125,4.0,1.0,1.0,1.0,0.0,0.0,16.23824145495246,4129.740588500683,4140.915588500682,2.2627471516506317,0.29,20.0,BREAK_SHORT,SESSION,2024-11-13 20:15:00,2024-11-13 20:20:00,2024-11-13 21:58:00,2576.995
2024-11-13 21:50:00,2024-11-13 21:55:00,2024-11-13 22:09:00,421285.0,2098781.0,2098795.0,421288.0,-1.0,2.0,2560.0,2562.0983919215532,2550.0,4.08679491042467,0.08,2559.72,2562.0983919215532,1.0,1.0,1.0,1.0,0.0,1.0,19.027135372427438,4140.915588500682,4121.888453128255,2.098391921553433,0.29,3.0,BREAK_SHORT,STOP,2024-11-14 02:50:00,2024-11-14 02:55:00,2024-11-14 03:09:00,2559.865
2024-11-14 00:45:00,2024-11-14 00:50:00,2024-11-14 04:31:00,421320.0,2098956.0,2099177.0,421365.0,-1.0,2.0,2560.0,2561.8554604579385,2550.0,1.663872776757689,0.04,2557.405,2550.0,2.0,1.0,1.0,1.0,0.0,1.0,17.801841831753336,4121.888453128255,4151.5084531282555,1.8554604579386837,0.29,45.0,BREAK_SHORT,TARGET,2024-11-14 05:45:00,2024-11-14 05:50:00,2024-11-14 09:31:00,2557.55
2024-11-14 12:35:00,2024-11-14 12:40:00,2024-11-14 13:29:00,421462.0,2099666.0,2099715.0,421472.0,1.0,3.0,2570.0,2567.2684527990095,2580.0,2.72643679481428,0.03,2570.685,2567.2684527990095,1.0,-1.0,1.0,-1.0,1.0,1.0,10.249641602971222,4151.5084531282555,4141.258811525285,2.553094401981349,0.29,10.0,REV_LONG,STOP,2024-11-14 17:35:00,2024-11-14 17:40:00,2024-11-14 18:29:00,2570.54
2024-11-15 01:20:00,2024-11-15 01:25:00,2024-11-15 01:44:00,421603.0,2100366.0,2100385.0,421607.0,-1.0,2.0,2560.0,2561.7417181354626,2550.0,1.030835447242559,0.03,2555.96,2561.7417181354626,1.0,1.0,1.0,1.0,0.0,0.0,17.345154406387792,4141.258811525285,4123.913657118897,1.7417181354627367,0.29,4.0,BREAK_SHORT,STOP,2024-11-15 06:20:00,2024-11-15 06:25:00,2024-11-15 06:44:00,2556.105
2024-11-17 20:40:00,2024-11-17 20:45:00,2024-11-17 20:47:00,421823.0,2101461.0,2101463.0,421824.0,1.0,1.0,2590.0,2586.8997610775714,2600.0,1.6598179557895185,0.02,2591.825,2586.8997610775714,1.0,1.0,1.0,-1.0,0.0,0.0,9.850477844856869,4123.913657118897,4114.0631792740405,3.1002389224288,0.29,1.0,BREAK_LONG,STOP,2024-11-18 01:40:00,2024-11-18 01:45:00,2024-11-18 01:47:00,2591.68
2024-11-18 04:40:00,2024-11-18 04:45:00,2024-11-18 08:31:00,421919.0,2101941.0,2102167.0,421965.0,1.0,1.0,2590.0,2587.7639687178626,2600.0,1.0930492314545677,0.01,2593.61,2600.0,2.0,1.0,1.0,-1.0,0.0,1.0,5.846031282137574,4114.0631792740405,4120.45317927404,2.2360312821375583,0.29,46.0,BREAK_LONG,TARGET,2024-11-18 09:40:00,2024-11-18 09:45:00,2024-11-18 13:31:00,2593.465
2024-11-18 21:45:00,2024-11-18 21:50:00,2024-11-19 01:49:00,422112.0,2102901.0,2103140.0,422160.0,1.0,1.0,2620.0,2618.227897392739,2630.0,1.5414166320080205,0.04,2622.86,2624.145,3.0,1.0,1.0,1.0,0.0,0.0,18.528410429044015,4120.45317927404,4125.593179274039,1.7721026072607615,0.29,48.0,BREAK_LONG,TIME,2024-11-19 02:45:00,2024-11-19 02:50:00,2024-11-19 06:49:00,2622.715
2024-11-19 12:35:00,2024-11-19 12:40:00,2024-11-19 12:56:00,422290.0,2103791.0,2103807.0,422294.0,1.0,1.0,2630.0,2627.8331112870706,2640.0,2.4943358952712527,0.05,2631.315,2627.8331112870706,1.0,1.0,1.0,1.0,0.0,0.0,17.40944356464752,4125.593179274039,4108.183735709392,2.1668887129293517,0.29,4.0,BREAK_LONG,STOP,2024-11-19 17:35:00,2024-11-19 17:40:00,2024-11-19 17:56:00,2631.17
2024-11-19 14:05:00,2024-11-19 14:10:00,2024-11-19 15:13:00,422308.0,2103881.0,2103944.0,422321.0,-1.0,4.0,2630.0,2631.8684646887186,2620.0,4.398524138059467,0.04,2629.67,2631.8684646887186,1.0,-1.0,-1.0,-1.0,0.0,1.0,8.793858754874236,4108.183735709392,4099.389876954518,1.626929377437357,0.29,13.0,REV_SHORT,STOP,2024-11-19 19:05:00,2024-11-19 19:10:00,2024-11-19 20:13:00,2629.815
2024-11-20 01:20:00,2024-11-20 01:25:00,2024-11-20 02:05:00,422431.0,2104491.0,2104531.0,422440.0,1.0,3.0,2630.0,2627.8380071142506,2640.0,3.21268543673345,0.07,2630.725,2627.8380071142506,1.0,1.0,-1.0,1.0,1.0,0.0,20.208950200245457,4099.389876954518,4079.180926754272,1.6439857714987323,0.29,9.0,REV_LONG,STOP,2024-11-20 06:20:00,2024-11-20 06:25:00,2024-11-20 07:05:00,2630.58
2024-11-21 04:15:00,2024-11-21 04:20:00,2024-11-21 06:16:00,422742.0,2106041.0,2106157.0,422766.0,-1.0,4.0,2670.0,2671.8895917593463,2660.0,1.0395239066756463,0.03,2666.06,2671.8895917593463,1.0,-1.0,-1.0,1.0,1.0,0.0,17.488775278039157,4079.180926754272,4061.692151476233,2.0491835186932175,0.29,24.0,REV_SHORT,STOP,2024-11-21 09:15:00,2024-11-21 09:20:00,2024-11-21 11:16:00,2666.205
2024-11-21 09:25:00,2024-11-21 09:30:00,2024-11-21 12:57:00,422804.0,2106351.0,2106558.0,422846.0,-1.0,4.0,2670.0,2672.8314266970074,2660.0,1.1985072996096064,0.03,2666.995,2672.8314266970074,1.0,-1.0,-1.0,1.0,0.0,1.0,17.509280091022447,4061.692151476233,4044.1828713852105,2.4028533940148993,0.29,42.0,REV_SHORT,STOP,2024-11-21 14:25:00,2024-11-21 14:30:00,2024-11-21 17:57:00,2667.14
2024-11-21 22:20:00,2024-11-21 22:25:00,2024-11-21 23:49:00,422947.0,2107061.0,2107145.0,422964.0,-1.0,4.0,2690.0,2691.360258596957,2680.0,5.1731859944801935,0.1,2689.52,2691.360258596957,1.0,-1.0,-1.0,1.0,1.0,0.0,18.402585969570286,4044.1828713852105,4025.7802854156403,1.6205171939139194,0.29,17.0,REV_SHORT,STOP,2024-11-22 03:20:00,2024-11-22 03:25:00,2024-11-22 04:49:00,2689.665
2024-11-25 03:30:00,2024-11-25 03:35:00,2024-11-25 04:18:00,423285.0,2108746.0,2108789.0,423294.0,-1.0,4.0,2670.0,2675.146838810793,2660.0,1.624265733559564,0.03,2669.375,2675.146838810793,1.0,1.0,1.0,1.0,1.0,1.0,17.315516432378445,4025.7802854156403,4008.464768983262,3.1136776215849626,0.29,9.0,REV_SHORT,STOP,2024-11-25 08:30:00,2024-11-25 08:35:00,2024-11-25 09:18:00,2669.52
2024-11-25 13:30:00,2024-11-25 13:35:00,2024-11-25 16:58:00,423405.0,2109346.0,2109549.0,423446.0,1.0,3.0,2620.0,2614.0908537590326,2630.0,1.418117132266069,0.03,2620.67,2625.565,4.0,-1.0,-1.0,1.0,1.0,1.0,19.737438722902425,4008.464768983262,4023.1497689832618,3.1582924819346485,0.29,41.0,REV_LONG,SESSION,2024-11-25 18:30:00,2024-11-25 18:35:00,2024-11-25 21:58:00,2620.525
2024-11-26 19:30:00,2024-11-26 19:35:00,2024-11-26 19:44:00,423741.0,2111016.0,2111025.0,423743.0,1.0,3.0,2630.0,2628.6687139116207,2640.0,5.903906740334673,0.12,2630.31,2628.6687139116207,1.0,-1.0,-1.0,1.0,0.0,1.0,19.695433060551295,4023.1497689832618,4003.4543359227105,1.052572176758805,0.29,2.0,REV_LONG,STOP,2024-11-27 00:30:00,2024-11-27 00:35:00,2024-11-27 00:44:00,2630.165
2024-11-27 04:05:00,2024-11-27 04:10:00,2024-11-27 04:59:00,423844.0,2111531.0,2111580.0,423854.0,1.0,1.0,2650.0,2647.9659509080984,2660.0,3.039560517688314,0.06,2650.945,2647.9659509080984,1.0,1.0,1.0,1.0,0.0,0.0,17.874294551410458,4003.4543359227105,3985.5800413713,2.034049091901404,0.29,10.0,BREAK_LONG,STOP,2024-11-27 09:05:00,2024-11-27 09:10:00,2024-11-27 09:59:00,2650.8
2024-11-29 14:35:00,2024-11-29 14:40:00,2024-11-29 16:58:00,424522.0,2114911.0,2115049.0,424550.0,-1.0,2.0,2650.0,2651.4210156113536,2640.0,4.779820536706639,0.05,2649.445,2650.495,4.0,1.0,1.0,-1.0,0.0,0.0,9.88007805676716,3985.5800413713,3980.3300413713014,1.4210156113536099,0.29,28.0,BREAK_SHORT,SESSION,2024-11-29 19:35:00,2024-11-29 19:40:00,2024-11-29 21:58:00,2649.59
2024-12-01 19:55:00,2024-12-01 20:00:00,2024-12-01 20:20:00,424574.0,2115166.0,2115186.0,424579.0,-1.0,2.0,2640.0,2642.506055976767,2630.0,1.8842007676504988,0.02,2638.17,2630.0,2.0,1.0,1.0,-1.0,0.0,0.0,8.672111953534113,3980.3300413713014,3996.6700413713015,2.5060559767672093,0.29,5.0,BREAK_SHORT,TARGET,2024-12-02 00:55:00,2024-12-02 01:00:00,2024-12-02 01:20:00,2638.315
2024-12-02 03:30:00,2024-12-02 03:35:00,2024-12-02 04:14:00,424665.0,2115621.0,2115660.0,424673.0,-1.0,4.0,2630.0,2634.018880912155,2620.0,1.793228442261533,0.03,2629.0,2634.018880912155,1.0,1.0,1.0,1.0,0.0,1.0,15.056642736465164,3996.6700413713015,3981.6133986348364,2.257761824310085,0.29,8.0,REV_SHORT,STOP,2024-12-02 08:30:00,2024-12-02 08:35:00,2024-12-02 09:14:00,2629.145
2024-12-02 09:25:00,2024-12-02 09:30:00,2024-12-02 11:02:00,424736.0,2115976.0,2116068.0,424755.0,-1.0,4.0,2650.0,2653.0374741791575,2640.0,1.629862245974011,0.04,2648.08,2640.0,2.0,-1.0,-1.0,1.0,1.0,0.0,19.829896716630174,3981.6133986348364,4013.933398634836,2.9049483583146496,0.29,19.0,REV_SHORT,TARGET,2024-12-02 14:25:00,2024-12-02 14:30:00,2024-12-02 16:02:00,2648.225
2024-12-03 03:20:00,2024-12-03 03:25:00,2024-12-03 07:24:00,424939.0,2116986.0,2117225.0,424987.0,1.0,3.0,2640.0,2638.476834993366,2650.0,5.268841461482776,0.05,2640.315,2638.64,3.0,-1.0,-1.0,-1.0,0.0,0.0,9.190825033169858,4013.933398634836,4005.558398634835,1.6563300132673677,0.29,48.0,REV_LONG,TIME,2024-12-03 08:20:00,2024-12-03 08:25:00,2024-12-03 12:24:00,2640.17
2024-12-03 09:05:00,2024-12-03 09:10:00,2024-12-03 09:53:00,425008.0,2117331.0,2117374.0,425017.0,1.0,1.0,2650.0,2647.66354020584,2660.0,2.1062784048075773,0.05,2651.6349999999998,2647.66354020584,1.0,1.0,1.0,1.0,0.0,1.0,19.857298970798638,4005.558398634835,3985.7010996640365,2.3364597941600245,0.29,9.0,BREAK_LONG,STOP,2024-12-03 14:05:00,2024-12-03 14:10:00,2024-12-03 14:53:00,2651.49
2024-12-03 19:50:00,2024-12-03 19:55:00,2024-12-03 20:01:00,425125.0,2117911.0,2117917.0,425127.0,1.0,3.0,2640.0,2639.272995417589,2650.0,6.761916797478542,0.07,2640.655,2639.272995417589,1.0,-1.0,-1.0,-1.0,0.0,0.0,9.674032076879485,3985.7010996640365,3976.027067587157,0.8140091648217276,0.29,2.0,REV_LONG,STOP,2024-12-04 00:50:00,2024-12-04 00:55:00,2024-12-04 01:01:00,2640.51
2024-12-04 01:10:00,2024-12-04 01:15:00,2024-12-04 01:49:00,425189.0,2118231.0,2118265.0,425196.0,-1.0,4.0,2650.0,2651.4471043169074,2640.0,3.174569233681593,0.03,2648.705,2651.4471043169074,1.0,-1.0,-1.0,-1.0,0.0,1.0,8.226312950722331,3976.027067587157,3967.8007546364347,1.3542086338148758,0.29,7.0,REV_SHORT,STOP,2024-12-04 06:10:00,2024-12-04 06:15:00,2024-12-04 06:49:00,2648.85
2024-12-04 12:00:00,2024-12-04 12:05:00,2024-12-04 16:04:00,425319.0,2118881.0,2119120.0,425367.0,1.0,3.0,2650.0,2645.820851486889,2660.0,2.1480197581934717,0.04,2650.325,2649.89,3.0,1.0,1.0,1.0,0.0,1.0,18.016594052443907,3967.8007546364347,3966.060754636435,2.498297026222509,0.29,48.0,REV_LONG,TIME,2024-12-04 17:00:00,2024-12-04 17:05:00,2024-12-04 21:04:00,2650.18
2024-12-05 10:15:00,2024-12-05 10:20:00,2024-12-05 11:06:00,425574.0,2120151.0,2120197.0,425584.0,-1.0,2.0,2640.0,2643.0162908806965,2630.0,1.708177928425823,0.02,2638.21,2643.0162908806965,1.0,1.0,1.0,-1.0,0.0,1.0,9.612581761392903,3966.060754636435,3956.448172875042,3.0162908806962885,0.29,10.0,BREAK_SHORT,STOP,2024-12-05 15:15:00,2024-12-05 15:20:00,2024-12-05 16:06:00,2638.355
2024-12-09 21:10:00,2024-12-09 21:15:00,2024-12-09 23:06:00,426245.0,2123491.0,2123602.0,426268.0,-1.0,4.0,2670.0,2672.0216079365473,2660.0,2.1415833907966824,0.05,2668.195,2672.0216079365473,1.0,-1.0,-1.0,1.0,0.0,0.0,19.13303968273567,3956.448172875042,3937.3151331923063,2.143215873094559,0.29,23.0,REV_SHORT,STOP,2024-12-10 02:10:00,2024-12-10 02:15:00,2024-12-10 04:06:00,2668.34
2024-12-10 11:15:00,2024-12-10 11:20:00,2024-12-10 12:01:00,426414.0,2124336.0,2124377.0,426423.0,-1.0,4.0,2690.0,2693.248220272279,2680.0,1.130548564086787,0.03,2687.03,2693.248220272279,1.0,-1.0,-1.0,1.0,1.0,1.0,18.654660816836437,3937.3151331923063,3918.66047237547,2.6064405445576946,0.29,9.0,REV_SHORT,STOP,2024-12-10 16:15:00,2024-12-10 16:20:00,2024-12-10 17:01:00,2687.175
2024-12-10 22:00:00,2024-12-10 22:05:00,2024-12-10 22:38:00,426531.0,2124916.0,2124949.0,426538.0,1.0,3.0,2700.0,2697.9540436475763,2710.0,3.6048002067245144,0.03,2700.57,2697.9540436475763,1.0,1.0,1.0,-1.0,0.0,1.0,7.847869057271509,3918.66047237547,3910.8126033181984,1.961912704846936,0.29,7.0,REV_LONG,STOP,2024-12-11 03:00:00,2024-12-11 03:05:00,2024-12-11 03:38:00,2700.425
2024-12-11 04:15:00,2024-12-11 04:20:00,2024-12-11 08:19:00,426606.0,2125291.0,2125530.0,426654.0,1.0,3.0,2690.0,2684.773054365509,2700.0,1.2386161920023433,0.01,2691.575,2697.19,3.0,1.0,-1.0,-1.0,0.0,1.0,6.801945634490949,3910.8126033181984,3916.4276033181986,2.7838912689822473,0.29,48.0,REV_LONG,TIME,2024-12-11 09:15:00,2024-12-11 09:20:00,2024-12-11 13:19:00,2691.43
2024-12-11 10:25:00,2024-12-11 10:30:00,2024-12-11 13:11:00,426680.0,2125661.0,2125822.0,426713.0,1.0,1.0,2710.0,2706.72186527702,2720.0,1.793553201592198,0.02,2711.475,2720.0,2.0,1.0,1.0,-1.0,0.0,1.0,9.506269445960243,3916.4276033181986,3933.477603318199,3.2781347229803512,0.29,33.0,BREAK_LONG,TARGET,2024-12-11 15:25:00,2024-12-11 15:30:00,2024-12-11 18:11:00,2711.33
2024-12-11 13:25:00,2024-12-11 13:30:00,2024-12-11 16:58:00,426716.0,2125841.0,2126049.0,426758.0,-1.0,4.0,2720.0,2722.2713613460905,2710.0,3.6812933151670206,0.07,2719.65,2718.495,4.0,-1.0,-1.0,1.0,1.0,1.0,18.34952942263317,3933.477603318199,3941.5626033182,2.0027226921814276,0.29,42.0,REV_SHORT,SESSION,2024-12-11 18:25:00,2024-12-11 18:30:00,2024-12-11 21:58:00,2719.795
2024-12-13 07:35:00,2024-12-13 07:40:00,2024-12-13 07:45:00,427198.0,2128241.0,2128246.0,427200.0,-1.0,4.0,2670.0,2672.429930888082,2660.0,3.5532035050216413,0.07,2669.7,2672.429930888082,1.0,1.0,1.0,1.0,1.0,1.0,19.10951621657387,3941.5626033182,3922.4530871016264,2.0698617761633056,0.29,2.0,REV_SHORT,STOP,2024-12-13 12:35:00,2024-12-13 12:40:00,2024-12-13 12:45:00,2669.845
2024-12-17 01:35:00,2024-12-17 01:40:00,2024-12-17 02:12:00,427678.0,2130631.0,2130663.0,427685.0,-1.0,2.0,2650.0,2651.677117149436,2640.0,4.028651182508975,0.08,2649.355,2651.677117149436,1.0,1.0,1.0,1.0,0.0,0.0,18.576937195488426,3922.4530871016264,3903.876149906138,1.6771171494359685,0.29,7.0,BREAK_SHORT,STOP,2024-12-17 06:35:00,2024-12-17 06:40:00,2024-12-17 07:12:00,2649.5
2024-12-18 09:35:00,2024-12-18 09:40:00,2024-12-18 13:39:00,428050.0,2132486.0,2132725.0,428098.0,-1.0,2.0,2640.0,2641.844550333133,2630.0,4.030493579371876,0.08,2639.4900000000002,2637.355,3.0,1.0,1.0,1.0,0.0,1.0,18.83640266506336,3903.876149906138,3920.9561499061397,1.8445503331330728,0.29,48.0,BREAK_SHORT,TIME,2024-12-18 14:35:00,2024-12-18 14:40:00,2024-12-18 18:39:00,2639.635
2024-12-18 14:50:00,2024-12-18 14:55:00,2024-12-18 14:58:00,428113.0,2132801.0,2132804.0,428114.0,1.0,3.0,2610.0,2606.0282391504443,2620.0,2.1633500942122676,0.02,2610.445,2606.0282391504443,1.0,-1.0,-1.0,-1.0,1.0,0.0,8.83352169911177,3920.9561499061397,3912.122628207028,4.403521699111707,0.29,1.0,REV_LONG,STOP,2024-12-18 19:50:00,2024-12-18 19:55:00,2024-12-18 19:58:00,2610.3
2024-12-19 10:45:00,2024-12-19 10:50:00,2024-12-19 14:01:00,428340.0,2133931.0,2134122.0,428379.0,1.0,3.0,2590.0,2585.6793379616643,2600.0,2.0595377151876493,0.02,2590.36,2600.0,2.0,-1.0,-1.0,-1.0,1.0,1.0,9.361324076671735,3912.122628207028,3931.4026282070276,2.7213240766718,0.29,39.0,REV_LONG,TARGET,2024-12-19 15:45:00,2024-12-19 15:50:00,2024-12-19 19:01:00,2590.215
2024-12-20 08:55:00,2024-12-20 09:00:00,2024-12-20 09:18:00,428594.0,2135196.0,2135214.0,428598.0,-1.0,4.0,2610.0,2615.6275517732647,2600.0,1.4736721334677254,0.03,2609.31,2615.6275517732647,1.0,1.0,-1.0,1.0,1.0,1.0,18.952655319794303,3931.4026282070276,3912.4499728872333,2.8351035465297314,0.29,4.0,REV_SHORT,STOP,2024-12-20 13:55:00,2024-12-20 14:00:00,2024-12-20 14:18:00,2609.455
2024-12-23 01:45:00,2024-12-23 01:50:00,2024-12-23 03:01:00,428784.0,2136141.0,2136212.0,428799.0,1.0,1.0,2630.0,2628.455293035932,2640.0,2.103660335501634,0.05,2632.175,2628.455293035932,1.0,1.0,1.0,1.0,0.0,1.0,18.598534820341683,3912.4499728872333,3893.8514380668917,1.5447069640679358,0.29,15.0,BREAK_LONG,STOP,2024-12-23 06:45:00,2024-12-23 06:50:00,2024-12-23 08:01:00,2632.03
2024-12-24 02:15:00,2024-12-24 02:20:00,2024-12-24 06:19:00,429066.0,2137546.0,2137785.0,429114.0,-1.0,4.0,2620.0,2622.118511383677,2610.0,3.276852901840423,0.06,2619.285,2615.13,3.0,-1.0,-1.0,1.0,0.0,1.0,17.001068302061867,3893.8514380668917,3918.78143806689,1.237022767354067,0.29,48.0,REV_SHORT,TIME,2024-12-24 07:15:00,2024-12-24 07:20:00,2024-12-24 11:19:00,2619.43
2024-12-25 18:30:00,2024-12-25 18:35:00,2024-12-25 19:23:00,429525.0,2139831.0,2139879.0,429535.0,-1.0,4.0,2620.0,2620.6061900235513,2610.0,5.771968831407467,0.12,2619.04,2620.6061900235513,1.0,-1.0,0.0,1.0,0.0,0.0,18.794280282616455,3918.78143806689,3899.9871577842737,0.6323800471031431,0.29,10.0,REV_SHORT,STOP,2024-12-25 23:30:00,2024-12-25 23:35:00,2024-12-26 00:23:00,2619.185
2024-12-26 08:15:00,2024-12-26 08:20:00,2024-12-26 10:07:00,429690.0,2140656.0,2140763.0,429712.0,-1.0,4.0,2630.0,2631.9356255344555,2620.0,3.589521011895485,0.07,2629.335,2631.9356255344555,1.0,-1.0,-1.0,1.0,1.0,0.0,18.204378741188524,3899.9871577842737,3881.782779043085,1.5212510689107592,0.29,22.0,REV_SHORT,STOP,2024-12-26 13:15:00,2024-12-26 13:20:00,2024-12-26 15:07:00,2629.48
2024-12-27 15:00:00,2024-12-27 15:05:00,2024-12-27 16:57:00,430047.0,2142436.0,2142548.0,430070.0,-1.0,4.0,2620.0,2622.1268108899653,2610.0,1.751833739355251,0.02,2617.72,2622.1268108899653,1.0,1.0,1.0,-1.0,1.0,1.0,8.813621779931054,3881.782779043085,3872.969157263154,1.283621779930459,0.29,23.0,REV_SHORT,STOP,2024-12-27 20:00:00,2024-12-27 20:05:00,2024-12-27 21:57:00,2617.865
2024-12-30 06:10:00,2024-12-30 06:15:00,2024-12-30 07:47:00,430217.0,2143281.0,2143373.0,430236.0,1.0,3.0,2610.0,2608.5803273362917,2620.0,1.3235876415606398,0.03,2613.495,2620.0,2.0,-1.0,-1.0,1.0,1.0,0.0,14.744017991124563,3872.969157263154,3892.4841572631544,1.6693453274168142,0.29,19.0,REV_LONG,TARGET,2024-12-30 11:10:00,2024-12-30 11:15:00,2024-12-30 12:47:00,2613.35
2024-12-30 20:40:00,2024-12-30 20:45:00,2024-12-31 00:44:00,430379.0,2144086.0,2144325.0,430427.0,-1.0,4.0,2610.0,2612.14758558358,2600.0,3.005685989326645,0.03,2609.1150000000002,2606.365,3.0,1.0,-1.0,-1.0,0.0,1.0,9.09775675073979,3892.4841572631544,3900.734157263156,1.065171167160336,0.29,48.0,REV_SHORT,TIME,2024-12-31 01:40:00,2024-12-31 01:45:00,2024-12-31 05:44:00,2609.26
