ts_decision,ts_fill,ts_exit,i_decision,i_fill_m1,i_exit_m1,i_exit_m5,q,scenario,level,stop,target,r_est,lots,fill_px,exit_px,exit_reason,ctx_ema,ctx_vwap,ctx_dxy,extension_vwap,retest,risk_amount,equity_before,equity_after,atr,spread,bars_held,scenario_name,exit_reason_name,ts_decision_utc,ts_fill_utc,ts_exit_utc,m5_close
2024-01-02 11:00:00,2024-01-02 11:05:00,2024-01-02 15:04:00,205.0,1022.0,1261.0,253.0,1.0,3.0,2060.0,2056.106744310735,2070.0,2.243620436689195,0.05,2060.39,2060.8,3.0,0.0,-1.0,-1.0,1.0,1.0,21.416278446324668,10000.0,10002.050000000001,2.616511378530284,0.29,48.0,REV_LONG,TIME,2024-01-02 16:00:00,2024-01-02 16:05:00,2024-01-02 20:04:00,2060.245
2024-01-04 08:45:00,2024-01-04 08:50:00,2024-01-04 09:07:00,730.0,3637.0,3654.0,734.0,1.0,3.0,2040.0,2038.0006009372314,2050.0,1.9023320875883711,0.06,2042.135,2038.0006009372314,1.0,-1.0,-1.0,-1.0,0.0,0.0,24.80639437661148,10002.050000000001,9977.24360562339,1.7687981255369327,0.29,4.0,REV_LONG,STOP,2024-01-04 13:45:00,2024-01-04 13:50:00,2024-01-04 14:07:00,2041.99
2024-01-05 08:45:00,2024-01-05 08:50:00,2024-01-05 08:54:00,1006.0,5012.0,5016.0,1007.0,1.0,3.0,2030.0,2023.5884855642262,2040.0,1.100938885885556,0.03,2031.4,2040.0,2.0,-1.0,-1.0,-1.0,1.0,0.0,23.434543307321746,9977.24360562339,10003.043605623388,3.1430288715476697,0.29,1.0,REV_LONG,TARGET,2024-01-05 13:45:00,2024-01-05 13:50:00,2024-01-05 13:54:00,2031.255
2024-01-05 10:15:00,2024-01-05 10:20:00,2024-01-05 11:48:00,1024.0,5102.0,5190.0,1042.0,-1.0,4.0,2060.0,2065.6122324279236,2050.0,1.1497841859059321,0.06,2058.35,2050.0,2.0,-1.0,-1.0,1.0,1.0,0.0,43.57339456754198,10003.043605623388,10053.143605623387,4.354464855846931,0.29,18.0,REV_SHORT,TARGET,2024-01-05 15:15:00,2024-01-05 15:20:00,2024-01-05 16:48:00,2058.495
2024-01-08 04:55:00,2024-01-08 05:00:00,2024-01-08 06:19:00,1236.0,6157.0,6236.0,1252.0,-1.0,4.0,2030.0,2032.593204732692,2020.0,2.6468167130291542,0.14,2029.14,2020.0,2.0,1.0,1.0,1.0,1.0,1.0,48.34486625768523,10053.143605623387,10181.103605623388,1.5364094653838392,0.29,16.0,REV_SHORT,TARGET,2024-01-08 09:55:00,2024-01-08 10:00:00,2024-01-08 11:19:00,2029.285
2024-01-08 12:45:00,2024-01-08 12:50:00,2024-01-08 16:49:00,1330.0,6627.0,6866.0,1378.0,-1.0,2.0,2030.0,2031.5983321913711,2020.0,1.6642423967462907,0.05,2027.2450000000001,2028.32,3.0,1.0,1.0,-1.0,0.0,0.0,21.76666095685505,10181.103605623388,10175.72860562339,1.5983321913710746,0.29,48.0,BREAK_SHORT,TIME,2024-01-08 17:45:00,2024-01-08 17:50:00,2024-01-08 21:49:00,2027.39
2024-01-09 11:15:00,2024-01-09 11:20:00,2024-01-09 12:03:00,1588.0,7912.0,7955.0,1597.0,-1.0,2.0,2030.0,2031.9214503761964,2020.0,1.8273664605417066,0.12,2027.705,2031.9214503761964,1.0,1.0,1.0,1.0,0.0,0.0,50.59740451435755,10175.72860562339,10125.131201109032,1.9214503761963768,0.29,9.0,BREAK_SHORT,STOP,2024-01-09 16:15:00,2024-01-09 16:20:00,2024-01-09 17:03:00,2027.85
2024-01-09 15:15:00,2024-01-09 15:20:00,2024-01-09 16:58:00,1636.0,8152.0,8250.0,1656.0,-1.0,4.0,2030.0,2031.1227339505488,2020.0,7.63744715731771,0.39,2029.835,2030.165,4.0,1.0,1.0,1.0,0.0,0.0,50.22162407140036,10125.131201109032,10112.261201109035,1.0054679010978569,0.29,20.0,REV_SHORT,SESSION,2024-01-09 20:15:00,2024-01-09 20:20:00,2024-01-09 21:58:00,2029.98
2024-01-12 08:45:00,2024-01-12 08:50:00,2024-01-12 09:33:00,2386.0,11887.0,11930.0,2395.0,1.0,1.0,2050.0,2047.5586208321336,2060.0,1.0835017871275554,0.04,2053.53,2060.0,2.0,1.0,1.0,-1.0,0.0,0.0,23.885516671466576,10112.261201109035,10138.141201109034,2.4413791678663777,0.29,9.0,BREAK_LONG,TARGET,2024-01-12 13:45:00,2024-01-12 13:50:00,2024-01-12 14:33:00,2053.385
2024-01-14 21:00:00,2024-01-14 21:05:00,2024-01-15 01:04:00,2521.0,12557.0,12796.0,2569.0,1.0,1.0,2050.0,2049.0358903299025,2060.0,8.143542032485286,0.21,2050.235,2054.405,3.0,1.0,1.0,-1.0,0.0,1.0,25.181303072050465,10138.141201109034,10225.711201109036,0.9641096700972932,0.29,48.0,BREAK_LONG,TIME,2024-01-15 02:00:00,2024-01-15 02:05:00,2024-01-15 06:04:00,2050.09
2024-01-16 08:50:00,2024-01-16 08:55:00,2024-01-16 12:07:00,2939.0,14642.0,14834.0,2978.0,-1.0,4.0,2040.0,2046.2794800414672,2030.0,1.0388904420726508,0.06,2038.295,2030.0,2.0,1.0,1.0,1.0,1.0,1.0,47.906880248802736,10225.711201109036,10275.481201109036,2.4889600829344523,0.29,39.0,REV_SHORT,TARGET,2024-01-16 13:50:00,2024-01-16 13:55:00,2024-01-16 17:07:00,2038.44
2024-01-17 09:20:00,2024-01-17 09:25:00,2024-01-17 09:56:00,3221.0,16047.0,16078.0,3228.0,1.0,3.0,2020.0,2016.5299638814442,2030.0,2.480597003725695,0.06,2020.4,2016.5299638814442,1.0,-1.0,-1.0,-1.0,0.0,1.0,23.220216711335066,10275.481201109036,10252.2609843977,2.240072237111744,0.29,7.0,REV_LONG,STOP,2024-01-17 14:20:00,2024-01-17 14:25:00,2024-01-17 14:56:00,2020.255
2024-01-18 13:45:00,2024-01-18 13:50:00,2024-01-18 15:31:00,3550.0,17687.0,17788.0,3571.0,-1.0,4.0,2020.0,2021.6297868788547,2010.0,5.479759249341111,0.28,2019.835,2021.6297868788547,1.0,-1.0,-1.0,1.0,1.0,1.0,50.25403260793064,10252.2609843977,10202.00695178977,1.339573757709245,0.29,21.0,REV_SHORT,STOP,2024-01-18 18:45:00,2024-01-18 18:50:00,2024-01-18 20:31:00,2019.98
2024-01-19 05:15:00,2024-01-19 05:20:00,2024-01-19 05:31:00,3724.0,18552.0,18563.0,3727.0,1.0,1.0,2030.0,2029.0790629893297,2040.0,5.255057853706423,0.29,2030.825,2029.0790629893297,1.0,1.0,1.0,1.0,0.0,0.0,50.63217330943962,10202.00695178977,10151.37477848033,0.9209370106702798,0.29,3.0,BREAK_LONG,STOP,2024-01-19 10:15:00,2024-01-19 10:20:00,2024-01-19 10:31:00,2030.68
2024-01-28 19:40:00,2024-01-28 19:45:00,2024-01-28 23:44:00,5265.0,26227.0,26466.0,5313.0,1.0,3.0,2020.0,2018.7073090725444,2030.0,5.55526232098647,0.14,2020.43,2027.09,3.0,1.0,-1.0,-1.0,0.0,1.0,24.117672984379627,10151.37477848033,10244.614778480329,1.305381854911143,0.29,48.0,REV_LONG,TIME,2024-01-29 00:40:00,2024-01-29 00:45:00,2024-01-29 04:44:00,2020.285
2024-01-29 04:30:00,2024-01-29 04:35:00,2024-01-29 04:41:00,5371.0,26757.0,26763.0,5373.0,1.0,3.0,2030.0,2028.982712046725,2040.0,7.177381773877602,0.19,2030.33,2028.982712046725,1.0,1.0,1.0,-1.0,1.0,1.0,25.59847111222257,10244.614778480329,10219.016307368107,0.994575906549904,0.29,2.0,REV_LONG,STOP,2024-01-29 09:30:00,2024-01-29 09:35:00,2024-01-29 09:41:00,2030.185
2024-01-29 15:25:00,2024-01-29 15:30:00,2024-01-29 16:58:00,5502.0,27412.0,27500.0,5520.0,1.0,1.0,2030.0,2028.5713892228212,2040.0,1.52364606708343,0.05,2033.1,2032.385,4.0,1.0,1.0,-1.0,0.0,0.0,22.643053885893778,10219.016307368107,10215.441307368108,1.4286107771788337,0.29,18.0,BREAK_LONG,SESSION,2024-01-29 20:25:00,2024-01-29 20:30:00,2024-01-29 21:58:00,2032.955
2024-01-31 10:00:00,2024-01-31 10:05:00,2024-01-31 11:08:00,5989.0,29837.0,29900.0,6002.0,1.0,1.0,2050.0,2047.7996731722499,2060.0,1.5415617030952238,0.1,2052.6,2047.7996731722499,1.0,1.0,1.0,1.0,0.0,0.0,48.00326827750041,10215.441307368108,10167.438039090608,2.2003268277501298,0.29,13.0,BREAK_LONG,STOP,2024-01-31 15:00:00,2024-01-31 15:05:00,2024-01-31 16:08:00,2052.455
2024-01-31 14:50:00,2024-01-31 14:55:00,2024-01-31 15:03:00,6047.0,30127.0,30135.0,6049.0,-1.0,4.0,2050.0,2052.389030885467,2040.0,1.250901410851317,0.04,2046.885,2040.0,2.0,-1.0,-1.0,-1.0,1.0,0.0,22.016123541868183,10167.438039090608,10194.978039090609,2.93806177093362,0.29,2.0,REV_SHORT,TARGET,2024-01-31 19:50:00,2024-01-31 19:55:00,2024-01-31 20:03:00,2047.03
2024-02-01 05:20:00,2024-02-01 05:25:00,2024-02-01 08:40:00,6209.0,30932.0,31127.0,6249.0,-1.0,2.0,2040.0,2041.031744433689,2030.0,4.10316772962094,0.23,2038.8700000000001,2041.031744433689,1.0,1.0,1.0,1.0,0.0,0.0,49.720121974844915,10194.978039090609,10145.257917115763,1.0317444336890014,0.29,40.0,BREAK_SHORT,STOP,2024-02-01 10:20:00,2024-02-01 10:25:00,2024-02-01 13:40:00,2039.015
2024-02-04 18:10:00,2024-02-04 18:15:00,2024-02-04 22:14:00,6627.0,33012.0,33251.0,6675.0,-1.0,4.0,2040.0,2042.7624074476985,2030.0,3.1538785675249126,0.16,2039.69,2033.105,3.0,1.0,0.0,1.0,0.0,1.0,49.15851916317479,10145.257917115763,10250.617917115764,0.8948148953967152,0.29,48.0,REV_SHORT,TIME,2024-02-04 23:10:00,2024-02-04 23:15:00,2024-02-05 03:14:00,2039.835
2024-02-08 09:40:00,2024-02-08 09:45:00,2024-02-08 13:03:00,7641.0,38067.0,38265.0,7681.0,-1.0,4.0,2030.0,2035.2065007791905,2020.0,1.6370413117893128,0.08,2029.44,2035.2065007791905,1.0,1.0,1.0,1.0,0.0,1.0,46.1320062335235,10250.617917115764,10204.48591088224,2.343001558380594,0.29,40.0,REV_SHORT,STOP,2024-02-08 14:40:00,2024-02-08 14:45:00,2024-02-08 18:03:00,2029.585
2024-02-16 08:45:00,2024-02-16 08:50:00,2024-02-16 10:44:00,9286.0,46262.0,46376.0,9309.0,1.0,3.0,2000.0,1994.2432298904487,2010.0,1.2392049000100163,0.07,2001.28,2010.0,2.0,-1.0,-1.0,1.0,1.0,1.0,49.257390766859096,10204.48591088224,10265.525910882241,1.8335402191030097,0.29,23.0,REV_LONG,TARGET,2024-02-16 13:45:00,2024-02-16 13:50:00,2024-02-16 15:44:00,2001.135
2024-02-19 00:50:00,2024-02-19 00:55:00,2024-02-19 03:47:00,9467.0,47162.0,47334.0,9502.0,1.0,1.0,2020.0,2019.2901233769694,2030.0,3.6466160123349125,0.22,2021.595,2019.2901233769694,1.0,1.0,1.0,1.0,0.0,0.0,50.7072857066737,10265.525910882241,10214.818625175567,0.7098766230305664,0.29,35.0,BREAK_LONG,STOP,2024-02-19 05:50:00,2024-02-19 05:55:00,2024-02-19 08:47:00,2021.45
2024-02-21 00:25:00,2024-02-21 00:30:00,2024-02-21 01:49:00,10014.0,49887.0,49966.0,10030.0,1.0,3.0,2030.0,2029.2102304430316,2040.0,7.1140145677323465,0.38,2030.54,2029.2102304430316,1.0,1.0,1.0,1.0,1.0,1.0,50.531243164797615,10214.818625175567,10164.287382010769,0.5695391139367091,0.29,16.0,REV_LONG,STOP,2024-02-21 05:25:00,2024-02-21 05:30:00,2024-02-21 06:49:00,2030.395
2024-02-22 05:25:00,2024-02-22 05:30:00,2024-02-22 06:03:00,10350.0,51562.0,51595.0,10357.0,1.0,3.0,2030.0,2028.8170542926164,2040.0,5.644864215357825,0.3,2030.5,2028.8170542926164,1.0,1.0,1.0,1.0,0.0,1.0,50.48837122150871,10164.287382010769,10113.79901078926,0.9058914147673265,0.29,7.0,REV_LONG,STOP,2024-02-22 10:25:00,2024-02-22 10:30:00,2024-02-22 11:03:00,2030.355
2024-02-23 02:15:00,2024-02-23 02:20:00,2024-02-23 03:43:00,10588.0,52747.0,52830.0,10605.0,1.0,3.0,2020.0,2019.2426127252083,2030.0,4.215987999090984,0.24,2021.305,2019.2426127252083,1.0,-1.0,-1.0,1.0,1.0,0.0,49.497294595001215,10113.79901078926,10064.301716194259,0.8447745495834257,0.29,17.0,REV_LONG,STOP,2024-02-23 07:15:00,2024-02-23 07:20:00,2024-02-23 08:43:00,2021.16
2024-02-23 14:05:00,2024-02-23 14:10:00,2024-02-23 16:58:00,10730.0,53457.0,53625.0,10764.0,-1.0,4.0,2040.0,2041.979676258178,2030.0,4.289796373727895,0.11,2039.715,2035.71,4.0,-1.0,-1.0,-1.0,1.0,1.0,24.911438839958464,10064.301716194259,10108.356716194257,1.1193525163557085,0.29,34.0,REV_SHORT,SESSION,2024-02-23 19:05:00,2024-02-23 19:10:00,2024-02-23 21:58:00,2039.86
2024-02-26 14:10:00,2024-02-26 14:15:00,2024-02-26 15:04:00,11007.0,54837.0,54886.0,11017.0,-1.0,4.0,2030.0,2030.7365905684424,2020.0,8.746443802277295,0.22,2029.635,2030.7365905684424,1.0,-1.0,1.0,-1.0,0.0,1.0,24.234992505731952,10108.356716194257,10084.121723688526,0.8531811368850305,0.29,10.0,REV_SHORT,STOP,2024-02-26 19:10:00,2024-02-26 19:15:00,2024-02-26 20:04:00,2029.78
2024-02-27 19:15:00,2024-02-27 19:20:00,2024-02-27 19:23:00,11332.0,56452.0,56455.0,11333.0,-1.0,2.0,2030.0,2030.4249895942878,2020.0,14.676921389202118,0.75,2029.76,2030.4249895942878,1.0,1.0,1.0,1.0,0.0,1.0,49.87421957158631,10084.121723688526,10034.24750411694,0.42498959428778915,0.29,1.0,BREAK_SHORT,STOP,2024-02-28 00:15:00,2024-02-28 00:20:00,2024-02-28 00:23:00,2029.905
2024-03-05 03:45:00,2024-03-05 03:50:00,2024-03-05 07:49:00,12538.0,62462.0,62701.0,12586.0,1.0,1.0,2120.0,2118.6521497898843,2130.0,3.137247512920921,0.09,2121.395,2123.73,3.0,1.0,1.0,-1.0,0.0,0.0,24.685651891040834,10034.24750411694,10055.262504116941,1.3478502101157503,0.29,48.0,BREAK_LONG,TIME,2024-03-05 08:45:00,2024-03-05 08:50:00,2024-03-05 12:49:00,2121.25
2024-03-05 09:30:00,2024-03-05 09:35:00,2024-03-05 09:46:00,12607.0,62807.0,62818.0,12610.0,1.0,1.0,2130.0,2126.8473500393584,2140.0,1.9308546958865267,0.11,2131.335,2126.8473500393584,1.0,1.0,1.0,1.0,0.0,0.0,49.36414956705812,10055.262504116941,10005.898354549883,3.1526499606416785,0.29,3.0,BREAK_LONG,STOP,2024-03-05 14:30:00,2024-03-05 14:35:00,2024-03-05 14:46:00,2131.19
2024-03-06 07:00:00,2024-03-06 07:05:00,2024-03-06 09:27:00,12853.0,64032.0,64174.0,12882.0,1.0,1.0,2130.0,2128.873211607797,2140.0,2.663998591660915,0.16,2131.91,2140.0,2.0,1.0,1.0,1.0,0.0,0.0,48.588614275242435,10005.898354549883,10135.338354549885,1.1267883922028223,0.29,29.0,BREAK_LONG,TARGET,2024-03-06 12:00:00,2024-03-06 12:05:00,2024-03-06 14:27:00,2131.765
2024-03-07 08:05:00,2024-03-07 08:10:00,2024-03-07 09:42:00,13142.0,65472.0,65564.0,13161.0,-1.0,4.0,2160.0,2165.598866740853,2150.0,1.178957550897872,0.03,2158.44,2150.0,2.0,-1.0,-1.0,-1.0,0.0,0.0,21.476600222558318,10135.338354549885,10160.658354549885,1.5977334817055837,0.29,19.0,REV_SHORT,TARGET,2024-03-07 13:05:00,2024-03-07 13:10:00,2024-03-07 14:42:00,2158.585
2024-03-07 15:35:00,2024-03-07 15:40:00,2024-03-07 16:58:00,13232.0,65922.0,66000.0,13248.0,-1.0,4.0,2160.0,2161.06217127687,2150.0,5.442089630705652,0.14,2159.345,2160.055,4.0,-1.0,-1.0,-1.0,0.0,1.0,24.04039787617967,10160.658354549885,10150.718354549885,1.034342553739795,0.29,16.0,REV_SHORT,SESSION,2024-03-07 20:35:00,2024-03-07 20:40:00,2024-03-07 21:58:00,2159.49
2024-03-08 08:45:00,2024-03-08 08:50:00,2024-03-08 09:07:00,13426.0,66887.0,66904.0,13430.0,-1.0,4.0,2180.0,2187.2541628415333,2170.0,1.050609569423227,0.03,2178.84,2170.0,2.0,-1.0,-1.0,-1.0,1.0,1.0,25.242488524599594,10150.718354549885,10177.238354549885,3.5383256830663763,0.29,4.0,REV_SHORT,TARGET,2024-03-08 13:45:00,2024-03-08 13:50:00,2024-03-08 14:07:00,2178.985
2024-03-08 12:30:00,2024-03-08 12:35:00,2024-03-08 12:45:00,13471.0,67112.0,67122.0,13474.0,1.0,1.0,2190.0,2186.600620064804,2200.0,1.5721640774684342,0.09,2191.81,2186.600620064804,1.0,1.0,1.0,1.0,0.0,0.0,46.8844194167641,10177.238354549885,10130.35393513312,3.399379935195958,0.29,3.0,BREAK_LONG,STOP,2024-03-08 17:30:00,2024-03-08 17:35:00,2024-03-08 17:45:00,2191.665
2024-03-10 18:20:00,2024-03-10 18:25:00,2024-03-10 19:24:00,13529.0,67397.0,67456.0,13541.0,-1.0,4.0,2180.0,2181.553868175977,2170.0,4.959078765195245,0.13,2179.6150000000002,2181.553868175977,1.0,-1.0,0.0,-1.0,0.0,1.0,25.205286287700346,10130.35393513312,10105.14864884542,0.9277363519538313,0.29,12.0,REV_SHORT,STOP,2024-03-10 22:20:00,2024-03-10 22:25:00,2024-03-10 23:24:00,2179.76
2024-03-11 00:15:00,2024-03-11 00:20:00,2024-03-11 01:36:00,13600.0,67752.0,67828.0,13616.0,1.0,1.0,2180.0,2179.0878050918986,2190.0,4.356480553091168,0.24,2181.125,2179.0878050918986,1.0,1.0,1.0,1.0,0.0,0.0,48.89267779443253,10105.14864884542,10056.255971050987,0.9121949081013199,0.29,16.0,BREAK_LONG,STOP,2024-03-11 04:15:00,2024-03-11 04:20:00,2024-03-11 05:36:00,2180.98
2024-03-11 06:00:00,2024-03-11 06:05:00,2024-03-11 06:27:00,13669.0,68097.0,68119.0,13674.0,1.0,1.0,2180.0,2178.6191523128878,2190.0,4.863854110080052,0.25,2180.56,2178.6191523128878,1.0,1.0,1.0,1.0,0.0,1.0,48.52119217780455,10056.255971050987,10007.734778873182,1.3808476871122979,0.29,5.0,BREAK_LONG,STOP,2024-03-11 10:00:00,2024-03-11 10:05:00,2024-03-11 10:27:00,2180.415
2024-03-11 12:50:00,2024-03-11 12:55:00,2024-03-11 14:24:00,13751.0,68507.0,68596.0,13769.0,1.0,3.0,2180.0,2177.823444492069,2190.0,2.6659196207489746,0.15,2181.145,2177.823444492069,1.0,1.0,1.0,1.0,0.0,1.0,49.82333261896429,10007.734778873182,9957.911446254218,1.5931110158621187,0.29,18.0,REV_LONG,STOP,2024-03-11 16:50:00,2024-03-11 16:55:00,2024-03-11 18:24:00,2181.0
2024-03-11 22:20:00,2024-03-11 22:25:00,2024-03-11 22:57:00,13853.0,69012.0,69044.0,13860.0,1.0,3.0,2180.0,2179.246058942158,2190.0,9.107647391345917,0.46,2180.31,2179.246058942158,1.0,1.0,-1.0,1.0,0.0,0.0,48.94128866072879,9957.911446254218,9908.970157593489,0.8778821156836877,0.29,7.0,REV_LONG,STOP,2024-03-12 02:20:00,2024-03-12 02:25:00,2024-03-12 02:57:00,2180.165
2024-03-14 10:25:00,2024-03-14 10:30:00,2024-03-14 11:36:00,14550.0,72487.0,72553.0,14564.0,1.0,3.0,2160.0,2156.454138884387,2170.0,1.7333011962215727,0.04,2161.41,2156.454138884387,1.0,-1.0,-1.0,-1.0,1.0,1.0,19.823444462452244,9908.970157593489,9889.146713131036,2.5917222312264445,0.29,14.0,REV_LONG,STOP,2024-03-14 14:25:00,2024-03-14 14:30:00,2024-03-14 15:36:00,2161.265
2024-03-15 06:10:00,2024-03-15 06:15:00,2024-03-15 06:42:00,14775.0,73607.0,73634.0,14781.0,1.0,1.0,2170.0,2168.710033657361,2180.0,4.120244297754618,0.11,2170.915,2168.710033657361,1.0,1.0,1.0,-1.0,0.0,0.0,24.254629769031,9889.146713131036,9864.892083362005,1.2899663426390822,0.29,6.0,BREAK_LONG,STOP,2024-03-15 10:10:00,2024-03-15 10:15:00,2024-03-15 10:42:00,2170.77
2024-03-15 08:50:00,2024-03-15 08:55:00,2024-03-15 09:31:00,14807.0,73767.0,73803.0,14815.0,1.0,3.0,2160.0,2156.6558417325014,2170.0,2.204527160182538,0.05,2160.82,2156.6558417325014,1.0,-1.0,-1.0,-1.0,1.0,1.0,20.82079133749403,9864.892083362005,9844.071292024511,1.9283165349971483,0.29,8.0,REV_LONG,STOP,2024-03-15 12:50:00,2024-03-15 12:55:00,2024-03-15 13:31:00,2160.675
2024-03-17 23:00:00,2024-03-17 23:05:00,2024-03-18 03:04:00,14965.0,74552.0,74791.0,15013.0,-1.0,2.0,2150.0,2151.2012805657387,2140.0,1.698271145098086,0.11,2147.05,2148.105,3.0,1.0,1.0,1.0,0.0,0.0,45.66408622312338,9844.071292024511,9832.466292024514,1.201280565738858,0.29,48.0,BREAK_SHORT,TIME,2024-03-18 03:00:00,2024-03-18 03:05:00,2024-03-18 07:04:00,2147.195
2024-03-18 09:05:00,2024-03-18 09:10:00,2024-03-18 09:16:00,15086.0,75157.0,75163.0,15088.0,1.0,3.0,2160.0,2157.902681667069,2170.0,2.918390340216956,0.07,2160.99,2157.902681667069,1.0,1.0,1.0,-1.0,1.0,0.0,21.611228330516045,9832.466292024514,9810.855063693998,1.4846366658616834,0.29,2.0,REV_LONG,STOP,2024-03-18 13:05:00,2024-03-18 13:10:00,2024-03-18 13:16:00,2160.845
2024-03-18 10:20:00,2024-03-18 10:25:00,2024-03-18 14:24:00,15101.0,75232.0,75471.0,15149.0,-1.0,4.0,2160.0,2161.7431113181465,2150.0,4.664486617460586,0.23,2159.67,2159.75,3.0,-1.0,-1.0,1.0,1.0,0.0,47.681560317367264,9810.855063693998,9809.015063694,1.786222636293272,0.29,48.0,REV_SHORT,TIME,2024-03-18 14:20:00,2024-03-18 14:25:00,2024-03-18 18:24:00,2159.815
2024-03-20 00:05:00,2024-03-20 00:10:00,2024-03-20 04:09:00,15530.0,77367.0,77606.0,15578.0,-1.0,4.0,2160.0,2160.6252613474944,2150.0,11.07057583266234,0.55,2159.745,2156.005,3.0,-1.0,-1.0,1.0,0.0,0.0,48.41437411219886,9809.015063694,10014.715063693988,0.6605226949889523,0.29,48.0,REV_SHORT,TIME,2024-03-20 04:05:00,2024-03-20 04:10:00,2024-03-20 08:09:00,2159.89
2024-03-20 15:00:00,2024-03-20 15:05:00,2024-03-20 15:25:00,15709.0,78262.0,78282.0,15714.0,-1.0,4.0,2180.0,2186.0673933550647,2170.0,1.4354153967080783,0.03,2179.47,2186.0673933550647,1.0,-1.0,-1.0,-1.0,1.0,1.0,19.79218006519477,10014.715063693988,9994.922883628793,4.474786710129452,0.29,5.0,REV_SHORT,STOP,2024-03-20 19:00:00,2024-03-20 19:05:00,2024-03-20 19:25:00,2179.615
2024-03-22 13:40:00,2024-03-22 13:45:00,2024-03-22 14:18:00,16245.0,80932.0,80965.0,16252.0,-1.0,2.0,2160.0,2161.840017143586,2150.0,3.4848258551467137,0.18,2159.2,2161.840017143586,1.0,1.0,1.0,1.0,0.0,1.0,47.52030858455146,9994.922883628793,9947.402575044242,1.8400171435858685,0.29,7.0,BREAK_SHORT,STOP,2024-03-22 17:40:00,2024-03-22 17:45:00,2024-03-22 18:18:00,2159.345
2024-03-25 09:45:00,2024-03-25 09:50:00,2024-03-25 13:49:00,16474.0,82072.0,82311.0,16522.0,-1.0,4.0,2180.0,2182.3833211166666,2170.0,1.3284267431426315,0.09,2177.065,2175.065,3.0,-1.0,-1.0,1.0,1.0,0.0,47.86489004999885,9947.402575044242,9965.402575044242,1.9466422333333688,0.29,48.0,REV_SHORT,TIME,2024-03-25 13:45:00,2024-03-25 13:50:00,2024-03-25 17:49:00,2177.21
2024-03-26 03:25:00,2024-03-26 03:30:00,2024-03-26 05:10:00,16674.0,83067.0,83167.0,16695.0,1.0,3.0,2170.0,2169.2431909922984,2180.0,4.167048930957643,0.23,2171.325,2180.0,2.0,-1.0,-1.0,1.0,0.0,0.0,47.88160717713208,9965.402575044242,10164.927575044247,0.923618015402796,0.29,21.0,REV_LONG,TARGET,2024-03-26 07:25:00,2024-03-26 07:30:00,2024-03-26 09:10:00,2171.18
2024-03-27 11:35:00,2024-03-27 11:40:00,2024-03-27 15:39:00,17048.0,84932.0,85171.0,17096.0,1.0,3.0,2190.0,2187.539341309071,2200.0,3.159572226522677,0.08,2190.535,2191.15,3.0,1.0,1.0,-1.0,1.0,1.0,23.96526952743079,10164.927575044247,10169.847575044249,1.8513173818581818,0.29,48.0,REV_LONG,TIME,2024-03-27 15:35:00,2024-03-27 15:40:00,2024-03-27 19:39:00,2190.39
2024-03-28 12:45:00,2024-03-28 12:50:00,2024-03-28 13:26:00,17338.0,86377.0,86413.0,17346.0,1.0,1.0,2220.0,2217.474575194936,2230.0,1.537861541768871,0.05,2222.41,2217.474575194936,1.0,1.0,1.0,-1.0,0.0,0.0,24.677124025320154,10169.847575044249,10145.170451018928,2.525424805064187,0.29,8.0,BREAK_LONG,STOP,2024-03-28 16:45:00,2024-03-28 16:50:00,2024-03-28 17:26:00,2222.265
2024-03-28 15:45:00,2024-03-28 15:50:00,2024-03-28 16:50:00,17374.0,86557.0,86617.0,17387.0,1.0,3.0,2220.0,2218.1146406032285,2230.0,3.7064031408625118,0.1,2220.64,2230.0,2.0,1.0,1.0,-1.0,1.0,1.0,25.253593967713645,10145.170451018928,10238.77045101893,1.290718793543545,0.29,13.0,REV_LONG,TARGET,2024-03-28 19:45:00,2024-03-28 19:50:00,2024-03-28 20:50:00,2220.495
2024-04-02 10:55:00,2024-04-02 11:00:00,2024-04-02 11:27:00,18144.0,90392.0,90419.0,18150.0,1.0,3.0,2260.0,2255.294659722872,2270.0,1.6906541096204388,0.09,2260.7599999999998,2255.294659722872,1.0,1.0,1.0,1.0,0.0,0.0,49.18806249415002,10238.77045101893,10189.582388524781,4.010680554256224,0.29,6.0,REV_LONG,STOP,2024-04-02 14:55:00,2024-04-02 15:00:00,2024-04-02 15:27:00,2260.615
2024-04-02 14:25:00,2024-04-02 14:30:00,2024-04-02 16:34:00,18186.0,90602.0,90726.0,18211.0,1.0,1.0,2270.0,2267.8419330148263,2280.0,2.7089135274426828,0.15,2271.12,2280.0,2.0,1.0,1.0,1.0,0.0,1.0,49.17100477760414,10189.582388524781,10322.782388524782,2.1580669851737824,0.29,25.0,BREAK_LONG,TARGET,2024-04-02 18:25:00,2024-04-02 18:30:00,2024-04-02 20:34:00,2270.975
2024-04-03 08:30:00,2024-04-03 08:35:00,2024-04-03 10:01:00,18391.0,91622.0,91708.0,18409.0,1.0,3.0,2270.0,2264.2885251272087,2280.0,1.2392262721153675,0.07,2271.305,2280.0,2.0,1.0,-1.0,1.0,1.0,1.0,49.11532410953806,10322.782388524782,10383.647388524783,2.43294974558255,0.29,18.0,REV_LONG,TARGET,2024-04-03 12:30:00,2024-04-03 12:35:00,2024-04-03 14:01:00,2271.16
2024-04-03 10:15:00,2024-04-03 10:20:00,2024-04-03 10:44:00,18412.0,91727.0,91751.0,18417.0,-1.0,4.0,2280.0,2282.9585666034513,2270.0,1.512047938817309,0.05,2277.8,2282.9585666034513,1.0,-1.0,1.0,-1.0,0.0,0.0,25.792833017255816,10383.647388524783,10357.854555507527,3.607133206902031,0.29,5.0,REV_SHORT,STOP,2024-04-03 14:15:00,2024-04-03 14:20:00,2024-04-03 14:44:00,2277.945
2024-04-04 09:30:00,2024-04-04 09:35:00,2024-04-04 10:02:00,18679.0,93057.0,93084.0,18685.0,-1.0,4.0,2290.0,2292.3650588147193,2280.0,1.6364400326736144,0.05,2287.675,2292.3650588147193,1.0,-1.0,1.0,-1.0,1.0,0.0,23.450294073595614,10357.854555507527,10334.40426143393,2.330117629439113,0.29,6.0,REV_SHORT,STOP,2024-04-04 13:30:00,2024-04-04 13:35:00,2024-04-04 14:02:00,2287.82
2024-04-05 05:50:00,2024-04-05 05:55:00,2024-04-05 08:31:00,18911.0,94212.0,94368.0,18943.0,1.0,1.0,2290.0,2288.106192734489,2300.0,2.008190957930761,0.13,2292.06,2288.106192734489,1.0,1.0,1.0,1.0,0.0,0.0,51.39949445164211,10334.40426143393,10283.004766982289,1.8938072655111542,0.29,32.0,BREAK_LONG,STOP,2024-04-05 09:50:00,2024-04-05 09:55:00,2024-04-05 12:31:00,2291.915
2024-04-05 10:00:00,2024-04-05 10:05:00,2024-04-05 10:15:00,18961.0,94462.0,94472.0,18964.0,-1.0,4.0,2300.0,2304.7399232484013,2290.0,1.1518377234140762,0.07,2297.89,2304.7399232484013,1.0,-1.0,-1.0,1.0,1.0,0.0,47.94946273880987,10283.004766982289,10235.055304243479,4.209846496801678,0.29,3.0,REV_SHORT,STOP,2024-04-05 14:00:00,2024-04-05 14:05:00,2024-04-05 14:15:00,2298.035
2024-04-08 06:45:00,2024-04-08 06:50:00,2024-04-08 07:04:00,19198.0,95642.0,95656.0,19201.0,1.0,1.0,2340.0,2337.9869654685103,2350.0,1.2337220895758387,0.04,2343.365,2337.9869654685103,1.0,1.0,1.0,-1.0,0.0,0.0,21.51213812595779,10235.055304243479,10213.54316611752,2.0130345314895206,0.29,3.0,BREAK_LONG,STOP,2024-04-08 10:45:00,2024-04-08 10:50:00,2024-04-08 11:04:00,2343.22
2024-04-09 03:35:00,2024-04-09 03:40:00,2024-04-09 05:16:00,19436.0,96827.0,96923.0,19456.0,1.0,1.0,2350.0,2347.778046313778,2360.0,1.926044817431641,0.12,2351.955,2360.0,2.0,1.0,1.0,1.0,0.0,0.0,50.12344423466493,10213.54316611752,10310.083166117522,2.221953686222347,0.29,20.0,BREAK_LONG,TARGET,2024-04-09 07:35:00,2024-04-09 07:40:00,2024-04-09 09:16:00,2351.81
2024-04-09 16:10:00,2024-04-09 16:15:00,2024-04-09 16:58:00,19587.0,97582.0,97625.0,19596.0,1.0,1.0,2350.0,2348.494474312193,2360.0,1.3967220333868238,0.1,2353.295,2352.57,4.0,1.0,1.0,1.0,0.0,0.0,48.00525687807294,10310.083166117522,10302.833166117522,1.5055256878070604,0.29,9.0,BREAK_LONG,SESSION,2024-04-09 20:10:00,2024-04-09 20:15:00,2024-04-09 20:58:00,2353.15
2024-04-10 15:10:00,2024-04-10 15:15:00,2024-04-10 16:22:00,19851.0,98897.0,98964.0,19865.0,-1.0,2.0,2330.0,2333.2245434254287,2320.0,1.978807088512985,0.11,2328.785,2333.2245434254287,1.0,1.0,1.0,1.0,0.0,1.0,48.83497767971721,10302.833166117522,10253.998188437805,3.224543425428786,0.29,14.0,BREAK_SHORT,STOP,2024-04-10 19:10:00,2024-04-10 19:15:00,2024-04-10 20:22:00,2328.93
2024-04-11 12:55:00,2024-04-11 13:00:00,2024-04-11 13:09:00,20100.0,100137.0,100146.0,20102.0,-1.0,4.0,2350.0,2352.0457701015507,2340.0,3.9863064758599447,0.21,2349.63,2352.0457701015507,1.0,-1.0,-1.0,1.0,1.0,1.0,50.73117213256273,10253.998188437805,10203.267016305243,2.3715402031010613,0.29,2.0,REV_SHORT,STOP,2024-04-11 16:55:00,2024-04-11 17:00:00,2024-04-11 17:09:00,2349.775
2024-04-12 02:50:00,2024-04-12 02:55:00,2024-04-12 03:59:00,20255.0,100907.0,100971.0,20268.0,1.0,1.0,2390.0,2387.8902148101906,2400.0,1.0701247647359184,0.04,2393.74,2400.0,2.0,1.0,1.0,-1.0,0.0,0.0,23.399140759236616,10203.267016305243,10228.307016305243,2.1097851898094544,0.29,13.0,BREAK_LONG,TARGET,2024-04-12 06:50:00,2024-04-12 06:55:00,2024-04-12 07:59:00,2393.595
2024-04-15 04:45:00,2024-04-15 04:50:00,2024-04-15 05:02:00,20554.0,102397.0,102409.0,20557.0,-1.0,2.0,2350.0,2352.6967840949233,2340.0,1.7119542117909183,0.1,2348.015,2352.6967840949233,1.0,1.0,1.0,1.0,0.0,0.0,46.81784094923387,10228.307016305243,10181.48917535601,2.696784094923195,0.29,3.0,BREAK_SHORT,STOP,2024-04-15 08:45:00,2024-04-15 08:50:00,2024-04-15 09:02:00,2348.16
2024-04-15 10:55:00,2024-04-15 11:00:00,2024-04-15 12:42:00,20628.0,102767.0,102869.0,20649.0,-1.0,4.0,2350.0,2355.4711543850913,2340.0,1.6128611718090216,0.08,2349.55,2355.4711543850913,1.0,1.0,1.0,1.0,0.0,1.0,47.369235080728686,10181.48917535601,10134.11994027528,5.8323087701825544,0.29,21.0,REV_SHORT,STOP,2024-04-15 14:55:00,2024-04-15 15:00:00,2024-04-15 16:42:00,2349.695
2024-04-17 04:50:00,2024-04-17 04:55:00,2024-04-17 06:15:00,21107.0,105152.0,105232.0,21124.0,1.0,1.0,2390.0,2388.1081928447634,2400.0,2.2564170696102375,0.06,2391.7599999999998,2388.1081928447634,1.0,1.0,1.0,-1.0,0.0,1.0,21.9108429314183,10134.11994027528,10112.209097343863,1.8918071552366664,0.29,17.0,BREAK_LONG,STOP,2024-04-17 08:50:00,2024-04-17 08:55:00,2024-04-17 10:15:00,2391.615
2024-04-19 03:20:00,2024-04-19 03:25:00,2024-04-19 04:12:00,21641.0,107812.0,107859.0,21651.0,-1.0,4.0,2390.0,2395.4836268997947,2380.0,1.6227312739449973,0.08,2389.58,2380.0,2.0,-1.0,-1.0,1.0,0.0,1.0,47.229015198357956,10112.209097343863,10188.849097343862,3.107253799589504,0.29,10.0,REV_SHORT,TARGET,2024-04-19 07:20:00,2024-04-19 07:25:00,2024-04-19 08:12:00,2389.725
2024-04-19 10:25:00,2024-04-19 10:30:00,2024-04-19 11:01:00,21726.0,108237.0,108268.0,21733.0,-1.0,4.0,2390.0,2393.3482829443315,2380.0,1.7278788282198776,0.05,2388.455,2393.3482829443315,1.0,-1.0,-1.0,-1.0,0.0,0.0,24.46641472165766,10188.849097343862,10164.382682622205,3.3865658886627448,0.29,7.0,REV_SHORT,STOP,2024-04-19 14:25:00,2024-04-19 14:30:00,2024-04-19 15:01:00,2388.6
2024-04-21 21:35:00,2024-04-21 21:40:00,2024-04-21 23:02:00,21848.0,108842.0,108924.0,21865.0,-1.0,2.0,2380.0,2381.8576555298514,2370.0,1.2704265027774562,0.09,2376.635,2370.0,2.0,1.0,1.0,1.0,0.0,1.0,47.00389976866063,10164.382682622205,10224.097682622207,1.8576555298512336,0.29,17.0,BREAK_SHORT,TARGET,2024-04-22 01:35:00,2024-04-22 01:40:00,2024-04-22 03:02:00,2376.78
2024-04-22 03:00:00,2024-04-22 03:05:00,2024-04-22 04:05:00,21913.0,109167.0,109227.0,21926.0,-1.0,2.0,2360.0,2362.8525097339284,2350.0,1.0688112026185883,0.04,2356.64,2362.8525097339284,1.0,1.0,1.0,-1.0,0.0,0.0,24.85003893571411,10224.097682622207,10199.247643686493,2.8525097339284367,0.29,13.0,BREAK_SHORT,STOP,2024-04-22 07:00:00,2024-04-22 07:05:00,2024-04-22 08:05:00,2356.785
2024-04-23 06:25:00,2024-04-23 06:30:00,2024-04-23 06:37:00,22230.0,110747.0,110754.0,22232.0,-1.0,4.0,2300.0,2301.984477483528,2290.0,4.315855922754399,0.11,2299.73,2301.984477483528,1.0,1.0,1.0,-1.0,1.0,0.0,24.799252318805884,10199.247643686493,10174.448391367687,2.3989549670558272,0.29,2.0,REV_SHORT,STOP,2024-04-23 10:25:00,2024-04-23 10:30:00,2024-04-23 10:37:00,2299.875
2024-04-24 04:20:00,2024-04-24 04:25:00,2024-04-24 08:24:00,22481.0,111997.0,112236.0,22529.0,-1.0,2.0,2320.0,2321.6542978725197,2310.0,2.2424407452767694,0.07,2318.06,2314.19,3.0,1.0,1.0,-1.0,0.0,0.0,25.160085107638224,10174.448391367687,10201.538391367685,1.6542978725198898,0.29,48.0,BREAK_SHORT,TIME,2024-04-24 08:20:00,2024-04-24 08:25:00,2024-04-24 12:24:00,2318.205
2024-04-24 21:45:00,2024-04-24 21:50:00,2024-04-24 22:32:00,22678.0,112977.0,113019.0,22687.0,-1.0,4.0,2320.0,2321.447972056443,2310.0,4.922471573390201,0.13,2319.515,2321.447972056443,1.0,1.0,-1.0,-1.0,0.0,0.0,25.12863673376296,10201.538391367685,10176.409754633922,1.3359441128858545,0.29,9.0,REV_SHORT,STOP,2024-04-25 01:45:00,2024-04-25 01:50:00,2024-04-25 02:32:00,2319.66
2024-04-25 09:30:00,2024-04-25 09:35:00,2024-04-25 09:43:00,22819.0,113682.0,113690.0,22821.0,-1.0,2.0,2320.0,2324.0625306264656,2310.0,2.151245740043942,0.11,2319.6,2324.0625306264656,1.0,1.0,1.0,1.0,0.0,1.0,49.08783689112215,10176.409754633922,10127.3219177428,4.062530626465717,0.29,2.0,BREAK_SHORT,STOP,2024-04-25 13:30:00,2024-04-25 13:35:00,2024-04-25 13:43:00,2319.745
2024-04-26 02:05:00,2024-04-26 02:10:00,2024-04-26 02:52:00,23006.0,114612.0,114654.0,23015.0,-1.0,4.0,2340.0,2342.110477503248,2330.0,2.6693107258963034,0.07,2338.81,2342.110477503248,1.0,-1.0,-1.0,-1.0,0.0,0.0,23.103342522737425,10127.3219177428,10104.218575220062,1.600955006496359,0.29,9.0,REV_SHORT,STOP,2024-04-26 06:05:00,2024-04-26 06:10:00,2024-04-26 06:52:00,2338.955
2024-04-29 08:45:00,2024-04-29 08:50:00,2024-04-29 09:43:00,23362.0,116387.0,116440.0,23373.0,1.0,3.0,2330.0,2327.51458273298,2340.0,3.1268414122983894,0.16,2330.54,2327.51458273298,1.0,-1.0,-1.0,1.0,0.0,1.0,48.40667627231596,10104.218575220062,10055.811898947746,1.7708345340394347,0.29,11.0,REV_LONG,STOP,2024-04-29 12:45:00,2024-04-29 12:50:00,2024-04-29 13:43:00,2330.395
2024-04-30 09:50:00,2024-04-30 09:55:00,2024-04-30 10:12:00,23651.0,117827.0,117844.0,23655.0,-1.0,4.0,2310.0,2314.9508469183997,2300.0,1.6741649586569936,0.08,2309.36,2300.0,2.0,1.0,1.0,1.0,1.0,1.0,44.72677534719696,10055.811898947746,10130.691898947747,3.071693836799153,0.29,4.0,REV_SHORT,TARGET,2024-04-30 13:50:00,2024-04-30 13:55:00,2024-04-30 14:12:00,2309.505
2024-05-02 00:25:00,2024-05-02 00:30:00,2024-05-02 03:15:00,24090.0,120012.0,120177.0,24124.0,-1.0,4.0,2320.0,2321.658898041264,2310.0,5.427537698391624,0.13,2319.845,2310.0,2.0,-1.0,1.0,-1.0,0.0,1.0,23.580674536433435,10130.691898947747,10258.676898947744,1.1677960825283051,0.29,34.0,REV_SHORT,TARGET,2024-05-02 04:25:00,2024-05-02 04:30:00,2024-05-02 07:15:00,2319.99
2024-05-02 09:25:00,2024-05-02 09:30:00,2024-05-02 10:36:00,24198.0,120552.0,120618.0,24212.0,1.0,3.0,2290.0,2284.6868428585176,2300.0,1.5658099775969159,0.08,2290.655,2300.0,2.0,-1.0,-1.0,1.0,1.0,1.0,47.74525713186085,10258.676898947744,10333.436898947743,2.97631428296502,0.29,14.0,REV_LONG,TARGET,2024-05-02 13:25:00,2024-05-02 13:30:00,2024-05-02 14:36:00,2290.51
2024-05-02 12:05:00,2024-05-02 12:10:00,2024-05-02 16:09:00,24230.0,120712.0,120951.0,24278.0,1.0,3.0,2300.0,2295.7633305496365,2310.0,1.9649415890728528,0.1,2300.565,2301.915,3.0,-1.0,-1.0,1.0,1.0,1.0,48.016694503635335,10333.436898947743,10346.93689894774,3.2033389007268047,0.29,48.0,REV_LONG,TIME,2024-05-02 16:05:00,2024-05-02 16:10:00,2024-05-02 20:09:00,2300.42
2024-05-06 01:20:00,2024-05-06 01:25:00,2024-05-06 03:40:00,24653.0,122817.0,122952.0,24681.0,1.0,1.0,2310.0,2308.4575667003646,2320.0,3.039441026010286,0.18,2311.315,2320.0,2.0,1.0,1.0,1.0,0.0,0.0,51.43379939343776,10346.93689894774,10503.266898947739,1.5424332996352315,0.29,28.0,BREAK_LONG,TARGET,2024-05-06 05:20:00,2024-05-06 05:25:00,2024-05-06 07:40:00,2311.17
2024-05-07 09:20:00,2024-05-07 09:25:00,2024-05-07 13:24:00,25025.0,124672.0,124911.0,25073.0,-1.0,4.0,2320.0,2324.855099395834,2310.0,1.7008783526868976,0.04,2319.355,2314.7,3.0,-1.0,1.0,-1.0,0.0,1.0,22.000397583335143,10503.266898947739,10521.88689894774,2.130198791667539,0.29,48.0,REV_SHORT,TIME,2024-05-07 13:20:00,2024-05-07 13:25:00,2024-05-07 17:24:00,2319.5
2024-05-07 22:00:00,2024-05-07 22:05:00,2024-05-07 22:36:00,25165.0,125367.0,125398.0,25172.0,-1.0,2.0,2310.0,2311.5513041728154,2300.0,3.324218967786537,0.19,2308.88,2311.5513041728154,1.0,1.0,1.0,1.0,0.0,1.0,50.75477928349119,10521.88689894774,10471.13211966425,1.551304172815463,0.29,7.0,BREAK_SHORT,STOP,2024-05-08 02:00:00,2024-05-08 02:05:00,2024-05-08 02:36:00,2309.025
2024-05-08 18:30:00,2024-05-08 18:35:00,2024-05-08 21:32:00,25399.0,126532.0,126709.0,25435.0,-1.0,4.0,2310.0,2311.445724992301,2300.0,6.040382012028433,0.32,2309.82,2311.445724992301,1.0,1.0,0.0,1.0,0.0,1.0,52.02319975363208,10471.13211966425,10419.108919910617,0.8814499846023224,0.29,36.0,REV_SHORT,STOP,2024-05-08 22:30:00,2024-05-08 22:35:00,2024-05-09 01:32:00,2309.965
2024-05-09 04:00:00,2024-05-09 04:05:00,2024-05-09 05:41:00,25513.0,127102.0,127198.0,25533.0,1.0,3.0,2310.0,2308.3945546431546,2320.0,5.1390006935785255,0.13,2310.285,2308.3945546431546,1.0,-1.0,-1.0,-1.0,0.0,1.0,24.575789638988226,10419.108919910617,10394.53313027163,1.390890713691371,0.29,20.0,REV_LONG,STOP,2024-05-09 08:00:00,2024-05-09 08:05:00,2024-05-09 09:41:00,2310.14
2024-05-13 21:20:00,2024-05-13 21:25:00,2024-05-13 21:57:00,26261.0,130827.0,130859.0,26268.0,-1.0,4.0,2340.0,2341.730210432331,2330.0,3.493971170689968,0.09,2339.12,2341.730210432331,1.0,1.0,-1.0,-1.0,0.0,0.0,23.491893890981828,10394.53313027163,10371.041236380648,1.190420864661709,0.29,7.0,REV_SHORT,STOP,2024-05-14 01:20:00,2024-05-14 01:25:00,2024-05-14 01:57:00,2339.265
2024-05-15 11:35:00,2024-05-15 11:40:00,2024-05-15 13:36:00,26708.0,133057.0,133173.0,26732.0,1.0,1.0,2380.0,2376.3252547029256,2390.0,2.158325573172551,0.11,2380.655,2390.0,2.0,1.0,1.0,1.0,0.0,0.0,47.62719826782086,10371.041236380648,10473.836236380646,3.6747452970745353,0.29,24.0,BREAK_LONG,TARGET,2024-05-15 15:35:00,2024-05-15 15:40:00,2024-05-15 17:36:00,2380.51
2024-05-15 19:30:00,2024-05-15 19:35:00,2024-05-15 22:06:00,26791.0,133467.0,133618.0,26822.0,1.0,1.0,2390.0,2388.854813339616,2400.0,4.489734947956878,0.25,2390.8849999999998,2388.854813339616,1.0,1.0,1.0,1.0,0.0,1.0,50.75466650959015,10473.836236380646,10423.081569871056,1.1451866603838845,0.29,31.0,BREAK_LONG,STOP,2024-05-15 23:30:00,2024-05-15 23:35:00,2024-05-16 02:06:00,2390.74
2024-05-16 00:45:00,2024-05-16 00:50:00,2024-05-16 02:11:00,26854.0,133782.0,133863.0,26871.0,1.0,1.0,2390.0,2388.712104979548,2400.0,3.0707978258083504,0.18,2391.485,2388.712104979548,1.0,1.0,1.0,1.0,0.0,0.0,49.91211036814184,10423.081569871056,10373.169459502915,1.2878950204522972,0.29,17.0,BREAK_LONG,STOP,2024-05-16 04:45:00,2024-05-16 04:50:00,2024-05-16 06:11:00,2391.34
2024-05-19 18:30:00,2024-05-19 18:35:00,2024-05-19 20:34:00,27331.0,136157.0,136276.0,27355.0,-1.0,4.0,2420.0,2423.7359690154194,2410.0,1.4200218461559462,0.04,2418.06,2423.7359690154194,1.0,-1.0,0.0,-1.0,0.0,1.0,22.703876061677875,10373.169459502915,10350.465583441237,2.4519380308382965,0.29,24.0,REV_SHORT,STOP,2024-05-19 22:30:00,2024-05-19 22:35:00,2024-05-20 00:34:00,2418.205
2024-05-20 08:30:00,2024-05-20 08:35:00,2024-05-20 08:42:00,27499.0,136997.0,137004.0,27501.0,1.0,3.0,2420.0,2413.4340055280627,2430.0,1.3866889015564254,0.03,2420.375,2413.4340055280627,1.0,1.0,-1.0,-1.0,1.0,1.0,20.822983415811905,10350.465583441237,10329.642600025425,3.4119889438740643,0.29,2.0,REV_LONG,STOP,2024-05-20 12:30:00,2024-05-20 12:35:00,2024-05-20 12:42:00,2420.23
2024-05-20 15:35:00,2024-05-20 15:40:00,2024-05-20 15:51:00,27584.0,137422.0,137433.0,27587.0,1.0,3.0,2430.0,2428.2054397641004,2440.0,2.14978515309333,0.06,2431.95,2428.2054397641004,1.0,1.0,1.0,-1.0,0.0,0.0,22.467361415396226,10329.642600025425,10307.175238610029,1.959120471799257,0.29,3.0,REV_LONG,STOP,2024-05-20 19:35:00,2024-05-20 19:40:00,2024-05-20 19:51:00,2431.805
2024-05-20 21:05:00,2024-05-20 21:10:00,2024-05-20 21:27:00,27638.0,137687.0,137704.0,27642.0,-1.0,4.0,2430.0,2433.1130471756223,2420.0,1.1972090350064715,0.08,2427.145,2433.1130471756223,1.0,-1.0,1.0,1.0,0.0,1.0,47.74437740497888,10307.175238610029,10259.43086120505,1.8460943512447812,0.29,4.0,REV_SHORT,STOP,2024-05-21 01:05:00,2024-05-21 01:10:00,2024-05-21 01:27:00,2427.29
2024-05-21 07:10:00,2024-05-21 07:15:00,2024-05-21 08:06:00,27759.0,138292.0,138343.0,27770.0,-1.0,4.0,2420.0,2423.975183700878,2410.0,1.8607283894701105,0.05,2419.09,2423.975183700878,1.0,-1.0,1.0,-1.0,0.0,1.0,24.4259185043893,10259.43086120505,10235.00494270066,1.8203674017559295,0.29,11.0,REV_SHORT,STOP,2024-05-21 11:10:00,2024-05-21 11:15:00,2024-05-21 12:06:00,2419.235
2024-05-21 09:25:00,2024-05-21 09:30:00,2024-05-21 11:04:00,27786.0,138427.0,138521.0,27805.0,-1.0,4.0,2430.0,2432.981161503045,2420.0,2.493163979124201,0.13,2429.265,2432.981161503045,1.0,-1.0,-1.0,1.0,1.0,0.0,48.310099539584826,10235.00494270066,10186.694843161074,2.782323006089673,0.29,19.0,REV_SHORT,STOP,2024-05-21 13:25:00,2024-05-21 13:30:00,2024-05-21 15:04:00,2429.41
2024-05-22 07:55:00,2024-05-22 08:00:00,2024-05-22 08:08:00,28044.0,139712.0,139720.0,28046.0,-1.0,2.0,2410.0,2412.061085104158,2400.0,1.9266770278510412,0.12,2407.94,2412.061085104158,1.0,1.0,1.0,1.0,0.0,1.0,49.453021249893936,10186.694843161074,10137.24182191118,2.061085104158046,0.29,2.0,BREAK_SHORT,STOP,2024-05-22 11:55:00,2024-05-22 12:00:00,2024-05-22 12:08:00,2408.085
2024-05-22 13:45:00,2024-05-22 13:50:00,2024-05-22 14:30:00,28114.0,140062.0,140102.0,28123.0,-1.0,2.0,2390.0,2392.2954575146273,2380.0,2.35441277536614,0.13,2388.63,2380.0,2.0,1.0,1.0,1.0,0.0,0.0,47.650947690153316,10137.24182191118,10249.431821911183,2.2954575146273943,0.29,9.0,BREAK_SHORT,TARGET,2024-05-22 17:45:00,2024-05-22 17:50:00,2024-05-22 18:30:00,2388.775
2024-05-22 21:00:00,2024-05-22 21:05:00,2024-05-22 21:12:00,28189.0,140432.0,140439.0,28191.0,1.0,3.0,2380.0,2378.3496807470447,2390.0,2.200356464202373,0.07,2381.99,2378.3496807470447,1.0,-1.0,1.0,-1.0,0.0,1.0,25.482234770685867,10249.431821911183,10223.949587140496,1.2906385059100802,0.29,2.0,REV_LONG,STOP,2024-05-23 01:00:00,2024-05-23 01:05:00,2024-05-23 01:12:00,2381.845
2024-05-22 21:35:00,2024-05-22 21:40:00,2024-05-23 01:39:00,28196.0,140467.0,140706.0,28244.0,1.0,3.0,2370.0,2365.4679180105854,2380.0,1.2128674520645566,0.03,2372.035,2365.4679180105854,1.0,-1.0,-1.0,-1.0,1.0,1.0,19.701245968243256,10223.949587140496,10204.248341172253,2.6841639788290452,0.29,48.0,REV_LONG,STOP,2024-05-23 01:35:00,2024-05-23 01:40:00,2024-05-23 05:39:00,2371.89
2024-05-24 04:50:00,2024-05-24 04:55:00,2024-05-24 05:11:00,28559.0,142277.0,142293.0,28563.0,-1.0,4.0,2340.0,2341.859617740594,2330.0,4.608397921253829,0.24,2339.745,2341.859617740594,1.0,1.0,-1.0,1.0,0.0,1.0,50.750825774255645,10204.248341172253,10153.497515397998,1.4992354811872728,0.29,4.0,REV_SHORT,STOP,2024-05-24 08:50:00,2024-05-24 08:55:00,2024-05-24 09:11:00,2339.89
2024-05-28 09:35:00,2024-05-28 09:40:00,2024-05-28 10:04:00,29168.0,145312.0,145336.0,29173.0,-1.0,4.0,2360.0,2365.5100536703444,2350.0,1.1556550348292352,0.03,2358.315,2350.0,2.0,-1.0,-1.0,-1.0,1.0,1.0,21.58516101103305,10153.497515397998,10178.442515397997,2.6701073406886766,0.29,5.0,REV_SHORT,TARGET,2024-05-28 13:35:00,2024-05-28 13:40:00,2024-05-28 14:04:00,2358.46
2024-05-28 10:10:00,2024-05-28 10:15:00,2024-05-28 11:39:00,29175.0,145347.0,145431.0,29192.0,1.0,3.0,2350.0,2346.5122634892255,2360.0,2.407942007775443,0.12,2350.47,2360.0,2.0,1.0,1.0,1.0,0.0,0.0,47.49283812929207,10178.442515397997,10292.802515398,3.3254730215497457,0.29,17.0,REV_LONG,TARGET,2024-05-28 14:10:00,2024-05-28 14:15:00,2024-05-28 15:39:00,2350.325
2024-05-28 22:35:00,2024-05-28 22:40:00,2024-05-29 02:39:00,29312.0,146027.0,146266.0,29360.0,-1.0,4.0,2360.0,2361.6389775251473,2350.0,2.9805290653051246,0.17,2358.715,2352.625,3.0,-1.0,1.0,1.0,0.0,1.0,49.707617927501815,10292.802515398,10396.332515398002,1.3979550502941471,0.29,48.0,REV_SHORT,TIME,2024-05-29 02:35:00,2024-05-29 02:40:00,2024-05-29 06:39:00,2358.86
2024-05-29 22:55:00,2024-05-29 23:00:00,2024-05-30 01:33:00,29592.0,147422.0,147575.0,29623.0,1.0,3.0,2330.0,2327.5840706935855,2340.0,2.9341595140232557,0.08,2330.74,2327.5840706935855,1.0,-1.0,-1.0,-1.0,1.0,0.0,25.247434451313893,10396.332515398002,10371.085080946688,1.8418586128294683,0.29,31.0,REV_LONG,STOP,2024-05-30 02:55:00,2024-05-30 03:00:00,2024-05-30 05:33:00,2330.595
2024-06-03 10:15:00,2024-06-03 10:20:00,2024-06-03 10:40:00,30280.0,150852.0,150872.0,30285.0,-1.0,4.0,2340.0,2343.7666505083766,2330.0,2.1928957325345846,0.06,2339.455,2343.7666505083766,1.0,-1.0,-1.0,-1.0,1.0,1.0,25.86990305026029,10371.085080946688,10345.215177896429,3.143301016752704,0.29,5.0,REV_SHORT,STOP,2024-06-03 14:15:00,2024-06-03 14:20:00,2024-06-03 14:40:00,2339.6
2024-06-04 05:15:00,2024-06-04 05:20:00,2024-06-04 07:29:00,30496.0,151927.0,152056.0,30522.0,1.0,3.0,2330.0,2325.7395227783527,2340.0,1.7134504860773936,0.09,2330.995,2325.7395227783527,1.0,-1.0,-1.0,1.0,1.0,0.0,47.29929499482478,10345.215177896429,10297.915882901605,2.020954443294998,0.29,26.0,REV_LONG,STOP,2024-06-04 09:15:00,2024-06-04 09:20:00,2024-06-04 11:29:00,2330.85
2024-06-05 02:25:00,2024-06-05 02:30:00,2024-06-05 06:29:00,30738.0,153132.0,153371.0,30786.0,1.0,3.0,2330.0,2327.320722362332,2340.0,1.9525984827926424,0.11,2331.615,2331.45,3.0,-1.0,-1.0,1.0,0.0,0.0,47.23705401434381,10297.915882901605,10296.100882901606,1.648555275335314,0.29,48.0,REV_LONG,TIME,2024-06-05 06:25:00,2024-06-05 06:30:00,2024-06-05 10:29:00,2331.47
2024-06-05 09:05:00,2024-06-05 09:10:00,2024-06-05 10:01:00,30818.0,153532.0,153583.0,30829.0,1.0,1.0,2340.0,2337.720911163954,2350.0,2.9943832110719204,0.16,2340.795,2337.720911163954,1.0,1.0,1.0,1.0,0.0,1.0,49.185421376736485,10296.100882901606,10246.91546152487,2.279088836045906,0.29,11.0,BREAK_LONG,STOP,2024-06-05 13:05:00,2024-06-05 13:10:00,2024-06-05 14:01:00,2340.65
2024-06-06 05:50:00,2024-06-06 05:55:00,2024-06-06 08:13:00,31055.0,154712.0,154850.0,31083.0,1.0,3.0,2360.0,2357.9477840366862,2370.0,2.8113196894634034,0.08,2361.11,2357.9477840366862,1.0,1.0,-1.0,-1.0,0.0,1.0,25.29772770651107,10246.91546152487,10221.617733818359,1.3244319266274156,0.29,28.0,REV_LONG,STOP,2024-06-06 09:50:00,2024-06-06 09:55:00,2024-06-06 12:13:00,2360.965
2024-06-07 08:55:00,2024-06-07 09:00:00,2024-06-07 09:05:00,31368.0,156272.0,156277.0,31370.0,-1.0,2.0,2320.0,2324.489283173458,2310.0,1.8809837652263226,0.05,2319.46,2324.489283173458,1.0,1.0,1.0,-1.0,0.0,1.0,25.14641586728885,10221.617733818359,10196.471317951069,4.489283173457609,0.29,2.0,BREAK_SHORT,STOP,2024-06-07 12:55:00,2024-06-07 13:00:00,2024-06-07 13:05:00,2319.605
2024-06-13 07:50:00,2024-06-13 07:55:00,2024-06-13 08:31:00,32459.0,161707.0,161743.0,32467.0,-1.0,2.0,2310.0,2311.8308620553457,2300.0,1.571444636467524,0.11,2307.23,2311.8308620553457,1.0,1.0,1.0,1.0,0.0,0.0,50.60948260880287,10196.471317951069,10145.861835342266,1.830862055345886,0.29,8.0,BREAK_SHORT,STOP,2024-06-13 11:50:00,2024-06-13 11:55:00,2024-06-13 12:31:00,2307.375
2024-06-14 03:25:00,2024-06-14 03:30:00,2024-06-14 04:10:00,32682.0,162817.0,162857.0,32691.0,1.0,3.0,2310.0,2308.729207336928,2320.0,4.64727632865649,0.12,2310.725,2320.0,2.0,-1.0,1.0,-1.0,0.0,0.0,23.949511956861897,10145.861835342266,10257.161835342267,1.4415853261430545,0.29,9.0,REV_LONG,TARGET,2024-06-14 07:25:00,2024-06-14 07:30:00,2024-06-14 08:10:00,2310.58
2024-06-14 06:00:00,2024-06-14 06:05:00,2024-06-14 06:47:00,32713.0,162972.0,163014.0,32722.0,1.0,1.0,2320.0,2318.3125556076943,2330.0,1.2727410353319528,0.04,2323.455,2330.0,2.0,1.0,1.0,-1.0,0.0,0.0,20.569777569222424,10257.161835342267,10283.341835342268,1.6874443923057256,0.29,9.0,BREAK_LONG,TARGET,2024-06-14 10:00:00,2024-06-14 10:05:00,2024-06-14 10:47:00,2323.31
2024-06-14 10:00:00,2024-06-14 10:05:00,2024-06-14 11:04:00,32761.0,163212.0,163271.0,32773.0,1.0,1.0,2330.0,2327.1925561788767,2340.0,3.3014896638052784,0.08,2330.17,2327.1925561788767,1.0,1.0,1.0,-1.0,0.0,1.0,23.819550568987324,10283.341835342268,10259.52228477328,2.8074438211235324,0.29,12.0,BREAK_LONG,STOP,2024-06-14 14:00:00,2024-06-14 14:05:00,2024-06-14 15:04:00,2330.025
2024-06-17 04:30:00,2024-06-17 04:35:00,2024-06-17 04:54:00,32971.0,164257.0,164276.0,32975.0,-1.0,4.0,2320.0,2322.217769103027,2310.0,2.62247421326917,0.15,2318.845,2322.217769103027,1.0,1.0,1.0,1.0,0.0,1.0,50.5915365454075,10259.52228477328,10208.930748227873,1.535538206053961,0.29,4.0,REV_SHORT,STOP,2024-06-17 08:30:00,2024-06-17 08:35:00,2024-06-17 08:54:00,2318.99
2024-06-17 07:45:00,2024-06-17 07:50:00,2024-06-17 08:31:00,33010.0,164452.0,164493.0,33019.0,1.0,3.0,2320.0,2317.080654215683,2330.0,3.0381211207758985,0.07,2320.28,2317.080654215683,1.0,-1.0,-1.0,-1.0,0.0,0.0,22.395420490221117,10208.930748227873,10186.53532773765,1.2586915686339828,0.29,9.0,REV_LONG,STOP,2024-06-17 11:45:00,2024-06-17 11:50:00,2024-06-17 12:31:00,2320.135
2024-06-18 13:10:00,2024-06-18 13:15:00,2024-06-18 13:28:00,33351.0,166152.0,166165.0,33354.0,-1.0,4.0,2330.0,2332.192344474782,2320.0,2.708873398669502,0.07,2328.905,2332.192344474782,1.0,-1.0,-1.0,-1.0,1.0,0.0,23.011411323474025,10186.53532773765,10163.523916414177,1.8946889495641872,0.29,3.0,REV_SHORT,STOP,2024-06-18 17:10:00,2024-06-18 17:15:00,2024-06-18 17:28:00,2329.05
2024-06-19 03:10:00,2024-06-19 03:15:00,2024-06-19 05:31:00,33507.0,166927.0,167063.0,33535.0,1.0,1.0,2330.0,2329.051519583518,2340.0,6.257953299794574,0.33,2330.56,2329.051519583518,1.0,1.0,1.0,1.0,0.0,1.0,49.779853743910735,10163.523916414177,10113.744062670266,0.9484804164823224,0.29,28.0,BREAK_LONG,STOP,2024-06-19 07:10:00,2024-06-19 07:15:00,2024-06-19 09:31:00,2330.415
2024-06-19 07:40:00,2024-06-19 07:45:00,2024-06-19 07:48:00,33561.0,167197.0,167200.0,33562.0,-1.0,4.0,2330.0,2330.825038653494,2320.0,4.439612258026906,0.12,2328.835,2330.825038653494,1.0,-1.0,1.0,-1.0,0.0,0.0,23.880463841929668,10113.744062670266,10089.863598828337,1.0300773069886286,0.29,1.0,REV_SHORT,STOP,2024-06-19 11:40:00,2024-06-19 11:45:00,2024-06-19 11:48:00,2328.98
2024-06-19 12:15:00,2024-06-19 12:20:00,2024-06-19 12:57:00,33616.0,167472.0,167509.0,33624.0,1.0,1.0,2330.0,2328.9132508095063,2340.0,4.213002661550351,0.23,2331.04,2328.9132508095063,1.0,1.0,1.0,1.0,0.0,0.0,48.915231381354715,10089.863598828337,10040.948367446981,1.086749190493863,0.29,8.0,BREAK_LONG,STOP,2024-06-19 16:15:00,2024-06-19 16:20:00,2024-06-19 16:57:00,2330.895
2024-06-19 18:35:00,2024-06-19 18:40:00,2024-06-19 21:01:00,33680.0,167787.0,167928.0,33709.0,-1.0,4.0,2330.0,2330.8772444307892,2320.0,8.606798792735955,0.22,2329.745,2330.8772444307892,1.0,-1.0,0.0,-1.0,0.0,1.0,24.909377477365524,10040.948367446981,10016.038989969617,0.37448886157841427,0.29,29.0,REV_SHORT,STOP,2024-06-19 22:35:00,2024-06-19 22:40:00,2024-06-20 01:01:00,2329.89
2024-06-25 07:50:00,2024-06-25 07:55:00,2024-06-25 08:32:00,34667.0,172707.0,172744.0,34675.0,1.0,3.0,2330.0,2326.8176785179357,2340.0,2.908975331140391,0.14,2330.19,2326.8176785179357,1.0,-1.0,1.0,1.0,0.0,1.0,47.21250074890032,10016.038989969617,9968.826489220715,1.514642964128136,0.29,8.0,REV_LONG,STOP,2024-06-25 11:50:00,2024-06-25 11:55:00,2024-06-25 12:32:00,2330.045
2024-06-25 11:35:00,2024-06-25 11:40:00,2024-06-25 15:39:00,34712.0,172932.0,173171.0,34760.0,1.0,3.0,2320.0,2314.2759148852847,2330.0,1.5802207909349346,0.04,2320.37,2319.535,3.0,-1.0,-1.0,-1.0,1.0,1.0,24.376340458860795,9968.826489220715,9965.486489220715,2.8081702294300444,0.29,48.0,REV_LONG,TIME,2024-06-25 15:35:00,2024-06-25 15:40:00,2024-06-25 19:39:00,2320.225
2024-06-27 00:15:00,2024-06-27 00:20:00,2024-06-27 02:29:00,35128.0,175002.0,175131.0,35154.0,-1.0,4.0,2300.0,2301.6006371491603,2290.0,4.61600915914736,0.24,2299.535,2301.6006371491603,1.0,1.0,-1.0,1.0,0.0,1.0,49.57529157985118,9965.486489220715,9915.911197640864,0.8312742983203024,0.29,26.0,REV_SHORT,STOP,2024-06-27 04:15:00,2024-06-27 04:20:00,2024-06-27 06:29:00,2299.68
2024-06-27 10:55:00,2024-06-27 11:00:00,2024-06-27 14:59:00,35256.0,175642.0,175881.0,35304.0,-1.0,4.0,2330.0,2332.128354116573,2320.0,2.946292440291924,0.08,2329.055,2326.27,3.0,-1.0,-1.0,-1.0,1.0,0.0,24.58683293258582,9915.911197640864,9938.191197640863,2.606708233146053,0.29,48.0,REV_SHORT,TIME,2024-06-27 14:55:00,2024-06-27 15:00:00,2024-06-27 18:59:00,2329.2
2024-06-28 06:00:00,2024-06-28 06:05:00,2024-06-28 06:15:00,35473.0,176722.0,176732.0,35476.0,-1.0,4.0,2330.0,2331.268822693017,2320.0,5.876169546001073,0.15,2329.63,2331.268822693017,1.0,-1.0,-1.0,-1.0,1.0,0.0,24.582340395249958,9938.191197640863,9913.608857245614,1.1876453860334482,0.29,3.0,REV_SHORT,STOP,2024-06-28 10:00:00,2024-06-28 10:05:00,2024-06-28 10:15:00,2329.775
2024-07-01 15:05:00,2024-07-01 15:10:00,2024-07-01 15:18:00,35858.0,178642.0,178650.0,35860.0,1.0,1.0,2330.0,2328.8853592239298,2340.0,6.081009200014067,0.15,2330.455,2328.8853592239298,1.0,1.0,1.0,-1.0,0.0,1.0,23.544611641052597,9913.608857245614,9890.06424560456,1.1146407760700325,0.29,2.0,BREAK_LONG,STOP,2024-07-01 19:05:00,2024-07-01 19:10:00,2024-07-01 19:18:00,2330.31
2024-07-02 01:55:00,2024-07-02 02:00:00,2024-07-02 02:07:00,35976.0,179227.0,179234.0,35978.0,-1.0,4.0,2330.0,2331.3903981811686,2320.0,5.507318336884404,0.28,2329.64,2331.3903981811686,1.0,-1.0,1.0,1.0,0.0,1.0,49.011149072724955,9890.06424560456,9841.053096531836,1.0007963623374354,0.29,2.0,REV_SHORT,STOP,2024-07-02 05:55:00,2024-07-02 06:00:00,2024-07-02 06:07:00,2329.785
2024-07-02 08:05:00,2024-07-02 08:10:00,2024-07-02 09:36:00,36050.0,179597.0,179683.0,36068.0,1.0,3.0,2320.0,2318.3544149173003,2330.0,2.068192341618189,0.06,2322.15,2330.0,2.0,-1.0,-1.0,-1.0,1.0,0.0,22.77351049619847,9841.053096531836,9888.153096531834,1.4811701653993439,0.29,18.0,REV_LONG,TARGET,2024-07-02 12:05:00,2024-07-02 12:10:00,2024-07-02 13:36:00,2322.005
2024-07-03 08:45:00,2024-07-03 08:50:00,2024-07-03 09:08:00,36334.0,181012.0,181030.0,36338.0,1.0,1.0,2350.0,2347.7085005796466,2360.0,2.338720998406111,0.13,2351.39,2347.7085005796466,1.0,1.0,1.0,1.0,0.0,0.0,47.85949246459222,9888.153096531834,9840.293604067243,2.2914994203534893,0.29,4.0,BREAK_LONG,STOP,2024-07-03 12:45:00,2024-07-03 12:50:00,2024-07-03 13:08:00,2351.245
2024-07-04 10:35:00,2024-07-04 10:40:00,2024-07-04 14:39:00,36632.0,182497.0,182736.0,36680.0,-1.0,4.0,2360.0,2362.4576795930607,2350.0,3.5671345068363256,0.09,2359.73,2357.345,3.0,-1.0,-1.0,-1.0,0.0,1.0,24.54911633754591,9840.293604067243,9861.758604067245,1.0853591861217966,0.29,48.0,REV_SHORT,TIME,2024-07-04 14:35:00,2024-07-04 14:40:00,2024-07-04 18:39:00,2359.875
2024-07-05 09:55:00,2024-07-05 10:00:00,2024-07-05 10:07:00,36900.0,183832.0,183839.0,36902.0,1.0,1.0,2380.0,2376.026347226646,2390.0,1.6446955113751538,0.09,2381.31,2376.026347226646,1.0,1.0,1.0,1.0,0.0,1.0,47.5528749601849,9861.758604067245,9814.20572910706,3.973652773354075,0.29,2.0,BREAK_LONG,STOP,2024-07-05 13:55:00,2024-07-05 14:00:00,2024-07-05 14:07:00,2381.165
2024-07-09 10:15:00,2024-07-09 10:20:00,2024-07-09 10:58:00,37456.0,186602.0,186640.0,37464.0,1.0,3.0,2360.0,2356.6088831598436,2370.0,1.6251343107337335,0.09,2361.71,2356.6088831598436,1.0,-1.0,-1.0,1.0,0.0,0.0,45.910051561408174,9814.20572910706,9768.295677545651,2.8122336803124397,0.29,8.0,REV_LONG,STOP,2024-07-09 14:15:00,2024-07-09 14:20:00,2024-07-09 14:58:00,2361.565
2024-07-10 01:45:00,2024-07-10 01:50:00,2024-07-10 02:47:00,37630.0,187467.0,187524.0,37642.0,-1.0,4.0,2370.0,2370.851221484715,2360.0,4.958210780943918,0.26,2369.03,2370.851221484715,1.0,-1.0,-1.0,1.0,0.0,0.0,47.351758602587324,9768.295677545651,9720.943918943063,0.86244296942992,0.29,12.0,REV_SHORT,STOP,2024-07-10 05:45:00,2024-07-10 05:50:00,2024-07-10 06:47:00,2369.175
2024-07-11 00:40:00,2024-07-11 00:45:00,2024-07-11 02:36:00,37893.0,188777.0,188888.0,37916.0,1.0,1.0,2380.0,2379.1690302680277,2390.0,2.107017720960978,0.13,2382.655,2379.1690302680277,1.0,1.0,1.0,1.0,0.0,0.0,45.31760651564309,9720.943918943063,9675.62631242742,0.8309697319724368,0.29,23.0,BREAK_LONG,STOP,2024-07-11 04:40:00,2024-07-11 04:45:00,2024-07-11 06:36:00,2382.51
2024-07-11 10:20:00,2024-07-11 10:25:00,2024-07-11 10:51:00,38009.0,189357.0,189383.0,38015.0,-1.0,4.0,2410.0,2414.049277250022,2400.0,1.7443868663220277,0.04,2408.93,2414.049277250022,1.0,-1.0,-1.0,-1.0,1.0,1.0,20.477109000088603,9675.62631242742,9655.14920342733,4.168554500043883,0.29,6.0,REV_SHORT,STOP,2024-07-11 14:20:00,2024-07-11 14:25:00,2024-07-11 14:51:00,2409.075
2024-07-15 04:50:00,2024-07-15 04:55:00,2024-07-15 05:31:00,38495.0,191777.0,191813.0,38503.0,1.0,1.0,2410.0,2408.682707599576,2420.0,3.1269459079833233,0.17,2411.425,2408.682707599576,1.0,1.0,1.0,1.0,0.0,1.0,46.618970807208825,9655.14920342733,9608.530232620122,1.3172924004237938,0.29,8.0,BREAK_LONG,STOP,2024-07-15 08:50:00,2024-07-15 08:55:00,2024-07-15 09:31:00,2411.28
2024-07-15 10:20:00,2024-07-15 10:25:00,2024-07-15 10:55:00,38561.0,192107.0,192137.0,38568.0,1.0,1.0,2420.0,2417.698424203044,2430.0,1.7790274833687942,0.1,2422.125,2430.0,2.0,1.0,1.0,1.0,0.0,1.0,44.26575796956058,9608.530232620122,9687.280232620122,2.3015757969562407,0.29,7.0,BREAK_LONG,TARGET,2024-07-15 14:20:00,2024-07-15 14:25:00,2024-07-15 14:55:00,2421.98
2024-07-15 23:10:00,2024-07-15 23:15:00,2024-07-16 01:33:00,38703.0,192812.0,192950.0,38731.0,-1.0,4.0,2430.0,2432.249953977629,2420.0,3.6490200897750285,0.18,2429.6150000000002,2432.249953977629,1.0,-1.0,-1.0,1.0,1.0,1.0,47.4291715973186,9687.280232620122,9639.851061022804,1.389907955258766,0.29,28.0,REV_SHORT,STOP,2024-07-16 03:10:00,2024-07-16 03:15:00,2024-07-16 05:33:00,2429.76
2024-07-16 05:30:00,2024-07-16 05:35:00,2024-07-16 05:37:00,38779.0,193192.0,193194.0,38780.0,-1.0,4.0,2440.0,2441.9867545507423,2430.0,3.1667630447129693,0.08,2439.11,2441.9867545507423,1.0,-1.0,-1.0,-1.0,1.0,1.0,23.014036405937077,9639.851061022804,9616.837024616867,1.5735091014846985,0.29,1.0,REV_SHORT,STOP,2024-07-16 09:30:00,2024-07-16 09:35:00,2024-07-16 09:37:00,2439.255
2024-07-16 20:55:00,2024-07-16 21:00:00,2024-07-16 21:03:00,38952.0,194052.0,194055.0,38953.0,-1.0,4.0,2470.0,2474.0797156800886,2460.0,1.921275157008917,0.04,2469.26,2474.0797156800886,1.0,-1.0,-1.0,-1.0,0.0,1.0,19.278862720353573,9616.837024616867,9597.558161896513,1.4294313601774438,0.29,1.0,REV_SHORT,STOP,2024-07-17 00:55:00,2024-07-17 01:00:00,2024-07-17 01:03:00,2469.405
2024-07-17 19:25:00,2024-07-17 19:30:00,2024-07-17 20:05:00,39210.0,195337.0,195372.0,39218.0,1.0,1.0,2460.0,2459.2371018478048,2470.0,4.920517680926792,0.26,2461.055,2459.2371018478048,1.0,1.0,1.0,1.0,0.0,0.0,47.2653519570722,9597.558161896513,9550.292809939441,0.7628981521952053,0.29,8.0,BREAK_LONG,STOP,2024-07-17 23:25:00,2024-07-17 23:30:00,2024-07-18 00:05:00,2460.91
2024-07-18 20:25:00,2024-07-18 20:30:00,2024-07-18 21:15:00,39498.0,196772.0,196817.0,39508.0,1.0,3.0,2430.0,2425.2345722353507,2440.0,1.5654787738526197,0.04,2430.99,2425.2345722353507,1.0,-1.0,-1.0,-1.0,1.0,1.0,23.02171105859634,9550.292809939441,9527.271098880845,2.110855529298153,0.29,10.0,REV_LONG,STOP,2024-07-19 00:25:00,2024-07-19 00:30:00,2024-07-19 01:15:00,2430.845
2024-07-19 02:20:00,2024-07-19 02:25:00,2024-07-19 02:56:00,39569.0,197127.0,197158.0,39576.0,-1.0,2.0,2420.0,2422.246680146064,2410.0,1.5909686646052712,0.1,2417.52,2422.246680146064,1.0,1.0,1.0,1.0,0.0,0.0,47.26680146064155,9527.271098880845,9480.004297420202,2.2466801460643335,0.29,7.0,BREAK_SHORT,STOP,2024-07-19 06:20:00,2024-07-19 06:25:00,2024-07-19 06:56:00,2417.665
2024-07-19 08:15:00,2024-07-19 08:20:00,2024-07-19 09:07:00,39640.0,197482.0,197529.0,39650.0,-1.0,2.0,2410.0,2412.0484730261496,2400.0,2.7966205878762347,0.14,2408.875,2400.0,2.0,1.0,1.0,1.0,0.0,0.0,44.428622366094714,9480.004297420202,9604.254297420202,2.048473026149654,0.29,10.0,BREAK_SHORT,TARGET,2024-07-19 12:15:00,2024-07-19 12:20:00,2024-07-19 13:07:00,2409.02
2024-07-19 11:00:00,2024-07-19 11:05:00,2024-07-19 15:04:00,39673.0,197647.0,197886.0,39721.0,1.0,3.0,2400.0,2394.678892016808,2410.0,1.4588095768071627,0.03,2400.91,2398.94,3.0,-1.0,-1.0,-1.0,1.0,1.0,18.693323949576097,9604.254297420202,9598.344297420203,2.882215966383809,0.29,48.0,REV_LONG,TIME,2024-07-19 15:00:00,2024-07-19 15:05:00,2024-07-19 19:04:00,2400.765
2024-07-21 18:30:00,2024-07-21 18:35:00,2024-07-21 19:55:00,39751.0,198032.0,198112.0,39768.0,-1.0,4.0,2410.0,2412.162506587796,2400.0,3.0643207394753693,0.16,2409.17,2412.162506587796,1.0,1.0,0.0,1.0,0.0,1.0,47.88010540473624,9598.344297420203,9550.464192015466,1.4950131755918377,0.29,17.0,REV_SHORT,STOP,2024-07-21 22:30:00,2024-07-21 22:35:00,2024-07-21 23:55:00,2409.315
2024-07-21 21:35:00,2024-07-21 21:40:00,2024-07-22 01:39:00,39788.0,198217.0,198456.0,39836.0,-1.0,4.0,2410.0,2413.128232355634,2400.0,2.545073896230701,0.12,2409.425,2404.745,3.0,1.0,-1.0,1.0,0.0,1.0,44.43878826760374,9550.464192015466,9606.62419201547,1.7464647112672238,0.29,48.0,REV_SHORT,TIME,2024-07-22 01:35:00,2024-07-22 01:40:00,2024-07-22 05:39:00,2409.57
2024-07-22 02:20:00,2024-07-22 02:25:00,2024-07-22 06:24:00,39845.0,198502.0,198741.0,39893.0,1.0,3.0,2400.0,2398.0911447945896,2410.0,1.5644329288164263,0.05,2402.735,2403.985,3.0,-1.0,-1.0,-1.0,0.0,0.0,23.21927602705273,9606.62419201547,9612.87419201547,1.8777104108208191,0.29,48.0,REV_LONG,TIME,2024-07-22 06:20:00,2024-07-22 06:25:00,2024-07-22 10:24:00,2402.59
2024-07-22 21:05:00,2024-07-22 21:10:00,2024-07-22 21:22:00,40058.0,199562.0,199574.0,40061.0,-1.0,4.0,2400.0,2401.2957456124686,2390.0,3.2373681718296075,0.09,2398.63,2401.2957456124686,1.0,1.0,-1.0,-1.0,0.0,0.0,23.99171051221674,9612.87419201547,9588.882481503253,1.061491224937405,0.29,3.0,REV_SHORT,STOP,2024-07-23 01:05:00,2024-07-23 01:10:00,2024-07-23 01:22:00,2398.775
2024-07-22 23:15:00,2024-07-22 23:20:00,2024-07-23 02:16:00,40084.0,199692.0,199868.0,40120.0,-1.0,2.0,2400.0,2401.583922012698,2390.0,1.2629612219062913,0.04,2396.465,2390.0,2.0,1.0,1.0,-1.0,0.0,0.0,20.475688050792087,9588.882481503253,9614.742481503254,1.5839220126983449,0.29,36.0,BREAK_SHORT,TARGET,2024-07-23 03:15:00,2024-07-23 03:20:00,2024-07-23 06:16:00,2396.61
2024-07-23 07:30:00,2024-07-23 07:35:00,2024-07-23 09:54:00,40183.0,200187.0,200326.0,40211.0,-1.0,4.0,2410.0,2412.860124795698,2400.0,2.0801773419919147,0.11,2408.685,2400.0,2.0,-1.0,-1.0,1.0,1.0,0.0,45.92637275267953,9614.742481503254,9710.277481503254,1.5602495913967103,0.29,28.0,REV_SHORT,TARGET,2024-07-23 11:30:00,2024-07-23 11:35:00,2024-07-23 13:54:00,2408.83
2024-07-23 21:20:00,2024-07-23 21:25:00,2024-07-23 22:18:00,40337.0,200952.0,201005.0,40348.0,-1.0,4.0,2410.0,2412.816300154553,2400.0,1.4267320128554941,0.09,2407.535,2412.816300154553,1.0,-1.0,1.0,1.0,0.0,0.0,47.53170139097938,9710.277481503254,9662.745780112275,1.1426003091061199,0.29,11.0,REV_SHORT,STOP,2024-07-24 01:20:00,2024-07-24 01:25:00,2024-07-24 02:18:00,2407.68
2024-07-24 11:05:00,2024-07-24 11:10:00,2024-07-24 12:14:00,40502.0,201777.0,201841.0,40515.0,-1.0,4.0,2430.0,2432.962001054637,2420.0,1.1759272720872849,0.04,2427.005,2420.0,2.0,-1.0,-1.0,-1.0,1.0,0.0,23.828004218546994,9662.745780112275,9690.765780112275,3.114002109272998,0.29,13.0,REV_SHORT,TARGET,2024-07-24 15:05:00,2024-07-24 15:10:00,2024-07-24 16:14:00,2427.15
2024-07-25 07:50:00,2024-07-25 07:55:00,2024-07-25 08:01:00,40739.0,202957.0,202963.0,40741.0,1.0,3.0,2370.0,2367.6111139099567,2380.0,2.3046845896295634,0.12,2371.36,2367.6111139099567,1.0,-1.0,-1.0,1.0,1.0,0.0,44.98663308052164,9690.765780112275,9645.779147031753,2.1677721800870207,0.29,2.0,REV_LONG,STOP,2024-07-25 11:50:00,2024-07-25 11:55:00,2024-07-25 12:01:00,2371.215
2024-07-28 18:25:00,2024-07-28 18:30:00,2024-07-28 21:53:00,41130.0,204902.0,205105.0,41171.0,-1.0,4.0,2400.0,2404.4411565188366,2390.0,1.3157142504708206,0.03,2398.205,2390.0,2.0,-1.0,0.0,-1.0,0.0,0.0,18.70846955650995,9645.779147031753,9670.394147031753,2.332313037672585,0.29,41.0,REV_SHORT,TARGET,2024-07-28 22:25:00,2024-07-28 22:30:00,2024-07-29 01:53:00,2398.35
2024-07-31 05:00:00,2024-07-31 05:05:00,2024-07-31 05:37:00,41809.0,208287.0,208319.0,41816.0,1.0,1.0,2420.0,2418.20397992953,2430.0,3.6883648540477547,0.19,2420.72,2418.20397992953,1.0,1.0,1.0,1.0,0.0,1.0,47.80438133892903,9670.394147031753,9622.589765692825,1.796020070469982,0.29,7.0,BREAK_LONG,STOP,2024-07-31 09:00:00,2024-07-31 09:05:00,2024-07-31 09:37:00,2420.575
2024-07-31 22:55:00,2024-07-31 23:00:00,2024-08-01 02:59:00,42012.0,209297.0,209536.0,42060.0,1.0,3.0,2440.0,2436.014549921987,2450.0,1.636053468106602,0.09,2441.32,2444.655,3.0,1.0,-1.0,1.0,1.0,0.0,47.749050702117984,9622.589765692825,9652.604765692824,2.610900156026634,0.29,48.0,REV_LONG,TIME,2024-08-01 02:55:00,2024-08-01 03:00:00,2024-08-01 06:59:00,2441.175
2024-08-05 00:05:00,2024-08-05 00:10:00,2024-08-05 01:11:00,42578.0,212117.0,212178.0,42591.0,1.0,1.0,2450.0,2446.9518304751573,2460.0,1.505327344396897,0.09,2452.16,2446.9518304751573,1.0,1.0,1.0,1.0,0.0,0.0,46.87352572358304,9652.604765692824,9605.731239969242,3.048169524842628,0.29,13.0,BREAK_LONG,STOP,2024-08-05 04:05:00,2024-08-05 04:10:00,2024-08-05 05:11:00,2452.015
2024-08-06 10:35:00,2024-08-06 10:40:00,2024-08-06 11:09:00,42980.0,214122.0,214151.0,42986.0,1.0,3.0,2390.0,2384.279124613043,2400.0,1.3373723838897387,0.07,2391.005,2384.279124613043,1.0,-1.0,-1.0,1.0,1.0,0.0,47.08112770869821,9605.731239969242,9558.650112260544,4.041750773914014,0.29,6.0,REV_LONG,STOP,2024-08-06 14:35:00,2024-08-06 14:40:00,2024-08-06 15:09:00,2390.86
2024-08-06 13:05:00,2024-08-06 13:10:00,2024-08-06 13:57:00,43010.0,214272.0,214319.0,43020.0,-1.0,4.0,2390.0,2393.1104654370015,2380.0,2.5144315524177214,0.06,2389.38,2393.1104654370015,1.0,1.0,1.0,-1.0,1.0,1.0,22.38279262200831,9558.650112260544,9536.267319638537,2.850930874003206,0.29,10.0,REV_SHORT,STOP,2024-08-06 17:05:00,2024-08-06 17:10:00,2024-08-06 17:57:00,2389.525
2024-08-06 18:15:00,2024-08-06 18:20:00,2024-08-06 21:21:00,43060.0,214517.0,214698.0,43097.0,-1.0,4.0,2390.0,2391.3090901326163,2380.0,3.2133794223939143,0.08,2388.625,2380.0,2.0,1.0,0.0,-1.0,0.0,1.0,21.47272106093078,9536.267319638537,9605.267319638537,1.2381802652324583,0.29,37.0,REV_SHORT,TARGET,2024-08-06 22:15:00,2024-08-06 22:20:00,2024-08-07 01:21:00,2388.77
2024-08-07 04:00:00,2024-08-07 04:05:00,2024-08-07 07:57:00,43177.0,215102.0,215334.0,43224.0,1.0,3.0,2390.0,2387.1604540193,2400.0,2.9451112557143344,0.07,2390.415,2400.0,2.0,-1.0,1.0,-1.0,0.0,1.0,22.781821864901307,9605.267319638537,9672.362319638538,1.8890919614004626,0.29,47.0,REV_LONG,TARGET,2024-08-07 08:00:00,2024-08-07 08:05:00,2024-08-07 11:57:00,2390.27
2024-08-08 23:50:00,2024-08-08 23:55:00,2024-08-09 01:46:00,43679.0,217602.0,217713.0,43702.0,1.0,3.0,2420.0,2418.610354278336,2430.0,3.180229976728336,0.08,2421.335,2418.610354278336,1.0,1.0,-1.0,-1.0,0.0,0.0,21.797165773310553,9672.362319638538,9650.565153865227,1.5692914433278984,0.29,23.0,REV_LONG,STOP,2024-08-09 03:50:00,2024-08-09 03:55:00,2024-08-09 05:46:00,2421.19
2024-08-09 07:00:00,2024-08-09 07:05:00,2024-08-09 07:32:00,43765.0,218032.0,218059.0,43771.0,1.0,1.0,2430.0,2428.4512303799543,2440.0,1.9583635163158866,0.06,2432.355,2428.4512303799543,1.0,1.0,1.0,-1.0,0.0,1.0,23.422617720274502,9650.565153865227,9627.142536144953,1.548769620045589,0.29,6.0,BREAK_LONG,STOP,2024-08-09 11:00:00,2024-08-09 11:05:00,2024-08-09 11:32:00,2432.21
2024-08-11 18:50:00,2024-08-11 18:55:00,2024-08-11 19:13:00,43895.0,218677.0,218695.0,43899.0,1.0,3.0,2430.0,2428.9665627825516,2440.0,6.1952324437563675,0.31,2430.5,2428.9665627825516,1.0,1.0,0.0,1.0,0.0,0.0,47.53655374090067,9627.142536144953,9579.605982404053,1.206874434897432,0.29,4.0,REV_LONG,STOP,2024-08-11 22:50:00,2024-08-11 22:55:00,2024-08-11 23:13:00,2430.355
2024-08-13 04:50:00,2024-08-13 04:55:00,2024-08-13 08:31:00,44291.0,220652.0,220868.0,44335.0,1.0,3.0,2460.0,2458.2174327464327,2470.0,2.9704465802429936,0.16,2461.185,2470.0,2.0,1.0,-1.0,1.0,0.0,0.0,47.48107605707628,9579.605982404053,9720.645982404054,1.565134507134516,0.29,44.0,REV_LONG,TARGET,2024-08-13 08:50:00,2024-08-13 08:55:00,2024-08-13 12:31:00,2461.04
2024-08-13 21:35:00,2024-08-13 21:40:00,2024-08-13 22:32:00,44480.0,221592.0,221644.0,44491.0,-1.0,4.0,2470.0,2473.37143060863,2460.0,2.1231221128933053,0.05,2469.09,2460.0,2.0,-1.0,-1.0,-1.0,0.0,1.0,21.40715304314881,9720.645982404054,9766.095982404055,1.4228612172599922,0.29,11.0,REV_SHORT,TARGET,2024-08-14 01:35:00,2024-08-14 01:40:00,2024-08-14 02:32:00,2469.235
2024-08-14 10:50:00,2024-08-14 10:55:00,2024-08-14 11:33:00,44639.0,222387.0,222425.0,44647.0,1.0,3.0,2450.0,2445.7355804795743,2460.0,1.9475476263672697,0.1,2450.575,2445.7355804795743,1.0,-1.0,-1.0,1.0,1.0,0.0,48.394195204255084,9766.095982404055,9717.7017871998,4.208839040851377,0.29,8.0,REV_LONG,STOP,2024-08-14 14:50:00,2024-08-14 14:55:00,2024-08-14 15:33:00,2450.43
2024-08-19 09:05:00,2024-08-19 09:10:00,2024-08-19 09:38:00,45446.0,226407.0,226435.0,45452.0,1.0,3.0,2490.0,2486.3832915408143,2500.0,2.086493267893488,0.11,2490.795,2486.3832915408143,1.0,1.0,-1.0,1.0,1.0,0.0,48.52879305104352,9717.7017871998,9669.172994148756,2.2634169183712434,0.29,6.0,REV_LONG,STOP,2024-08-19 13:05:00,2024-08-19 13:10:00,2024-08-19 13:38:00,2490.65
2024-08-21 21:55:00,2024-08-21 22:00:00,2024-08-22 00:39:00,46140.0,229862.0,230021.0,46172.0,-1.0,2.0,2510.0,2511.2726598218783,2500.0,2.3275654624698565,0.07,2507.885,2500.0,2.0,1.0,1.0,-1.0,0.0,0.0,23.713618753146424,9669.172994148756,9724.367994148757,1.2726598218782113,0.29,32.0,BREAK_SHORT,TARGET,2024-08-22 01:55:00,2024-08-22 02:00:00,2024-08-22 04:39:00,2508.03
2024-08-22 02:30:00,2024-08-22 02:35:00,2024-08-22 06:34:00,46195.0,230137.0,230376.0,46243.0,-1.0,4.0,2510.0,2511.479436870193,2500.0,3.03575027116547,0.08,2508.635,2508.84,3.0,-1.0,-1.0,-1.0,0.0,0.0,22.755494961540535,9724.367994148757,9722.727994148758,1.6388737403862856,0.29,48.0,REV_SHORT,TIME,2024-08-22 06:30:00,2024-08-22 06:35:00,2024-08-22 10:34:00,2508.78
2024-08-23 13:15:00,2024-08-23 13:20:00,2024-08-23 16:58:00,46600.0,232157.0,232375.0,46644.0,1.0,1.0,2510.0,2507.2356796244635,2520.0,2.3552169942407883,0.12,2511.04,2512.35,4.0,1.0,1.0,1.0,0.0,0.0,45.651844506437556,9722.727994148758,9738.447994148757,2.764320375536338,0.29,44.0,BREAK_LONG,SESSION,2024-08-23 17:15:00,2024-08-23 17:20:00,2024-08-23 20:58:00,2510.895
2024-08-26 03:40:00,2024-08-26 03:45:00,2024-08-26 04:02:00,46761.0,232957.0,232974.0,46765.0,-1.0,4.0,2520.0,2522.648332924517,2510.0,3.3489976054300583,0.08,2519.7400000000002,2522.648332924517,1.0,-1.0,-1.0,-1.0,1.0,1.0,23.26666339613439,9738.447994148757,9715.181330752623,1.5566658490339298,0.29,4.0,REV_SHORT,STOP,2024-08-26 07:40:00,2024-08-26 07:45:00,2024-08-26 08:02:00,2519.885
2024-08-26 13:15:00,2024-08-26 13:20:00,2024-08-26 13:34:00,46876.0,233532.0,233546.0,46879.0,1.0,1.0,2520.0,2518.181767414056,2530.0,3.029081308648348,0.16,2521.115,2518.181767414056,1.0,1.0,1.0,1.0,0.0,0.0,46.93172137509828,9715.181330752623,9668.249609377524,1.81823258594397,0.29,3.0,BREAK_LONG,STOP,2024-08-26 17:15:00,2024-08-26 17:20:00,2024-08-26 17:34:00,2520.97
2024-08-26 15:20:00,2024-08-26 15:25:00,2024-08-26 16:58:00,46901.0,233657.0,233750.0,46920.0,-1.0,4.0,2520.0,2521.6391946144386,2510.0,5.177278358216338,0.12,2519.755,2518.3849999999998,4.0,-1.0,-1.0,-1.0,0.0,0.0,22.610335373261478,9668.249609377524,9684.689609377529,1.3283892288771881,0.29,19.0,REV_SHORT,SESSION,2024-08-26 19:20:00,2024-08-26 19:25:00,2024-08-26 20:58:00,2519.9
2024-08-27 01:35:00,2024-08-27 01:40:00,2024-08-27 03:36:00,47012.0,234207.0,234323.0,47036.0,1.0,1.0,2510.0,2508.844421469636,2520.0,2.447784816741641,0.14,2512.08,2508.844421469636,1.0,1.0,1.0,1.0,0.0,1.0,45.29809942509474,9684.689609377529,9639.391509952433,1.1555785303639514,0.29,24.0,BREAK_LONG,STOP,2024-08-27 05:35:00,2024-08-27 05:40:00,2024-08-27 07:36:00,2511.935
2024-08-27 08:45:00,2024-08-27 08:50:00,2024-08-27 08:56:00,47098.0,234637.0,234643.0,47100.0,-1.0,2.0,2510.0,2511.6301667696375,2500.0,2.3322667761360014,0.06,2508.14,2511.6301667696375,1.0,1.0,1.0,-1.0,0.0,1.0,20.94100061782592,9639.391509952433,9618.450509334607,1.6301667696376378,0.29,2.0,BREAK_SHORT,STOP,2024-08-27 12:45:00,2024-08-27 12:50:00,2024-08-27 12:56:00,2508.285
2024-08-28 03:10:00,2024-08-28 03:15:00,2024-08-28 07:14:00,47307.0,235677.0,235916.0,47355.0,-1.0,4.0,2510.0,2511.9963181308094,2500.0,3.163482679172377,0.16,2509.1150000000002,2504.03,3.0,1.0,1.0,1.0,1.0,1.0,46.10109009294683,9618.450509334607,9699.810509334608,1.8426362616194927,0.29,48.0,REV_SHORT,TIME,2024-08-28 07:10:00,2024-08-28 07:15:00,2024-08-28 11:14:00,2509.26
2024-08-28 08:25:00,2024-08-28 08:30:00,2024-08-28 09:03:00,47370.0,235992.0,236025.0,47377.0,-1.0,2.0,2500.0,2501.785467321156,2490.0,2.8134903548335806,0.15,2498.695,2501.785467321156,1.0,1.0,1.0,1.0,0.0,1.0,46.35700981733635,9699.810509334608,9653.45349951727,1.785467321155715,0.29,7.0,BREAK_SHORT,STOP,2024-08-28 12:25:00,2024-08-28 12:30:00,2024-08-28 13:03:00,2498.84
2024-08-29 19:20:00,2024-08-29 19:25:00,2024-08-29 19:36:00,47765.0,237957.0,237968.0,47768.0,1.0,3.0,2520.0,2519.485760812346,2530.0,6.763945456243896,0.17,2520.84,2519.485760812346,1.0,1.0,-1.0,-1.0,0.0,0.0,23.02206619011804,9653.45349951727,9630.431433327152,0.5984783753075605,0.29,3.0,REV_LONG,STOP,2024-08-29 23:20:00,2024-08-29 23:25:00,2024-08-29 23:36:00,2520.695
2024-09-02 04:15:00,2024-09-02 04:20:00,2024-09-02 04:39:00,48148.0,239867.0,239886.0,48152.0,-1.0,4.0,2500.0,2502.247653774615,2490.0,1.635233683177916,0.1,2497.6,2502.247653774615,1.0,1.0,1.0,1.0,0.0,1.0,46.476537746152644,9630.431433327152,9583.954895580999,1.7853075492307038,0.29,4.0,REV_SHORT,STOP,2024-09-02 08:15:00,2024-09-02 08:20:00,2024-09-02 08:39:00,2497.745
2024-09-05 08:45:00,2024-09-05 08:50:00,2024-09-05 08:55:00,49030.0,244262.0,244267.0,49032.0,1.0,1.0,2520.0,2517.5065994730166,2530.0,3.570643930025248,0.17,2520.24,2517.5065994730166,1.0,1.0,1.0,1.0,0.0,1.0,46.46780895871325,9583.954895580999,9537.487086622285,2.493400526983348,0.29,2.0,BREAK_LONG,STOP,2024-09-05 12:45:00,2024-09-05 12:50:00,2024-09-05 12:55:00,2520.095
2024-09-05 12:40:00,2024-09-05 12:45:00,2024-09-05 12:54:00,49077.0,244497.0,244506.0,49079.0,-1.0,4.0,2510.0,2511.810182930688,2500.0,4.331470718320834,0.1,2509.595,2511.810182930688,1.0,-1.0,-1.0,-1.0,0.0,0.0,22.151829306881154,9537.487086622285,9515.335257315404,2.1003658613757556,0.29,2.0,REV_SHORT,STOP,2024-09-05 16:40:00,2024-09-05 16:45:00,2024-09-05 16:54:00,2509.74
2024-09-06 01:30:00,2024-09-06 01:35:00,2024-09-06 01:57:00,49219.0,245202.0,245224.0,49224.0,1.0,1.0,2520.0,2519.2169253873594,2530.0,7.816366966655984,0.38,2520.44,2519.2169253873594,1.0,1.0,1.0,1.0,0.0,0.0,46.47683528034395,9515.335257315404,9468.85842203506,0.7830746126404183,0.29,5.0,BREAK_LONG,STOP,2024-09-06 05:30:00,2024-09-06 05:35:00,2024-09-06 05:57:00,2520.295
2024-09-10 09:00:00,2024-09-10 09:05:00,2024-09-10 09:43:00,49861.0,248402.0,248440.0,49869.0,1.0,1.0,2510.0,2508.370632646838,2520.0,1.456371989257479,0.05,2513.105,2508.370632646838,1.0,1.0,1.0,-1.0,0.0,1.0,23.671836765809076,9468.85842203506,9445.186585269252,1.6293673531617732,0.29,8.0,BREAK_LONG,STOP,2024-09-10 13:00:00,2024-09-10 13:05:00,2024-09-10 13:43:00,2512.96
2024-09-10 21:50:00,2024-09-10 21:55:00,2024-09-11 01:54:00,50003.0,249107.0,249346.0,50051.0,-1.0,4.0,2520.0,2523.3337466295557,2510.0,2.1568528605037836,0.11,2519.11,2520.785,3.0,-1.0,-1.0,1.0,0.0,1.0,46.461212925110885,9445.186585269252,9426.761585269254,1.4374932591117562,0.29,48.0,REV_SHORT,TIME,2024-09-11 01:50:00,2024-09-11 01:55:00,2024-09-11 05:54:00,2519.255
2024-09-13 04:05:00,2024-09-13 04:10:00,2024-09-13 05:27:00,50630.0,252232.0,252309.0,50646.0,-1.0,4.0,2570.0,2572.1665354819165,2560.0,3.013324453727221,0.07,2569.135,2572.1665354819165,1.0,-1.0,-1.0,-1.0,0.0,1.0,21.220748373414157,9426.761585269254,9405.54083689584,2.163070963833078,0.29,16.0,REV_SHORT,STOP,2024-09-13 08:05:00,2024-09-13 08:10:00,2024-09-13 09:27:00,2569.28
2024-09-13 15:20:00,2024-09-13 15:25:00,2024-09-13 16:56:00,50765.0,252907.0,252998.0,50784.0,1.0,3.0,2580.0,2577.9235631357456,2590.0,2.458873046765886,0.13,2581.415,2577.9235631357456,1.0,1.0,1.0,1.0,1.0,1.0,45.388679235307336,9405.54083689584,9360.152157660532,1.5328737285093108,0.29,19.0,REV_LONG,STOP,2024-09-13 19:20:00,2024-09-13 19:25:00,2024-09-13 20:56:00,2581.27
2024-09-17 08:00:00,2024-09-17 08:05:00,2024-09-17 08:37:00,51229.0,255217.0,255249.0,51236.0,-1.0,4.0,2580.0,2582.150369538771,2570.0,3.1820392816227696,0.08,2579.245,2570.0,2.0,-1.0,1.0,-1.0,0.0,1.0,23.242956310168665,9360.152157660532,9434.112157660531,1.830739077542082,0.29,7.0,REV_SHORT,TARGET,2024-09-17 12:00:00,2024-09-17 12:05:00,2024-09-17 12:37:00,2579.39
2024-09-18 04:25:00,2024-09-18 04:30:00,2024-09-18 05:05:00,51462.0,256377.0,256412.0,51470.0,1.0,3.0,2570.0,2568.1129108801683,2580.0,4.668375753523299,0.22,2570.21,2568.1129108801683,1.0,-1.0,-1.0,1.0,0.0,0.0,46.13596063629757,9434.112157660531,9387.976197024233,1.194178239663496,0.29,8.0,REV_LONG,STOP,2024-09-18 08:25:00,2024-09-18 08:30:00,2024-09-18 09:05:00,2570.065
2024-09-18 16:00:00,2024-09-18 16:05:00,2024-09-18 16:21:00,51601.0,257072.0,257088.0,51605.0,1.0,3.0,2550.0,2543.344016216943,2560.0,1.182678440496552,0.03,2550.975,2560.0,2.0,-1.0,-1.0,-1.0,1.0,1.0,22.89295134917029,9387.976197024233,9415.051197024233,7.031967566113991,0.29,4.0,REV_LONG,TARGET,2024-09-18 20:00:00,2024-09-18 20:05:00,2024-09-18 20:21:00,2550.83
2024-09-19 10:45:00,2024-09-19 10:50:00,2024-09-19 12:09:00,51814.0,258132.0,258211.0,51830.0,1.0,1.0,2580.0,2576.6263668625284,2590.0,2.1220304606583675,0.05,2580.91,2590.0,2.0,1.0,1.0,-1.0,0.0,0.0,21.418165687357487,9415.051197024233,9460.501197024234,3.3736331374714172,0.29,16.0,BREAK_LONG,TARGET,2024-09-19 14:45:00,2024-09-19 14:50:00,2024-09-19 16:09:00,2580.765
2024-09-20 07:00:00,2024-09-20 07:05:00,2024-09-20 09:33:00,52045.0,259282.0,259430.0,52075.0,1.0,1.0,2610.0,2608.2070089737645,2620.0,1.2030657194149965,0.04,2613.56,2608.2070089737645,1.0,1.0,1.0,-1.0,0.0,0.0,21.411964104941944,9460.501197024234,9439.089232919292,1.7929910262354447,0.29,30.0,BREAK_LONG,STOP,2024-09-20 11:00:00,2024-09-20 11:05:00,2024-09-20 13:33:00,2613.415
2024-09-20 11:55:00,2024-09-20 12:00:00,2024-09-20 15:59:00,52104.0,259577.0,259816.0,52152.0,1.0,1.0,2620.0,2616.6433541844394,2630.0,1.1890234568349278,0.03,2622.745,2621.405,3.0,1.0,1.0,-1.0,0.0,1.0,18.304937446681375,9439.089232919292,9435.069232919293,3.3566458155605563,0.29,48.0,BREAK_LONG,TIME,2024-09-20 15:55:00,2024-09-20 16:00:00,2024-09-20 19:59:00,2622.6
2024-09-23 00:20:00,2024-09-23 00:25:00,2024-09-23 03:16:00,52241.0,260257.0,260428.0,52276.0,-1.0,4.0,2630.0,2631.8217109982547,2620.0,4.0483219351429,0.2,2629.48,2620.0,2.0,-1.0,-1.0,1.0,1.0,0.0,46.834219965094235,9435.069232919293,9624.669232919294,1.3534219965099483,0.29,35.0,REV_SHORT,TARGET,2024-09-23 04:20:00,2024-09-23 04:25:00,2024-09-23 07:16:00,2629.625
2024-09-23 10:00:00,2024-09-23 10:05:00,2024-09-23 14:04:00,52357.0,260837.0,261076.0,52405.0,-1.0,4.0,2630.0,2635.680629862053,2620.0,1.57454979488239,0.07,2629.59,2627.195,3.0,-1.0,-1.0,1.0,1.0,1.0,42.634409034370954,9624.669232919294,9641.434232919293,2.6212597241065962,0.29,48.0,REV_SHORT,TIME,2024-09-23 14:00:00,2024-09-23 14:05:00,2024-09-23 18:04:00,2629.735
2024-09-24 06:15:00,2024-09-24 06:20:00,2024-09-24 07:36:00,52588.0,261987.0,262063.0,52604.0,1.0,1.0,2630.0,2628.5033798899467,2640.0,1.5825699017061434,0.1,2632.955,2628.5033798899467,1.0,1.0,1.0,1.0,0.0,0.0,44.51620110053227,9641.434232919293,9596.918031818761,1.496620110053249,0.29,16.0,BREAK_LONG,STOP,2024-09-24 10:15:00,2024-09-24 10:20:00,2024-09-24 11:36:00,2632.81
2024-09-24 22:10:00,2024-09-24 22:15:00,2024-09-24 23:00:00,52767.0,262877.0,262922.0,52777.0,1.0,1.0,2660.0,2658.097606581027,2670.0,2.019078045760684,0.12,2662.04,2670.0,2.0,1.0,1.0,1.0,0.0,1.0,47.308721027677166,9596.918031818761,9692.438031818761,1.9023934189731073,0.29,10.0,BREAK_LONG,TARGET,2024-09-25 02:10:00,2024-09-25 02:15:00,2024-09-25 03:00:00,2661.895
2024-09-25 09:15:00,2024-09-25 09:20:00,2024-09-25 10:52:00,52900.0,263542.0,263634.0,52919.0,1.0,1.0,2660.0,2657.986671253439,2670.0,1.1497176152985327,0.08,2663.575,2657.986671253439,1.0,1.0,1.0,1.0,0.0,0.0,44.70662997248655,9692.438031818761,9647.731401846275,2.013328746560797,0.29,19.0,BREAK_LONG,STOP,2024-09-25 13:15:00,2024-09-25 13:20:00,2024-09-25 14:52:00,2663.43
2024-09-25 23:30:00,2024-09-25 23:35:00,2024-09-26 02:14:00,53059.0,264332.0,264491.0,53091.0,1.0,1.0,2660.0,2658.650242808705,2670.0,2.35319686164942,0.07,2662.035,2658.650242808705,1.0,1.0,1.0,-1.0,0.0,0.0,23.69330033906317,9647.731401846275,9624.038101507213,1.3497571912949418,0.29,32.0,BREAK_LONG,STOP,2024-09-26 03:30:00,2024-09-26 03:35:00,2024-09-26 06:14:00,2661.89
2024-09-26 04:40:00,2024-09-26 04:45:00,2024-09-26 06:21:00,53121.0,264642.0,264738.0,53141.0,-1.0,4.0,2670.0,2671.4418289087553,2660.0,4.74438339480891,0.24,2669.45,2671.4418289087553,1.0,-1.0,-1.0,1.0,1.0,0.0,47.80389381013082,9624.038101507213,9576.234207697082,1.7536578175105813,0.29,20.0,REV_SHORT,STOP,2024-09-26 08:40:00,2024-09-26 08:45:00,2024-09-26 10:21:00,2669.595
2024-09-27 08:55:00,2024-09-27 09:00:00,2024-09-27 09:05:00,53448.0,266272.0,266277.0,53450.0,1.0,1.0,2670.0,2667.70691446638,2680.0,2.0747430064333394,0.11,2671.705,2667.70691446638,1.0,1.0,1.0,1.0,0.0,1.0,43.97894086981796,9576.234207697082,9532.255266827264,2.293085533619851,0.29,2.0,BREAK_LONG,STOP,2024-09-27 12:55:00,2024-09-27 13:00:00,2024-09-27 13:05:00,2671.56
2024-09-30 05:20:00,2024-09-30 05:25:00,2024-09-30 06:18:00,53681.0,267432.0,267485.0,53692.0,1.0,3.0,2650.0,2647.4842186855203,2660.0,2.786028210535061,0.14,2650.79,2647.4842186855203,1.0,-1.0,-1.0,1.0,0.0,1.0,46.280938402715044,9532.255266827264,9485.974328424549,1.8115626289594084,0.29,11.0,REV_LONG,STOP,2024-09-30 09:20:00,2024-09-30 09:25:00,2024-09-30 10:18:00,2650.645
2024-09-30 06:55:00,2024-09-30 07:00:00,2024-09-30 07:37:00,53700.0,267527.0,267564.0,53708.0,-1.0,2.0,2640.0,2641.990890232642,2630.0,1.5837478655071575,0.05,2637.35,2641.990890232642,1.0,1.0,1.0,-1.0,0.0,1.0,23.20445116321025,9485.974328424549,9462.769877261338,1.990890232642165,0.29,8.0,BREAK_SHORT,STOP,2024-09-30 10:55:00,2024-09-30 11:00:00,2024-09-30 11:37:00,2637.495
2024-09-30 14:30:00,2024-09-30 14:35:00,2024-09-30 14:56:00,53791.0,267982.0,268003.0,53796.0,-1.0,2.0,2630.0,2632.713835332838,2620.0,2.0207490498959046,0.11,2628.505,2632.713835332838,1.0,1.0,1.0,1.0,0.0,1.0,46.29718866121448,9462.769877261338,9416.472688600124,2.713835332837895,0.29,5.0,BREAK_SHORT,STOP,2024-09-30 18:30:00,2024-09-30 18:35:00,2024-09-30 18:56:00,2628.65
2024-10-01 00:45:00,2024-10-01 00:50:00,2024-10-01 01:10:00,53902.0,268532.0,268552.0,53907.0,-1.0,4.0,2640.0,2641.0510392669426,2630.0,4.234880961237692,0.22,2638.94,2641.0510392669426,1.0,1.0,-1.0,1.0,0.0,0.0,46.44286387273496,9416.472688600124,9370.02982472739,1.052078533884894,0.29,5.0,REV_SHORT,STOP,2024-10-01 04:45:00,2024-10-01 04:50:00,2024-10-01 05:10:00,2639.085
2024-10-01 07:15:00,2024-10-01 07:20:00,2024-10-01 07:26:00,53980.0,268922.0,268928.0,53982.0,1.0,1.0,2650.0,2648.831879751894,2660.0,3.6570309628663074,0.09,2651.23,2648.831879751894,1.0,1.0,1.0,-1.0,0.0,0.0,21.583082232953075,9370.02982472739,9348.446742494436,1.1681202481056885,0.29,2.0,BREAK_LONG,STOP,2024-10-01 11:15:00,2024-10-01 11:20:00,2024-10-01 11:26:00,2651.085
2024-10-01 09:15:00,2024-10-01 09:20:00,2024-10-01 09:34:00,54004.0,269042.0,269056.0,54007.0,1.0,3.0,2650.0,2647.1180693350598,2660.0,2.098904384811316,0.05,2651.275,2660.0,2.0,1.0,1.0,-1.0,1.0,1.0,20.784653324701598,9348.446742494436,9392.071742494436,1.8638613298810678,0.29,3.0,REV_LONG,TARGET,2024-10-01 13:15:00,2024-10-01 13:20:00,2024-10-01 13:34:00,2651.13
2024-10-01 14:20:00,2024-10-01 14:25:00,2024-10-01 16:58:00,54065.0,269347.0,269500.0,54096.0,1.0,3.0,2660.0,2656.0741793240463,2670.0,1.8827028801278964,0.04,2660.905,2663.62,4.0,1.0,1.0,-1.0,1.0,1.0,19.323282703815494,9392.071742494436,9402.931742494435,3.131641351907024,0.29,31.0,REV_LONG,SESSION,2024-10-01 18:20:00,2024-10-01 18:25:00,2024-10-01 20:58:00,2660.76
2024-10-02 07:10:00,2024-10-02 07:15:00,2024-10-02 07:23:00,54255.0,270292.0,270300.0,54257.0,-1.0,2.0,2650.0,2651.501814829455,2640.0,4.7456936876560025,0.23,2649.5,2651.501814829455,1.0,1.0,1.0,1.0,0.0,1.0,46.041741077460756,9402.931742494435,9356.890001416974,1.501814829454838,0.29,2.0,BREAK_SHORT,STOP,2024-10-02 11:10:00,2024-10-02 11:15:00,2024-10-02 11:23:00,2649.645
2024-10-03 09:40:00,2024-10-03 09:45:00,2024-10-03 10:01:00,54561.0,271817.0,271833.0,54565.0,-1.0,4.0,2650.0,2652.6432344769582,2640.0,2.350768300821327,0.12,2648.87,2640.0,2.0,1.0,1.0,1.0,0.0,1.0,45.27881372350021,9356.890001416974,9463.330001416973,2.4164689539169837,0.29,4.0,REV_SHORT,TARGET,2024-10-03 13:40:00,2024-10-03 13:45:00,2024-10-03 14:01:00,2649.015
2024-10-03 22:35:00,2024-10-03 22:40:00,2024-10-04 02:39:00,54704.0,272527.0,272766.0,54752.0,1.0,1.0,2660.0,2659.094421104304,2670.0,2.9362094732756767,0.08,2661.865,2665.32,3.0,1.0,1.0,-1.0,0.0,0.0,22.164631165567698,9463.330001416973,9490.970001416976,0.9055788956961668,0.29,48.0,BREAK_LONG,TIME,2024-10-04 02:35:00,2024-10-04 02:40:00,2024-10-04 06:39:00,2661.72
2024-10-07 22:45:00,2024-10-07 22:50:00,2024-10-07 23:18:00,55258.0,275287.0,275315.0,55264.0,-1.0,2.0,2640.0,2642.4695961281323,2630.0,1.1100589376609662,0.08,2636.56,2642.4695961281323,1.0,1.0,1.0,1.0,0.0,0.0,47.27676902505846,9490.970001416976,9443.693232391917,2.4695961281324377,0.29,6.0,BREAK_SHORT,STOP,2024-10-08 02:45:00,2024-10-08 02:50:00,2024-10-08 03:18:00,2636.705
2024-10-08 09:35:00,2024-10-08 09:40:00,2024-10-08 10:14:00,55388.0,275937.0,275971.0,55395.0,1.0,3.0,2640.0,2635.1713173795783,2650.0,1.871726190485854,0.04,2640.335,2635.1713173795783,1.0,-1.0,-1.0,-1.0,0.0,1.0,20.654730481686784,9443.693232391917,9423.03850191023,2.957365240843305,0.29,7.0,REV_LONG,STOP,2024-10-08 13:35:00,2024-10-08 13:40:00,2024-10-08 14:14:00,2640.19
2024-10-08 22:15:00,2024-10-08 22:20:00,2024-10-09 01:26:00,55528.0,276632.0,276818.0,55566.0,-1.0,2.0,2620.0,2621.6793101982535,2610.0,2.6222663081795177,0.14,2618.455,2621.6793101982535,1.0,1.0,1.0,1.0,0.0,0.0,45.14034277554948,9423.03850191023,9377.89815913468,1.6793101982532637,0.29,38.0,BREAK_SHORT,STOP,2024-10-09 02:15:00,2024-10-09 02:20:00,2024-10-09 05:26:00,2618.6
2024-10-09 12:50:00,2024-10-09 12:55:00,2024-10-09 16:54:00,55703.0,277507.0,277746.0,55751.0,-1.0,2.0,2610.0,2612.142041471217,2600.0,3.6307587444759992,0.17,2609.52,2608.52,3.0,1.0,1.0,1.0,0.0,1.0,44.574705010689286,9377.89815913468,9394.89815913468,2.142041471216868,0.29,48.0,BREAK_SHORT,TIME,2024-10-09 16:50:00,2024-10-09 16:55:00,2024-10-09 20:54:00,2609.665
2024-10-10 13:20:00,2024-10-10 13:25:00,2024-10-10 15:08:00,55985.0,278912.0,279015.0,56006.0,1.0,3.0,2620.0,2615.3287971976642,2630.0,1.3948281301987184,0.03,2621.455,2630.0,2.0,1.0,1.0,-1.0,0.0,1.0,18.37860840700705,9394.89815913468,9420.53315913468,2.4524056046708047,0.29,21.0,REV_LONG,TARGET,2024-10-10 17:20:00,2024-10-10 17:25:00,2024-10-10 19:08:00,2621.31
2024-10-10 15:30:00,2024-10-10 15:35:00,2024-10-10 16:58:00,56011.0,279042.0,279125.0,56028.0,-1.0,4.0,2630.0,2632.330720721753,2620.0,3.5155554075981823,0.17,2629.6,2629.775,4.0,-1.0,-1.0,1.0,1.0,1.0,46.42225226980418,9420.53315913468,9417.558159134676,1.7414414435062606,0.29,17.0,REV_SHORT,SESSION,2024-10-10 19:30:00,2024-10-10 19:35:00,2024-10-10 20:58:00,2629.745
2024-10-10 19:30:00,2024-10-10 19:35:00,2024-10-10 22:30:00,56047.0,279217.0,279392.0,56083.0,1.0,1.0,2630.0,2628.901212700322,2640.0,1.2889820925770603,0.04,2633.75,2640.0,2.0,1.0,1.0,-1.0,0.0,0.0,19.395149198711806,9417.558159134676,9442.558159134676,1.0987872996780603,0.29,36.0,BREAK_LONG,TARGET,2024-10-10 23:30:00,2024-10-10 23:35:00,2024-10-11 02:30:00,2633.605
2024-10-14 03:35:00,2024-10-14 03:40:00,2024-10-14 04:50:00,56420.0,281077.0,281147.0,56435.0,1.0,3.0,2660.0,2658.315801003526,2670.0,1.497051098976257,0.05,2662.995,2658.315801003526,1.0,1.0,1.0,-1.0,1.0,0.0,23.395994982370212,9442.558159134676,9419.162164152305,1.798397992948229,0.29,15.0,REV_LONG,STOP,2024-10-14 07:35:00,2024-10-14 07:40:00,2024-10-14 08:50:00,2662.85
2024-10-14 14:45:00,2024-10-14 14:50:00,2024-10-14 15:17:00,56554.0,281747.0,281774.0,56560.0,-1.0,4.0,2650.0,2651.5494772541506,2640.0,4.462095764558016,0.22,2649.435,2651.5494772541506,1.0,-1.0,1.0,1.0,0.0,1.0,46.51849959131414,9419.162164152305,9372.64366456099,1.0389545083007898,0.29,6.0,REV_SHORT,STOP,2024-10-14 18:45:00,2024-10-14 18:50:00,2024-10-14 19:17:00,2649.58
2024-10-14 22:35:00,2024-10-14 22:40:00,2024-10-14 22:48:00,56636.0,282152.0,282160.0,56638.0,1.0,1.0,2650.0,2648.493629401515,2660.0,2.2956600492304537,0.06,2651.985,2648.493629401515,1.0,1.0,1.0,-1.0,0.0,0.0,20.948223590909944,9372.64366456099,9351.695440970081,1.5063705984850284,0.29,2.0,BREAK_LONG,STOP,2024-10-15 02:35:00,2024-10-15 02:40:00,2024-10-15 02:48:00,2651.84
2024-10-15 15:50:00,2024-10-15 15:55:00,2024-10-15 16:58:00,56843.0,283187.0,283250.0,56856.0,1.0,3.0,2660.0,2658.7738903366367,2670.0,2.1568513701981753,0.06,2662.33,2662.84,4.0,1.0,1.0,-1.0,1.0,0.0,21.336657980179552,9351.695440970081,9354.755440970082,1.4822193267266706,0.29,13.0,REV_LONG,SESSION,2024-10-15 19:50:00,2024-10-15 19:55:00,2024-10-15 20:58:00,2662.185
2024-10-16 05:55:00,2024-10-16 06:00:00,2024-10-16 06:08:00,57000.0,283967.0,283975.0,57002.0,1.0,1.0,2680.0,2678.48184185924,2690.0,4.216183536925027,0.1,2680.69,2678.48184185924,1.0,1.0,1.0,-1.0,0.0,0.0,22.081581407601337,9354.755440970082,9332.673859562481,1.518158140759981,0.29,2.0,BREAK_LONG,STOP,2024-10-16 09:55:00,2024-10-16 10:00:00,2024-10-16 10:08:00,2680.545
2024-10-16 21:55:00,2024-10-16 22:00:00,2024-10-16 22:42:00,57180.0,284862.0,284904.0,57189.0,1.0,1.0,2680.0,2678.8294021035226,2690.0,1.8822902155640966,0.06,2682.705,2678.8294021035226,1.0,1.0,1.0,-1.0,0.0,0.0,23.253587378863813,9332.673859562481,9309.420272183617,1.1705978964773984,0.29,9.0,BREAK_LONG,STOP,2024-10-17 01:55:00,2024-10-17 02:00:00,2024-10-17 02:42:00,2682.56
2024-10-17 03:10:00,2024-10-17 03:15:00,2024-10-17 05:19:00,57243.0,285177.0,285301.0,57268.0,1.0,3.0,2680.0,2678.349310120891,2690.0,2.226721282965416,0.06,2681.96,2678.349310120891,1.0,1.0,1.0,-1.0,0.0,1.0,21.66413927465419,9309.420272183617,9287.756132908962,1.8713797582179001,0.29,25.0,REV_LONG,STOP,2024-10-17 07:10:00,2024-10-17 07:15:00,2024-10-17 09:19:00,2681.815
2024-10-18 07:40:00,2024-10-18 07:45:00,2024-10-18 09:07:00,57573.0,286822.0,286904.0,57590.0,1.0,3.0,2710.0,2707.7877622126352,2720.0,3.2966981304850838,0.08,2710.63,2707.7877622126352,1.0,1.0,1.0,-1.0,0.0,1.0,22.737902298918925,9287.756132908962,9265.018230610043,1.834475574729162,0.29,17.0,REV_LONG,STOP,2024-10-18 11:40:00,2024-10-18 11:45:00,2024-10-18 13:07:00,2710.485
2024-10-21 03:15:00,2024-10-21 03:20:00,2024-10-21 03:23:00,57796.0,287932.0,287935.0,57797.0,1.0,1.0,2730.0,2728.6053355431786,2740.0,2.773486961798335,0.07,2731.625,2728.6053355431786,1.0,1.0,1.0,-1.0,0.0,0.0,21.137651197749623,9265.018230610043,9243.880579412293,1.3946644568211621,0.29,1.0,BREAK_LONG,STOP,2024-10-21 07:15:00,2024-10-21 07:20:00,2024-10-21 07:23:00,2731.48
2024-10-21 14:20:00,2024-10-21 14:25:00,2024-10-21 14:45:00,57929.0,288597.0,288617.0,57934.0,1.0,3.0,2720.0,2718.262111403007,2730.0,4.4776009417677844,0.1,2720.405,2718.262111403007,1.0,1.0,-1.0,-1.0,1.0,1.0,21.42888596993089,9243.880579412293,9222.451693442363,1.735777193985823,0.29,5.0,REV_LONG,STOP,2024-10-21 18:20:00,2024-10-21 18:25:00,2024-10-21 18:45:00,2720.26
2024-10-21 22:15:00,2024-10-21 22:20:00,2024-10-21 23:08:00,58012.0,289007.0,289055.0,58022.0,-1.0,4.0,2730.0,2731.3757066479848,2720.0,3.4598255377471374,0.18,2728.825,2731.3757066479848,1.0,-1.0,-1.0,1.0,0.0,0.0,45.91271966372915,9222.451693442363,9176.538973778634,1.361413295969313,0.29,10.0,REV_SHORT,STOP,2024-10-22 02:15:00,2024-10-22 02:20:00,2024-10-22 03:08:00,2728.97
2024-10-23 02:50:00,2024-10-23 02:55:00,2024-10-23 06:54:00,58343.0,290657.0,290896.0,58391.0,1.0,3.0,2750.0,2747.4619440212664,2760.0,3.4100629999973173,0.08,2750.305,2751.025,3.0,1.0,1.0,-1.0,0.0,1.0,22.744447829867568,9176.538973778634,9182.298973778636,1.476111957467119,0.29,48.0,REV_LONG,TIME,2024-10-23 06:50:00,2024-10-23 06:55:00,2024-10-23 10:54:00,2750.16
2024-10-23 13:15:00,2024-10-23 13:20:00,2024-10-23 16:58:00,58468.0,291282.0,291500.0,58512.0,-1.0,2.0,2720.0,2722.6003532280233,2710.0,1.8249675718187373,0.1,2718.14,2715.74,4.0,1.0,1.0,1.0,0.0,1.0,44.603532280234504,9182.298973778636,9206.298973778637,2.600353228023179,0.29,44.0,BREAK_SHORT,SESSION,2024-10-23 17:15:00,2024-10-23 17:20:00,2024-10-23 20:58:00,2718.285
2024-10-24 02:25:00,2024-10-24 02:30:00,2024-10-24 06:29:00,58614.0,292007.0,292246.0,58662.0,1.0,1.0,2730.0,2728.509775413423,2740.0,1.7226571360972769,0.05,2732.73,2736.835,3.0,1.0,1.0,-1.0,0.0,1.0,21.101122932884664,9206.298973778637,9226.823973778637,1.4902245865770327,0.29,48.0,BREAK_LONG,TIME,2024-10-24 06:25:00,2024-10-24 06:30:00,2024-10-24 10:29:00,2732.585
2024-10-25 09:05:00,2024-10-25 09:10:00,2024-10-25 10:10:00,58970.0,293782.0,293842.0,58983.0,-1.0,4.0,2730.0,2733.480455861801,2720.0,2.1493037884353186,0.05,2729.2,2733.480455861801,1.0,1.0,-1.0,-1.0,0.0,1.0,21.402279309006644,9226.823973778637,9205.42169446963,1.9009117236019126,0.29,13.0,REV_SHORT,STOP,2024-10-25 13:05:00,2024-10-25 13:10:00,2024-10-25 14:10:00,2729.345
2024-10-28 05:35:00,2024-10-28 05:40:00,2024-10-28 09:33:00,59204.0,294947.0,295180.0,59251.0,1.0,3.0,2730.0,2727.4608739924256,2740.0,1.8057221896010887,0.1,2731.93,2740.0,2.0,-1.0,-1.0,1.0,0.0,0.0,44.69126007574232,9205.42169446963,9286.121694469632,2.0182520151486263,0.29,47.0,REV_LONG,TARGET,2024-10-28 09:35:00,2024-10-28 09:40:00,2024-10-28 13:33:00,2731.785
2024-10-30 11:00:00,2024-10-30 11:05:00,2024-10-30 11:40:00,59821.0,298022.0,298057.0,59829.0,-1.0,4.0,2780.0,2783.5117176993444,2770.0,1.3676863674010307,0.04,2777.805,2783.5117176993444,1.0,-1.0,1.0,-1.0,0.0,0.0,22.826870797378433,9286.121694469632,9263.294823672253,3.343435398688335,0.29,8.0,REV_SHORT,STOP,2024-10-30 15:00:00,2024-10-30 15:05:00,2024-10-30 15:40:00,2777.95
2024-10-31 03:10:00,2024-10-31 03:15:00,2024-10-31 04:34:00,60003.0,298927.0,299006.0,60019.0,1.0,3.0,2780.0,2777.2325931055616,2790.0,2.3141376921711223,0.12,2781.085,2777.2325931055616,1.0,1.0,-1.0,1.0,0.0,1.0,46.22888273326134,9263.294823672253,9217.065940938992,1.8548137888763427,0.29,16.0,REV_LONG,STOP,2024-10-31 07:10:00,2024-10-31 07:15:00,2024-10-31 08:34:00,2780.94
2024-10-31 10:50:00,2024-10-31 10:55:00,2024-10-31 11:00:00,60095.0,299387.0,299392.0,60097.0,1.0,3.0,2740.0,2734.848518926652,2750.0,1.6275090268443033,0.07,2740.615,2734.848518926652,1.0,-1.0,-1.0,1.0,1.0,1.0,40.36536751343374,9217.065940938992,9176.700573425558,3.8629621466957444,0.29,2.0,REV_LONG,STOP,2024-10-31 14:50:00,2024-10-31 14:55:00,2024-10-31 15:00:00,2740.47
2024-10-31 22:05:00,2024-10-31 22:10:00,2024-10-31 23:53:00,60218.0,299997.0,300100.0,60239.0,-1.0,4.0,2750.0,2751.7364916266915,2740.0,4.863872459008289,0.11,2749.735,2751.7364916266915,1.0,1.0,-1.0,-1.0,0.0,1.0,22.016407893605447,9176.700573425558,9154.684165531953,1.4229832533824391,0.29,21.0,REV_SHORT,STOP,2024-11-01 02:05:00,2024-11-01 02:10:00,2024-11-01 03:53:00,2749.88
2024-11-01 06:30:00,2024-11-01 06:35:00,2024-11-01 07:06:00,60319.0,300502.0,300533.0,60326.0,-1.0,2.0,2750.0,2751.635680245194,2740.0,1.6410632632467268,0.1,2747.23,2751.635680245194,1.0,1.0,1.0,1.0,0.0,1.0,44.05680245194162,9154.684165531953,9110.627363080011,1.6356802451940697,0.29,7.0,BREAK_SHORT,STOP,2024-11-01 10:30:00,2024-11-01 10:35:00,2024-11-01 11:06:00,2747.375
2024-11-04 00:50:00,2024-11-04 00:55:00,2024-11-04 00:59:00,60527.0,301537.0,301541.0,60528.0,-1.0,2.0,2740.0,2741.312855326967,2730.0,3.272459757053561,0.08,2738.665,2741.312855326967,1.0,1.0,1.0,-1.0,0.0,0.0,21.182842615737172,9110.627363080011,9089.444520464274,1.3128553269668923,0.29,1.0,BREAK_SHORT,STOP,2024-11-04 05:50:00,2024-11-04 05:55:00,2024-11-04 05:59:00,2738.81
2024-11-04 10:40:00,2024-11-04 10:45:00,2024-11-04 11:05:00,60645.0,302127.0,302147.0,60650.0,1.0,3.0,2740.0,2736.480210650346,2750.0,1.5037623644559865,0.08,2741.88,2736.480210650346,1.0,-1.0,1.0,1.0,0.0,0.0,43.19831479723143,9089.444520464274,9046.246205667043,2.579578699307662,0.29,5.0,REV_LONG,STOP,2024-11-04 15:40:00,2024-11-04 15:45:00,2024-11-04 16:05:00,2741.735
2024-11-06 22:50:00,2024-11-06 22:55:00,2024-11-07 02:17:00,61331.0,305542.0,305744.0,61372.0,-1.0,4.0,2660.0,2661.9814715963207,2650.0,3.937816545838594,0.18,2659.555,2661.9814715963207,1.0,1.0,-1.0,1.0,0.0,0.0,43.676488733775834,9046.246205667043,9002.569716933267,2.3029431926419033,0.29,41.0,REV_SHORT,STOP,2024-11-07 03:50:00,2024-11-07 03:55:00,2024-11-07 07:17:00,2659.7
2024-11-07 04:05:00,2024-11-07 04:10:00,2024-11-07 07:43:00,61394.0,305857.0,306070.0,61437.0,1.0,3.0,2660.0,2656.3629207221647,2670.0,1.05933494687682,0.03,2662.985,2670.0,2.0,-1.0,1.0,-1.0,0.0,1.0,19.866237833506148,9002.569716933267,9023.614716933267,2.1841585556707708,0.29,43.0,REV_LONG,TARGET,2024-11-07 09:05:00,2024-11-07 09:10:00,2024-11-07 12:43:00,2662.84
2024-11-08 01:35:00,2024-11-08 01:40:00,2024-11-08 03:37:00,61640.0,307082.0,307199.0,61664.0,-1.0,2.0,2690.0,2691.843521649747,2680.0,1.4054980341877603,0.04,2686.92,2691.843521649747,1.0,1.0,1.0,-1.0,0.0,0.0,19.69408659898727,9023.614716933267,9003.92063033428,1.84352164974668,0.29,24.0,BREAK_SHORT,STOP,2024-11-08 06:35:00,2024-11-08 06:40:00,2024-11-08 08:37:00,2687.065
2024-11-11 14:05:00,2024-11-11 14:10:00,2024-11-11 15:05:00,62066.0,309207.0,309262.0,62078.0,-1.0,4.0,2620.0,2621.714323190779,2610.0,3.4894105997202876,0.17,2619.105,2621.714323190779,1.0,1.0,1.0,1.0,1.0,0.0,44.358494243241694,9003.92063033428,8959.562136091037,1.8986463815584476,0.29,12.0,REV_SHORT,STOP,2024-11-11 19:05:00,2024-11-11 19:10:00,2024-11-11 20:05:00,2619.25
2024-11-11 22:50:00,2024-11-11 22:55:00,2024-11-11 23:01:00,62159.0,309667.0,309673.0,62161.0,1.0,3.0,2620.0,2618.331224060176,2630.0,4.599822762522576,0.1,2620.415,2618.331224060176,1.0,-1.0,-1.0,-1.0,0.0,0.0,20.837759398241364,8959.562136091037,8938.724376692795,1.527551879648141,0.29,2.0,REV_LONG,STOP,2024-11-12 03:50:00,2024-11-12 03:55:00,2024-11-12 04:01:00,2620.27
2024-11-12 02:45:00,2024-11-12 02:50:00,2024-11-12 04:09:00,62206.0,309902.0,309981.0,62222.0,1.0,3.0,2600.0,2593.6613648530893,2610.0,1.0555271244599134,0.02,2601.61,2593.6613648530893,1.0,-1.0,-1.0,-1.0,1.0,1.0,15.89727029382175,8938.724376692795,8922.827106398972,3.247270293820987,0.29,16.0,REV_LONG,STOP,2024-11-12 07:45:00,2024-11-12 07:50:00,2024-11-12 09:09:00,2601.465
2024-11-12 10:15:00,2024-11-12 10:20:00,2024-11-12 10:40:00,62296.0,310352.0,310372.0,62301.0,-1.0,2.0,2610.0,2613.4143387793915,2600.0,2.2485440154095677,0.1,2609.285,2600.0,2.0,1.0,1.0,1.0,0.0,1.0,41.293387793916736,8922.827106398972,9015.67710639897,3.414338779391404,0.29,5.0,BREAK_SHORT,TARGET,2024-11-12 15:15:00,2024-11-12 15:20:00,2024-11-12 15:40:00,2609.43
2024-11-12 13:30:00,2024-11-12 13:35:00,2024-11-12 16:58:00,62335.0,310547.0,310750.0,62376.0,-1.0,4.0,2600.0,2603.3721118723133,2590.0,1.3721565537825693,0.07,2597.735,2598.52,4.0,1.0,1.0,1.0,1.0,1.0,39.45978310619239,9015.67710639897,9010.182106398972,2.4142237446264985,0.29,41.0,REV_SHORT,SESSION,2024-11-12 18:30:00,2024-11-12 18:35:00,2024-11-12 21:58:00,2597.88
2024-11-13 06:10:00,2024-11-13 06:15:00,2024-11-13 07:03:00,62523.0,311482.0,311530.0,62533.0,-1.0,4.0,2610.0,2612.569941700552,2600.0,3.0096253459316284,0.14,2609.435,2612.569941700552,1.0,1.0,-1.0,1.0,0.0,0.0,43.88918380773067,9010.182106398972,8966.292922591241,1.7298834011041788,0.29,10.0,REV_SHORT,STOP,2024-11-13 11:10:00,2024-11-13 11:15:00,2024-11-13 12:03:00,2609.58
2024-11-13 15:15:00,2024-11-13 15:20:00,2024-11-13 16:58:00,62632.0,312027.0,312125.0,62652.0,-1.0,2.0,2580.0,2582.2627471516507,2570.0,1.2655311264467075,0.08,2576.85,2573.125,4.0,1.0,1.0,1.0,0.0,0.0,43.301977213206555,8966.292922591241,8996.09292259124,2.2627471516506317,0.29,20.0,BREAK_SHORT,SESSION,2024-11-13 20:15:00,2024-11-13 20:20:00,2024-11-13 21:58:00,2576.995
2024-11-13 21:50:00,2024-11-13 21:55:00,2024-11-13 22:09:00,62699.0,312357.0,312371.0,62702.0,-1.0,2.0,2560.0,2562.0983919215532,2550.0,4.08679491042467,0.18,2559.72,2562.0983919215532,1.0,1.0,1.0,1.0,0.0,1.0,42.811054587961735,8996.09292259124,8953.28186800328,2.098391921553433,0.29,3.0,BREAK_SHORT,STOP,2024-11-14 02:50:00,2024-11-14 02:55:00,2024-11-14 03:09:00,2559.865
2024-11-14 00:45:00,2024-11-14 00:50:00,2024-11-14 04:31:00,62734.0,312532.0,312753.0,62779.0,-1.0,2.0,2560.0,2561.8554604579385,2550.0,1.663872776757689,0.1,2557.405,2550.0,2.0,1.0,1.0,1.0,0.0,1.0,44.50460457938335,8953.28186800328,9027.331868003283,1.8554604579386837,0.29,45.0,BREAK_SHORT,TARGET,2024-11-14 05:45:00,2024-11-14 05:50:00,2024-11-14 09:31:00,2557.55
2024-11-14 12:35:00,2024-11-14 12:40:00,2024-11-14 13:29:00,62876.0,313242.0,313291.0,62886.0,1.0,3.0,2570.0,2567.2684527990095,2580.0,2.72643679481428,0.06,2570.685,2567.2684527990095,1.0,-1.0,1.0,-1.0,1.0,1.0,20.499283205942444,9027.331868003283,9006.832584797341,2.553094401981349,0.29,10.0,REV_LONG,STOP,2024-11-14 17:35:00,2024-11-14 17:40:00,2024-11-14 18:29:00,2570.54
2024-11-15 01:20:00,2024-11-15 01:25:00,2024-11-15 01:44:00,63017.0,313942.0,313961.0,63021.0,-1.0,2.0,2560.0,2561.7417181354626,2550.0,1.030835447242559,0.07,2555.96,2561.7417181354626,1.0,1.0,1.0,1.0,0.0,0.0,40.47202694823818,9006.832584797341,8966.360557849102,1.7417181354627367,0.29,4.0,BREAK_SHORT,STOP,2024-11-15 06:20:00,2024-11-15 06:25:00,2024-11-15 06:44:00,2556.105
2024-11-17 20:40:00,2024-11-17 20:45:00,2024-11-17 20:47:00,63237.0,315037.0,315039.0,63238.0,1.0,1.0,2590.0,2586.8997610775714,2600.0,1.6598179557895185,0.04,2591.825,2586.8997610775714,1.0,1.0,1.0,-1.0,0.0,0.0,19.700955689713737,8966.360557849102,8946.659602159389,3.1002389224288,0.29,1.0,BREAK_LONG,STOP,2024-11-18 01:40:00,2024-11-18 01:45:00,2024-11-18 01:47:00,2591.68
2024-11-18 04:40:00,2024-11-18 04:45:00,2024-11-18 08:31:00,63333.0,315517.0,315743.0,63379.0,1.0,1.0,2590.0,2587.7639687178626,2600.0,1.0930492314545677,0.03,2593.61,2600.0,2.0,1.0,1.0,-1.0,0.0,1.0,17.53809384641272,8946.659602159389,8965.829602159389,2.2360312821375583,0.29,46.0,BREAK_LONG,TARGET,2024-11-18 09:40:00,2024-11-18 09:45:00,2024-11-18 13:31:00,2593.465
2024-11-18 21:45:00,2024-11-18 21:50:00,2024-11-19 01:49:00,63526.0,316477.0,316716.0,63574.0,1.0,1.0,2620.0,2618.227897392739,2630.0,1.5414166320080205,0.09,2622.86,2624.145,3.0,1.0,1.0,1.0,0.0,0.0,41.688923465349035,8965.829602159389,8977.394602159387,1.7721026072607615,0.29,48.0,BREAK_LONG,TIME,2024-11-19 02:45:00,2024-11-19 02:50:00,2024-11-19 06:49:00,2622.715
2024-11-19 12:35:00,2024-11-19 12:40:00,2024-11-19 12:56:00,63704.0,317367.0,317383.0,63708.0,1.0,1.0,2630.0,2627.8331112870706,2640.0,2.4943358952712527,0.12,2631.315,2627.8331112870706,1.0,1.0,1.0,1.0,0.0,0.0,41.78266455515404,8977.394602159387,8935.611937604233,2.1668887129293517,0.29,4.0,BREAK_LONG,STOP,2024-11-19 17:35:00,2024-11-19 17:40:00,2024-11-19 17:56:00,2631.17
2024-11-19 14:05:00,2024-11-19 14:10:00,2024-11-19 15:13:00,63722.0,317457.0,317520.0,63735.0,-1.0,4.0,2630.0,2631.8684646887186,2620.0,4.398524138059467,0.1,2629.67,2631.8684646887186,1.0,-1.0,-1.0,-1.0,0.0,1.0,21.98464688718559,8935.611937604233,8913.627290717048,1.626929377437357,0.29,13.0,REV_SHORT,STOP,2024-11-19 19:05:00,2024-11-19 19:10:00,2024-11-19 20:13:00,2629.815
2024-11-20 01:20:00,2024-11-20 01:25:00,2024-11-20 02:05:00,63845.0,318067.0,318107.0,63854.0,1.0,3.0,2630.0,2627.8380071142506,2640.0,3.21268543673345,0.15,2630.725,2627.8380071142506,1.0,1.0,-1.0,1.0,1.0,0.0,43.30489328624026,8913.627290717048,8870.322397430808,1.6439857714987323,0.29,9.0,REV_LONG,STOP,2024-11-20 06:20:00,2024-11-20 06:25:00,2024-11-20 07:05:00,2630.58
2024-11-21 04:15:00,2024-11-21 04:20:00,2024-11-21 06:16:00,64156.0,319617.0,319733.0,64180.0,-1.0,4.0,2670.0,2671.8895917593463,2660.0,1.0395239066756463,0.07,2666.06,2671.8895917593463,1.0,-1.0,-1.0,1.0,1.0,0.0,40.807142315424706,8870.322397430808,8829.515255115382,2.0491835186932175,0.29,24.0,REV_SHORT,STOP,2024-11-21 09:15:00,2024-11-21 09:20:00,2024-11-21 11:16:00,2666.205
2024-11-21 09:25:00,2024-11-21 09:30:00,2024-11-21 12:57:00,64218.0,319927.0,320134.0,64260.0,-1.0,4.0,2670.0,2672.8314266970074,2660.0,1.1985072996096064,0.07,2666.995,2672.8314266970074,1.0,-1.0,-1.0,1.0,0.0,1.0,40.854986879052376,8829.515255115382,8788.66026823633,2.4028533940148993,0.29,42.0,REV_SHORT,STOP,2024-11-21 14:25:00,2024-11-21 14:30:00,2024-11-21 17:57:00,2667.14
2024-11-21 22:20:00,2024-11-21 22:25:00,2024-11-21 23:49:00,64361.0,320637.0,320721.0,64378.0,-1.0,4.0,2690.0,2691.360258596957,2680.0,5.1731859944801935,0.23,2689.52,2691.360258596957,1.0,-1.0,-1.0,1.0,1.0,0.0,42.32594773001165,8788.66026823633,8746.334320506317,1.6205171939139194,0.29,17.0,REV_SHORT,STOP,2024-11-22 03:20:00,2024-11-22 03:25:00,2024-11-22 04:49:00,2689.665
2024-11-25 03:30:00,2024-11-25 03:35:00,2024-11-25 04:18:00,64699.0,322322.0,322365.0,64708.0,-1.0,4.0,2670.0,2675.146838810793,2660.0,1.624265733559564,0.07,2669.375,2675.146838810793,1.0,1.0,1.0,1.0,1.0,1.0,40.402871675549704,8746.334320506317,8705.931448830768,3.1136776215849626,0.29,9.0,REV_SHORT,STOP,2024-11-25 08:30:00,2024-11-25 08:35:00,2024-11-25 09:18:00,2669.52
2024-11-25 13:30:00,2024-11-25 13:35:00,2024-11-25 16:58:00,64819.0,322922.0,323125.0,64860.0,1.0,3.0,2620.0,2614.0908537590326,2630.0,1.418117132266069,0.06,2620.67,2625.565,4.0,-1.0,-1.0,1.0,1.0,1.0,39.47487744580485,8705.931448830768,8735.301448830767,3.1582924819346485,0.29,41.0,REV_LONG,SESSION,2024-11-25 18:30:00,2024-11-25 18:35:00,2024-11-25 21:58:00,2620.525
2024-11-26 19:30:00,2024-11-26 19:35:00,2024-11-26 19:44:00,65155.0,324592.0,324601.0,65157.0,1.0,3.0,2630.0,2628.6687139116207,2640.0,5.903906740334673,0.26,2630.31,2628.6687139116207,1.0,-1.0,-1.0,1.0,0.0,1.0,42.67343829786114,8735.301448830767,8692.628010532906,1.052572176758805,0.29,2.0,REV_LONG,STOP,2024-11-27 00:30:00,2024-11-27 00:35:00,2024-11-27 00:44:00,2630.165
2024-11-27 04:05:00,2024-11-27 04:10:00,2024-11-27 04:59:00,65258.0,325107.0,325156.0,65268.0,1.0,1.0,2650.0,2647.9659509080984,2660.0,3.039560517688314,0.14,2650.945,2647.9659509080984,1.0,1.0,1.0,1.0,0.0,0.0,41.70668728662441,8692.628010532906,8650.92132324628,2.034049091901404,0.29,10.0,BREAK_LONG,STOP,2024-11-27 09:05:00,2024-11-27 09:10:00,2024-11-27 09:59:00,2650.8
2024-11-29 14:35:00,2024-11-29 14:40:00,2024-11-29 16:58:00,65936.0,328487.0,328625.0,65964.0,-1.0,2.0,2650.0,2651.4210156113536,2640.0,4.779820536706639,0.1,2649.445,2650.495,4.0,1.0,1.0,-1.0,0.0,0.0,19.76015611353432,8650.92132324628,8640.421323246283,1.4210156113536099,0.29,28.0,BREAK_SHORT,SESSION,2024-11-29 19:35:00,2024-11-29 19:40:00,2024-11-29 21:58:00,2649.59
2024-12-01 19:55:00,2024-12-01 20:00:00,2024-12-01 20:20:00,65988.0,328742.0,328762.0,65993.0,-1.0,2.0,2640.0,2642.506055976767,2630.0,1.8842007676504988,0.04,2638.17,2630.0,2.0,1.0,1.0,-1.0,0.0,0.0,17.344223907068226,8640.421323246283,8673.101323246283,2.5060559767672093,0.29,5.0,BREAK_SHORT,TARGET,2024-12-02 00:55:00,2024-12-02 01:00:00,2024-12-02 01:20:00,2638.315
2024-12-02 03:30:00,2024-12-02 03:35:00,2024-12-02 04:14:00,66079.0,329197.0,329236.0,66087.0,-1.0,4.0,2630.0,2634.018880912155,2620.0,1.793228442261533,0.08,2629.0,2634.018880912155,1.0,1.0,1.0,1.0,0.0,1.0,40.15104729724044,8673.101323246283,8632.950275949042,2.257761824310085,0.29,8.0,REV_SHORT,STOP,2024-12-02 08:30:00,2024-12-02 08:35:00,2024-12-02 09:14:00,2629.145
2024-12-02 09:25:00,2024-12-02 09:30:00,2024-12-02 11:02:00,66150.0,329552.0,329644.0,66169.0,-1.0,4.0,2650.0,2653.0374741791575,2640.0,1.629862245974011,0.08,2648.08,2640.0,2.0,-1.0,-1.0,1.0,1.0,0.0,39.65979343326035,8632.950275949042,8697.590275949042,2.9049483583146496,0.29,19.0,REV_SHORT,TARGET,2024-12-02 14:25:00,2024-12-02 14:30:00,2024-12-02 16:02:00,2648.225
2024-12-03 03:20:00,2024-12-03 03:25:00,2024-12-03 07:24:00,66353.0,330562.0,330801.0,66401.0,1.0,3.0,2640.0,2638.476834993366,2650.0,5.268841461482776,0.11,2640.315,2638.64,3.0,-1.0,-1.0,-1.0,0.0,0.0,20.219815072973688,8697.590275949042,8679.165275949039,1.6563300132673677,0.29,48.0,REV_LONG,TIME,2024-12-03 08:20:00,2024-12-03 08:25:00,2024-12-03 12:24:00,2640.17
2024-12-03 09:05:00,2024-12-03 09:10:00,2024-12-03 09:53:00,66422.0,330907.0,330950.0,66431.0,1.0,1.0,2650.0,2647.66354020584,2660.0,2.1062784048075773,0.1,2651.6349999999998,2647.66354020584,1.0,1.0,1.0,1.0,0.0,1.0,39.714597941597276,8679.165275949039,8639.45067800744,2.3364597941600245,0.29,9.0,BREAK_LONG,STOP,2024-12-03 14:05:00,2024-12-03 14:10:00,2024-12-03 14:53:00,2651.49
2024-12-03 19:50:00,2024-12-03 19:55:00,2024-12-03 20:01:00,66539.0,331487.0,331493.0,66541.0,1.0,3.0,2640.0,2639.272995417589,2650.0,6.761916797478542,0.15,2640.655,2639.272995417589,1.0,-1.0,-1.0,-1.0,0.0,0.0,20.730068736170324,8639.45067800744,8618.72060927127,0.8140091648217276,0.29,2.0,REV_LONG,STOP,2024-12-04 00:50:00,2024-12-04 00:55:00,2024-12-04 01:01:00,2640.51
2024-12-04 01:10:00,2024-12-04 01:15:00,2024-12-04 01:49:00,66603.0,331807.0,331841.0,66610.0,-1.0,4.0,2650.0,2651.4471043169074,2640.0,3.174569233681593,0.07,2648.705,2651.4471043169074,1.0,-1.0,-1.0,-1.0,0.0,1.0,19.194730218352106,8618.72060927127,8599.525879052917,1.3542086338148758,0.29,7.0,REV_SHORT,STOP,2024-12-04 06:10:00,2024-12-04 06:15:00,2024-12-04 06:49:00,2648.85
2024-12-04 12:00:00,2024-12-04 12:05:00,2024-12-04 16:04:00,66733.0,332457.0,332696.0,66781.0,1.0,3.0,2650.0,2645.820851486889,2660.0,2.1480197581934717,0.09,2650.325,2649.89,3.0,1.0,1.0,1.0,0.0,1.0,40.53733661799879,8599.525879052917,8595.610879052918,2.498297026222509,0.29,48.0,REV_LONG,TIME,2024-12-04 17:00:00,2024-12-04 17:05:00,2024-12-04 21:04:00,2650.18
2024-12-05 10:15:00,2024-12-05 10:20:00,2024-12-05 11:06:00,66988.0,333727.0,333773.0,66998.0,-1.0,2.0,2640.0,2643.0162908806965,2630.0,1.708177928425823,0.04,2638.21,2643.0162908806965,1.0,1.0,1.0,-1.0,0.0,1.0,19.225163522785806,8595.610879052918,8576.385715530132,3.0162908806962885,0.29,10.0,BREAK_SHORT,STOP,2024-12-05 15:15:00,2024-12-05 15:20:00,2024-12-05 16:06:00,2638.355
2024-12-09 21:10:00,2024-12-09 21:15:00,2024-12-09 23:06:00,67659.0,337067.0,337178.0,67682.0,-1.0,4.0,2670.0,2672.0216079365473,2660.0,2.1415833907966824,0.11,2668.195,2672.0216079365473,1.0,-1.0,-1.0,1.0,0.0,0.0,42.092687302018476,8576.385715530132,8534.293028228114,2.143215873094559,0.29,23.0,REV_SHORT,STOP,2024-12-10 02:10:00,2024-12-10 02:15:00,2024-12-10 04:06:00,2668.34
2024-12-10 11:15:00,2024-12-10 11:20:00,2024-12-10 12:01:00,67828.0,337912.0,337953.0,67837.0,-1.0,4.0,2690.0,2693.248220272279,2680.0,1.130548564086787,0.06,2687.03,2693.248220272279,1.0,-1.0,-1.0,1.0,1.0,1.0,37.30932163367287,8534.293028228114,8496.983706594441,2.6064405445576946,0.29,9.0,REV_SHORT,STOP,2024-12-10 16:15:00,2024-12-10 16:20:00,2024-12-10 17:01:00,2687.175
2024-12-10 22:00:00,2024-12-10 22:05:00,2024-12-10 22:38:00,67945.0,338492.0,338525.0,67952.0,1.0,3.0,2700.0,2697.9540436475763,2710.0,3.6048002067245144,0.08,2700.57,2697.9540436475763,1.0,1.0,1.0,-1.0,0.0,1.0,20.927650819390692,8496.983706594441,8476.05605577505,1.961912704846936,0.29,7.0,REV_LONG,STOP,2024-12-11 03:00:00,2024-12-11 03:05:00,2024-12-11 03:38:00,2700.425
2024-12-11 04:15:00,2024-12-11 04:20:00,2024-12-11 08:19:00,68020.0,338867.0,339106.0,68068.0,1.0,3.0,2690.0,2684.773054365509,2700.0,1.2386161920023433,0.03,2691.575,2697.19,3.0,1.0,-1.0,-1.0,0.0,1.0,20.405836903472846,8476.05605577505,8492.901055775052,2.7838912689822473,0.29,48.0,REV_LONG,TIME,2024-12-11 09:15:00,2024-12-11 09:20:00,2024-12-11 13:19:00,2691.43
2024-12-11 10:25:00,2024-12-11 10:30:00,2024-12-11 13:11:00,68094.0,339237.0,339398.0,68127.0,1.0,1.0,2710.0,2706.72186527702,2720.0,1.793553201592198,0.04,2711.475,2720.0,2.0,1.0,1.0,-1.0,0.0,1.0,19.012538891920485,8492.901055775052,8527.001055775052,3.2781347229803512,0.29,33.0,BREAK_LONG,TARGET,2024-12-11 15:25:00,2024-12-11 15:30:00,2024-12-11 18:11:00,2711.33
2024-12-11 13:25:00,2024-12-11 13:30:00,2024-12-11 16:58:00,68130.0,339417.0,339625.0,68172.0,-1.0,4.0,2720.0,2722.2713613460905,2710.0,3.6812933151670206,0.16,2719.65,2718.495,4.0,-1.0,-1.0,1.0,1.0,1.0,41.94178153744724,8527.001055775052,8545.481055775055,2.0027226921814276,0.29,42.0,REV_SHORT,SESSION,2024-12-11 18:25:00,2024-12-11 18:30:00,2024-12-11 21:58:00,2719.795
2024-12-13 07:35:00,2024-12-13 07:40:00,2024-12-13 07:45:00,68612.0,341817.0,341822.0,68614.0,-1.0,4.0,2670.0,2672.429930888082,2660.0,3.5532035050216413,0.15,2669.7,2672.429930888082,1.0,1.0,1.0,1.0,1.0,1.0,40.94896332122971,8545.481055775055,8504.532092453825,2.0698617761633056,0.29,2.0,REV_SHORT,STOP,2024-12-13 12:35:00,2024-12-13 12:40:00,2024-12-13 12:45:00,2669.845
2024-12-17 01:35:00,2024-12-17 01:40:00,2024-12-17 02:12:00,69092.0,344207.0,344239.0,69099.0,-1.0,2.0,2650.0,2651.677117149436,2640.0,4.028651182508975,0.18,2649.355,2651.677117149436,1.0,1.0,1.0,1.0,0.0,0.0,41.79810868984896,8504.532092453825,8462.733983763976,1.6771171494359685,0.29,7.0,BREAK_SHORT,STOP,2024-12-17 06:35:00,2024-12-17 06:40:00,2024-12-17 07:12:00,2649.5
2024-12-18 09:35:00,2024-12-18 09:40:00,2024-12-18 13:39:00,69464.0,346062.0,346301.0,69512.0,-1.0,2.0,2640.0,2641.844550333133,2630.0,4.030493579371876,0.17,2639.4900000000002,2637.355,3.0,1.0,1.0,1.0,0.0,1.0,40.02735566325965,8462.733983763976,8499.02898376398,1.8445503331330728,0.29,48.0,BREAK_SHORT,TIME,2024-12-18 14:35:00,2024-12-18 14:40:00,2024-12-18 18:39:00,2639.635
2024-12-18 14:50:00,2024-12-18 14:55:00,2024-12-18 14:58:00,69527.0,346377.0,346380.0,69528.0,1.0,3.0,2610.0,2606.0282391504443,2620.0,2.1633500942122676,0.04,2610.445,2606.0282391504443,1.0,-1.0,-1.0,-1.0,1.0,0.0,17.66704339822354,8499.02898376398,8481.361940365756,4.403521699111707,0.29,1.0,REV_LONG,STOP,2024-12-18 19:50:00,2024-12-18 19:55:00,2024-12-18 19:58:00,2610.3
2024-12-19 10:45:00,2024-12-19 10:50:00,2024-12-19 14:01:00,69754.0,347507.0,347698.0,69793.0,1.0,3.0,2590.0,2585.6793379616643,2600.0,2.0595377151876493,0.04,2590.36,2600.0,2.0,-1.0,-1.0,-1.0,1.0,1.0,18.72264815334347,8481.361940365756,8519.921940365755,2.7213240766718,0.29,39.0,REV_LONG,TARGET,2024-12-19 15:45:00,2024-12-19 15:50:00,2024-12-19 19:01:00,2590.215
2024-12-20 08:55:00,2024-12-20 09:00:00,2024-12-20 09:18:00,70008.0,348772.0,348790.0,70012.0,-1.0,4.0,2610.0,2615.6275517732647,2600.0,1.4736721334677254,0.06,2609.31,2615.6275517732647,1.0,1.0,-1.0,1.0,1.0,1.0,37.905310639588606,8519.921940365755,8482.016629726168,2.8351035465297314,0.29,4.0,REV_SHORT,STOP,2024-12-20 13:55:00,2024-12-20 14:00:00,2024-12-20 14:18:00,2609.455
2024-12-23 01:45:00,2024-12-23 01:50:00,2024-12-23 03:01:00,70198.0,349717.0,349788.0,70213.0,1.0,1.0,2630.0,2628.455293035932,2640.0,2.103660335501634,0.11,2632.175,2628.455293035932,1.0,1.0,1.0,1.0,0.0,1.0,40.9167766047517,8482.016629726168,8441.099853121415,1.5447069640679358,0.29,15.0,BREAK_LONG,STOP,2024-12-23 06:45:00,2024-12-23 06:50:00,2024-12-23 08:01:00,2632.03
2024-12-24 02:15:00,2024-12-24 02:20:00,2024-12-24 06:19:00,70480.0,351122.0,351361.0,70528.0,-1.0,4.0,2620.0,2622.118511383677,2610.0,3.276852901840423,0.14,2619.285,2615.13,3.0,-1.0,-1.0,1.0,0.0,1.0,39.66915937147769,8441.099853121415,8499.269853121412,1.237022767354067,0.29,48.0,REV_SHORT,TIME,2024-12-24 07:15:00,2024-12-24 07:20:00,2024-12-24 11:19:00,2619.43
2024-12-25 18:30:00,2024-12-25 18:35:00,2024-12-25 19:23:00,70939.0,353407.0,353455.0,70949.0,-1.0,4.0,2620.0,2620.6061900235513,2610.0,5.771968831407467,0.27,2619.04,2620.6061900235513,1.0,-1.0,0.0,1.0,0.0,0.0,42.287130635887024,8499.269853121412,8456.982722485525,0.6323800471031431,0.29,10.0,REV_SHORT,STOP,2024-12-25 23:30:00,2024-12-25 23:35:00,2024-12-26 00:23:00,2619.185
2024-12-26 08:15:00,2024-12-26 08:20:00,2024-12-26 10:07:00,71104.0,354232.0,354339.0,71126.0,-1.0,4.0,2630.0,2631.9356255344555,2620.0,3.589521011895485,0.16,2629.335,2631.9356255344555,1.0,-1.0,-1.0,1.0,1.0,0.0,41.61000855128805,8456.982722485525,8415.372713934237,1.5212510689107592,0.29,22.0,REV_SHORT,STOP,2024-12-26 13:15:00,2024-12-26 13:20:00,2024-12-26 15:07:00,2629.48
2024-12-27 15:00:00,2024-12-27 15:05:00,2024-12-27 16:57:00,71461.0,356012.0,356124.0,71484.0,-1.0,4.0,2620.0,2622.1268108899653,2610.0,1.751833739355251,0.04,2617.72,2622.1268108899653,1.0,1.0,1.0,-1.0,1.0,1.0,17.62724355986211,8415.372713934237,8397.745470374375,1.283621779930459,0.29,23.0,REV_SHORT,STOP,2024-12-27 20:00:00,2024-12-27 20:05:00,2024-12-27 21:57:00,2617.865
2024-12-30 06:10:00,2024-12-30 06:15:00,2024-12-30 07:47:00,71631.0,356857.0,356949.0,71650.0,1.0,3.0,2610.0,2608.5803273362917,2620.0,1.3235876415606398,0.08,2613.495,2620.0,2.0,-1.0,-1.0,1.0,1.0,0.0,39.31738130966551,8397.745470374375,8449.785470374376,1.6693453274168142,0.29,19.0,REV_LONG,TARGET,2024-12-30 11:10:00,2024-12-30 11:15:00,2024-12-30 12:47:00,2613.35
2024-12-30 20:40:00,2024-12-30 20:45:00,2024-12-31 00:44:00,71793.0,357662.0,357901.0,71841.0,-1.0,4.0,2610.0,2612.14758558358,2600.0,3.005685989326645,0.06,2609.1150000000002,2606.365,3.0,1.0,-1.0,-1.0,0.0,1.0,18.19551350147958,8449.785470374376,8466.28547037438,1.065171167160336,0.29,48.0,REV_SHORT,TIME,2024-12-31 01:40:00,2024-12-31 01:45:00,2024-12-31 05:44:00,2609.26
