,BASELINE_or_seul,GOLD_JPY_w0.100,GOLD_JPY_w0.125,GOLD_JPY_w0.150,GOLD_JPY_w0.175,GOLD_JPY_w0.200,GOLD_JPY_XAG_w0.100,GOLD_JPY_XAG_w0.125,GOLD_JPY_XAG_w0.150,GOLD_JPY_XAG_w0.175,GOLD_JPY_XAG_w0.200
2019-01-02,0.0,0.0,0.0,0.0,0.0,0.0,0.0,0.0,0.0,0.0,0.0
2019-01-03,0.0,0.0,0.0,0.0,0.0,0.0,0.0,0.0,0.0,0.0,0.0
2019-01-04,-0.0002858814914076356,-0.0002858814914076356,-0.0002858814914078684,-0.00028588149140775204,-0.00028588149140763565,-0.00028588149140775204,-0.0002858814914076356,-0.0002858814914078684,-0.00028588149140775204,-0.00028588149140763565,-0.00028588149140775204
2019-01-07,-0.00013474304949934114,-0.00013474304949934114,-0.00013474304949910828,-0.00013474304949922473,-0.00013474304949945761,-0.00013474304949945761,-0.00013474304949934114,-0.00013474304949910828,-0.00013474304949922473,-0.00013474304949945761,-0.00013474304949945761
2019-01-08,0.0001762229911762138,0.0001762229911762138,0.00017622299117609733,0.00017622299117609736,0.0001762229911763303,0.0001762229911764468,0.0001762229911762138,0.00017622299117609733,0.00017622299117609736,0.0001762229911763303,0.0001762229911764468
2019-01-09,9.708083704554911e-05,9.708083704554911e-05,9.708083704578201e-05,9.708083704566558e-05,9.708083704566557e-05,9.708083704566557e-05,-0.0003409084257756767,-0.00045040574148095413,-0.0005599030571862316,-0.0006694003728917418,-0.0007788976885971355
2019-01-10,6.439068848035923e-05,6.439068848035923e-05,6.439068848035922e-05,6.439068848047566e-05,6.439068848035923e-05,6.439068848047566e-05,-0.0006862055820669691,-0.0008738546497038479,-0.0010615037173408034,-0.0012491527849776028,-0.0014368018526144792
2019-01-11,-0.0002411639118583765,-0.0002411639118583765,-0.00024116391185837648,-0.00024116391185849295,-0.00024116391185860937,-0.00024116391185872576,-0.0001152096577407416,-8.372109421105657e-05,-5.22325306816821e-05,-2.074396715201839e-05,1.074459637736809e-05
2019-01-14,-0.0001596712368907065,-0.0001596712368907065,-0.00015967123689070647,-0.00015967123689082297,-0.00015967123689059008,-0.00015967123689070652,9.765347532002749e-05,0.00016198465337233884,0.00022631583142509567,0.00029064700947753816,0.00035497818753035565
2019-01-15,-0.0001492104339858872,-0.0001492104339858872,-0.00014921043398227654,-0.0001492104339856543,-0.00014921043398949784,-0.0001492104339856543,-0.0006707577057725236,-0.0008011445237246135,-0.0009315313416636457,-0.0010619181596143135,-0.0011923049775605277
2019-01-16,-0.00581299076481511,-0.00581299076481511,-0.005812990764826271,-0.005812990764818837,-0.005812990764818859,-0.005812990764818837,-0.00316658537773996,-0.0025049840309631912,-0.0018433826841927187,-0.0011817813374253954,-0.0005201799906508443
2019-01-17,-0.0008651418146854034,-0.0008651418146854034,-0.000865141814677911,-0.0008651418146854066,-0.0008651418146854099,-0.0008651418146854066,-0.015821901290744345,-0.01956109115975834,-0.02330028102878086,-0.027039470897792236,-0.030778660766808703
2019-01-18,-0.004462428520698811,-0.004462428520698811,-0.004462428520702564,-0.004462428520702581,-0.004462428520695092,-0.004462428520698828,-0.02605670661234727,-0.03145527613525914,-0.03685384565816678,-0.04225241518107665,-0.04765098470399531
2019-01-21,-0.00035043188108923625,-0.00035043188108923625,-0.00035043188108923755,-0.0003504318810892389,-0.00035043188108923755,-0.00035043188108923755,-0.0003504318810878866,-0.00035043188108849335,-0.0003504318810853481,-0.0003504318810907407,-0.00035043188109055355
2019-01-22,0.003185700390400562,0.003185700390400562,0.003185700390400574,0.003185700390400586,0.003185700390400574,0.003185700390400574,-0.0036147962104357213,-0.005314920360643664,-0.007015044510858793,-0.008715168661065772,-0.010415292811269473
2019-01-23,0.0006567482791225088,0.0006567482791225088,0.0006567482791262701,0.0006567482791262726,0.000656748279130029,0.000656748279130029,0.0006567482791235165,0.0006567482791242008,0.0006567482791272653,0.0006567482791298032,0.0006567482791226906
2019-01-24,0.004606222892203936,0.004606222892203936,0.004606222892207692,0.00460622289220771,0.0046062228922039185,0.0046062228922039185,0.004606222892209552,0.004606222892203986,0.004606222892208578,0.004606222892206751,0.004606222892212002
2019-01-25,0.0010543834114355188,0.0010543834114355188,0.0010543834114280365,0.0010543834114280406,0.0010543834114280365,0.0010543834114280365,0.0010543834114252616,0.0010543834114306433,0.0010543834114254366,0.0010543834114295559,0.001054383411424684
2019-01-28,0.00011704501384472304,0.00011704501384472304,0.00011704501384472349,0.00011704501384472393,0.00011704501384845872,0.00011704501384845872,0.01980982122143637,0.024733015273330897,0.029656209325226068,0.03457940337712029,0.039502597429018044
2019-01-29,-0.0016795173425701183,-0.0016795173425701183,-0.0016795173425701246,-0.001679517342566396,-0.0016795173425663834,-0.0016795173425701183,0.012012633832166815,0.015435671625849964,0.018858709419534048,0.022281747213215318,0.0257047850068981
2019-01-30,0.0023612663806462345,0.0023612663806462345,0.002361266380646243,0.002361266380642502,0.0023612663806499667,0.0023612663806499754,0.018739248203907943,0.022833743659721042,0.02692823911553464,0.031022734571352503,0.03511723002717277
2019-01-31,0.0,0.0,0.0,0.0,0.0,0.0,0.024163842485829184,0.030204803107287268,0.03624576372874813,0.04228672435020801,0.048327684971665175
2019-02-01,0.00020591788637554725,0.00020591788637554725,0.000205917886375548,0.000205917886375548,0.00020591788637927796,0.0002059178863792795,-0.023304716384135102,-0.029182374951761215,-0.035060033519400895,-0.04093769208702972,-0.046815350654657334
2019-02-04,-0.004306739704701537,-0.004306739704701537,-0.004306739704701554,-0.004306739704697822,-0.004306739704701489,-0.0043067397047015215,-0.01180108873745218,-0.013674675995633172,-0.015548263253815801,-0.017421850512006693,-0.0178230014601421
2019-02-05,-0.005928360486748252,-0.005928360486748252,-0.0059283604867445255,-0.005928360486748252,-0.005928360486751932,-0.005928360486748229,-0.014205570906692689,-0.016274873511684013,-0.01834417611667172,-0.020413478721655685,-0.02054370068926147
2019-02-06,-0.006942551799353124,-0.006942551799353124,-0.006942551799356895,-0.006942551799353124,-0.006942551799353072,-0.006942551799356869,-0.030599568989148625,-0.03651382328659826,-0.04242807758404455,-0.04834233188149365,-0.048881644766071666
2019-02-07,0.0015306777502945748,0.0015306777502945748,0.0015306777502907844,0.001530677750286982,0.0015306777502907668,0.0015306777502945748,0.004854784144055211,0.005685810742495862,0.006516837340933268,0.006932615752832383,0.006794610717974345
2019-02-08,-0.0010355194739241347,-0.0010355194739241347,-0.001035519473927933,-0.0010355194739241425,-0.0010355194739203402,-0.0010355194739241347,0.01660411903780286,0.021014028665732813,0.025423938293671376,0.028023935967492464,0.028337533135907433
2019-02-11,-0.011620119408907826,-0.011620119408907826,-0.011620119408904164,-0.011620119408904119,-0.011620119408911531,-0.011620119408907826,-0.032217487255659365,-0.03736682921734212,-0.04251617117903271,-0.043503411478713484,-0.04247252994347185
2019-02-12,0.0023917815155363002,0.0023917815155363002,0.0023917815155324795,0.0023917815155401487,0.0023917815155401305,0.0023917815155363002,0.0027962962010773793,0.0028974248724628056,0.0029384518598352875,0.0026385721417590668,0.0024077361083839903
2019-02-13,-0.0027762246882487122,-0.0027762246882487122,-0.0027762246882449145,-0.0027762246882525425,-0.002776224688252521,-0.0027762246882487122,-0.00948008069903735,-0.011156044701736399,-0.012585035456668775,-0.012366322622752751,-0.012195159366850082
2019-02-14,0.00437655511418933,0.00437655511418933,0.004376555114185523,0.004376555114189347,0.0043765551141854726,0.004376555114185489,-0.01860985929286654,-0.024356462894628974,-0.029650677423573663,-0.03069041131710654,-0.03148149943321786
2019-02-15,0.004515778334196077,0.004515778334196077,0.004515778334196128,0.004515778334196094,0.0045157783341999,0.0045157783341999175,0.04702669322516318,0.057654421947902164,0.06541016139044167,0.06554489985371408,0.06562943690334616
2019-02-18,-0.0009170258072917438,-0.0009170258072917438,-0.0009170258072879476,-0.0009170258072917473,-0.0009170258072879336,-0.0009170258072879372,-0.0009170258072960752,-0.0008775579973578041,-0.0007434220910450172,-0.0006446286279159245,-0.0005688981540654542
2019-02-19,0.010454584854173513,0.010454584854173513,0.010454584854169783,0.010454584854177362,0.010454584854177244,0.010454584854173473,0.05039201657408843,0.060317669130642744,0.05952467201143055,0.058919884746307126,0.05844451277275307
2019-02-20,-0.0002299045835936203,-0.0002299045835936203,-0.00022990458358985218,-0.00022990458359739105,-0.0002299045835936177,-0.00022990458359361943,0.03491648215827839,0.038109895775251756,0.03889768444495444,0.03946711115509417,0.0398973888247497
2019-02-21,0.0014156986430346556,0.0014156986430346556,0.0014156986430308948,0.0014156986430308893,0.001415698643030868,0.0014156986430308787,-0.056875065753905094,-0.059403387512237685,-0.06068615225045345,-0.061613489885973205,-0.06231441948186069
2019-02-22,0.00039940113723174443,0.00039940113723174443,0.0003994011372355152,0.0003994011372317474,0.0003994011372317414,0.0003994011372355107,0.018166486796712775,0.01844206054700341,0.018622053256953774,0.018748380543963918,0.01884173365108249
2019-02-25,-0.0005003076844121721,-0.0005003076844121721,-0.0005003076844121759,-0.0005003076844084111,-0.0005003076844084036,-0.0005003076844084055,-0.012720598483350613,-0.012869964374590174,-0.012966556929066985,-0.013033839132108288,-0.013083263506069755
2019-02-26,-0.00231993163460773,-0.027368954431623238,-0.033631210130877366,-0.03989346583013491,-0.04615572152938811,-0.05241797722864023,-0.016086354935128992,-0.01597750659254055,-0.01589535164467792,-0.01583170891361696,-0.015781163179723803
2019-02-27,0.0040335408514877704,0.00339604872255918,0.0032366756903178763,0.0030773026580852843,0.002917929625855632,0.0027585565936191427,-0.020031313003956074,-0.021107476760074056,-0.021837509574641773,-0.022364641127848944,-0.022762884891706088
2019-02-28,0.0003641224966748482,0.000364122496673344,0.00036412249667277244,0.00036412249667993333,0.0003641224966772635,0.0003641224966764713,-0.020362085962111046,-0.020772215810683104,-0.021042959504887222,-0.021234586118389246,-0.021377160592484772
2019-03-01,0.0013044874379572388,0.001304487437956994,0.0013044874379624977,0.0013044874379558096,0.0013044874379583528,0.001304487437960449,-0.057933766886877555,-0.0590907759738267,-0.05985269161816746,-0.060391022464564154,-0.060791034523100904
2019-03-04,0.004497411382723934,-0.0024442737918766995,-0.004179695085527474,-0.005915116379176612,-0.007650537672826384,-0.00938595896647755,-0.0010584009593648214,-0.0017733635086116877,-0.002258689129907181,-0.0026093443541787545,-0.0028744105195637666
2019-03-05,-0.0012941598943237164,-0.0012021849171135566,-0.0011791911728101878,-0.001156197428501654,-0.0011332036842017841,-0.001110209939892253,-0.0009562600767826575,-0.0007650563337685953,-0.000634567251638762,-0.0005399395956887684,-0.0004682170389358407
2019-03-06,0.0021359139046064324,0.002135913904607573,0.002135913904607941,0.002135913904606398,0.00213591390461029,0.0021359139046094157,0.0016564412068328818,0.0013415032416763631,0.0011266635130537084,0.0009709077433922924,0.0008528738884007203
2019-03-07,-0.004520823567376675,-0.004520823567373553,-0.004520823567372575,-0.004520823567375862,-0.004520823567376732,-0.004520823567380997,-0.0035055391935548525,-0.00283803224259913,-0.0023830504908639114,-0.0020533514421637875,-0.0018035763598680872
2019-03-08,-0.005031060850905218,-0.005031060850909264,-0.0050310608509087675,-0.00503106085090832,-0.005031060850911201,-0.005031060850902089,-0.003972906271579377,-0.003210671114353885,-0.002692688583207875,-0.0023181256799838013,-0.0020348014213396066
2019-03-11,0.016688189919223658,0.016688189919227884,0.016688189919226052,0.0166881899192272,0.016688189919227138,0.0166881899192248,0.013213474765031525,0.010677418496746442,0.008953909297570116,0.007707666044311606,0.006765069453582802
2019-03-12,-0.004839629523071498,-0.004839629523072229,-0.004839629523074425,-0.004839629523072457,-0.004839629523066996,-0.004839629523071687,-0.003831548245881138,-0.0031093289918972936,-0.0026142212441203055,-0.002254267263036204,-0.0019810167984890136
2019-03-13,0.0065077311259766285,0.0065077311259791075,0.00650773112597869,0.006507731125979805,0.00650773112597553,0.0065077311259794865,0.005271513663297648,0.00426260042149687,0.00357548746776866,0.003078125808553401,0.0027017397160135166
2019-03-14,0.0019867762562631075,0.0019867762562606577,0.0019867762562580838,0.001986776256260104,0.0019867762562605666,0.0019867762562591155,0.0016063903836542298,0.001299570525013127,0.0010904143575454597,0.0009389264920494281,0.0008242380738967048
2019-03-15,0.001247880219914875,0.001247880219915769,0.0012478802199176232,0.001247880219918447,0.0012478802199135243,0.001247880219915053,0.001009303387930113,0.0008162835784693565,0.0006847871467241784,0.0005895835567952918,0.0005175252388531843
2019-03-18,-0.00594370647294434,-0.005943706472948944,-0.00594370647294907,-0.005943706472945346,-0.00594370647294295,-0.005943706472943366,-0.004843213523424955,-0.003919617693640715,-0.0032897131895901427,-0.002833303432697124,-0.0024876512832893633
2019-03-19,0.004478752464119681,0.004383385504163258,0.004359543764177447,0.00433570202418265,0.004311860284190072,0.0042880185442038116,0.00391227512627927,0.0031550698374906106,0.0026380640997055536,0.0022633392017136086,0.0019795527194894766
2019-03-20,-0.024541428181804836,-0.062321388499742975,-0.07176637857923565,-0.08121136865872329,-0.09065635873820428,-0.10010134881768962,-0.04395930606475763,-0.04010292156757087,-0.03744717863606149,-0.035510905652826004,-0.034038190648069885
2019-03-21,0.004879707687034124,0.0018622092752909516,0.0011078346723569,0.00035346006942244576,-0.00040091453351703816,-0.0010848424998909675,0.002674171592152067,0.001802109662611851,0.001197403435748964,0.0007552901030874722,0.00041870870014529434
2019-03-22,0.0019416963991332706,-0.04623458455534156,-0.05827865479395943,-0.07032272503258,-0.082366795271197,-0.08869545851459869,-0.031125345704710462,-0.03267119383040175,-0.033464475550218996,-0.034008522801744934,-0.03440201873203533
2019-03-25,0.00036796463990598506,4.614987833776602e-06,-8.622242518105447e-05,-0.00016795128381005828,-0.00022406941578733287,-0.00026810001981005357,0.020103830949250636,0.02245511689699712,0.022753802431341397,0.022954272698384834,0.023096706708015006
2019-03-26,0.009399044316492494,0.009399044316493532,0.009399044316488475,0.008919248301684704,0.00786479502929108,0.007027531034305554,-0.004271647576507385,-0.006878590699312069,-0.00840810997899548,-0.009522332862778553,-0.010368575758262057
2019-03-27,-0.0029024308965190444,-0.009260200192379645,-0.010849642516342201,-0.011681520205996943,-0.011632877755346036,-0.011584703181900169,-0.007140943760424171,-0.007397849457891332,-0.007068007571068639,-0.006820419192107204,-0.006628216166165187
2019-03-28,-0.0002767416399890459,0.008754449705327634,0.011012247541653822,0.013014430874533522,0.013470848406984402,0.013820262241089907,0.005744052590217253,0.006593623194836046,0.0067374104029804885,0.006837075053269146,0.0069098543134502215
2019-03-29,-0.0003375806874797949,0.00932528793887007,0.011741005095453177,0.013702301524735552,0.014168020520747662,0.01452319541875565,0.006104331730090887,0.0070633058895755215,0.007223495297553524,0.007334768559627999,0.007416170517017342
2019-04-01,0.003618675401287978,0.032014008629364626,0.03911284193638732,0.04403662585672688,0.044821107049781775,0.04539935688303494,0.02254889755332937,0.0251368441926035,0.02495471210613369,0.024800359971399167,0.02467074841348251
2019-04-02,0.0027186902730518404,0.0008976390435443122,0.0004423762361675661,-1.1148619370893624e-05,-0.00035607169953689896,-0.0006261374847984555,0.0015046561200532504,0.0011005967340674471,0.000694822417920632,0.0003978190580796842,0.00017138685228582188
2019-04-03,0.0013125053396324546,0.010964194439421864,0.013377116714368672,0.013657847802864219,0.013844987529763656,0.013981249446576704,0.00774696473949286,0.008571245907440744,0.008486202720877443,0.008418146080912538,0.00836297290210191
2019-04-04,-0.001469568585337117,0.006747667717631448,0.008711550688204523,0.009280334048536891,0.00970077135381583,0.010023019269698587,0.004008588949974871,0.0049168274137376166,0.005211566992215334,0.005423418849837614,0.00558274090987496
2019-04-05,-0.0028373822493849878,0.001121623517162409,0.0020805516269658004,0.0026373984509765534,0.0030563184821533395,0.003381925915042741,-0.00019804507168523679,0.0004217646224820164,0.000865374285467549,0.001188948782897434,0.0014350118464279775
2019-04-08,-0.00356463678446568,-0.014444247425124651,-0.016910275057774735,-0.016900488301152945,-0.016872255055844675,-0.016837680255944395,-0.010817710544905554,-0.011540553214379806,-0.011146993989628193,-0.010851889952948661,-0.010622917799784205
2019-04-09,-0.002725765066967915,-0.02032294195102086,-0.02411130068275672,-0.02450185768774123,-0.02476910085342022,-0.024960768555839754,-0.014457216323003322,-0.015877196200184067,-0.015674575311496134,-0.015515844872028044,-0.015388929305668852
2019-04-10,0.00082439901679593,-0.006715553551578524,-0.008355441344111612,-0.00875189567502485,-0.00904264459140103,-0.00926438558924392,-0.0042022360287859535,-0.00498200910618257,-0.0051785587091476215,-0.005318726519053917,-0.005423500041157802
2019-04-11,0.0028399843211189286,0.038642048607310256,0.04619545893626699,0.0471446433354676,0.04781918318036998,0.04832051777679802,0.02670802717857785,0.029821138389103493,0.029799704601745202,0.02976405504972454,0.029725567720822993
2019-04-12,-0.0013543987969947167,0.0170180888280305,0.019030405967568702,0.019736915612467935,0.020251092925302694,0.02064117639625385,0.01089392628635773,0.012542197631761471,0.01292423932691175,0.013195247990164317,0.013396997838755927
2019-04-15,0.0008252335600652576,0.0023084037188582382,0.0023159279495083692,0.0022520858404001796,0.0022030110780474014,0.0021642103661024125,0.0018140136659236558,0.0018490825445529083,0.0017494878269028965,0.0016755705305776065,0.0016186331183924707
2019-04-16,-0.0025306698065837335,-0.00303438754154408,-0.00273096931219939,-0.0024257807445832525,-0.002196786338226114,-0.0020189083201270293,-0.0028664816298880286,-0.0026460598797574133,-0.002299115965861033,-0.00204408531995481,-0.00184900783698894
2019-04-17,-3.15675774021315e-05,0.0030556329420392747,0.0033096529971807388,0.0033965276478071732,0.003459042818747502,0.003506055929899006,0.002026566102224394,0.0022868171135925507,0.002323282296466923,0.002348457437034556,0.002366795249233741
2019-04-18,0.004771018637727881,-9.925051834681992e-05,-0.0011388905328942652,-0.0018715017067301113,-0.0024157337941043294,-0.002835351830214509,0.0015241725336799334,0.0006476892540667932,-7.621029297297069e-05,-0.0006050417734570358,-0.0010076829976115322
2019-04-19,0.0,-0.0018590184466532374,-0.002323773058320172,-0.0025283056909222537,-0.0025380391490695143,-0.0025448743900002126,-0.0012393456311044315,-0.0014082645147644375,-0.001427448732976169,-0.0014405300203346842,-0.0014499606920690981
2019-04-22,0.0,0.000491344318992593,0.0006141803987437996,0.0006676401648120795,0.0006703076394490864,0.0006721993936347177,0.0003275628793302204,0.0003722619502378851,0.0003773522087977244,0.000380826106250603,0.0003833323296914614
2019-04-23,0.005187736438474901,0.001917269748724859,0.0010996530762839383,0.0002820364038512583,-0.0005355802685841823,-0.0012242147312872854,0.0030074253119774202,0.002238719063679376,0.0014724743269938637,0.0009116127842239469,0.00048396757843348587
2019-04-24,0.002837535001477,0.019540135870517564,0.023715786087777455,0.027891436305040516,0.03206708652229685,0.032767301660979825,0.013972602247499055,0.015238905563539807,0.015010851501107217,0.014834397497576689,0.014694466978763216
2019-04-25,0.0,-0.02826382494925311,-0.035329781186566094,-0.04239573742388261,-0.04936013349260641,-0.049668894206955645,-0.018842549966165217,-0.021332604199453264,-0.021625443237215044,-0.0218254010462318,-0.021969722872698407
2019-04-26,-0.0006412966562469337,-0.0017048162003304784,-0.001970696086350918,-0.00223657597237121,-0.0022321844706222177,-0.0021705297652027775,-0.0013503096856402265,-0.001387819157996683,-0.0013085691016669302,-0.0012497899074009665,-0.0012045355349133025
2019-04-29,-0.000276026614695012,-0.0017015932830995568,-0.0020579849501981898,-0.002414376617301462,-0.002474091965442414,-0.002454812768083528,-0.0012264043936302082,-0.0013353521503639183,-0.0013116085729483363,-0.001293388999469353,-0.0012790208273045535
2019-04-30,-0.00556463924453599,-0.005564639244534313,-0.005564639244536294,-0.005564639244537229,-0.004983444462828593,-0.004381817048255231,-0.005564639244536393,-0.0051174585299001455,-0.004324572437987416,-0.003741932251802826,-0.0032964038785727318
2019-05-01,0.0012827194204468085,0.0012827194204458395,0.0012827194204469198,0.0012827194204466322,0.0012698635932482845,0.0011162188187421587,0.0012827194204483119,0.0011965965575738776,0.00101167181645244,0.0008756445892027584,0.0007715570129391562
2019-05-02,0.005054127415384515,0.0050541274153856385,0.005054127415382588,0.005054127415384447,0.005004426389539221,0.004399214796669885,0.005054127415384386,0.0047544769974389575,0.0040208791231600045,0.0034809471365727764,0.0030676249873433513
2019-05-03,-0.019776857076895756,-0.019776857076899586,-0.019776857076895922,-0.019776857076894985,-0.019776857076897202,-0.017429353251703653,-0.019776857076897462,-0.018616341807183426,-0.01574363218135666,-0.01362932086092148,-0.012010823055447213
2019-05-06,-0.0008514051447197429,-0.000851405144716891,-0.0008514051447182262,-0.0008514051447177871,-0.0008441652231297349,-0.000745295802763888,-0.0008514051447159465,-0.0008003281487609707,-0.000677487881552855,-0.0005868345831330803,-0.0005173253456650185
2019-05-07,-0.006226869831026546,-0.006226869831030477,-0.006226869831025815,-0.006226869831027561,-0.006180183457391994,-0.005457112323614782,-0.006226869831027514,-0.005943293454491138,-0.005028079842061852,-0.0043533037964780105,-0.0038362973959725176
2019-05-08,0.006387438387435472,0.006387438387440893,0.0063874383874367785,0.006387438387438148,0.006387438387436569,0.005718375543408794,0.006387438387438156,0.006100803723298478,0.005161647680963112,0.004469063380490325,0.003938346547145388
2019-05-09,-0.00585559428188865,-0.005855594281894601,-0.005855594281893059,-0.00585559428189229,-0.005855594281894047,-0.005251259864928829,-0.005855594281892809,-0.005629397035061497,-0.004765552398601801,-0.004127761400554514,-0.003638631447747096
2019-05-10,0.00035632124278443166,0.0003563212427830485,0.00035632124278622883,0.00035632124278013193,0.00035632124278462085,0.00031984962996374017,0.0003563212427804559,0.0003483585612288989,0.00029451555174239534,0.0002548529125682479,0.00022448743414066108
2019-05-13,0.002584253695227113,0.0025842536952322467,0.002584253695226678,0.002584253695232594,0.0025842536952324236,0.0023201017672198803,0.0025842536952327935,0.0025272157923653935,0.002136511139966594,0.0018487289161506029,0.0016284179010580102
2019-05-14,0.004425927671488389,0.004425927671487304,0.004425927671485062,0.004425927671481419,0.004425927671480876,0.0039726576094428565,0.004425927671481154,0.004331782058431854,0.0036619163144313155,0.0031685509762807884,0.0027908795746089655
2019-05-15,-5.5439434496806456e-05,-5.5439434495446237e-05,-5.5439434491546e-05,-5.5439434489002735e-05,-5.543943449371444e-05,-4.976138453749045e-05,-5.5439434492778394e-05,-5.4624044623509787e-05,-4.621340274439877e-05,-4.001013201860359e-05,-3.525655232713304e-05
2019-05-16,0.0044336711184832685,0.004433671118482425,0.004433671118478618,0.004433671118477586,0.004433671118487039,0.003981332031076145,0.004433671118485662,0.0044336711184777364,0.0039030139300612987,0.00337958498285412,0.0029781978452780495
2019-05-17,0.0,0.0,0.0,0.0,0.0,0.0,0.0,0.0,0.0,0.0,0.0
2019-05-20,-0.00032307994426656423,-0.00032307994426272063,-0.00032307994426472716,-0.0003230799442678145,-0.0003230799442657209,-0.0002904995213628361,-0.00032307994426390734,-0.0003230799442660882,-0.00030391492770892587,-0.00026281376641627835,-0.00023135214802283042
2019-05-21,-0.004040998917355958,-0.004040998917361835,-0.004040998917358531,-0.004040998917361605,-0.00404099891736129,-0.0036335048671782277,-0.004040998917359809,-0.004040998917357566,-0.00397383663541693,-0.0034394945808804062,-0.0030296420082411416
2019-05-22,0.0033047058061741966,0.0033047058061745145,0.0033047058061738727,0.0033047058061770333,0.003304705806175047,0.002971710631575357,0.003304705806174468,0.003304705806173776,0.003304705806176523,0.0031378250761096567,0.0027696580988479463
2019-05-23,0.0062366566218754775,0.0062366566218832725,0.0062366566218770726,0.006236656621877889,0.006236656621878193,0.005606728895522328,0.006236656621881146,0.006236656621879077,0.006236656621879488,0.00605165128381972,0.005343862110086967
2019-05-24,0.024246486824845107,0.024246486824836162,0.024246486824843413,0.02424648682484777,0.02424648682484304,0.021780705574493856,0.02424648682483777,0.024246486824841162,0.024246486824838827,0.023633176297830506,0.020874698866536104
2019-05-27,-0.02660891795305986,-0.026608917953050402,-0.026608917953058094,-0.02660891795306122,-0.02660891795305735,-0.02448765177170245,-0.02660891795305755,-0.02660891795305727,-0.026608917953055877,-0.025920891070912656,-0.022941524016198252
2019-05-28,-0.005207874949762568,-0.005207874949766759,-0.0052078749497664395,-0.0052078749497686296,-0.005207874949764425,-0.004754029952052859,-0.005207874949764661,-0.005207874949767107,-0.005207874949764072,-0.0051551865046124135,-0.004576925269487575
2019-05-29,-0.01224451711323273,-0.012244517113233006,-0.012244517113228683,-0.012244517113225308,-0.012244517113228876,-0.011175485237793601,-0.012244517113224102,-0.012244517113223082,-0.01224451711322716,-0.012244517113226655,-0.011023794133029388
2019-05-30,-0.004392756653417653,-0.004392756653413215,-0.004392756653415455,-0.004392756653420049,-0.004392756653414941,-0.004003638810434317,-0.004392756653420777,-0.004392756653417628,-0.004392756653418062,-0.004392756653418372,-0.004392756653413312
2019-05-31,0.010746875792947155,0.010746875792948515,0.010746875792947265,0.010746875792945278,0.01074687579294365,0.009801574188040616,0.010746875792948548,0.010746875792943823,0.010746875792949084,0.010746875792948482,0.010746875792945514
2019-06-03,-0.003422102002844503,-0.003422102002844044,-0.0034221020028422588,-0.003422102002839835,-0.0034221020028392217,-0.003115581014419913,-0.003422102002837204,-0.00342210200283832,-0.003422102002842557,-0.0034221020028433,-0.0034221020028362505
2019-06-04,0.015833175695684057,0.015833175695682378,0.015833175695689893,0.015833175695685386,0.01583317569568003,0.01441603654232322,0.015833175695681694,0.015833175695683547,0.015833175695681836,0.015833175695684848,0.01583317569567955
2019-06-05,-0.003290036075133874,-0.0032900360751329303,-0.003290036075137324,-0.003290036075133283,-0.003290036075133408,-0.002985534980425983,-0.0032900360751383583,-0.0032900360751353572,-0.003290036075133232,-0.0032900360751340623,-0.003290036075132669
2019-06-06,-0.0019425892596554109,-0.0019425892596531594,-0.0019425892596523742,-0.0019425892596546652,-0.0019425892596532882,-0.001763043600490081,-0.0019425892596506868,-0.0019425892596541376,-0.0019425892596563147,-0.001942589259654593,-0.0019425892596510095
2019-06-07,0.01036290560951911,0.010362905609518417,0.010362905609515976,0.010362905609519819,0.01036290560951852,0.009441270555312317,0.010362905609513374,0.010362905609515494,0.010362905609518804,0.010362905609517673,0.010362905609512649
2019-06-10,-0.014624823873418309,-0.014624823873416213,-0.014624823873417804,-0.014624823873419191,-0.01462482387341832,-0.013305184843078889,-0.014624823873415238,-0.014624823873418052,-0.01462482387341555,-0.014624823873417894,-0.014624823873415321
2019-06-11,0.01689575035233512,0.016895750352331564,0.01689575035233039,0.016895750352333243,0.01689575035233211,0.015347582018614612,0.016895750352332626,0.016895750352332123,0.016895750352330992,0.01689575035233449,0.016895750352331547
2019-06-12,-0.011039679349954513,-0.011039679349950756,-0.011039679349950069,-0.011039679349949353,-0.01103967934995127,-0.0099895654766957,-0.011039679349954559,-0.011039679349947635,-0.011039679349950721,-0.011039679349952394,-0.01103967934995133
2019-06-13,-0.008625604663919343,-0.008625604663917047,-0.008625604663915598,-0.008625604663912496,-0.008625604663912016,-0.007796336991230383,-0.00862560466391247,-0.008625604663915189,-0.00862560466391444,-0.0086256046639168,-0.008625604663913917
2019-06-14,-0.04103660956832594,-0.04103660956832591,-0.04103660956832887,-0.041036609568329996,-0.041036609568329024,-0.037076765183834896,-0.041036609568326825,-0.04103660956832662,-0.04103660956832692,-0.04103660956832346,-0.04103660956833073
2019-06-17,-0.03581684872447301,-0.03581684872447386,-0.03581684872447513,-0.03581684872447598,-0.035347301201363444,-0.03178110226592599,-0.03581684872447219,-0.035816848724474805,-0.035816848724473195,-0.03581684872447624,-0.035816848724472404
2019-06-18,0.016291635936214573,0.01629163593621653,0.016291635936216547,0.016291635936219004,0.016291635936217463,0.016160460047943952,0.016291635936213186,0.016291635936218806,0.01629163593621438,0.016291635936217214,0.01629163593621549
2019-06-19,0.0838673794524429,0.0838673794524446,0.08386737945244249,0.08386737945244228,0.08386737945244328,0.08283859818310454,0.08386737945244134,0.08386737945244122,0.08386737945244448,0.08386737945244448,0.083867379452444
2019-06-20,0.013234077963312003,0.013234077963311405,0.013234077963313577,0.013234077963316502,0.013234077963312758,0.013234077963311577,0.013234077963313263,0.013234077963311669,0.013234077963311119,0.013234077963317024,0.013234077963313244
2019-06-21,-0.0023370944381750523,-0.0023370944381747075,-0.0023370944381737612,-0.0023370944381730053,-0.002337094438174061,-0.0023370944381757197,-0.006372336036170341,-0.007381146435673423,-0.008389956835177828,-0.009398767234679917,-0.010407577634178667
2019-06-24,0.00026356307531324996,0.00026356307531099027,0.0002635630753130966,0.00026356307531098913,0.0002635630753143174,0.0002635630753169762,0.012315726826369102,0.015318111779560996,0.018314660589602245,0.021304599569304472,0.024287164136441074
2019-06-25,0.004540229133560949,0.004540229133564903,0.0045402291335622565,0.0045402291335610925,0.004540229133562795,0.0045402291335590785,0.004500215552735139,0.004479915435959128,0.004455779174441722,0.004427996904118082,0.004396780695989682
2019-06-26,-0.006796281229826503,-0.006796281229830394,-0.006796281229829194,-0.006796281229829404,-0.006796281229827171,-0.0067962812298254325,-0.006740175714016299,-0.006709717031204173,-0.006673131394465571,-0.00663072552220654,-0.006582843737476967
2019-06-27,0.005292573223642418,0.005292573223647951,0.0052925732236443306,0.005292573223648768,0.005292573223644075,0.005292573223644713,0.00524863845928001,0.0052248931622736515,0.005196390241020185,0.005163368013059619,0.005126093889771119
2019-06-28,-0.004718742093620562,-0.004718742093625335,-0.0047187420936168935,-0.004718742093619871,-0.004718742093622807,-0.004718742093623141,-0.004681918521407542,-0.004661117602495347,-0.0046359859008919604,-0.004606737497623098,-0.004573613773614323
2019-07-01,-0.0034597727875912924,-0.003459772787590077,-0.003459772787593435,-0.0034597727875963105,-0.003459772787592024,-0.0034597727875930466,-0.0034327280980672725,-0.003417471248329621,-0.0033990413713172528,-0.0033775953547459368,-0.0033533100692665534
2019-07-02,0.007803532344637655,0.007803532344634337,0.007803532344632859,0.007803532344639503,0.007803532344638328,0.007803532344640767,0.007738324549688063,0.0077028467893888895,0.007660226449484671,0.007610826456767117,0.007555054033420515
2019-07-03,-0.0018324479367716432,-0.0018324479367682876,-0.001832447936768712,-0.0018324479367718596,-0.001832447936771244,-0.001832447936775299,-0.0018178958502868717,-0.00180974747748331,-0.0017999157148050045,-0.0017884844410885957,-0.0017755481189208125
2019-07-04,-0.000458852877031168,-0.0004588528770327657,-0.00045885287702632926,-0.00045885287703097165,-0.0004588528770327215,-0.0004588528770272183,-0.00045485808572536326,-0.000452717067143831,-0.00045015148233007923,-0.000447183449489512,-0.0004438377199946964
2019-07-05,-0.010591356513489848,-0.010591356513491659,-0.01059135651349385,-0.010591356513493593,-0.010591356513488855,-0.010591356513489416,-0.010500077040766448,-0.010450832904712989,-0.010391764049683106,-0.01032338080653766,-0.010246254711658177
2019-07-08,-0.004576994685483319,-0.00457699468548272,-0.004576994685489295,-0.0045769946854821815,-0.004576994685484034,-0.004576994685488132,-0.004536551331009657,-0.004515171917986833,-0.004489605521868008,-0.004460070183312719,-0.004426809569467557
2019-07-09,-0.0013590242933766955,-0.0013590242933792151,-0.001359024293374024,-0.0013590242933783452,-0.001359024293374756,-0.0013590242933759714,-0.0013462151317579834,-0.0013396607705959975,-0.001331864663502449,-0.0013228933949328667,-0.0013128210195236208
2019-07-10,0.014466982044627113,0.01446698204462918,0.014466982044630101,0.014466982044627244,0.01446698204462587,0.014466982044630525,0.014334891355345351,0.014265391411753285,0.01418236852453067,0.014086547107433922,0.013978735205585714
2019-07-11,-0.004332931575209821,-0.004332931575214065,-0.004332931575210879,-0.0043329315752095865,-0.004332931575208745,-0.004332931575211609,-0.004292807812016932,-0.004271798467728042,-0.004246722501960048,-0.004217799726970803,-0.004185275100964733
2019-07-12,0.0007455775254755685,0.0007455775254792391,0.000745577525475559,0.0007455775254739678,0.0007455775254764478,0.0007455775254766683,0.0007387859320235655,0.0007351774043441931,0.0007308608741108528,0.0007258745991505323,0.0007202612773759249
2019-07-15,0.004059594934110285,0.004059594934111976,0.004059594934110594,0.004059594934111548,0.004059594934112191,0.004059594934114118,0.0040237109156763115,0.004004224719245233,0.003980838155702357,0.003953760691294736,0.00392322667701256
2019-07-16,-0.006303908129312456,-0.006303908129315464,-0.006303908129315151,-0.006303908129313025,-0.006303908129317756,-0.00630390812931655,0.030893665284697145,0.04019305863819521,0.04949245199169784,0.058791845345204215,0.06809123869870667
2019-07-17,0.006598859738816301,0.006598859738820011,0.006598859738817702,0.006598859738816584,0.006598859738824155,0.006598859738821029,0.04106977041477548,0.04968749808376528,0.05830522575275345,0.06692295342173353,0.07260880815688732
2019-07-18,0.004109671679470761,0.004109671679468991,0.004109671679471976,0.004109671679471879,0.004109671679465261,0.004109671679467267,0.02937738870557857,0.03569431796210688,0.04001602709725761,0.04288891151389661,0.045138988322677924
2019-07-19,-0.0019102864852564368,-0.0019102864852555443,-0.001910286485258412,-0.0019102864852550859,-0.0019102864852511559,-0.0019102864852540108,-0.002318654911665281,-0.0024207470182714486,-0.002522839124867085,-0.0026249312314746745,-0.002537601350259234
2019-07-22,0.0023185575201687724,0.002318557520172436,0.002318557520173154,0.0023185575201693015,0.0023185575201701346,0.002318557520166073,0.026170253658628868,0.03213317769323959,0.03809610172785308,0.04405902576246639,0.04626145719748421
2019-07-23,-0.0011741669037066027,-0.0011741669037093566,-0.001174166903711383,-0.0011741669037050866,-0.0011741669037119156,-0.001174166903704147,0.005458263402015416,0.007116370978452111,0.008774478554879487,0.010432586131315723,0.010780429785343557
2019-07-24,0.00012004170399635371,0.00012004170399621497,0.00012004170400145094,0.00012004170399628763,0.00012004170399955434,0.00012004170399713115,0.01526725732985686,0.01905406123631514,0.02284086514278455,0.026627669049246728,0.027323327873231877
2019-07-25,-0.002237082465063536,-0.0022370824650695073,-0.002237082465069886,-0.00223708246506815,-0.002237082465068711,-0.0022370824650699817,-0.02376769947338399,-0.029150353725459745,-0.03453300797754125,-0.03991566222962103,-0.040326557036889504
2019-07-26,0.004127752107364049,0.004127752107363832,0.004127752107362206,0.004127752107360705,0.004127752107362388,0.0041277521073644395,0.0025963939663235704,0.0022135544310627575,0.001830714895804844,0.0013240683880456098,0.0008599090007219411
2019-07-29,-0.0016086508057241706,-0.001608650805723944,-0.001608650805721803,-0.0016086508057239833,-0.0016086508057236541,-0.001608650805725473,0.002761335292198906,0.0038538318166778888,0.004946328341156451,0.005511049833705628,0.0057452018853182225
2019-07-30,-0.008685253728039589,-0.008685253728039658,-0.00868525372803757,-0.008685253728040339,-0.008685253728039763,-0.008685253728037164,0.0042929427459377206,0.007537491864428966,0.010782040982915027,0.012905699721979249,0.014020959530045266
2019-07-31,-0.007394820611410447,-0.007394820611403131,-0.007394820611407194,-0.00739482061140368,-0.00739482061140324,-0.0073948206114085886,-0.02248511014283406,-0.026257682525687092,-0.03003025490853595,-0.03134775445324185,-0.030723655714429008
2019-08-01,0.0026574582572566935,0.002657458257251267,0.0026574582572531148,0.002657458257248998,0.0026574582572488916,0.0026574582572534665,-0.020654127049085567,-0.026482023375669416,-0.032110300253568355,-0.03292608764345587,-0.03352864962356625
2019-08-02,0.037646567480175405,0.03764656748017272,0.03764656748016964,0.03764656748017595,0.037646567480174704,0.037646567480176064,0.04839454974474195,0.051081545310885386,0.05017506941842065,0.04561607411313818,0.042107300070406924
2019-08-05,-0.000574263482987568,-0.0005742634829865204,-0.0005742634829824879,-0.0005742634829840241,-0.0005742634829852617,-0.000574263482989394,0.012306773893771415,0.015518108414975404,0.016212353481428566,0.016696598036616075,0.017048477217916736
2019-08-06,-0.0012685318351506596,-0.0012685318351574701,-0.0012685318351573634,-0.0012685318351538157,-0.0012685318351528163,-0.0012685318351538905,0.004842164428550983,0.0063698384944800195,0.006911910321725207,0.007234321373676675,0.007474270885405651
2019-08-07,0.0035136383385144234,0.003513638338518563,0.0035136383385172294,0.0035136383385129363,0.003513638338517671,0.0035136383385158576,0.08019769495835999,0.09936870911332207,0.10460226186469679,0.10651076906805797,0.10782760493953351
2019-08-08,-0.014528070874394455,-0.014528070874394733,-0.014528070874392356,-0.014528070874387285,-0.014528070874392245,-0.014528070874391213,-0.03562529610930784,-0.034025955490823566,-0.03279527051452595,-0.031832748629832784,-0.031064773260424165
2019-08-09,-0.060985707601234077,-0.060985707601234,-0.06098570760123377,-0.0609857076012381,-0.06098570760123642,-0.0609857076012318,-0.05309331625545169,-0.044242768155741546,-0.037848656686910634,-0.033041237338744735,-0.029307117563661153
2019-08-12,0.017168816611623786,0.01716881661162419,0.017168816611619713,0.017168816611621736,0.017168816611621934,0.017168816611619023,0.02293774346281947,0.02189282156328926,0.021004344838352382,0.02025928531756367,0.019633992358311928
2019-08-13,-0.0031573922345175696,-0.0031573922345155586,-0.003157392234516253,-0.0031573922345195034,-0.003157392234513548,-0.0031573922345171797,-0.008102212507023952,-0.008233570692624271,-0.008293388191441,-0.008316293628304716,-0.008319811522584694
2019-08-14,0.004885211905986872,0.004885211905986397,0.004885211905988699,0.004885211905990411,0.004885211905991224,0.004885211905990612,0.024017412139231604,0.02511212598738942,0.025820912091019447,0.02629931431943798,0.026634260682614753
2019-08-15,0.01622850761868737,0.016228507618686026,0.016228507618684142,0.01622850761868821,0.016228507618680166,0.01622850761868394,0.007585472120636971,0.005621823877212939,0.0041079543390054865,0.0029181216371972963,0.0019645542256054548
2019-08-16,0.02728518152722017,0.027285181527217706,0.02728518152721981,0.027285181527218764,0.02728518152722076,0.027285181527217338,0.014292710633550155,0.01101237981207987,0.008459479678824223,0.0064418023300011505,0.004819336581369162
2019-08-19,-0.012311608665034062,-0.01231160866503482,-0.012311608665032451,-0.012311608665032638,-0.012311608665034862,-0.012311608665031896,-0.02223972850696075,-0.02215285766239704,-0.021952567072801164,-0.021715555619783986,-0.021476005446337817
2019-08-20,0.01341820762939266,0.013418207629390765,0.013418207629391433,0.013418207629390897,0.01341820762939182,0.01341820762939565,0.024480038878976634,0.02446111189745811,0.024307280525986727,0.024102986857166997,0.023887052522885636
2019-08-21,-0.015007311754280142,-0.015007311754274692,-0.015007311754279062,-0.01500731175427781,-0.01500731175427845,-0.015007311754282856,-0.010911120250072875,-0.009484588651659197,-0.008334819127195648,-0.007403095659413893,-0.006639896353998372
2019-08-22,0.04984321897183687,0.04984321897183091,0.04984321897183286,0.04984321897183574,0.04984321897183279,0.0498432189718379,0.028938242948107356,0.023646979279992587,0.019435483271263387,0.016053207932508876,0.013301464898674373
2019-08-23,0.0021724635003647443,0.002172463500362925,0.002172463500364852,0.0021724635003636775,0.0021724635003707764,0.0021724635003613083,0.026629644536133496,0.029075772960742062,0.03079067086900547,0.0320192516469196,0.03292050168067155
2019-08-26,0.009192522412765317,0.009192522412761582,0.009192522412763766,0.009192522412761408,0.009192522412761634,0.009192522412762505,0.02073165435560839,0.02141666728699757,0.021797139495183707,0.022000197280989824,0.022099432274693062
2019-08-27,-0.0029515733909638918,-0.002951573390963391,-0.0029515733909623275,-0.0029515733909622017,-0.002951573390964624,-0.0029515733909625153,0.02865179302632688,0.03202908358006637,0.03444373979020902,0.036208765216918466,0.037530085379128574
2019-08-28,0.00474893840107453,0.00474893840107612,0.004748938401071988,0.00474893840107673,0.004748938401076222,0.0047489384010734985,0.012244205630102865,0.01268960300088394,0.012942317730906427,0.013083844404246894,0.013160397966358053
2019-08-29,-0.003094108291598415,-0.003094108291602913,-0.003094108291600839,-0.003094108291602974,-0.0030941082916079686,-0.003094108291601176,-0.00951612716258725,-0.00994664857692761,-0.010208626025261475,-0.010370291493053367,-0.010471164898975462
2019-08-30,0.002601908884207955,0.002601908884212965,0.002601908884210653,0.0026019088842069893,0.0026019088842079404,0.00260190888420766,0.0027544791102745454,0.0026178792917328506,0.0024932131245848092,0.0023840084519075643,0.0022897364162494317
2019-09-02,0.007601687662634683,0.0076016876626343,0.0076016876626333225,0.007601687662638099,0.007601687662641784,0.007601687662638482,0.005420318435973373,0.004767161868855078,0.004222685230189989,0.0037722633949690914,0.003398535180529682
2019-09-03,0.0030237345394403753,0.003023734539440218,0.003023734539445363,0.003023734539445763,0.0030237345394425867,0.0030237345394444836,0.05410077689649406,0.05856220461099205,0.06156938213279953,0.06365527078063601,0.06514505388040552
2019-09-04,-0.014712678088255222,-0.014712678088256537,-0.014712678088259195,-0.014712678088259663,-0.014712678088261778,-0.014712678088260054,0.0049453925711990514,0.00746071668446968,0.00930062921684583,0.010682715032759062,0.011748480501268975
2019-09-05,-0.009146963358815626,-0.009146963358817858,-0.009146963358817525,-0.009146963358818134,-0.009146963358817218,-0.009146963358820369,-0.0402232822492049,-0.04197553641741024,-0.04300826031931901,-0.043633898337666795,-0.04402161476066697
2019-09-06,0.004071534169889723,0.004071534169889428,0.0040715341698882085,0.004071534169886123,0.004071534169887083,0.004071534169888585,-0.03186839573701107,-0.035089870561902506,-0.03730735781515424,-0.03888611657218033,-0.040046759253793945
2019-09-09,-0.01054136063984549,-0.010541360639847454,-0.01054136063984518,-0.010541360639842833,-0.010541360639843242,-0.010541360639845272,-0.004286203257040779,-0.0030943031211832423,-0.0021872266301853627,-0.0014850264708531507,-0.0009304492160285935
2019-09-10,-0.004186866695458217,-0.0041868666954547155,-0.004186866695456443,-0.004186866695455354,-0.004186866695454784,-0.004186866695454375,-0.0018251001567543127,-0.0012615869790759324,-0.0008544347789291914,-0.0005498892218535502,-0.0003149341963044732
2019-09-11,0.0020853599922235466,0.0020853599922248463,0.0020853599922238107,0.0020853599922236237,0.002085359992220149,0.002085359992220761,0.0008953384269296562,0.0006105146127800638,0.00040530496503953417,0.00025212479857998166,0.0001341269259130815
2019-09-12,-0.007110194772502358,-0.007110194772497213,-0.007110194772499515,-0.007110194772498384,-0.007110194772500182,-0.007110194772499418,-0.004762726970028583,-0.003850836434877059,-0.003185268171434833,-0.0026840114282474384,-0.0022953681784175914
2019-09-13,-0.008356116909975777,-0.008356116909978884,-0.008356116909978189,-0.008356116909978038,-0.00835611690997814,-0.00835611690998041,-0.04310261428307901,-0.043625400417959745,-0.04377856016060063,-0.04377415543435715,-0.04370243240937918
2019-09-16,0.009205388463195165,0.009205388463194323,0.009205388463196068,0.009205388463192483,0.009205388463197706,0.009205388463197664,0.03425533565632262,0.034340807474574485,0.03426493844622172,0.0341353510262347,0.0339933357636155
2019-09-17,0.0,0.0,0.0,0.0,0.0,0.0,0.006192829392830083,0.006428884556163899,0.006576140009456321,0.006674473537054813,0.006743714286250191
2019-09-18,0.0029085963782593733,0.0029085963782664137,0.002908596378263225,0.0029085963782642826,0.0029085963782627482,0.002908596378263182,-0.010187010592611267,-0.010961254667292482,-0.011472533495737316,-0.011831266542394582,-0.012095073882583959
2019-09-19,-0.0014402591586115945,-0.0014402591586147931,-0.0014402591586173943,-0.001440259158616301,-0.0014402591586147628,-0.0014402591586164925,-0.002286018058118002,-0.002157924097026617,-0.00206122004150798,-0.001986527164283979,-0.0019274558951974758
2019-09-20,-0.00031628379729812037,-0.0003162837972930963,-0.00031628379729638765,-0.00031628379729605475,-0.0003162837972973837,-0.00031628379729621293,-0.00227763893066473,-0.002303041306951159,-0.0023139647460133075,-0.00231838519468846,-0.002319695685585837
2019-09-23,0.0012699718773049012,0.001269971877308488,0.0012699718773100802,0.001269971877310459,0.0012699718773088282,0.0012699718773088134,0.05192548698366393,0.052662688883228545,0.05312872348072164,0.053447399922720136,0.05367795550693054
2019-09-24,-0.0004068671107592716,-0.0004068671107575211,-0.00040686711075934125,-0.0004068671107563595,-0.00040686711075732827,-0.00040686711075840017,-0.004381318173707802,-0.004394806674191993,-0.004401158993687543,-0.004404310127920354,-0.004405880314956144
2019-09-25,0.003672762433874232,0.003672762433868976,0.003672762433867565,0.0036727624338661956,0.003672762433868967,0.0036727624338699807,-0.025399835685967476,-0.026238271602588324,-0.02679400009436245,-0.02718857181728237,-0.027482884063063918
2019-09-26,-0.0017809245650319226,-0.001780924565031276,-0.0017809245650292436,-0.0017809245650284664,-0.0017809245650299511,-0.0017809245650336866,-0.009875504307165143,-0.009762464938560176,-0.009679420090025257,-0.009616245095291586,-0.009566724239558684
2019-09-27,0.0006273692835602826,0.000627369283563095,0.000627369283559453,0.0006273692835575492,0.0006273692835592231,0.0006273692835590427,-0.013353561651196444,-0.013597861849272115,-0.013755600999972696,-0.013865444538912362,-0.01394615973414246
2019-09-30,-6.166138361342236e-05,-6.166138361524087e-05,-6.166138361087284e-05,-6.166138361065849e-05,-6.166138361272559e-05,-6.166138361060719e-05,-0.037241354859982964,-0.0376595825135017,-0.03792059850057488,-0.03809759691467352,-0.03822491094638015
2019-10-01,-0.00020024107493440426,-0.00020024107493261592,-0.00020024107493975187,-0.0002002410749408426,-0.00020024107493340481,-0.00020024107493735735,0.01787863262249728,0.018077878639683284,0.018202839468922573,0.018287960467804044,0.018349433652041593
2019-10-02,-0.010019411760554577,-0.010019411760562901,-0.01001941176055478,-0.010019411760557642,-0.01001941176056294,-0.010019411760556847,0.015517194849505816,0.01690438958134583,0.017834518304028255,0.018500779505292143,0.01900121497949282
2019-10-03,-0.004211225732999739,-0.004211225732993049,-0.004211225733000384,-0.004211225732997654,-0.004211225732997878,-0.0042112257329987015,-0.003346330072405793,-0.0027840321600895493,-0.002404244115266708,-0.0021309193761964175,-0.001924951383872899
2019-10-04,0.0009931714557298757,0.0009931714557263316,0.0009931714557343276,0.0009931714557314324,0.0009931714557329665,0.0009931714557288027,-0.0020157560430782246,-0.0021677518987456594,-0.002269158524830444,-0.0023415418637790387,-0.0023957678882474717
2019-10-07,0.005637189766198914,0.005637189766195453,0.005637189766195136,0.0056371897661947525,0.005637189766199153,0.005637189766197335,-0.0011611100080735827,-0.00199813167348063,-0.002558582163465285,-0.0029596373847230613,-0.0032606506050471855
2019-10-08,-0.005951717543300878,-0.005951717543295056,-0.005951717543297574,-0.005951717543302488,-0.005951717543300221,-0.005951717543299083,0.005958486968321352,0.007073129729962491,0.007722816521698564,0.008187810159776866,0.008536821772148798
2019-10-09,-0.0028590821453571033,-0.002859082145356148,-0.002859082145357154,-0.0028590821453501193,-0.0028590821453613417,-0.002859082145357619,0.004916909064531315,0.005496329477998646,0.005812887017804004,0.006038871425732143,0.0062081840486400966
2019-10-10,0.006199885690062601,0.006199885690060883,0.0061998856900607755,0.006199885690060958,0.0061998856900641625,0.006199885690063794,-0.008539410057586103,-0.009716596148153945,-0.010392305461951305,-0.010875123671932314,-0.011237112650888559
2019-10-11,-0.013475512311025823,-0.013475512311026517,-0.0134755123110288,-0.01347551231102896,-0.013475512311029749,-0.013475512311029232,-0.013976282960199187,-0.012238170839610438,-0.010882245558719703,-0.0099063528242258,-0.009170827919841395
2019-10-14,-6.046735530902506e-05,-6.0467355313821614e-05,-6.046735530654542e-05,-6.046735531108067e-05,-6.0467355309318326e-05,-6.0467355309387336e-05,0.01118408989086581,0.01139226894800141,0.011442574893575622,0.011474854879613411,0.011497015738197627
2019-10-15,9.567766717893716e-05,9.567766718695848e-05,9.567766718277256e-05,9.567766718000131e-05,9.567766718582473e-05,9.567766718306852e-05,-0.021098957369034554,-0.022019645978116453,-0.022591102073734538,-0.022969447999598464,-0.02310419666991874
2019-10-16,-0.006644299582373898,-0.00664429958237989,-0.00664429958237935,-0.006644299582374387,-0.006644299582376544,-0.0066442995823743235,-0.0022056944198977652,-0.0012448838930358879,-0.0005556690163395058,-4.17252561196916e-05,0.00035431884596750764
2019-10-17,-0.006639721901604512,-0.006639721901606677,-0.006639721901603945,-0.006639721901603411,-0.006639721901608966,-0.006639721901606788,0.007329803604823372,0.008694366661569908,0.009632889121348782,0.010311113544489185,0.010821185571390392
2019-10-18,-0.00626059638238609,-0.0062605963823876495,-0.006260596382390217,-0.006260596382390951,-0.006260596382387846,-0.00626059638238935,-0.007080776468420294,-0.006383375185174548,-0.005861494222460956,-0.005460818928439081,-0.005145408981984193
2019-10-21,-0.03147394045172856,-0.03147394045172331,-0.03147394045172385,-0.031473940451724025,-0.03147394045172661,-0.031473940451727495,-0.022507596980990734,-0.01845475125087198,-0.015494278860605906,-0.013258497109528448,-0.011519418582815672
2019-10-22,0.0673680682200862,0.06736806822008551,0.06736806822008475,0.06736806822008483,0.06736806822008927,0.06736806822008161,0.045222224085694575,0.03659031974575168,0.030259943775070797,0.025467879558862226,0.021735001658807804
2019-10-23,-0.03136238681113245,-0.0313623868111342,-0.03136238681113008,-0.03136238681113248,-0.03136238681113551,-0.03136238681112594,-0.018142078816380747,-0.014244420589758482,-0.011332106774161455,-0.009103232527711377,-0.007355488719776171
2019-10-24,0.03632758672313293,0.03632758672312866,0.03632758672312886,0.036327586723133166,0.03632758672313479,0.036327586723128254,0.04086734663511468,0.03757438823773441,0.03495841745435152,0.032872332933525504,0.03118774315878613
2019-10-25,0.0020757472620153766,0.0020757472620155297,0.0020757472620110177,0.002075747262009162,0.002075747262012247,0.002075747262014575,0.008811997746101405,0.009039879928982959,0.00915579568432223,0.009214340434424512,0.009242314450902562
2019-10-28,-0.011251091005057643,-0.011251091005061803,-0.011251091005055796,-0.011251091005058396,-0.011251091005057896,-0.01125109100506,-0.010836844204161348,-0.009785636945790451,-0.008958490453332218,-0.008302419910231881,-0.007774416078313821
2019-10-29,-0.005096548450268955,-0.005096548450266575,-0.0050965484502693845,-0.005096548450265826,-0.005096548450271913,-0.0050965484502722164,-0.00643204471724817,-0.006050321181712224,-0.005735402534175486,-0.005477954149151442,-0.005266374412503598
2019-10-30,-0.023947840223326643,-0.02394784022332226,-0.023947840223326966,-0.023947840223326203,-0.023947840223326435,-0.023947840223325006,-0.014761909514494336,-0.012002167268448782,-0.009902990131928082,-0.008276182090101208,-0.006988928779194118
2019-10-31,-0.021301528150744445,-0.021301528150749108,-0.021301528150741742,-0.021301528150741548,-0.021301528150741385,-0.021301528150740847,-0.003587214040367015,-0.00048803218418005804,0.0017862538821295845,0.0035034878294610446,0.004835823085999357
2019-11-01,0.012670024594371264,0.01267002459437016,0.012670024594366544,0.01267002459436445,0.012670024594363135,0.012670024594365559,0.008657861946953617,0.007213705925894068,0.006112493629138745,0.005258015864333491,0.004581416559257
2019-11-04,0.03653492946290045,0.03653492946290245,0.036534929462901954,0.03653492946290065,0.03653492946290562,0.0365349294629018,0.02734955105167242,0.023342633230421902,0.020265207898769132,0.01786554731882727,0.01595866981416059
2019-11-05,-0.005451847437259567,-0.005451847437261591,-0.0054518474372604745,-0.005451847437257957,-0.0054518474372609906,-0.00545184743725926,-0.0349484374164871,-0.03653710309615777,-0.03747500353438561,-0.03804803427864502,-0.038408655348751854
2019-11-06,0.014076091982457134,0.014076091982453387,0.014076091982453198,0.014076091982453996,0.014076091982454249,0.014076091982456494,0.013421660219374429,0.01205391611740734,0.010959191314070285,0.010081904995388238,0.009371342140216494
2019-11-07,0.019033645187775207,0.019033645187779683,0.019033645187781355,0.01903364518777816,0.01903364518778077,0.01903364518777697,-0.024595573731640542,-0.029256801051097053,-0.03248929939056308,-0.03482352552286566,-0.03657050165449118
2019-11-08,0.01262750010756429,0.012627500107561602,0.012627500107562006,0.012627500107564287,0.012627500107563526,0.012627500107563768,0.0004304772937599587,-0.0016839072685465911,-0.00320632132432797,-0.0043385408862780745,-0.005206429594540646
2019-11-11,-0.026746325624488233,-0.026746325624484358,-0.026746325624485378,-0.02674632562448658,-0.02674632562448545,-0.02674632562448588,-0.021603047634038416,-0.01822017356648432,-0.015654807189591474,-0.013675347518651413,-0.012115642451198637
2019-11-12,0.0027322889502222037,0.002732288950219472,0.0027322889502194568,0.002732288950220716,0.002732288950219917,0.0027322889502179484,0.0022682197428514077,0.0019183367973936059,0.0016510884431647913,0.0014439286712826407,0.0012802017989533467
2019-11-13,-0.0010548499547853485,-0.0010548499547868497,-0.0010548499547835867,-0.0010548499547826649,-0.0010548499547886599,-0.0010548499547838356,-0.0008764127165784356,-0.0007409336191359571,-0.0006375816153197944,-0.0005575251881232016,-0.0004942803995896976
2019-11-14,-0.019443240713055913,-0.019443240713052957,-0.01944324071305531,-0.019443240713053866,-0.01944324071305009,-0.01944324071305309,-0.016206153004468853,-0.013682584281571809,-0.011765222988709006,-0.01028358342604978,-0.009114802487887088
2019-11-15,-0.0067754203220739785,-0.006775420322071281,-0.006775420322071381,-0.006775420322072803,-0.006775420322074883,-0.006775420322077553,-0.0057635554187352766,-0.004869075792743512,-0.0041879262772505435,-0.003660926762544086,-0.003244928047687667
2019-11-18,-0.018905064493693585,-0.025832056096397864,-0.027563803997070903,-0.029295551897749034,-0.03102729979842421,-0.032759047699099424,-0.020208100088521006,-0.01790182386399258,-0.016110734465156318,-0.014707079767081969,-0.0135890320983561
2019-11-19,0.01863187215585101,0.01155105181508806,0.009804617474968197,0.008069986932763281,0.006348219447118585,0.004640320202968768,0.012173321323053687,0.009439664008443354,0.007391153330729007,0.005824153440755176,0.004597659399725845
2019-11-20,-0.00544430030720328,-0.0010608400467122057,2.572408804679489e-05,0.0011053303691616874,0.002176456134290629,0.0032376497787316677,-0.002162816140500693,-0.0012938194105050948,-0.0006594100766322364,-0.0001824717139958459,0.00018632536043436333
2019-11-21,0.00775319429538472,0.007607401933515776,0.007570953843043725,0.007534505752581141,0.007498057662106692,0.007461609571640275,0.006263006415101009,0.005255905186220007,0.0044963762794827744,0.003912394884818869,0.0034533494786772295
2019-11-22,0.0406911841382497,0.04366974850923963,0.044414389601988284,0.045159030694741566,0.04590367178749772,0.04664831288024276,0.03521220200289817,0.029986676772037497,0.026026581513497266,0.02297260785179565,0.020567167746089823
2019-11-25,0.007603362901274126,0.023403572766011693,0.027353625232201997,0.03130367769838451,0.03525373016456596,0.03920378263075154,0.014939579946707207,0.014513800261978278,0.01410489308903246,0.01374305515324984,0.013431130808261839
2019-11-26,-0.003681044419263662,0.0042549723514149216,0.0062389765440842805,0.008222980736750695,0.01020698492942875,0.012190989122096643,0.0013256922373298837,0.0020492135492707533,0.002565033806116039,0.002945126341187556,0.003234051798161186
2019-11-27,0.006872802963392081,0.033089302349079426,0.03964342719550239,0.046197552041927804,0.05275167688834843,0.05930580173477014,0.020084472113021612,0.02009924027320672,0.01997447847405284,0.0198047897249126,0.019628427110631935
2019-11-28,-0.0013695015024966786,-0.0021769199363454164,-0.0023787745448030006,-0.002580629153267574,-0.002725902462849268,-0.0027881564336302597,-0.0015637567419803755,-0.001420314051853607,-0.0013058770559471492,-0.001214543290097258,-0.0011408389695516331
2019-11-29,0.002118991275916969,0.001983228114380969,0.001949287323995257,0.001915346533617233,0.0018814057432274334,0.00178769264804047,0.001663912670228749,0.0013957170778260372,0.0011902130609899792,0.0010305433916174243,0.0009041387279810096
2019-12-02,-0.00622272787819624,-0.03475837036781138,-0.041892280990219036,-0.049026191612624496,-0.05616010223502329,-0.06329401285743008,-0.021983989191319775,-0.022312732930506455,-0.022390408559449668,-0.022354999344854,-0.022270682642717036
2019-12-03,-0.0043006783820366675,-0.022447283535274986,-0.026983934823589115,-0.030356223929543225,-0.03229149860163509,-0.03385274959122945,-0.014211964722641099,-0.01438929298468766,-0.014417593398230592,-0.014380166504837066,-0.014315440774993596
2019-12-04,0.0028216412083733127,0.016539795105581415,0.019969333579891765,0.02250653038711849,0.0237074147496259,0.02465070469809808,0.010744673396394698,0.010969024757985653,0.011051584054550664,0.011065814144428723,0.011047410573081983
2019-12-05,-0.006320615021487324,-0.012695311193598884,-0.014288985236630377,-0.015014384714238454,-0.015134763066542378,-0.015189717428900998,-0.009713867137180934,-0.00920691130014302,-0.008753760718258188,-0.008365373346893789,-0.008036470082616043
2019-12-06,0.0055766654250863825,-0.003997412234872635,-0.006390931649858726,-0.008250560004638653,-0.00960713620938665,-0.010719715778266244,-0.0007401765762889447,-0.0018993265982447825,-0.002754151700974915,-0.0033983720564274076,-0.0038956087200665633
2019-12-09,-0.0007534025365549306,-0.0022369105481364728,-0.002607787551038555,-0.002828971565277596,-0.0029009770632301246,-0.0029526564083017627,-0.0016000376789849877,-0.001573445654834534,-0.0015411468233535958,-0.0015092964333744366,-0.0014800425667463278
2019-12-10,-0.001767650769911578,0.009859706176742627,0.012766545413413126,0.014998070731861343,0.016193547606088828,0.01714372094735949,0.005495352543451607,0.006265026948289338,0.006793307593992064,0.007168156332830407,0.007442999888805511
2019-12-11,-0.002710093017051685,-0.003031153097865738,-0.0031114181180671493,-0.0031221672069490494,-0.0028932393400497142,-0.0026974439091129628,-0.0026846306837073454,-0.0023534561850537014,-0.0020867076222110628,-0.0018723575978687314,-0.0016986281918889966
2019-12-12,0.015436967017890737,0.015436967017896756,0.015436967017888522,0.015092505027531233,0.013643634881308563,0.012416389779323165,0.014773949810379829,0.012767512598513879,0.011145325727165605,0.009839605785181652,0.008780850698816433
2019-12-13,0.06157290707603323,0.0602474027214088,0.0599160266327564,0.05774905343261052,0.0519988511291898,0.04711537550601941,0.0599568971299867,0.05183459237217368,0.04519292740719284,0.039809749300011146,0.03542597923102985
2019-12-16,0.04435550229097961,0.05693078901150034,0.057189491399643806,0.055403103905241335,0.053612003052976795,0.05189338273093221,0.049564274220584244,0.04527074602142016,0.041501894810884836,0.038294138961878034,0.03558860834219224
2019-12-17,0.09575304471274083,0.08592570324608001,0.07864017470540527,0.07196613966392679,0.06595413346138293,0.060585803765571926,0.08500041352022364,0.07462712138122742,0.0657825445472731,0.05838076219417817,0.05220575304397861
2019-12-18,0.005464680753715525,0.008537275583856982,0.009005012869529707,0.009370998005849741,0.009651868023350598,0.009863721122867312,0.007706113715178948,0.007524164261434754,0.007300999293157539,0.007070871410356828,0.006850539719257796
2019-12-19,-0.0034048989547198873,-0.012501780431968883,-0.014169159040803642,-0.015590134842844341,-0.016789526928885905,-0.01779637115561906,-0.009846680195623661,-0.01037092962258781,-0.010692533063737275,-0.010883506446310965,-0.010991900324432287
2019-12-20,-0.004085641095356198,0.0017697082702178375,0.0029456631862612524,0.003984226210848306,0.0048933212975845195,0.005685256248804665,-9.442320064661225e-06,0.0009091344746267245,0.0016748091054419312,0.0022999687920947187,0.002812305985354881
2019-12-23,-0.0026859978923895107,-0.005273115164214382,-0.005925373397801822,-0.006476302237597963,-0.006937737404350557,-0.007322555299472202,-0.004232593664561435,-0.004777680346127867,-0.0050065267736958295,-0.0051330335192815504,-0.005213756902549344
2019-12-24,0.10257670945952244,0.04505291963422504,0.05337785011952107,0.06050289361522095,0.06655237359278769,0.07166953970658427,0.03197531233504803,0.03879741067525203,0.043247100947407136,0.04631065050056879,0.04866146893660945
2019-12-25,0.0024733554914256116,0.0025071281278329855,0.002265876052715895,0.002040761065191462,0.0018369469894459374,0.0016554439649002245,0.0028320760893368086,0.002671402167905601,0.0024857429215546776,0.002240287263561796,0.00202332390123126
2019-12-26,0.06433436037581952,0.04835333494616596,0.05499021858836211,0.06015705041872245,0.06416427428250822,0.06728157907109276,0.03441746900638218,0.04020934784698588,0.04521065204611346,0.04779708879856599,0.04968668735631042
2019-12-27,0.002133559208445405,-0.0052407877570086045,-0.006441182242716682,-0.007365068815774151,-0.00807812656352235,-0.008633819735834918,-0.0072730271312468585,-0.009198051027559469,-0.010835775215199198,-0.012213044041995946,-0.013364860790699654
2019-12-30,0.01532788817211957,-0.015696212101685533,-0.016901771633709272,-0.017732243827045482,-0.01830439190590137,-0.01870091351065145,-0.007969429063216156,-0.008405060817871806,-0.008723061883737832,-0.008948453673739441,-0.009103482738796109
2019-12-31,0.00931956780450104,-0.0018952531734088955,-0.0021341406247107164,-0.002310197707604046,-0.002440884337171353,-0.002539168212172238,-0.008636823221745485,-0.010164164736656836,-0.011433787903480055,-0.012478922938877443,-0.01333597248413289
2020-01-01,0.0014556348917423268,0.0018400945955051383,0.0015440740022922917,0.0012859564925510327,0.0010650772698218075,0.0008772928712546528,0.0022769182001908445,0.0020547554609811653,0.001840615334387255,0.0016400669857480276,0.0014557814919054705
2020-01-02,0.048795869461397134,0.020114009630549656,0.024050622735809626,0.027064108440769244,0.029369220726167405,0.031145506759564033,0.026020994385779928,0.032213881151378514,0.03748678363823936,0.04191539387194847,0.04560752272320449
2020-01-03,0.03941682604550245,0.023324175507901862,0.026915934870012995,0.029571240733481278,0.03153385865499718,0.03299720373404481,0.025686709854955015,0.030712910932013466,0.03479769465474946,0.03806705473881121,0.04066671892181521
2020-01-06,0.11064733197281686,0.0717959912793394,0.07985299742201409,0.0854555217211632,0.08933871918190567,0.09204798487426209,0.05735102033732409,0.0655722100882571,0.07188686701239046,0.076646507130977,0.08020459589311021
2020-01-07,0.026831627769130312,0.023498487965875153,0.023949560503424335,0.024043900810153677,0.02396456030085393,0.023806689519463364,0.0396341091799701,0.042937811527967745,0.045124556221809484,0.0465409828665406,0.04744416561539077
2020-01-08,-0.03646284260831397,-0.018866898327813273,-0.024108846383698937,-0.02787786424641582,-0.030632909452432307,-0.0326928714751333,-0.026556641002663327,-0.03408864174316574,-0.039797768817429184,-0.04411271371300346,-0.04740007810139221
2020-01-09,-0.006966776852994932,0.011197510441613824,0.011306083625881294,0.011270127561669773,0.011175620228720875,0.011061870657006713,-0.00818397444425294,-0.009826433652534024,-0.010977701331249139,-0.011795852893685508,-0.01239029201093134
2020-01-10,0.023163024765289558,0.016703460271819532,0.018480790965199893,0.0196113388713948,0.020353856782496425,0.02085883995473149,0.02493126393710015,0.027881600563734274,0.029821858540501803,0.031119422366217866,0.03200843996808633
2020-01-13,-0.03408956007417419,-0.010619929004488134,-0.011826856009797174,-0.012598387283440917,-0.013107419816008672,-0.0134551874305597,-0.01524617726536911,-0.017084195813603736,-0.018279579548239035,-0.019071368690221472,-0.01960956034706301
2020-01-14,-0.0029830798764835936,-0.00018412998230305877,-0.00046877828525399695,-0.0006727239335760811,-0.0008229000048937682,-0.0009367248378397403,-0.019602114625456624,-0.021329216085844125,-0.02239947196784339,-0.023084928916822275,-0.023539495951124343
2020-01-15,0.022742298865618703,0.016040493051643817,0.01728394523229532,0.018041245009878096,0.018526555334430057,0.018852300045156294,0.03091806717238082,0.033208457513807764,0.034587254548351036,0.03545394863909395,0.03602161835656058
2020-01-16,-0.008170662750189375,0.0037887023676923762,0.0034051383571764094,0.0031464910603116298,0.0029607703826758755,0.002821127612768876,-0.0010586803956011562,-0.0014506936743996853,-0.0017066722312385216,-0.001886479304224489,-0.0020195341616673066
2020-01-17,0.010340032963557375,0.008784960118303818,0.009209360230496526,0.009481465603002184,0.00967011392508105,0.00980833793239633,0.017892978513501818,0.01821482488688214,0.01840525820765006,0.01852953998081214,0.018616395244648764
2020-01-20,-0.0013853266579473816,-0.0011464530343905308,-0.0007950836291606762,-0.000561367361903674,-0.0003950953266651844,-0.00027090845355945523,-0.00140909335800344,-0.001033345780758192,-0.0007860709868850523,-0.0006114387796944064,-0.0004816996601730536
2020-01-21,0.007904069602914952,0.0007001602633554631,-0.0013843339909513515,-0.002763902663243432,-0.003742096106815249,-0.004470964143121547,-0.0193597639083434,-0.02133236943016188,-0.02260039279446376,-0.02348174225195589,-0.024129003921633484
2020-01-22,0.004188580114225618,0.006029413623912582,0.004854666917284584,0.00407444151800291,0.00352005299505874,0.0031063952052397146,0.007742903530698299,0.006487030825626216,0.0056639000799758,0.005084131542142702,0.004654209763364872
2020-01-23,0.007064279991664852,-0.010552331772654598,-0.009474782524390699,-0.008751170527873957,-0.0082333932077401,-0.007845182075253226,-0.008488328488911196,-0.007373063077936273,-0.006639527264435828,-0.006121756255831405,-0.0057372555778966
2020-01-24,0.018655573408114568,0.006819136932531621,0.007860286851546848,0.008539028639758224,0.009014912719281098,0.009366446223638749,0.02881042158558305,0.02949520675944859,0.029903889900996995,0.030172776876707073,0.030362073578013994
2020-01-27,0.024916557352781015,0.01235537920239213,0.012863398448688302,0.012958021811801024,0.013013544148192259,0.013048674946205392,0.0022152463699495945,0.002394302468398904,0.00250712099163752,0.0025844449530851243,0.0026406482255095912
2020-01-28,-0.033140072067742145,-0.035797220345837794,-0.03639589921445768,-0.03613083004753356,-0.03591048173686372,-0.03572907197769036,-0.07627351156653975,-0.07493135514244494,-0.07395898335604542,-0.0732317300038896,-0.07267041758921361
2020-01-29,0.019449799315537433,0.01993016622728985,0.020443286518690085,0.02074852911044577,0.02094827970314129,0.021088087880404595,0.011529845156858298,0.01189534681682883,0.012124576761559397,0.012281186965170372,0.012394745188911552
2020-01-30,-0.0033368258187522364,-0.0031117030341236552,-0.004655610496967812,-0.005663889729440557,-0.006371489102464118,-0.006894496537191993,0.041751563780353634,0.04015172800080732,0.039067366164272026,0.038286228615134074,0.03769756540733927
2020-01-31,0.032631766844679624,0.03813149656299267,0.03766168165654,0.03728964441169873,0.036997323856768786,0.0367644899779886,0.01979937406389844,0.019561572480258783,0.019387561465023323,0.019256165871776802,0.019153930324325847
2020-02-03,-0.022016137514656763,-0.021544762751828032,-0.022517351212026707,-0.023124228548686832,-0.02353658640983346,-0.023834093339375213,-0.03174650056557219,-0.032414583165083576,-0.03282922687805241,-0.03311015319873046,-0.033312472829267276
2020-02-04,-0.04966842456619946,-0.0526795023579626,-0.053079110992786824,-0.05326786628575757,-0.05336548324752925,-0.053418794813183616,-0.03231028575519421,-0.03267679749676461,-0.03289477954299311,-0.03303762641393535,-0.03313777851008205
2020-02-05,0.012818675650729132,0.030080580898923834,0.030576175465867498,0.030098165077433126,0.02911864682212439,0.028383846215989595,0.019445001625175092,0.01826486564603976,0.017474999567619203,0.016910330288573975,0.016486953780592964
2020-02-06,0.024002136281480773,0.030264464689291726,0.032708419546596465,0.03362538533859753,0.033545542919436115,0.033474499531287435,0.03081913347036038,0.030846952928841806,0.03084315785052232,0.03082998821188692,0.03081458930587282
2020-02-07,0.0077635727697484775,-0.0038894957289462096,-0.0034759139978429734,-0.003109956761511878,-0.0027809270937150885,-0.002535606867900862,-0.011203147680153232,-0.010685065796341648,-0.010338679989218402,-0.010091030682903304,-0.009905264060626248
2020-02-10,0.002229093187627953,0.0008755562857159857,0.0016495216047268879,0.0021868372720519613,0.002526884670949617,0.0027791117858716467,0.005988429759299058,0.006464071177150032,0.006775850983886336,0.006995784475740352,0.007159163637610319
2020-02-11,-0.006017400897483862,-0.0011445305797741553,-0.002883810556589342,-0.0041361121465403015,-0.00500136834785065,-0.005604374817934696,-0.011499651912123723,-0.012640334829154606,-0.013389713220879425,-0.013919114071918894,-0.014312795034592053
2020-02-12,0.0011007129039934894,0.02059018016765539,0.0192153931135091,0.018076850103464444,0.017093369357919764,0.016066015953315138,0.0064868016294269935,0.0046286009679671275,0.0033983544471691976,0.0025247116529402403,0.001872607090165706
2020-02-13,0.013433277451414993,-0.011845773585112048,-0.0072240683039339155,-0.0038043316532770503,-0.0012000734233032012,0.0007729783864341026,-0.0033967926424180645,0.000432785108950879,0.0029654364965661937,0.004762013778132681,0.006101729216440651
2020-02-14,0.022379661075409576,0.01838859424221827,0.019072417049967347,0.019426993324707178,0.019579934966485597,0.019399198370224986,0.01862737625532189,0.018290273423255007,0.01803845449688248,0.017846171178848475,0.017695543867322996
2020-02-17,-0.005371044847197407,-0.003601890932920798,-0.002660285305268414,-0.0019544488021095412,-0.0013968269787421519,-0.0009679947350773947,-0.0032517636181486594,-0.0024074359672650253,-0.0018436302088468766,-0.001441808070909035,-0.001141435893771771
2020-02-18,0.039657143004988044,0.028190397272996614,0.03281927753207645,0.03594927115371876,0.03779886936575443,0.03886614943690016,0.04119619604880513,0.04333511212536866,0.04468801446212152,0.045615717983694216,0.04628943297136286
2020-02-19,0.030330648942318895,0.09891475001901362,0.10178305315551289,0.10036845260319577,0.09867919374053734,0.09733824443143371,0.06126269140537837,0.05898630438979869,0.057402805288693855,0.05624474348836595,0.05536349259967153
2020-02-20,0.012145768135132153,0.028156552052710584,0.030137520003428286,0.03143010796413721,0.03233500426474246,0.0330018714095549,0.014406579697279778,0.015799574471731404,0.01671147877726908,0.017352723266243857,0.017827426881796157
2020-02-21,0.0708166564239493,0.04783687481334342,0.042842512354893794,0.03938922154779235,0.03687033369376487,0.034956137955505645,0.04633787598767536,0.041809604792828185,0.038729780148435415,0.03650638364895634,0.034828488887342725
2020-02-24,0.031053679890512803,0.004824928696871438,0.0034514861262255688,0.0024909173500684448,0.0017859036106008385,0.0012482630351333594,0.021766199147809438,0.020844551247026416,0.020172233238999072,0.01966448382453111,0.019269118441643158
2020-02-25,-0.038079745895707603,-0.04528578695504493,-0.046596058106908936,-0.047368516003472964,-0.04786210387800734,-0.04819739442752988,-0.05687745708781439,-0.0580781003439311,-0.05878086965146644,-0.05922918221643395,-0.059534026681855395
2020-02-26,0.0059840301012177455,0.0077580620507140445,0.008963270629492495,0.009769619735117164,0.010343738682776972,0.01077200906462002,-0.01303441533640124,-0.012340920356908733,-0.011850802795063365,-0.011487756455126416,-0.011208697393285458
2020-02-27,-5.808971724194875e-06,-0.02787588716634297,-0.02649699871940422,-0.025483479250421597,-0.02471474184929161,-0.024114580587407643,-0.01684218444796275,-0.015493319280671047,-0.014543820641322546,-0.013842623845965756,-0.013304935197833647
2020-02-28,-0.08999957626856935,-0.1027531089137682,-0.10692439328288453,-0.10955214353079314,-0.11133480558462423,-0.11261290503380188,-0.05732249020448764,-0.05992440356925861,-0.061599708048933846,-0.06275935030565735,-0.06360580290048211
2020-03-02,0.0026436989823203937,-0.00968532482173631,-0.009302982462296876,-0.009034819139585632,-0.008837265308123779,-0.008686024602526186,-0.007892767901406913,-0.00748471306019307,-0.007198165101770507,-0.006986954587759194,-0.0068252264156456344
2020-03-03,0.07148445261563866,0.04622977214760337,0.04732466787635899,0.047995836652096564,0.048444709773086576,0.048764103026670065,0.03226202256869613,0.033495227484084754,0.034272419527714176,0.03480298145455824,0.03518657398188423
2020-03-04,-0.008523807210300976,-0.009616374418643254,-0.008317959465416329,-0.007443159786746383,-0.006815397697326577,-0.006343604937809391,-0.010021580661586938,-0.008543047441045379,-0.007537298082665388,-0.006811473153165729,-0.006263998251740863
2020-03-05,0.03619083415726528,0.022732629724924132,0.024045043611587817,0.024891704009839068,0.025480834370347205,0.025913510251323636,0.01525098410301739,0.016840335338584894,0.017882213197653103,0.018614579785221547,0.019156205154516697
2020-03-06,-0.009215025782982358,-0.01526449577659878,-0.011889058093542078,-0.009627556751089594,-0.008011300763476968,-0.006800365613355823,-0.01864569029250097,-0.014742124536421071,-0.012095202562545013,-0.01019002027319782,-0.008756085308374031
2020-03-09,0.005489767092757908,0.005103881677269204,0.00467114392995046,0.004372870045201947,0.004155819151611099,0.0039911698261608,0.004927728951393895,0.004442299492558681,0.004102164833940181,0.0038522166409647673,0.0036614114021543106
2020-03-10,-0.024612563133186712,-0.015096131383713183,-0.01638580564568731,-0.017220867982802226,-0.017802729022923427,-0.018230241171315123,-0.009551445840400762,-0.011130199712875924,-0.012172748110732809,-0.012907967381305082,-0.013452466202861616
2020-03-11,-0.020898843508885167,-0.02102305330873825,-0.018980982259472354,-0.01758227254981846,-0.016568992383164644,-0.01580289816127896,-0.020939863939107798,-0.01863124549801085,-0.017020792802709416,-0.015841465103187312,-0.014943659961621654
2020-03-12,-0.060752364802016914,-0.04862974763343163,-0.047868390564409835,-0.04726561393567465,-0.04678961040405884,-0.04640845246616914,-0.04098304114621373,-0.04033416407743514,-0.03978146592580162,-0.03932748573914198,-0.03895494613892995
2020-03-13,-0.030132852860563192,-0.00811676294165417,-0.014716582006006547,-0.019131717608367172,-0.02228206762708995,-0.024638836440185524,0.006681894566447536,-0.0013342666439599333,-0.006795232985609263,-0.010734551329969488,-0.013702464491606019
2020-03-16,-0.04020837084451438,-0.049291511676379005,-0.04308786671834033,-0.038806777632418715,-0.03570326690847278,-0.03336078664313486,-0.05299511085277125,-0.04619078260036031,-0.04128235762729882,-0.03763016270374476,-0.034827791240758806
2020-03-17,-0.010848906073006395,-0.03448765824583764,-0.024773330427676443,-0.017981659067561755,-0.013020901135315148,-0.009260091032752597,-0.048356656522362776,-0.037560371743677816,-0.029627816569949762,-0.02365241850357157,-0.01903038607253326
2020-03-18,-0.14490149861813229,-0.19138765540597708,-0.16716878930639417,-0.14852106199038662,-0.1341189420866321,-0.12281605431781314,-0.20717329200471177,-0.18470620874847737,-0.16576802967898077,-0.15023569569439954,-0.13753809153947066
2020-03-19,0.02020372779908666,0.021069708399809154,0.018204254038530227,0.0156595762058509,0.01342617817184247,0.011475331555172063,0.02491132180729059,0.022628287812744483,0.02047440401755166,0.018476706690116244,0.0166443540598623
2020-03-20,0.00510120967089952,0.00695374005555315,0.006534663295527849,0.006129152039729911,0.005748598599835075,0.005398026976924785,0.0074124379116467425,0.007116340997316741,0.006810430523696757,0.006504988978567752,0.0062072132801904165
2020-03-23,-0.0005328854879826479,0.0005209490573068234,0.0007621462927183457,0.000967363629072046,0.0011410743877740138,0.0012880409722669656,0.0001371596681879409,0.00033332135794090205,0.0005104241716015151,0.0006689179501258117,0.0008099651915509419
2020-03-24,0.027469115707399457,0.024515539599043387,0.025201236931385575,0.02563673250473184,0.02589045463048741,0.026015707992113876,0.02293707649697875,0.0236625010089542,0.024206563787985403,0.024599976336342904,0.024871631763404827
2020-03-25,0.00940621775729575,0.013422300816767705,0.012198971707790824,0.011065104075754475,0.01003290770295761,0.009102969479495609,0.015107173042054382,0.014218703813370082,0.013341210810150347,0.012492364755967808,0.011683544803600256
2020-03-26,0.03517266480736041,0.04022333702355103,0.03711478384018469,0.03419462823325124,0.03150560578868833,0.02905891431825953,0.04456417617222638,0.04244620026541149,0.040327590575632864,0.03825074844875189,0.03624528631572068
2020-03-27,0.007740699459462659,0.006494400237581961,0.0052117084849022804,0.004045103381234017,0.0029954467632992364,0.0020569089661797535,0.008363046056642546,0.00740948036792252,0.006495182367427419,0.005627459803681323,0.004810448044708876
2020-03-30,-0.006460149545955864,-0.00814819720437419,-0.007965318465207982,-0.007759985153697114,-0.007545261029757198,-0.00733012054151936,-0.008325849458143826,-0.008249084097475167,-0.00814819720437417,-0.00802955016927359,-0.007898631043919092
2020-03-31,-0.0045242297988089715,-0.0006253191255751139,-0.0018242707098167562,-0.002901896064032524,-0.0038642486725369153,-0.004720505454045248,0.0011616533317495412,0.00024193484569598277,-0.0006253191255754366,-0.0014382659506799505,-0.0021967494142097195
2020-04-01,-0.0004637503956600953,-0.002241178028300758,-0.0017439581074899446,-0.0012860914146327726,-0.0008682582729239706,-0.0004891915808235499,-0.002958578467941833,-0.002592893281270963,-0.002241178028300478,-0.0019054332924913623,-0.0015868794966696028
2020-04-02,0.004962037315685298,0.0036600319239003753,0.004107506845583385,0.004503211799809611,0.00485153695414285,0.005157366087359277,0.0029775472721569633,0.00333128423767356,0.0036600319239004854,0.003964291767779537,0.004244960421375712
2020-04-03,-0.0006249334171236559,-0.0014299184069770524,-0.0012174989047907272,-0.0010184690015140067,-0.000833583189737665,-0.0006628788202904636,-0.0017308063432503777,-0.0015781626806400679,-0.0014299184069765606,-0.0012868805538347682,-0.0011496130471909383
2020-04-06,0.011866158828116648,0.009625092262174527,0.010449208904467015,0.011175135488792702,0.011811998582475424,0.012369423485989437,0.008360752653366079,0.009017270095675994,0.009625092262173956,0.010185832095257743,0.010701663637091694
2020-04-07,0.0007822825515494814,0.00222752065073817,0.0018283872281102188,0.0014560541838716486,0.0011111053834876013,0.0007930608611535618,0.0027975244234190173,0.002507547532318615,0.002227520650738264,0.001958521409070934,0.001701243144859588
2020-04-08,0.0002681072104287739,0.0006569231947330333,0.0005472695523098774,0.00044480847552501806,0.00034973032008492983,0.0002619326372674806,0.0008132086266945803,0.0007337464392799958,0.0006569231947329422,0.0005830415847920034,0.000512300046788165
2020-04-09,0.009359860042994734,0.007208041594932738,0.007958109412350785,0.008622621951779782,0.00920927946253326,0.009726248501146301,0.0060642317052472154,0.006657240804224867,0.007208041594932867,0.00771794444924111,0.008188757451464647
2020-04-10,-0.00014713856692382708,-9.109081643530182e-05,-0.00011355764147682971,-0.00013379803345094286,-0.00015195787352020778,-0.00016821287035517004,-5.7530291440032785e-05,-7.482875106757136e-05,-9.109081643533408e-05,-0.00010632194708481541,-0.00012054549405057724
2020-04-13,0.00518294599127243,0.0030710514391683263,0.0037316884785142824,0.0043328768541250505,0.004877888767796433,0.005370786349925793,0.0020946947486623606,0.0025965777398546373,0.003071051439168518,0.00351821020231655,0.003938550317433342
2020-04-14,0.0023831441661689434,0.0012514425007219482,0.0015921726512178722,0.001905815994018163,0.002194017368646221,0.002458584950192377,0.0007527710773069778,0.0010085654945077784,0.001251442500721249,0.0014816794248438548,0.0016996536890962449
2020-04-15,-0.0011527677384593278,-0.00011714472806894112,-0.000422702401984667,-0.0007067756162008684,-0.0009702303182795469,-0.0012141671822046094,0.0003244810195290219,9.876344996574892e-05,-0.00011714472806840758,-0.0003232706678533378,-0.000519744004571316
2020-04-16,0.0003843809764056316,0.0002575172027110302,0.00029300318847567714,0.00032548872624685386,0.0003552240494871691,0.00038245273156794975,0.00020510935592437307,0.00023207021878288178,0.0002575172027115607,0.000281520301450736,0.00030415267521458365
2020-04-17,-0.00898350591772512,-0.005734973629632716,-0.006725298463433109,-0.007542928806056985,-0.008215963249755372,-0.008770793211845138,-0.003994160263823483,-0.004777837741663661,-0.005453287720512422,-0.006031193822414148,-0.006523945898792346
2020-04-20,0.00392403270415882,0.0028494325404582648,0.0031686839485236136,0.00342586221317639,0.0036325061359959846,0.0037988609298259092,0.002246721990508301,0.0024992668738423518,0.0027115550997923073,0.0028887199216372952,0.0030360785611453283
2020-04-21,-0.00225268757060627,-0.001067559078024889,-0.001433109852115224,-0.001741406289570324,-0.0020003186491253646,-0.002217835573862461,-0.0004687815646463884,-0.000759479668963097,-0.0010159552819896556,-0.0012403325817524184,-0.0014357505303248563
2020-04-22,0.008018558224083696,0.005136070618437735,0.006002723554459707,0.006717171354835956,0.007304439430426134,0.0077879280040554135,0.0036080225622005676,0.004295542464774165,0.004887792799528901,0.005394272970779618,0.0058259339556111294
2020-04-23,0.004450069983072303,0.00293138537668361,0.0033841854943133915,0.0037557791688798674,0.004059901661989416,0.004309240091093093,0.0021241208894537964,0.002484703573377162,0.0027943242106579693,0.0030582857260661673,0.0032825715311005058
2020-04-24,-0.0005656579485159943,-0.0002976775973863496,-0.0003854075435020172,-0.0004591127769847368,-0.0005207928191552457,-0.0005724425869061805,-0.0001523111900477593,-0.00022222506701557754,-0.00028372905167906704,-0.0003373941121577541,-0.0003840195470981257
2020-04-27,-0.003843885187937839,-0.0024915946444726573,-0.0029059697628400624,-0.0032474536861114493,-0.0035280547311671412,-0.003758989736616431,-0.0017692516526897702,-0.0021042543471541655,-0.002394643470064759,-0.0026445068574499626,-0.0028586964323484704
2020-04-28,-0.0020769569810655947,-0.0018645731136274007,-0.001935524419194951,-0.001984977754983708,-0.002018466028351242,-0.0020403485533432566,-0.0016887249349608426,-0.0017481447397995563,-0.0017921245305531682,-0.0018236510593840113,-0.0018453951366831896
2020-04-29,0.001058466412203165,0.0006052557848805054,0.0007349621166359298,0.0008430024006745003,0.0009326925401159325,0.0010072313260151438,0.0003865937055051317,0.0004918339562895714,0.0005842146995720192,0.0006646768005546145,0.0007344621260761891
2020-04-30,-0.009172188539874811,-0.0071976376019075045,-0.007799953758020592,-0.008274735697675301,-0.00864769948621466,-0.008940951262663352,-0.006035609264575008,-0.0065333630086954345,-0.0069479389875714,-0.007290384171212472,-0.007571884761259411
2020-05-01,0.004184521872342568,0.0029371138431301667,0.003306055239963862,0.0036061871346406344,0.0038496977089010633,0.004047614197171471,0.0022783598639311477,0.002581964961048022,0.0028430106313962642,0.0030658365453881333,0.003255309977083786
2020-05-04,0.0007179538030403827,0.0007374698927228541,0.0007244443676952399,0.0007086289710586956,0.0006915779401400534,0.0006743053118311916,0.0007342421586352814,0.0007260464686630315,0.0007148393237556235,0.0007016975615724374,0.0006874632293252065
2020-05-05,0.0023591234173263803,0.0022350638491743387,0.0022655921332462095,0.002278200368620782,0.002278528802640302,0.002270769792082885,0.0021187900481539758,0.002149907228311172,0.0021669515332502606,0.0021731450183243876,0.002171251021620061
2020-05-06,-0.004524167147320268,-0.0023318717074690344,-0.002998495059645059,-0.0035611276746058554,-0.0040340047496132845,-0.0044315233638094675,-0.0012442489841309114,-0.0017844870141274082,-0.00226592308744981,-0.0026914915438753235,-0.0030658650079067916
2020-05-07,0.00826507194557406,0.005290405151229471,0.00617945935817694,0.0069163641259255134,0.007525185079350882,0.008028731242172227,0.003775179812850124,0.004503664110482929,0.005142182990879782,0.005697697946910284,0.0061789757353565705
2020-05-08,-0.003694087375293299,-0.002400381397917457,-0.00279705000642165,-0.00312542850268744,-0.0033964134148639874,-0.003620295574529433,-0.001722930249219134,-0.0020485129853654287,-0.0023336679934003843,-0.002581569763608564,-0.002796188660583983
2020-05-11,-0.000678648478098829,-5.3271575398238075e-05,-0.0002482939499503283,-0.00041667356119451366,-0.0005611446754662256,-0.0006849075405391486,0.00024638473616870015,9.035332807839749e-05,-5.1815796073526385e-05,-0.0001800969297447812,-0.0002951198799356459
2020-05-12,0.0017061392828170497,0.001303476649229827,0.0014183090029272147,0.0015096288119937817,0.0015820057413918353,0.0016394225307198261,0.001089201354485532,0.0011857325411059137,0.001267375850662638,0.0013358928986257222,0.0013931316541661918
2020-05-13,0.004912675948319309,0.0038160226484481538,0.004140340484190198,0.004397506195055577,0.004600728217854193,0.0047614581464685835,0.0032063220598336647,0.0034796085866198845,0.0037102962539938287,0.003903523943175952,0.004064633513284359
2020-05-14,0.0033237437359356584,0.0017938190343175467,0.0022474183804842797,0.0026288786607462917,0.0029484313644723673,0.003216251301433623,0.001047616417526611,0.0014169188493719028,0.0017453501139123662,0.0020351680643403624,0.0022897406243132176
2020-05-15,0.0030784653996301366,0.0019977372535804646,0.0023163160497016878,0.002579672138263776,0.00279671571967729,0.0029758155431759943,0.0014517892964904778,0.0017140831845736944,0.0019437823961301324,0.002143489403825384,0.0023164171454105017
2020-05-18,-0.00402542660370368,-0.0035565602642128368,-0.003705135740253677,-0.003812274780227753,-0.0038880378619009833,-0.003940515475835486,-0.0032334889799029553,-0.003370277675289487,-0.0034789507522829037,-0.003563917995955418,-0.0036293554539324523
2020-05-19,0.002324365964947266,0.0007874880588957306,0.001250480501490887,0.0016489280374782083,0.0019899147841818416,0.002281346572240867,0.002013403753843213,0.0027717090177382547,0.0034539123608142877,0.004063022026174846,0.004604239626177157
2020-05-20,0.0011927987676139899,0.0010636132725676084,0.0011024396820367632,0.0011300938663257871,0.0011492537906053555,0.001162092779573152,0.0021235495021861865,0.0023870922230533435,0.002618080434479939,0.0028191537908983226,0.002993450916336275
2020-05-21,-0.005066783318519817,-0.0030418676220669606,-0.003675378756915167,-0.004210332949957537,-0.0046601040904652065,-0.005038160913996185,-0.008989486276073442,-0.010903080742795885,-0.012612278887457395,-0.014127830913093936,-0.015465416293958943
2020-05-22,0.002656753486373501,0.0020933975054928337,0.0022647393546728328,0.002401954752823332,0.0025113477369832393,0.0025985188553483063,0.005421545448317747,0.006295918321806977,0.007071050556118544,0.007753282639584791,0.00835101221809819
2020-05-25,-0.0019107612992746022,-0.001785351915720833,-0.0018390880120843418,-0.0018757489388529626,-0.0018995621669259403,-0.0019139357835588043,-0.0016755413094866895,-0.0017330649353146598,-0.0017792581878259479,-0.0018156746517197244,-0.0018438376663076348
2020-05-26,-0.00636497422181511,-0.004660320617836882,-0.005205673521064089,-0.005655916729693485,-0.006026203255227563,-0.006330761573287542,-0.004839272947145294,-0.00553135708945545,-0.006149214839385149,-0.0066970430972155435,-0.007180545187863623
2020-05-27,-0.000917901492768058,-0.0010069334059280022,-0.0009929610908395786,-0.0009749336733439497,-0.0009547581694830993,-0.0009337567011577647,0.0003014960491026574,0.0005723075067638384,0.00082052385589295,0.0010462826717030742,0.00125050489420274
2020-05-28,0.0017615174746284169,0.0005637495688538582,0.0009306435969268797,0.001255753624880781,0.0015420861707924945,0.0017935140539712118,0.0022849836380859777,0.003050994006304364,0.003758263062203552,0.004407364567783933,0.005000413861481685
2020-05-29,0.0019540044495452913,0.0006087392752583646,0.0010216146966486475,0.0013876346158057072,0.001710128105182074,0.00199341147835305,0.005832658455123987,0.0073862589762701426,0.008816757215838753,0.010126057338427273,0.011319136245913752
2020-06-01,0.0019086500547061253,0.0005053980445134773,0.000928854216804945,0.0013091079554316952,0.0016485745043860922,0.001950633103030135,0.0032480455174133714,0.004292415434263534,0.005262481791954302,0.00615868218980322,0.006983239255861594
2020-06-02,-0.006294690515055825,-0.005791044305096602,-0.006039653242113234,-0.0062402190183952705,-0.006400512409318816,-0.006527635784399021,-0.011006442947163526,-0.012424700816617685,-0.013722895510655139,-0.014905089207521243,-0.01597750215338761
2020-06-03,-0.007917504713869544,-0.004626270080068339,-0.005691857493868449,-0.006640171336910071,-0.007480157471049407,-0.00822235812017959,-0.006018047915182973,-0.007485021516818136,-0.008845604614228323,-0.010101235526443295,-0.011255620180338271
2020-06-04,-0.008617587107674959,-0.010815268639915943,-0.008941940160751144,-0.007203481204753479,-0.00560344110065404,-0.0041389401215418615,-0.012338819255671546,-0.010719350117400193,-0.009168267227010326,-0.0076931565299459565,-0.006298210140333804
2020-06-05,-0.010188591529397875,-0.003054351878865602,-0.0030632082636151275,-0.003059255565851807,-0.003045754590422234,-0.0030253949807522353,-0.009208576294201659,-0.010552490102794174,-0.011788413752983633,-0.012919208000398046,-0.013949800266436774
2020-06-08,0.0015502913089947736,-0.01250105935480908,-0.014279716795674097,-0.015847857430540825,-0.017224232680248468,-0.01842953949445776,-0.0049810454246811955,-0.0053434171064058065,-0.005670148635297802,-0.005963254788107753,-0.006225180973782815
2020-06-09,-0.0006683433684165549,-0.011396398922338747,-0.01199586399413976,-0.012496303126088739,-0.012911506446935265,-0.013254579318267179,-0.011403489244804273,-0.012112896256660706,-0.012748315523755487,-0.013314432058189295,-0.013816714679933409
2020-06-10,0.010410472921233177,0.0007704446755445157,2.3025862121230563e-05,-0.0006649486251157973,-0.001294496652762164,-0.0018683027367345111,0.0018603646255885785,0.0013072826732639037,0.0007806671409940978,0.0002819995068963768,-0.00018810180061518106
2020-06-11,0.016074312344503686,0.021277363571997943,0.019918972532134538,0.018618738287011348,0.017382799007747293,0.016214093352736582,0.024066838047678767,0.023290521313032442,0.022515901398256946,0.021749572374934707,0.020996804867407105
2020-06-12,0.00166133527501608,0.0013081546793253043,0.001418951689897441,0.0015185951059669782,0.0016079885583930925,0.0016880760933108226,-0.003324611217569224,-0.004218674369857001,-0.005060776608871729,-0.0058513930999601164,-0.006591772077548268
2020-06-15,-0.014311148373143559,-0.016279359905043256,-0.015901535101254423,-0.01552319249674577,-0.015149441611573793,-0.014783990354093467,-0.01764205463007402,-0.01756699124766472,-0.017469907165890107,-0.017355125241601772,-0.01722644870430874
2020-06-16,0.01909860121251297,0.022663922336244157,0.02235730604421074,0.02192538230621958,0.021395979385200072,0.020796867241897887,0.027514247834299062,0.028435283605628813,0.02919181494923214,0.029791807711482345,0.030247914001482672
2020-06-17,0.002116289469925314,0.0027254901958620533,0.002596723090322801,0.0024609100539220064,0.0023223409441201887,0.0021845025633076944,0.005402771018300173,0.005873712535960447,0.006293779066508329,0.006663949365173105,0.0069868557687469204
2020-06-18,0.006588468196965167,0.0096588567407073,0.008972180820846214,0.008276309289494146,0.007588276330249055,0.006921032139576853,0.004754247217660693,0.0030272944475330872,0.0013759278499451745,-0.00018413996888185554,-0.00164338773413107
2020-06-19,0.01872146157821294,0.015374894227992255,0.016746439940829857,0.017932590385424434,0.018942498915549204,0.01979153670740554,0.02012647016586021,0.02262422195266762,0.024887044334364256,0.02691372768636405,0.028712108071626295
2020-06-22,-0.014866664239379126,-0.022077831881681012,-0.020600832141376618,-0.019053498863838197,-0.017475937092928044,-0.015903728043538113,-0.02195353705887358,-0.02053493658664524,-0.01907036373117566,-0.01759078642528952,-0.01612311255064733
2020-06-23,0.004406436199103618,0.000612472538915705,0.0017283916170382663,0.00278609293787496,0.0037715058733485286,0.004676418011725822,0.002715950607756761,0.004286648593655955,0.0057661707495320555,0.007140790483696505,0.008403338545862532
2020-06-24,0.03667605733111806,0.04198716797932711,0.04028898453390263,0.038355641440338005,0.036284051952629674,0.0341592666715177,0.029238999247379563,0.02508428812994149,0.021154069511521406,0.017521611798849857,0.01421652367767749
2020-06-25,0.007285298501374206,0.006528746028798829,0.0066245226958138465,0.006668467326905394,0.006667193281249936,0.006628684469423683,0.01151853998178056,0.012556050605094076,0.013398899607370826,0.01406661593768876,0.014584887702923264
2020-06-26,0.004873855474471498,0.0019463977572702542,0.0026437261450930967,0.0032899499911112568,0.0038777290240521703,0.004404202288461235,0.004279569107879504,0.005377325388484018,0.006335915047249228,0.00715811039774864,0.007854911450241525
2020-06-29,-0.0017832500809532553,-0.0025684276166594447,-0.0023553664337314286,-0.0021354784863841423,-0.0019148134339986081,-0.0016984260018797991,-0.003702684017169771,-0.0037098069005655266,-0.0036848975678518583,-0.003636596618745383,-0.00357263018801721
2020-06-30,0.01123627147602576,0.008223000918923534,0.008866372638460879,0.009419295825983935,0.009882485722853345,0.010261351536379188,0.020447511437418617,0.02353822329275582,0.02621996051794778,0.028505726244245366,0.030428742116861515
2020-07-01,-0.019132606085955024,-0.015569701725840551,-0.01628888214204049,-0.01686484098658917,-0.01730586806945967,-0.017625927087620657,-0.02271391722739196,-0.024711572471889428,-0.02635658935567483,-0.02768385694631907,-0.028737710944668617
2020-07-02,0.008472168949802409,0.006470980279433065,0.0068741660636396805,0.007212917765407475,0.007489135754627636,0.00770766848657008,0.008067436177503363,0.00873202844424355,0.009280196627122253,0.009722725229340505,0.010073721115349241
2020-07-03,-0.0003568227382297686,-0.00013551893234527564,-0.00020630369709526635,-0.00027303054776554024,-0.0003348909907198317,-0.0003914340006980261,-3.464929098482756e-05,-7.910353877484019e-05,-0.00011989690951815181,-0.0001567368906816734,-0.00018961519905699004
2020-07-06,0.0019344413673078428,-0.002107913271934138,-0.0010895977656180474,-0.00012517459884931996,0.0007774681841076027,0.0016143621701279268,0.0031143063760090592,0.005110476853149202,0.006901685036188298,0.00849161925670829,0.009893014464095963
2020-07-07,0.021925860289613283,0.015156853249286197,0.01590841333584579,0.016538861856055097,0.017057542388850575,0.017476360155394017,0.016340213401779935,0.01723184869384264,0.01795028511262001,0.018516135215457207,0.01895230496927438
2020-07-08,-0.008609372539174084,-0.014686284114263181,-0.013007427304650787,-0.01132281024478323,-0.009648599584007883,-0.007999466785409208,-0.004465906232642933,-0.0006703402313539394,0.002841650036180616,0.006045317195806734,0.008937645568818
2020-07-09,0.025788578940814256,0.028793810902458448,0.028341495359279698,0.027811654438220323,0.027206861886360376,0.026531482556367707,0.022740229154715092,0.020517217590535392,0.01826787850407883,0.01605804595809716,0.013936876116042973
2020-07-10,-0.01171367433964827,-0.009413890174761306,-0.010046078346814102,-0.01066821899463693,-0.011275899377787987,-0.011864815823261527,-0.005711841039467668,-0.005297208610312023,-0.0048619331313390635,-0.004421182396670697,-0.0039874566112453385
2020-07-13,-0.0009227970814746663,-0.0029573177228678243,-0.0024700401048995224,-0.0019810297184916325,-0.001493668063605918,-0.0009862106818899357,0.017686948791570647,0.02238810298695915,0.026485364279366354,0.029981099347886474,0.032920575187929915
2020-07-14,-0.014050768786334907,-0.018297232737637656,-0.017294031384251885,-0.016259680306096126,-0.01520212734749048,-0.013816918775067159,-0.026002669893441004,-0.026135350090524853,-0.025989416895142496,-0.025639381221909355,-0.025153870619271115
2020-07-15,9.48875158419832e-05,-0.0004427611925663145,-0.0003279573910615928,-0.00020803142768484383,-9.900586389950616e-05,-1.465995914630575e-06,0.006826548852219638,0.008376475351784296,0.009490590679882083,0.010367371907064125,0.011060789648830574
2020-07-16,-0.011079078352557255,-0.004236491233818877,-0.00615176948014258,-0.007847000082644422,-0.009319608525614951,-0.010582975409260936,-0.00731329911504257,-0.009523275572555775,-0.01134560935945631,-0.012828471845922822,-0.014029562003447195
2020-07-17,0.002058716132978809,-0.006156459486197616,-0.0038810471216084914,-0.0017657346962297704,0.00015717510476753627,0.0018779285365546287,-0.0022969757184070553,0.0005036664627571939,0.002928792450611743,0.004992457996898791,0.00673435235156658
2020-07-20,0.00569611020068316,0.0017603844607877817,0.0028199148644888535,0.0037640553737083777,0.0045891357206804245,0.005300751589004144,0.01422873990403168,0.017265686840379147,0.019720893016421,0.021679393175935063,0.02323473961399507
2020-07-21,-0.007497270401633303,-0.024349078520397242,-0.019658297021750367,-0.015166048764261003,-0.010972027019061428,-0.007128892184023208,0.015168539553439822,0.026397262526590356,0.03585735778967606,0.04370806314275151,0.050184570168782805
2020-07-22,0.0179227628446876,0.0013615131144792147,0.005861998049211196,0.009980159579239164,0.013665828225112506,0.016911626254578458,0.04018314467196962,0.05040254628886717,0.05849079549042298,0.06478846937912287,0.06967028048944615
2020-07-23,0.008826373865782987,0.00029794682680159013,0.002610450070021246,0.004725305765747427,0.0066147285359639445,0.008274513998927426,-0.006130800490445656,-0.005086318656151713,-0.004143353355121227,-0.0033226506341756824,-0.0026208520506676106
2020-07-24,-0.003392278550457729,-0.011931078622347905,-0.0095958921873333,-0.007338427965459369,-0.00521831991310482,-0.0032698323748380533,-0.016762951417901385,-0.015071912873888624,-0.013450245461065671,-0.011977842240322965,-0.010678741639257186
2020-07-27,0.03728311007667194,0.017760323902011942,0.023024062326736344,0.027679468740841776,0.03170128419678418,0.03511713533228802,0.05106244535334217,0.059958258699620584,0.06659071998894948,0.07146786355425128,0.07505093781737762
2020-07-28,0.01858290643318773,0.00987805854002091,0.01223349499330014,0.01427860654477494,0.016012121628375692,0.017456835799896313,0.0006945094069371056,0.0010560118558650003,0.0013250841570163114,0.001477194246953617,0.0015873633013922537
2020-07-29,-0.011527556538004339,-0.01803523166933092,-0.016231749632351026,-0.014391716620047653,-0.012588585530415105,-0.010874023849835405,-0.016693405027487056,-0.01436458295392327,-0.012105813338716893,-0.009864907915276952,-0.008122733840887282
2020-07-30,-0.11602878422682973,-0.12157512273867759,-0.11974971936775128,-0.1168135222347347,-0.11311035016076243,-0.10895586398336911,-0.12543022938283963,-0.12001335313165927,-0.11355045893722907,-0.10298120024653011,-0.09454341880206057
2020-07-31,0.06412543679663923,0.06340860388568041,0.0639149041986463,0.06416749865373052,0.06419981174976276,0.0640462654879777,0.061025845075114146,0.059114372738463775,0.057113494768752715,0.05518426987407857,0.05339645494982359
2020-08-03,0.006664317199224585,0.006540022346528519,0.006580542966854251,0.006602412587161852,0.006607813213237871,0.0065989679347950355,0.007730250333453194,0.007773686732178579,0.007760917130088988,0.007715566651055667,0.007652658824183744
2020-08-04,0.013185398269026418,-0.0009923640553596992,0.002809117906653271,0.006444154800125425,0.0098981456475443,0.013162484211090736,0.01657072492236025,0.021989127988621484,0.026398201411235552,0.02999320837538318,0.03294278802434358
2020-08-05,-0.014842168228623756,-0.022702445060524844,-0.020695389237201326,-0.01870990775264579,-0.016766592667863206,-0.014881829171990758,-0.009298403854321034,-0.005334314939298641,-0.002005802955507725,0.0007776422740614374,0.0031103409510832747
2020-08-06,0.03618790709918663,0.03087525019622315,0.03243927083808416,0.03383333746984353,0.035062681125002514,0.036136177106986175,0.03972560926805609,0.04125544436663169,0.042226826367451474,0.04282371392950241,0.043173011415421396
2020-08-07,0.003651911523771142,0.013105825876049358,0.010583873865107306,0.008142856889415679,0.0057992317340990335,0.0035645583647115537,0.004027174963744013,0.0005877652099396737,-0.002276949627554958,-0.004660794685012563,-0.006652625916864458
2020-08-10,0.002448034097490683,0.005196754135838651,0.004459709765273318,0.003739553390768953,0.0030438744937728605,0.0023782930505541625,0.022986313544515954,0.024695332748338062,0.025931281014837475,0.026831357064575463,0.027494121668488407
2020-08-11,-0.052592499790838146,-0.01914552946904554,-0.02834997089764959,-0.03705001029588951,-0.045191418907953564,-0.0527459731352266,-0.035987674788142146,-0.044297929351111,-0.050855176400688464,-0.056059507716304954,-0.06023147495367898
2020-08-12,-0.020541447263056817,-0.026963806479531335,-0.025501800749893784,-0.023886553920586015,-0.022219547826286584,-0.020576804203718414,-0.020968031906618216,-0.018423389507041893,-0.01627597645960954,-0.01449405045630896,-0.013017300114703164
2020-08-13,0.02059921447748854,0.011963196530854214,0.01466617805905159,0.01699290069788089,0.018948337508471975,0.020564806675409733,0.0238762079516107,0.026469439480652154,0.028239305933823632,0.029470194818487148,0.03034668535171351
2020-08-14,-0.015375097771781863,-0.016035755940338278,-0.016096306526817997,-0.015982760352552458,-0.015744246516849053,-0.015424997738935105,-0.026405213506949517,-0.026886496518478107,-0.027014211720210707,-0.026963585973208005,-0.02682772368282663
2020-08-17,0.012793897666281508,0.002259747779873843,0.00539557329785865,0.0081996599075777,0.010652573817897434,0.012767159580800417,0.014018750007526323,0.017080815079159924,0.01930153783204714,0.020945292249605375,0.02219078302332868
2020-08-18,-0.020860686110505837,-0.03157714188548206,-0.02887224546824463,-0.026114032207850035,-0.02342404381051924,-0.020881194637635523,-0.019922672681447717,-0.01600920402222528,-0.01286633273511586,-0.010343591579226489,-0.008300966000152284
2020-08-19,0.004665870453053037,0.028514525063970123,0.02189665050082416,0.01561078910268251,0.009805042677548212,0.004549158063294687,0.019443929910674358,0.013243947056005779,0.008323619644786508,0.004409174899964754,0.0012624397241376385
2020-08-20,-0.01548598251136303,-0.023696917987656066,-0.021811213175050338,-0.01974035772475983,-0.01760677936545868,-0.015510869130408673,-0.020465048134529998,-0.01795997851623305,-0.01578072721378714,-0.013937815852136748,-0.012392608702802864
2020-08-21,0.03892935513577895,0.04668738850342078,0.045341965004321555,0.0434766082461231,0.04125619180063458,0.03884464852673627,0.03138532867561182,0.02706099501444517,0.023298099211446634,0.020106593230352396,0.017421931587361217
2020-08-24,-0.012786261529822568,-0.011113402322954566,-0.011769692539550038,-0.012270875092882496,-0.012621429840977612,-0.0128376857021952,-0.008933546328229564,-0.008718283002559009,-0.0084372682869984,-0.008140249737356213,-0.007852771828740515
2020-08-25,-0.00874199688319926,-0.009542157333135154,-0.009484935701735088,-0.009326330072252574,-0.009085888170037679,-0.008786564909934385,-0.01038221805978094,-0.010106878743159076,-0.009760856989330708,-0.009400842774197487,-0.009055383075097267
2020-08-26,0.0008034224378320147,-0.006466407736401339,-0.004578155121918734,-0.0027064666997947693,-0.0009076376935516611,0.0007764055253244983,0.003566556306964011,0.006573332747691469,0.008980882192693133,0.01089135978917335,0.012410391802241853
2020-08-27,-0.02639648518668756,-0.022334087500804543,-0.02381048115448648,-0.024985994302685836,-0.02585894273829876,-0.0264526944061019,-0.019591472647875297,-0.0194901913804021,-0.019165693421933645,-0.018739097734284418,-0.018281380699481153
2020-08-28,-0.0052895540147578,-0.015727801313059522,-0.013096164911287058,-0.010425907967611647,-0.007805299416375397,-0.0053046394437817074,-0.01000134877737448,-0.006731471238390306,-0.0039578494116220345,-0.0016482500761573879,0.0002651577002622574
2020-08-31,-0.028168279545733983,-0.03259432502980445,-0.03210234674600853,-0.03113226787519384,-0.029788959413849854,-0.028202565285167288,-0.018070094875882785,-0.014318275673813932,-0.011069195401156506,-0.008354347573970433,-0.006114233743707212
2020-09-01,0.0305825202985798,0.032809416551502185,0.033047946462094774,0.03267627175745628,0.03177972466411572,0.030502713034735795,0.0266019571398791,0.024063804898082852,0.02158269358413776,0.019366366366903105,0.017462615118464322
2020-09-02,0.013302938673150697,0.02360633920608357,0.02131137715475829,0.018711979354104312,0.015960909248747976,0.013208392865983234,0.009515361045736984,0.00465351730723098,0.0006504115183315324,-0.002547183052564101,-0.005083226652524169
2020-09-03,-0.003910969914246627,-0.00017247799718478346,-0.001200201590828125,-0.00220345812219467,-0.003140240217002592,-0.003980639505047253,-0.004498548730552609,-0.005892058111913102,-0.006913131779635039,-0.007643002750192348,-0.008163543837699176
2020-09-04,0.003751491889976628,0.002950888727741932,0.0032178061799238654,0.003432944327882356,0.003590826666542204,0.0036933825229803234,0.00044104150296699204,0.00013382518036234438,-0.00011982827838078871,-0.0003225382907533326,-0.00048302906903250654
2020-09-07,0.026929855226245508,0.028184979913476592,0.028508224796649495,0.028367648897167048,0.02778888045464288,0.026852854508579917,0.02463961068151176,0.022578062740044594,0.02035414408987448,0.01825074531515055,0.01638295388150909
2020-09-08,-0.005622976036298229,-0.004945953174187169,-0.005252439646602099,-0.005479363583453815,-0.005621487075000624,-0.005684119677495469,-0.0006896401343361323,-2.0230765474729797e-05,0.0005354181032553551,0.0009793033876302599,0.0013291959890419684
2020-09-09,0.011461061654392429,0.006870519380413507,0.008240051951895318,0.009479723666406656,0.01054371128365343,0.011411424940451416,0.005673953999308891,0.00622101214143121,0.00653486766198256,0.00668911311948578,0.006745294272417452
2020-09-10,-0.0038421627640225398,-0.00338623904056689,-0.003556804502141082,-0.0037045893586230127,-0.003823798945163045,-0.00391048160063592,-0.0005278294851961633,5.523692908130604e-05,0.0005450126461967278,0.0009446094497367773,0.0012686149847902688
2020-09-11,-0.004497981233555423,-0.00230972936183221,-0.002898120397375454,-0.0034826570961751513,-0.004046651190024372,-0.004574149667498935,-0.007002868490642469,-0.007968230704729603,-0.00865279044335611,-0.009129271476680084,-0.009459300633437485
2020-09-14,0.015949308862711356,0.009427275765695292,0.011128082877338585,0.012823164416407533,0.014466336615306965,0.01589123520700152,0.013766095156762678,0.014884744844399639,0.01558710028788933,0.016004978543365477,0.016238573356980222
2020-09-15,-0.0007072919436839282,0.00011876231756815379,-0.00010060930478343793,-0.00032939518143047596,-0.0005624089967239872,-0.0007805743301803268,0.0018851105148127898,0.0019363556697359753,0.0019497732974314958,0.001941058386830578,0.0019206838594020051
2020-09-16,0.0005010233329851604,-0.001564159370047161,-0.0010984115927386612,-0.0006017630835155837,-8.215708577252718e-05,0.0004371304239443723,-0.002032998003217117,-0.0015449004862722472,-0.0011180653302036638,-0.0007566411073967011,-0.00045467814082427046
2020-09-17,-0.006336411084732005,-0.0008320025628229945,-0.002285500507476,-0.0037879402167369566,-0.005189571205610387,-0.0064237184262003495,-0.0038606892253435546,-0.005399211824960753,-0.006591998749033476,-0.007503917538429745,-0.00820156420895642
2020-09-18,0.0026663474468385843,0.000681897891689003,0.0011980746475433871,0.0017166190228198794,0.002185484429502202,0.0025996203093208922,0.00056012679602921,0.0009068518995350013,0.0011789972858111352,0.0013895351550818518,0.0015524815292801862
2020-09-21,-0.0077805151090031,-0.00792006862495026,-0.008027876598820856,-0.008038164813823198,-0.00797503837592569,-0.007850671622189623,-0.04269841465808318,-0.04723245743894363,-0.05025691169713729,-0.05222035827553875,-0.053473822951623735
2020-09-22,-0.00513465729462875,-0.005666924487960118,-0.005626590334155727,-0.0055298472567097716,-0.005385645588906683,-0.005205509041194494,-0.002427950229816141,-0.0017170400555636953,-0.0011172601428921945,-0.000622713529018122,-0.00021736290405958617
2020-09-23,-0.06702764687912637,-0.03848001834838886,-0.046855968230100374,-0.05451916766440444,-0.06131430441499709,-0.06717581635527689,-0.042748342874351676,-0.047599990611699505,-0.05086631513213354,-0.053041562189111234,-0.054491278696850616
2020-09-24,0.0038595872794621377,0.0023705963910160416,0.0028085331149932864,0.0031937312926532116,0.0035213875156015193,0.003792449704984449,0.002982467990127072,0.003267238506989462,0.0034512042481320768,0.003568770837836861,0.0036437600766146736
2020-09-25,-0.0073536753257344685,-0.0053855153771742515,-0.0060476106631109005,-0.006609586842705859,-0.00706821943750638,-0.007429565100030441,-0.005066703841367395,-0.005266606397073864,-0.005355771430569094,-0.005381066530096852,-0.005371493596787444
2020-09-28,0.016175547079925964,0.009496961516611151,0.011513083545167753,0.013301958865907963,0.014838191000401874,0.016122551920015278,0.013255291824647526,0.01474861859849422,0.015743917180930357,0.01640377559747808,0.016843803364292555
2020-09-29,0.013078374030398243,0.008379711939970965,0.009822328078038263,0.011082930258714627,0.012147059384792642,0.013019706083732745,0.018050918951253277,0.01988782817888347,0.021086009223471376,0.02186004246234653,0.022360269655817756
2020-09-30,-0.009244964151049405,-0.005798750911440809,-0.006886385492423584,-0.007841959532176502,-0.008653658856130597,-0.009324174612520764,-0.01716823528014902,-0.019054021105045865,-0.020302840134702516,-0.021125186934278527,-0.021669558118816934
2020-10-01,0.014312051958959142,0.007856638113861787,0.009788806829420875,0.011513298254942508,0.0130037340125712,0.014258810390984632,0.015622806282839092,0.01757992346099428,0.018903509040883205,0.01979747207479816,0.02040744551151723
2020-10-02,-0.004312598865856762,-0.002388077342618084,-0.002991175348615516,-0.0035295894560694488,-0.003995157494550497,-0.004387527094561991,-0.00445919581687807,-0.005029423286018332,-0.005416337561702984,-0.005678803529313933,-0.005858845670212265
2020-10-05,0.010395207826985359,0.005982908873345677,0.007309984440194311,0.008486076708751213,0.009494498429802078,0.010336257898312013,0.0110522954673459,0.012325714655577583,0.01317346116110319,0.013736576790903786,0.014113942054373246
2020-10-06,-0.02281614478485027,-0.011612808025916679,-0.014997634270220214,-0.01803513237200927,-0.02067619201275173,-0.0229154912966814,-0.014401679857811501,-0.016635923985006344,-0.01819302326963876,-0.019281037184491246,-0.020051933503807042
2020-10-07,0.005341449843117968,0.0020112018146898245,0.0029765576590282602,0.0038517714063898197,0.004620641057158445,0.005279834218311499,0.00014868021742138704,0.0005369265502874213,0.0008372450900008535,0.001068838457520616,0.0012490406030794539
2020-10-08,0.0047485860634824345,0.003007331843656719,0.003536623113072462,0.0039934748368280915,0.004374111650113543,0.004682278358872508,0.0015356336527015382,0.0016110635231548287,0.0016497258007768642,0.0016668820629705745,0.0016718981728818128
2020-10-09,0.02822116597756716,0.01688800499410893,0.020396955268655072,0.023462383666793686,0.026051206694560215,0.028179411011407255,0.027552916903517067,0.030514004268518382,0.03246100494556798,0.0337405819157953,0.0345896439563534
2020-10-12,-0.005207715272058157,-0.0028682940381620937,-0.003610208479912744,-0.004263237653798543,-0.004819753170401698,-0.005282380163446632,0.0007967365213128596,0.0008027462866524519,0.0007971052754628975,0.0007861905639018199,0.0007733978332255979
2020-10-13,-0.021992571723394125,-0.01270227797799694,-0.01561408315543975,-0.01815873046513443,-0.020310525396078465,-0.02208433650875898,-0.022264711407326682,-0.02482561946221251,-0.026524915771739373,-0.02765637413016277,-0.028420040601277154
2020-10-14,0.006980161132449207,0.0038289757828563896,0.004784944353351564,0.005622140754479578,0.006331901177604944,0.006918901045245229,0.005895802417428087,0.006624174981457276,0.007112150852187998,0.0074411243024737,0.007666541387827677
2020-10-15,0.000745660648728688,-0.002178077059665269,-0.0013933103265524203,-0.0006410961807013231,5.588448984501942e-05,0.0006852179890540645,-0.004946434754293117,-0.004591018005642213,-0.00425289178712714,-0.00395188383848535,-0.0036912480501546017
2020-10-16,-0.006963020345123398,-0.004071582412911493,-0.004957065510677694,-0.005726121859225332,-0.0063724024458458525,-0.006901898756163056,0.00042349469572244424,0.0004680924572260992,0.0004971963727136795,0.0005162499382190713,0.0005288822146608524
2020-10-19,0.0017864941719918262,0.002162734648163439,0.002113803107086806,0.00204264317646476,0.0019566373425929486,0.0018626606388518826,0.005796818421551783,0.006074440081343458,0.006219346615079997,0.006286556501671576,0.006309578182948255
2020-10-20,0.004084771530160521,0.004827637412147378,0.00469528909811051,0.004516146005746916,0.004306615033804975,0.0040817578648313264,0.007769324343053545,0.007819717481414145,0.007764692358902848,0.007660781706914824,0.007538756674093015
2020-10-21,0.008050479122654013,0.009506167343930519,0.009246935401465642,0.008896027319108026,0.008485410414705357,0.008044484654821901,0.01109210795392228,0.010707303272542112,0.01027123207530941,0.009843916676138325,0.009450283374225812
2020-10-22,0.0,0.0,0.0,0.0,0.0,0.0,-0.0073974377674693205,-0.008248157336412518,-0.008824882810541293,-0.009217388570091762,-0.009488108682741697
2020-10-23,0.002414007352371493,0.0028294279046634243,0.0027567335627323736,0.0026571383618785,0.002539519425755888,0.002412216314385474,0.0016778858713076647,0.0013759308037874626,0.0011170621214755831,0.0009004057962486796,0.0007203062889306009
2020-10-26,-0.0003438099080683653,-0.00040214280981725094,-0.0003920128119625833,-0.0003780544038713825,-0.0003615095933212976,-0.0003435534302214914,-0.003978993805122049,-0.0043845642741936995,-0.004655864714373795,-0.004836982268681493,-0.004958787483030585
2020-10-27,-0.0016927482021157287,-0.0019827647393191586,-0.001931995275615601,-0.0018624769477141089,-0.0017803732011763013,-0.0016914802206003893,0.0006200113506263905,0.0010458072087606433,0.0013739940103391875,0.0016265495700552228,0.0018226804464221476
2020-10-28,-0.002041632841843314,-0.0024526134657145314,-0.002382797855158615,-0.0022835642743317523,-0.0021659317319382347,-0.00203991024409895,-0.021592579185321623,-0.023413985110792065,-0.024510057327310868,-0.025161576322999084,-0.025545573283357454
2020-10-29,-0.004788149370817793,-0.005803448525334584,-0.005641653232906044,-0.005397202439440751,-0.005101599125121349,-0.004783689999771211,-0.009834114696650981,-0.009787041518681455,-0.00960532135265734,-0.009380107616782308,-0.009152939372768613
2020-10-30,-0.0015481433650745748,-0.0018763861733456187,-0.001824191529066503,-0.0017451818635406643,-0.0016495673137126201,-0.0015467050070408221,-0.001440729869707964,-0.0012613138713354617,-0.0011049424355775125,-0.0009743873632580272,-0.0008667353272668453
2020-11-02,0.0001763485644092403,0.00021272211499793713,0.00020688394885215444,0.0001981404218369436,0.0001875752943324981,0.0001761874023506253,0.00016461113333585866,0.00014477788716446942,0.00012731890322227626,0.00011261644364597733,0.00010040959619822101
2020-11-03,0.001546347374720207,0.0018831928659595865,0.0018263859997287534,0.0017445854746116001,0.0016477988684331243,0.0015449090319037651,0.0014397888096452358,0.0012644711084267876,0.0011114659992677745,0.00098316580833567,0.0008768554651670554
2020-11-04,0.0037911958094386505,0.004595743690953071,0.004469523115167671,0.00427609391985846,0.0040409326782022935,0.003787496985426436,0.0035730353268721986,0.0031391199174716977,0.002756285293184166,0.002434149634980268,0.002167185882216898
2020-11-05,0.0013444466058202009,0.0021780805706727636,0.0021136888774937503,0.0020186875013163126,0.001905262897964401,0.0017843163094544577,0.0016837340458159768,0.0014781392796514086,0.0012977926675554958,0.0011464250006554407,0.0010211010904263406
2020-11-06,0.002134588963380665,0.0031132366976964676,0.004476347685382186,0.005664274217462937,0.006656690758908675,0.007461415387705966,0.0008759789010365807,0.0014632035699544878,0.0018943390455962575,0.002211474248995955,0.0024484399511386134
2020-11-09,-0.21711386216108697,-0.12334318529671746,-0.1516249266951689,-0.17666592417640112,-0.1980090083089993,-0.21563697228511922,-0.06692300220938038,-0.0750817589828686,-0.08048530777600836,-0.08402524308918108,-0.08634919854955721
2020-11-10,-0.00037786111987912687,-0.0025136144235201577,-0.0023737486636207943,-0.0022786461441564134,-0.0022098710183546238,-0.002157854391489545,-0.0017722579381269938,-0.0018004017291672158,-0.001797506571988571,-0.001780203904842927,-0.0017572214055173536
2020-11-11,-0.001429967861577828,-0.0028437311724104544,-0.0022847590952886237,-0.0019084415443974135,-0.001638136853393879,-0.001434699562683766,-0.002687985081767618,-0.0023841007915667276,-0.002111200362480525,-0.0018775467325525797,-0.0016810139950180975
2020-11-12,0.0014805956774280845,0.0029454923308608145,0.002366430889643262,0.0019765633918734514,0.0016965290715491384,0.0014857767835167047,0.0028541033003304374,0.002535321657589311,0.0022458273567141636,0.0019966520176766906,0.0017865875120594542
2020-11-13,0.0026821975539793315,0.0053292025970743265,0.004283679265178373,0.0035791136574799803,0.003072733149124313,0.0026914716331325485,0.00521887744887902,0.004664574449428475,0.004153287806972161,0.003707480481513501,0.0033278071802037706
2020-11-16,9.040091040456151e-05,0.00017910946542780244,0.00014412169443441284,0.00012050811482108141,0.000103517029000784,9.071258840426144e-05,0.00017932367050523768,0.00015918920811137572,0.00014109648082371055,0.00012558541215699614,0.00011252015211298039
2020-11-17,0.0010081288098241175,0.0019978224394847483,0.00160743986300554,0.00134400204422985,0.0011544631296760922,0.0010116362969242506,-0.0006671050280231437,-0.0011810161701196573,-0.001564265768744729,-0.0018526993576230986,-0.0020735811396137157
2020-11-18,-0.00014855826502260656,0.0,0.0,0.0,0.0,0.0,-0.0041462029002925106,-0.004515332776874429,-0.004747681390650726,-0.004896773344481838,-0.004994795429221645
2020-11-19,-0.003707293575594942,-0.003346456333988111,-0.003758341485022752,-0.004033289994318148,-0.004229646345000754,-0.004376812182680367,-0.010688926635194525,-0.01186034877622847,-0.012613243026364832,-0.013117009434576494,-0.013467694099575682
2020-11-20,-0.00015140178354167773,-0.0028836796924112383,-0.0028903814017367034,-0.002894072346722667,-0.002896323314623097,-0.0028977991611044526,0.004990277015254163,0.0053100372578400905,0.005496077405321577,0.0056081942378603455,0.005678043020318875
2020-11-23,-0.02684505129009365,-0.025956094769447026,-0.026016878712252348,-0.026050398259537547,-0.026070865984832246,-0.02608430190214746,-0.03584044481383231,-0.03808066755729288,-0.03937279553551044,-0.04014493609946603,-0.04062176021728582
2020-11-24,0.0015350957579210135,0.0031051469708964483,0.0024944778845195584,0.0020855743190080793,0.0017927800108405861,0.001572851224668726,-0.004203264226379003,-0.00520688622083987,-0.005900163589175774,-0.006396245383268289,-0.006763589670693613
2020-11-25,0.0003622491835369012,0.0007250427714950204,0.0005814332455293847,0.00048518014546320164,0.00041621504340922657,0.0003643898345303223,0.0021355634687968772,0.0020820232902383717,0.0020255870832808086,0.0019738315779722127,0.0019284785982510997
2020-11-26,0.0007816404577813858,0.0015634441586494074,0.0012540654616889138,0.0010466403071487575,0.0008979832001716178,0.0007862494690666882,0.0018316926617733193,0.0015435859917911723,0.0013248436084748912,0.001156125515602856,0.0010233105904816212
2020-11-27,-0.00033981382392736607,-0.0006790770699233702,-0.000544882233555591,-0.0004548672152328803,-0.00039033174714242524,-0.0003418116647090379,-0.0008121558482567651,-0.000677986936505867,-0.0005790852007818509,-0.0005040642653570824,-0.0004455854317937612
2020-11-30,0.0,0.0,0.0,0.0,0.0,0.0,0.0,0.0,0.0,0.0,0.0
2020-12-01,-1.924866030261927e-05,-3.8447176173854306e-05,-3.0851911535000726e-05,-2.575857478695099e-05,-2.2106993191983048e-05,-1.9361374207219742e-05,-4.8517060715391404e-05,-3.980088212396061e-05,-3.3675260385718363e-05,-2.9154804664049482e-05,-2.5689872553030806e-05
2020-12-02,-0.00040690109049402394,-0.0008127864083648247,-0.0006522067965821644,-0.0005445262803155377,-0.00046732826460220244,-0.00040928418225135593,-0.0010260289280382582,-0.0008419252841630876,-0.0007125001899033561,-0.0006169624153493211,-0.0005437143679075955
2020-12-03,-0.0029191535363781705,-0.005834872669752437,-0.004680916704998855,-0.00390740976711544,-0.003353026682127928,-0.002936282862732533,-0.007913523128156588,-0.006607283606680537,-0.005687914841522449,-0.00500871138544935,-0.004487660212149596
2020-12-04,0.002199188877744962,0.004404133123143566,0.0035308198636467545,0.0029458865299305088,0.0025269400295261694,0.0022121851889157105,0.008407329775310116,0.00735379306221433,0.006631299395175964,0.0061058036046011425,0.00570671835142841
2020-12-07,0.00279357052692067,0.005588351193701581,0.0044825669446013705,0.0037411754314564476,0.00320982959296483,0.002810454979019849,0.01962408785850769,0.01841549305788757,0.017579746195191953,0.016968359541550033,0.0165020708119941
2020-12-08,-0.00011533195935677754,-0.0002303785498838382,-0.00018506981203305413,-0.00015461146009331856,-0.00013274381002794722,-0.00011628674254297338,-0.0002364957209195603,-0.000178996751653671,-0.00013964155005757447,-0.00011105471973822078,-8.936529942612915e-05
2020-12-09,0.00404334302735569,0.007961110350463914,0.006427158134598164,0.0053837420844405175,0.004629606592924999,0.004059723991246673,0.006872663553304947,0.005578008296570636,0.004690828411840416,0.0040458322762282955,0.003556130074428015
2020-12-10,-0.03153592958489902,-0.06203013631268622,-0.05009981889466629,-0.041977376052823964,-0.03610357896914541,-0.0316632449606001,-0.05362737184154086,-0.04353976132967496,-0.03662230255308975,-0.031591004891742866,-0.02776996312412594
2020-12-11,0.018306715192705537,0.03476607434154435,0.028549084758966264,0.024143320222825188,0.02088199062167142,0.018380169405317153,0.030575970877368484,0.025129811831287884,0.021281686032367964,0.01843357297233134,0.01624675921004903
2020-12-14,-0.0005894760875755205,-0.0011034886899512252,-0.000911849059694165,-0.0007740854838069605,-0.0006711920990689381,-0.0005917916218742632,-0.000975005616137593,-0.0008053188325765195,-0.0006840669946051129,-0.0005936924747739099,-0.0005239769278672828
2020-12-15,-0.006338842482476972,-0.011863797708488341,-0.009803763355530452,-0.008323051960178934,-0.00721714176743606,-0.00636370607021396,-0.010481989566405768,-0.00865784014873999,-0.007354528186131844,-0.006383135502782261,-0.005633786710521176
2020-12-16,-0.016384044804190503,-0.03009448787581756,-0.024878524605048663,-0.0211261331470176,-0.018321999107950782,-0.01615722564261316,-0.031961202792066115,-0.027519425471050043,-0.02432540547802453,-0.02193423703931888,-0.020083667918845034
2020-12-17,0.03386920365801399,0.0354407597407302,0.03583790892889875,0.03597159803569694,0.03599210704586897,0.035962764136169764,0.05580835565165461,0.057033245304368714,0.057724728641725676,0.05814307804370604,0.058410018571496594
2020-12-18,-0.0018795481000678403,0.0015996595146012997,0.0002233758720756758,-0.0007480282226553933,-0.0014640114109971045,-0.0020109809543197724,-0.0012667637233977173,-0.002623772767785393,-0.0035713345499273665,-0.004265439716751439,-0.004793674927232568
2020-12-21,-0.006094390214915789,-0.004439717962177514,-0.005043402158481176,-0.005449720661998015,-0.005738724229414862,-0.005953472545143372,0.007403563053957254,0.007257711759580202,0.007132204684403545,0.0070276017495216345,0.006940640648054248
2020-12-22,0.009507696498862248,0.020399175048581016,0.0175270899169935,0.015422162802786502,0.013830593518270796,0.012592162846925152,-0.0071975200566181995,-0.011273752307714872,-0.013895805040334391,-0.015813063905588412,-0.017268981314141563
2020-12-23,-1.3665681698469135e-05,-2.5121323678566137e-05,-2.0898807114765964e-05,-1.7813990113483504e-05,-1.5486744175459445e-05,-1.367896997924985e-05,0.012552600251238331,0.013040269194583844,0.013334400343956531,0.013524355931930384,0.013653889759738773
2020-12-24,-0.0004450142391401812,-0.00020930606611977562,-0.00017410599315092633,-0.0001483954529851217,-0.00012900180456896961,-0.00011393871598250822,-0.0006496422159478003,-0.0006330113694725596,-0.0006187819087369304,-0.0006069638690252324,-0.0005971659544552518
2020-12-28,-0.017942985519283885,-0.023026086753779006,-0.021163501063930588,-0.01974989866163296,-0.01865605848728111,-0.01779086881316072,0.0016638549154914448,0.0043937624346965035,0.0063094660264009965,0.00771505765268631,0.008784904826245847
2020-12-29,-0.008306660120551758,-0.013124732237005766,-0.010630634871211584,-0.008811015627404628,-0.007439731766665826,-0.006375485064006785,-0.023438056585083862,-0.02139267906284551,-0.01985192143147397,-0.01866535015894999,-0.017729868833875617
2020-12-30,0.029913166775047375,0.026894524777223722,0.028180156634996657,0.028966379623495825,0.029479228545196662,0.029831722408716257,0.027764763536548432,0.03003192705457286,0.030859492047326357,0.031400343360636615,0.031772828349980194
2020-12-31,0.007038663809095219,0.0062501660709465634,0.006527243342802032,0.006694864623049036,0.006803137352537711,0.006876882183939822,-0.0007721283450315407,-0.0008399660864787969,-0.0008466683254656885,-0.0008496185838495204,-0.0008507083060949844
2021-01-04,-0.004780788516581983,0.011420099170096312,0.01355667834699606,0.01501387610263174,0.01605888582234802,0.016839606624776383,0.0329362962652209,0.03838266266912227,0.040463670533186974,0.04190754261810285,0.042959817971379405
2021-01-05,0.010530797614781543,0.006398799075249783,0.00872091507206043,0.010328558897811778,0.011494743020644928,0.012373936075707451,0.008585620793896648,0.011417533615619403,0.013523730962955751,0.014717157126553708,0.015612384227228465
2021-01-06,-0.07403658995626913,-0.07583851324375258,-0.07552322394788924,-0.07495239681045825,-0.07434502909144433,-0.07377314487731143,-0.0665141995801219,-0.06992132375939761,-0.07197191994250686,-0.07186506724156794,-0.0712674790711793
2021-01-07,-0.002940867324240856,0.005469848959534776,0.002476250431490529,8.229180974584944e-05,-0.001717943998818829,-0.0031009217514170865,0.013140413507205934,0.011110552732515554,0.009512848420870825,0.008243430445219788,0.007220231871517351
2021-01-08,-0.13213096137062558,-0.10463141579552455,-0.11908469096969244,-0.1251915333164706,-0.1285394482671074,-0.13094758940833603,-0.11756861445016456,-0.12942676311654147,-0.13754066069327778,-0.14328897878118974,-0.14749782679176382
2021-01-11,-0.000954171723469419,0.0077299299507213705,0.008374639680424002,0.008780834709459857,0.009053272462838484,0.009245600258145444,0.015602013940403994,0.016201639517654045,0.01655046843266592,0.016770660383662095,0.01691865310750313
2021-01-12,0.007314657664801196,0.013335225978024213,0.011041981216389244,0.009368963815126422,0.00811226831072902,0.0071408625163636935,0.013219349621085015,0.011272785849032472,0.009897546674633086,0.008883610379748778,0.008108761029047104
2021-01-13,-0.0031181531015389056,-0.0058742517976504505,-0.004796902609666112,-0.004038233793172778,-0.0034800864528490272,-0.003054219309137607,-0.002350504732798982,-0.0014251167963037522,-0.0007972227559018479,-0.00034566777214421475,-6.253143283491154e-06
2021-01-14,0.0014422155516532838,0.002766159496110854,0.002238555529423707,0.0018743032003425736,0.0016095743997828938,0.001409201886894424,0.006109897420171205,0.005692163538724593,0.005402147904981638,0.005190175107464205,0.005028902275871123
2021-01-15,-0.0023817961380191133,-0.004564983149687387,-0.0036958206778449207,-0.003095271471080738,-0.002658576343592334,-0.0023279211913892796,-0.019456696371644516,-0.018804740068516495,-0.018333222646336373,-0.01797964509659675,-0.017705865962600514
2021-01-18,0.0003974636685185936,0.0007625178194864377,0.0006170992837497283,0.0005167264413381448,0.00044378012339516855,0.0003885647409660637,0.0005914112187305362,0.00047501570765605254,0.0003961963527287539,0.00033951466949356,0.0002968797005965704
2021-01-19,0.0027296820366855385,0.005297912201393851,0.004265651373405882,0.003562192765465255,0.0030545817046515656,0.0026720034260781494,0.012376264912583996,0.011549566288656167,0.010984291246479717,0.01057481705846756,0.010265074981663444
2021-01-20,0.0016298450295143836,0.0031642570616422622,0.0025472627508018,0.0021265271262384507,0.0018229250415901105,0.0015941539664499303,0.010954783217406708,0.010446756425963995,0.010093599905646865,0.009835148229574927,0.009638283199523933
2021-01-21,0.0010479152066694953,0.002351829249781959,0.0018931279167698025,0.0015804209754423212,0.0013547983265630933,0.0011847943265935082,0.0034039594697886037,0.003033778464007536,0.0027831089412915064,0.002602739045744627,0.0024669654718886083
2021-01-22,-0.01315682521724434,-0.013768306355570487,-0.013558841810882872,-0.01338612718964632,-0.013246950950152292,-0.013134178005978667,-0.012961486875093828,-0.012725659405023045,-0.01255038830797618,-0.012416821208959651,-0.01231227772447385
2021-01-25,-0.001214997132635649,-0.0013868876298937535,-0.0009140206209515053,-0.000595996250778302,-0.0003685258473022954,-0.00019815777691335949,-0.0026020990208262605,-0.002235222917266193,-0.0019879393831225486,-0.001810479288190464,-0.0016771216711364057
2021-01-26,0.0022935332018037724,0.004487595949798655,0.0035997992442837355,0.0029988960219866374,0.0025672474304235166,0.002242958517356245,0.004815268432150419,0.0041199066216345654,0.0036513373811773472,0.003315145347189662,0.003062547084592111
2021-01-27,-0.003800344151163183,-0.007425923118118197,-0.005961453374678405,-0.004968733607782633,-0.004254944279634595,-0.0037183362312651655,-0.008572780328391873,-0.007425113746827889,-0.00665019250683131,-0.006093460691447119,-0.005674770383167655
2021-01-28,0.00021479371506918633,0.0004215051410365133,0.00033789434891795517,0.0002813689204806598,0.00024079693433371588,0.0002103331889119741,0.010062123485084212,0.010017561579898531,0.00997517411803529,0.009938754711332438,0.009908128252793098
2021-01-29,0.00011221234719314354,0.0002205645281857217,0.00017669419631682618,0.00014710207088955836,0.00012588398800924416,0.00010996026377894842,0.01765440152013517,0.017632711189829127,0.017598492570124732,0.017564457637407146,0.017533747119696075
2021-02-01,-0.0014211698580536588,-0.002780636820689417,-0.002228663474897714,-0.0018558473072689712,-0.0015883474850636825,-0.0013875161907606405,0.03933676292148084,0.039788141884817566,0.040044921434702195,0.04020630452799323,0.0403152041626962
2021-02-02,-0.0012895013468271466,-0.0025210645405418174,-0.00202047804745592,-0.0016823472842806952,-0.0014397442565081753,-0.0012576177261551138,-0.04250913962021411,-0.042124626985885254,-0.04182791859594006,-0.04159682764216112,-0.04141331800755007
2021-02-03,-0.001728298448963025,-0.0034116393661427122,-0.002738484072625862,-0.00228262281444061,-0.0019549547058196567,-0.0017086373144500739,0.005198756225902947,0.005654990463336167,0.005955150997554906,0.006167183781479513,0.00632476143393083
2021-02-04,-0.0005421327645513717,-0.0010669124304939668,-0.000857705094562681,-0.0007157101884922714,-0.0006134695621899834,-0.0005365096348642237,-0.010289815959765445,-0.010175999462318059,-0.01009167474459355,-0.01002738673935128,-0.009976992917206778
2021-02-05,0.0012684322793735955,-0.004011151748124384,-0.00461927747455541,-0.004949704162612246,-0.005158407691499176,-0.005310547076676654,0.01146355820943261,0.011126353952557027,0.010894618841197787,0.010726013676278732,0.010598000586997168
2021-02-08,7.228694985726639e-05,0.0003621177369689223,0.00034193687299283057,0.00032197520246496234,0.00030596360698958145,0.00029398993457501816,0.008605332501843855,0.008555132130863577,0.008517095920807554,0.008487765928614523,0.008464618677672625
2021-02-09,-0.0040838601016616755,-0.00740830943639198,-0.006174938233491508,-0.005262667068913514,-0.004570917007427126,-0.0040326258134955615,-0.00884310926674427,-0.00796372188738913,-0.007337521868547441,-0.006872513552069443,-0.006514959507964858
2021-02-10,0.00047659137216265503,0.0008642010032637213,0.0007204127850211084,0.0006140168557690129,0.0005333224206667304,0.0004705217200385256,-0.006291869521609084,-0.006534584606167069,-0.006682312929446718,-0.006779691824437476,-0.006847836809340363
2021-02-11,0.0012479993212980054,0.002262967186755167,0.0018864652741964667,0.0016078877943217886,0.001396606166704199,0.0012321736945150271,0.0008448426696039969,0.0005412904943071924,0.0003314420567516946,0.00017870519148403406,6.295255188269895e-05
2021-02-12,0.003219404196975116,0.005838852822468578,0.004866970481390866,0.004148001224063669,0.003602784469648278,0.0031785025207862376,0.010125594081879862,0.009493839487725642,0.009033088200972032,0.008685596375758135,0.008415484034370514
2021-02-15,0.0032116143047266252,0.005826599585862753,0.004856063660974595,0.004138318064163235,0.003594144222482007,0.003170735726293086,0.004030312233132506,0.0032858039939383157,0.002765544404520372,0.0023840419075727573,0.002093330915543418
2021-02-16,0.0,0.0,0.0,0.0,0.0,0.0,-0.0001146129878793265,-0.00011681338451700463,-0.0001179886009675599,-0.00011866906560515678,-0.00011908726285475452
2021-02-17,0.002311274602469484,-0.004289362248171296,-0.005342825245635538,-0.0060599253178885955,-0.00657178343084197,-0.006952162643839113,-0.001147855293175038,-0.001761090228981567,-0.0021769142812495027,-0.0024754778885367453,-0.0026994692200733063
2021-02-18,0.003912143179331204,0.007378016274663327,0.0062079819579420005,0.005340303406475968,0.004681256816053576,0.004167812018898105,-5.425138362240092e-05,-0.0010565043676541213,-0.0017413167564804199,-0.002235688145447356,-0.002608087357866893
2021-02-19,-0.0010200235151676266,-0.0018494185858110325,-0.0015421372417461058,-0.0013146401412168782,-0.00114203035713778,-0.0010076575240304513,0.0024829667526351314,0.0027926960574204563,0.002997246113418739,0.003141280874456057,0.003247734393863229
2021-02-22,-0.0021338067857291135,-0.0038684411400125894,-0.0032256501833074704,-0.002749766360324765,-0.002388703804099573,-0.002107629181587648,0.01513398434362416,0.01597428220986235,0.016504887557648947,0.016865623531013906,0.017124806258542888
2021-02-23,0.0028303942146480914,0.005105259554600982,0.004263937807532095,0.0036383995399425035,0.0031625492864060874,0.0027914967954856752,-0.004739441701593041,-0.00555032442560359,-0.006090724489801669,-0.006473766057430515,-0.006758289940748404
2021-02-24,0.0031699718218671903,0.005717392757136572,0.004775349801308879,0.004074872443477921,0.0035419896963985818,0.003126451126457887,0.007536171494877413,0.006879768757321658,0.006408644175514537,0.006057021256338269,0.005785707211280553
2021-02-25,0.0,0.02056133500817011,0.021471185185337444,0.02198898571124995,0.022301112637453983,0.022498454522638264,0.004810145250314932,0.004905023393299912,0.004955622658520981,0.004984850031644514,0.005002756818572976
2021-02-26,-0.004122529522959733,0.007215020307288984,0.009068255488295695,0.010333631310164954,0.011238507470802777,0.011911725597362484,-0.02460462453937329,-0.024044686829629427,-0.023588810836357575,-0.023222224837034126,-0.022925030278607022
2021-03-01,-0.004714435246919788,0.0031964814805071694,0.005090350787908776,0.006407015380536965,0.007361724300761948,0.008079892792142513,0.005037831042251066,0.006323427073464165,0.007188475401146835,0.007806019151222011,0.008267255443594971
2021-03-02,0.0021013491469485932,0.0002539546580068528,-0.0005175292330286141,-0.0010628881322747434,-0.0014632207158138176,-0.001767234517498976,0.0054664796318523,0.005047401688181583,0.004744654868649299,0.004517724430610857,0.004342084884319441
2021-03-03,0.001370882864179678,0.018972212095522623,0.019270081193188095,0.019364332067062166,0.01937092547102046,0.01933959538966315,-0.0015869161021166659,-0.001962688284079006,-0.0022150964791358245,-0.0023950498789987134,-0.0025293178644089347
2021-03-04,0.0025689203648064283,0.05063924504917789,0.05183801217202988,0.05237820827540485,0.052609545437706726,0.05268932589242811,0.018841261891793668,0.018571248021391127,0.01833101262788175,0.018129022489362136,0.017960804724381642
2021-03-05,-0.001274159049798863,0.015848829256755365,0.016942886502933477,0.017624702388311864,0.018076900989063248,0.018392590324427992,0.007057622029812436,0.007516773932883351,0.007810416435229465,0.008012075670373285,0.00815815951836395
2021-03-08,0.00046580658577685907,0.022806995617351226,0.023546885511428594,0.02394169281627744,0.024163583818168615,0.024292980275687985,0.011131581421609436,0.011234334125432345,0.011272412242071555,0.011283428993418323,0.011282457364172833
2021-03-09,0.0005548410785956976,-0.016121898073067617,-0.016943221251248867,-0.017433167253680045,-0.01774526335863463,-0.017955072621050353,-0.007574082553435346,-0.007858738932739752,-0.00803146882471415,-0.008145020822635027,-0.008224292259570857
2021-03-10,0.0017704443205123195,-0.0008812791066584083,-0.0015340637322287275,-0.0019871990801276066,-0.002316016639971729,-0.002563786431527091,0.002461675180979771,0.0020668533641997424,0.0017899450347887418,0.0015863948215091863,0.0014310160847618653
2021-03-11,0.0010199343235937886,0.00664068373408799,0.006537124712215314,0.006429219085426306,0.006331476569869526,0.006246501098613229,0.005236733331037245,0.0050819976701460875,0.0049612705270861,0.004866444689018089,0.004790703329928572
2021-03-12,0.0004986804911485487,0.024180819783102377,0.024526157781735485,0.02467361074316525,0.02473428742900273,0.024754181914818055,0.0037689281801773183,0.0036816224265252733,0.003615670935528785,0.0035648425886318598,0.003524735915817564
2021-03-15,-0.0005681286293964349,0.002962604351134578,0.0032091369620970644,0.0033676995404704254,0.0034771794807380092,0.0035568785297771994,0.011837657165705966,0.01206070585575199,0.012192875195098244,0.01227868566944046,0.012338183560547153
2021-03-16,0.0017737108743186166,-0.0015020905395470656,-0.002154003876666582,-0.0025920161936099804,-0.0029044406049314464,-0.0031376791915992755,-0.007794337318728713,-0.008289632732922044,-0.008610747040083465,-0.008834794132173786,-0.008999602404550368
2021-03-17,0.0014046911847514396,-0.004690111459861849,-0.0052564480249515785,-0.005626857959188677,-0.0058859690903564,-0.006076574220136722,-7.56256308543028e-05,-0.0004264435655855114,-0.0006617975901974535,-0.0008300966613398065,-0.0009562160253519745
2021-03-18,0.0010877601390493208,0.004606060949488977,0.004258737188386105,0.00401443397143749,0.003834423594908066,0.0036967283299225995,0.010924756852075569,0.01068342380079283,0.010509766312394773,0.010379742490310368,0.010279076122114266
2021-03-19,-0.0010184989995950576,-0.0017542737250169436,-0.0014067673853072216,-0.0011690079299566285,-0.0009970404764680432,-0.0008672383696810829,-0.002139333125578712,-0.0018873680727189317,-0.0017166832714436847,-0.0015937595612200855,-0.0015011429358533085
2021-03-22,-0.00014501107383205328,-0.002004209589322534,-0.001969543724474052,-0.0019415184216901237,-0.0019191398724138023,-0.0019010989189939033,-0.017050328479763892,-0.017053681745512136,-0.017035577187037913,-0.017012675336177202,-0.016990076636348547
2021-03-23,-0.002200840142984855,-0.015444369546664224,-0.014792659177207438,-0.014318163481992299,-0.013960947053062176,-0.013683665007492681,-0.024554907250279378,-0.024059177829153865,-0.023699358507375663,-0.02342858912496391,-0.02321826931340197
2021-03-24,0.0011465311223943068,0.0086226658081433,0.008272764283642577,0.008019550346630525,0.007829608985561754,0.007682515070795863,0.005707059738206336,0.0054407230662438565,0.005256637458529336,0.005122230932504633,0.00501994759431491
2021-03-25,0.0022513528732293017,0.025527433729240243,0.024901062105163393,0.024426011963384613,0.024059654924509503,0.023770696815282138,0.012893218834345866,0.012375794930413938,0.01201618218026013,0.0117526740365894,0.011551638485504103
2021-03-26,0.000854647372602211,0.02302373415499296,0.022889699864937583,0.022750887388817583,0.02262748071805413,0.022521792982450783,0.011220606145936207,0.011047703194716279,0.010920172709423824,0.010823229275134396,0.010747399621658976
2021-03-29,-2.3005722807350723e-05,0.007291101962418928,0.007338741856798622,0.007356111212917215,0.007361318869151475,0.007361269298537989,0.0034213253405733827,0.0034396079405614437,0.0034484593701364576,0.0034531154959871056,0.0034556885893232726
2021-03-30,-0.0020148736841587573,0.018392810169584772,0.019176558308275013,0.019666595804309125,0.01999916059794423,0.020238521451288374,0.007843392082160882,0.008362744155643548,0.008702488836603017,0.008941472732121489,0.009118504570803942
2021-03-31,0.002249111450804983,0.019174687936109946,0.01847305614889031,0.017968551660411527,0.01759153609966895,0.01730027000799323,0.009948071864833697,0.009424183516935983,0.009064983952425758,0.008804041207830227,0.008606146005592999
2021-04-01,0.0024970765791157094,-0.00010917168964155109,-0.0009692223337944883,-0.0015438849712049144,-0.001953307563982713,-0.0022591557103079237,0.0009596355827716411,0.0003538458075219571,-5.178030197401305e-05,-0.0003417862100357031,-0.0005592113198612959
2021-04-02,0.0005725890300644776,0.004748763311599085,0.00457489245819612,0.004449907975937893,0.004356495317251539,0.004284311520635819,0.0024982820584996,0.0023666881228571438,0.002276286112353332,0.002210522018896033,0.00216059612747015
2021-04-05,0.0006017400987594893,-0.019416253080076877,-0.019730744111814275,-0.01990788791338697,-0.02001776034249069,-0.020090850912155813,-0.009013964487542438,-0.009200422182685708,-0.009317405094430447,-0.009397162348861263,-0.009454826943554357
2021-04-06,-0.0038347605690841357,-0.026409463638119957,-0.025737747667376045,-0.024754377519157288,-0.024036690309017297,-0.023491378573483383,-0.01371152456800031,-0.012824817239089917,-0.012223595719172893,-0.011790030957057666,-0.011462924905036479
2021-04-07,-0.0034684141359539017,-0.0006231429576054912,0.0005342217887188414,0.0013061956404465287,0.001852718912280179,0.0022592873512516398,-0.0016211256440349137,-0.0008209945610799319,-0.0002880646363455976,9.175732083117925e-05,0.00037593594213922106
2021-04-08,-0.009512071489435416,-0.0357002203736,-0.04224725759463805,-0.04879429481567893,-0.0516267847581564,-0.050787052872356096,-0.026591690059558488,-0.025147958745855428,-0.024132040184120837,-0.023380870557027755,-0.02280389391744692
2021-04-09,0.0021285352141340984,0.021288030006091405,0.026077903704084117,0.029257164800239446,0.029323860617137883,0.02936780176172538,0.0005469238675316913,0.0001396146893414038,-0.00014000878525916176,-0.0003433074550854456,-0.0004975595586938092
2021-04-12,0.0019222731941480906,-0.011171349763941235,-0.01444475550346478,-0.016342846591612618,-0.016797257159062343,-0.01714144885645601,-0.016393636832385084,-0.0170132106227708,-0.017421109809668257,-0.017709075278292394,-0.017922852929931052
2021-04-13,-0.017603912863850615,-0.03278098115175155,-0.03657524822373171,-0.03876236723609335,-0.03678780941744275,-0.0352660869716497,-0.02687385527394932,-0.02378775843208454,-0.021664659781892415,-0.020117546584632592,-0.018941173178385354
2021-04-14,-0.00183738095639512,-0.007104206117638824,-0.008420912407953639,-0.008756816587798899,-0.008675750956577176,-0.008609475283468327,-0.005134997579562511,-0.004859322241181176,-0.004666135369389068,-0.0045236073743786616,-0.00441427057677993
2021-04-15,0.0021144866718415876,-0.006424917806802365,-0.00855976892645313,-0.009592713775342345,-0.01004490419455374,-0.010391152456865565,-0.004253240281195996,-0.004740656216911408,-0.005068830032708621,-0.0053042834995225595,-0.005481223744125411
2021-04-16,-0.008505534603312917,-0.006213380538818754,-0.005640342022695579,-0.004540835411376428,-0.0035153509287081702,-0.002720172177229381,0.001000490950672147,0.0027183899583352548,0.003888580463002429,0.004735118986433386,0.005375223134241235
2021-04-19,-0.0299468621543357,-0.06181611171815355,-0.06978342410911254,-0.06978639060743878,-0.06715936795263085,-0.06509770062723744,-0.06594212832742198,-0.06079985319646951,-0.057234488574207217,-0.05462371246634935,-0.05263201866137018
2021-04-20,0.0019378357918537923,-0.000489809173480744,-0.0009555198553771886,-0.0012869505762287833,-0.0015393489039996632,-0.0017375840072380991,0.00044702272529715837,8.323833109147804e-05,-0.0001681050021548719,-0.00035163251658912407,-0.0004913133057211014
2021-04-21,-0.00024358698327021667,-0.0017165591831526947,-0.0018158428966129605,-0.0018527144508628031,-0.0018793874452495232,-0.001899472693539187,0.038071768700567214,0.03895167242019497,0.03950962025701,0.039891241877522264,0.040167080419302954
2021-04-22,0.0006329841665305122,-0.0031507561621257215,-0.0035985828429938704,-0.0038428711020384683,-0.004026642488672481,-0.004169572729642668,-0.021334456642664687,-0.02190850494158167,-0.022277056308906317,-0.022531742289044927,-0.02271742813866565
2021-04-23,0.0005276119903658176,-0.0046995026218078296,-0.0053198647002957265,-0.005618011990579685,-0.005841259739386844,-0.006014238160439033,-0.007785565368948296,-0.008046520156491746,-0.008216398058503256,-0.008335103071497483,-0.008422438789797924
2021-04-26,0.0062875988436607,0.018608183740555978,0.020348512110527323,0.020176697014606677,0.020025089639806364,0.01989326181206152,0.0203238856390503,0.01954456421571521,0.01898433041726207,0.018564026920981882,0.01823777562378363
2021-04-27,0.006393349398954203,0.039122306969369094,0.045525462249805554,0.04652961550407995,0.047256801260754135,0.04780402093635249,0.03634225117279333,0.035854552509670214,0.03547746543148767,0.03518151643413138,0.03494462598208575
2021-04-28,0.004269458706302595,-0.0015011192263983083,-0.002564892063360526,-0.0033204323488644468,-0.0038973971802287472,-0.004351465484990793,-0.016584338545008685,-0.017721969098049455,-0.018485719427254365,-0.019032154977523277,-0.01944176285008335
2021-04-29,0.00213653385061866,0.01743405591532542,0.01920112568752656,0.019764885918394995,0.020184279861497845,0.020507304081111483,0.011430633179431444,0.011260446928998915,0.011129865072535812,0.011027828910602853,0.010946385963305393
2021-04-30,0.005185570674673768,0.02616977069604969,0.028601999643679387,0.029110634309439953,0.029478792551703513,0.029755750998350358,0.019088328931177324,0.019036380697838546,0.01868589744682247,0.018374316397887235,0.018128462243519237
2021-05-03,0.004315165723163419,-0.008707911468523968,-0.010366004040316042,-0.011484235389820513,-0.012337662306883988,-0.013009130966709945,0.05988220987063082,0.062245515208376775,0.06385928785166811,0.06502185667319854,0.0658947922209761
2021-05-04,0.000705244279055371,0.01163247442256064,0.012485799366173372,0.012932317937232443,0.013265289241752328,0.01352235154946145,-0.012422769286817908,-0.013099544523169304,-0.013566955797372035,-0.013907622601557049,-0.014166263880964904
2021-05-05,-0.0028587635810720866,-0.007182306583571664,-0.007206739333371568,-0.00710491770202255,-0.007021053596264484,-0.006951205236371949,-0.006650813442467643,-0.006449766967100374,-0.006297012113050665,-0.006177768655244352,-0.006082416234098103
2021-05-06,0.005514593283368584,0.0007635864826508323,-0.00038022419685787855,-0.00126106662047466,-0.0019415518453531743,-0.0024820535918681523,0.049391467885077874,0.05061320031275626,0.051419265449255146,0.05198531910557027,0.052402028575982584
2021-05-07,-0.01297941554660174,-0.03564077512346367,-0.0372223106887799,-0.03709739260543881,-0.036971361221216185,-0.03685280149779757,-0.02119081915090463,-0.02012914900121679,-0.01935050213851533,-0.01875702479107641,-0.018290542010637078
2021-05-10,0.0032477217774626284,0.0012984390104615255,0.004852318227040893,0.007465509598487358,0.00948801173463316,0.011096683611280904,-0.002528396381454722,-0.0002422849791148895,0.0013884189698568474,0.002607013330942982,0.003550797819914486
2021-05-11,0.026474872315029954,0.011637719140310056,0.009180795994741649,0.006628845762474305,0.004642242394987949,0.0030565554909625127,0.017802272458100097,0.01561751171921909,0.01403725193191766,0.012844968559415018,0.011915078661857394
2021-05-12,-0.10075105533395291,0.00328937790863221,0.0037333968877646118,0.0038835178091480233,0.003994430670690126,0.004079113357023715,-0.015437753741116465,-0.016215387601869132,-0.016748751452314282,-0.017134970446927012,-0.01742648935376923
2021-05-13,0.0843115171956084,0.04870700481360835,0.051411146778652675,0.04857914968547209,0.0463010101879949,0.04443885440008524,0.025019471199381808,0.021016577275675484,0.018127381351576505,0.015951896201472977,0.014258210071936311
2021-05-14,0.03423794611592361,0.001130812748487566,0.008769002585874847,0.014626337959963771,0.019230870325223675,0.02292956758849045,0.004891117391617085,0.0105679898472104,0.014639619425363378,0.017685200493900655,0.020041510405286924
2021-05-17,0.03580214974825239,-0.004335204518262405,0.006049322371387966,0.013998765093722018,0.020171160736583017,0.025056729797501547,0.022629693800519275,0.03151152692213327,0.03776854098009986,0.04236868002540278,0.04587311437730198
2021-05-18,0.016468274651356623,0.0023838366904559163,-0.00028757827490729905,-0.0023401320207989433,-0.0039103247147141956,-0.00512870012302599,0.0064392291491293455,0.004609671181701347,0.00330087468200238,0.0023347116890796607,0.001598751719731262
2021-05-19,0.018811588486417043,0.04267044819875526,0.046711583021545086,0.04371768084655607,0.04120663589883689,0.03917734235320585,0.019311815778445103,0.014808024524356837,0.011634496235810901,0.009329371462711114,0.007597922678838034
2021-05-20,0.008741109252917285,-0.022760267462114906,-0.023342030071848326,-0.02105279795001429,-0.019246411252792455,-0.01780042120965336,-0.016886291111100998,-0.013855583922126716,-0.011658286021213844,-0.010036981368704921,-0.008807556028161832
2021-05-21,0.008878054370973864,0.0121080627876202,0.016108568565735715,0.01769646314754529,0.0188320562703922,0.01967411417729998,-0.020951733152139416,-0.0203606458549443,-0.019728532986319793,-0.019166187678881105,-0.018689538355315928
2021-05-24,-0.008761625388915133,-0.020767956746056027,-0.022698866671610914,-0.021861701771256112,-0.02114709452204108,-0.02054416476941901,0.004495178701924485,0.006405483627685695,0.007650986345678788,0.008503243981519758,0.009113702629956985
2021-05-25,0.0522442341804778,0.03925431299440894,0.04588409029520405,0.04683496694347647,0.04738448738581493,0.04770973488136127,0.031499881451192896,0.03161924417669562,0.03133593390870303,0.030949270978027587,0.030561873843127384
2021-05-26,0.019187916716697152,0.03522946872257676,0.03127138049486925,0.02645878035115148,0.022466029156255698,0.01919446725563964,0.0239366076620808,0.017396422299011123,0.01268444839666071,0.009220984243901872,0.006602977211599946
2021-05-27,-0.006499988923839588,0.028437090225381097,0.035179877343067656,0.03807374637579615,0.0401243137499635,0.041630100229191044,0.017222999786776452,0.01952192073695643,0.020841510416759326,0.02163971749748264,0.02214909310719631
2021-05-28,0.017972912744883097,0.01535730167300304,0.017901838460607864,0.01878066331345139,0.019372467302210532,0.019787570465436496,0.012493351158263437,0.013207140770746823,0.013502147675533439,0.013608810770386363,0.013630156752604554
2021-05-31,-0.002569535381670256,-0.02297983079041298,-0.023288273900328598,-0.022082353966855657,-0.021079570003562097,-0.02024753987476835,-0.01813080532298413,-0.01629957492563216,-0.014768955746542087,-0.01354976513850388,-0.012582565631625934
2021-06-01,-0.009650411661751311,-0.008782176271621525,-0.011807672034412811,-0.013693564049891385,-0.014999086851993115,-0.015982772729325266,0.0013568622114993349,-0.0001519017490373375,-0.0012092197780722762,-0.0019659747008975805,-0.002524528452514389
2021-06-02,0.011097180414158516,0.007408012416616131,0.011198782441951235,0.01387049792500903,0.01580369351567737,0.017220290939949773,0.005888819748672932,0.008789746166591247,0.010665811640540928,0.011916121519818452,0.012784386066233793
2021-06-03,-0.06895066340675271,-0.002285753358069853,-0.0094391611426433,-0.014820491419849355,-0.018846253303993966,-0.02188288982541438,-0.028260888987648596,-0.03668616529736324,-0.04156152881049698,-0.04462088492766427,-0.04664836838525513
2021-06-04,0.03720073690130907,-0.008328444893431864,-0.006830555530734871,-0.005388880440697847,-0.004218415927429927,-0.0032817620238129296,0.012877355314712952,0.01534836584484607,0.016717803091880132,0.017521179383733147,0.018022585243651176
2021-06-07,0.014768285470870193,0.0022503465353695667,0.002248775480378728,0.002175379968929646,0.002091501176087602,0.002010640039462787,0.008168864190832216,0.008321771980279863,0.00825364901789186,0.008169598924374948,0.008079641922574089
2021-06-08,-0.005411545270631786,0.013491418854453418,0.013391250536671086,0.01173152614895418,0.010405844110068646,0.009339029782358527,-0.0015058463427603975,-0.004284602662157942,-0.0061609524787279895,-0.007497355061684893,-0.008487574371104124
2021-06-09,-0.007110001051391086,0.0007564293420624735,0.0007915293370825539,0.0007293275266005292,0.0006779962396783539,0.0006357506488048492,0.014860526239578429,0.015462833806363447,0.01556079213431561,0.015565797365535365,0.015532905403796454
2021-06-10,0.012763626928451064,-0.008117373638711222,-0.0072870461621863105,-0.005768513955828126,-0.004517833564989787,-0.0035111316395247502,-0.007592529750049192,-0.005647517823125972,-0.004164817708207795,-0.0030718765590694334,-0.0022412367507891233
2021-06-11,-0.03170021954645356,0.00489517616722446,-0.0009702034717654871,-0.005881993910711462,-0.009579091506810317,-0.01236253054635032,0.018646069907943784,0.013595732644744766,0.009726273744198693,0.00687610637496494,0.004711437068874927
2021-06-14,-0.01913093237916361,0.006309201011410952,0.006392946945925238,0.005655135956476104,0.005058683157929351,0.004575424218611083,0.0006180577124277767,-0.0005709045745898986,-0.0014033394298287867,-0.002002340027593757,-0.0024491711615365628
2021-06-15,-0.017461629736000763,-0.01818275102998986,-0.022012517689524443,-0.022512604239022193,-0.022755066288470432,-0.022860126211745324,-0.03072300921069321,-0.0318146118076821,-0.03189650441189958,-0.031808576482256254,-0.03166031413843986
2021-06-16,-0.12073182053319666,-0.08712952944648805,-0.10255122839993595,-0.10339716606086671,-0.103416225620476,-0.10305684624588149,-0.058291430102617676,-0.0564052040249499,-0.05439403915629193,-0.0526871265740214,-0.05126729945492336
2021-06-17,-0.06988652098994358,-0.10503733260300097,-0.11015822336978524,-0.11312348733625974,-0.11490108867115782,-0.11599885061389092,-0.18172875822832799,-0.1861398455202774,-0.18773678302301,-0.18811731005656704,-0.18796221929637347
2021-06-18,-0.004497850928687914,-0.005609842194666614,-0.00395041407525819,-0.0027633083322261788,-0.0018797928657102727,-0.0011998667598316015,-0.0019224595518472578,-0.0004768500714525963,0.0005162970784955852,0.001236418555697426,0.00178080462238113
2021-06-21,0.019970237249995387,0.043324898180311995,0.03658823359286165,0.03170471720324897,0.028036537655395086,0.02519440633328644,0.035682100345720634,0.029769256685122675,0.02564333540546791,0.022619059814115945,0.02031444872649386
2021-06-22,0.00789498198797712,0.025296606911870172,0.023660623235128898,0.022344650625194515,0.021284611091425053,0.020421511834620307,0.012821822043372337,0.010733039324988645,0.009223380426474038,0.008091831569305171,0.007216475743297599
2021-06-23,0.002244729720763202,0.012704480793819728,0.0126026637148219,0.012468375215765057,0.012333065013008649,0.012207442027727673,0.00826341994507256,0.007851911630703926,0.0075318184629831865,0.00728001524471818,0.007078439799112749
2021-06-24,-0.00030272043757965825,-0.0027607671686198355,-0.0028209133345785367,-0.002851758247308104,-0.0028674886743226824,-0.0028750936530277243,-0.0016896900432071139,-0.0016602407016376344,-0.0016330955649228782,-0.0016096754989025606,-0.001589801164785523
2021-06-25,0.003108092359092012,0.0031918283111159323,0.0021754828563184587,0.00142311830313549,0.0008497283961605951,0.00040092107946401045,0.0033244551991651328,0.0024683692883959844,0.0018573897918208622,0.0014030240326793858,0.0010533868498523373
2021-06-28,-0.006965183403465045,-0.018020764485430947,-0.016414052367641506,-0.015159870103093479,-0.014166542596639417,-0.013366083081574373,-0.013658593010587819,-0.011964987784531488,-0.010728727102768624,-0.00979452017500904,-0.00906701222502005
2021-06-29,-0.008184387402926051,-0.016628987930671375,-0.014564084881822405,-0.012964126043877916,-0.011703247313656108,-0.010690958133684439,-0.02080338562442957,-0.0190720041241895,-0.01777533650822005,-0.01677870524891868,-0.015993224117511477
2021-06-30,0.002074687585408545,0.020361490927474805,0.020991772584013108,0.02136217043211609,0.021588025508946382,0.021729783939254527,0.011117323994141457,0.010948681090623802,0.010788450783855574,0.010647825947275041,0.010527128489023088
2021-07-01,-0.005715032995072706,0.001884725603413949,0.004194463856356823,0.005890451813502292,0.007174771355768801,0.008174665739721445,-0.00177747490931984,-9.073600824758064e-05,0.001110980277247935,0.0020032502309661375,0.0026888380402852476
2021-07-02,0.017989021719584632,0.018206905287727743,0.012627044052771754,0.008424496083799532,0.005181888281299763,0.00262083100682997,0.026401669699915004,0.022015543138677676,0.018807647121256165,0.01638144483819726,0.014491563713636425
2021-07-05,0.003008282564209353,0.004295860851828135,0.0035135331242623184,0.002905408615772695,0.0024258905686013943,0.0020412425580419126,0.003738887198146999,0.003057987979465086,0.0025504539165189647,0.0021612048336181766,0.001854822228312302
2021-07-06,-0.023916413796801435,-0.049398251593477514,-0.0447021750035972,-0.04093166215716448,-0.03788884403373992,-0.035405075358179605,-0.04417617932164588,-0.039907738008049004,-0.036644725485896965,-0.034095904350737026,-0.03206163676835139
2021-07-07,-0.009828693830096238,-0.014937955619516476,-0.013143762021755736,-0.01167123614145457,-0.01046242208904053,-0.00946285674899806,-0.013295944305529708,-0.011628240370020453,-0.010326904575932706,-0.009295529371242934,-0.008463755224896454
2021-07-08,-0.0066745029968504005,-0.031901910919990326,-0.03284598907195704,-0.03337355804075176,-0.03366042967465502,-0.03380652565103293,-0.023244735139839157,-0.023196372767474608,-0.023053774497206542,-0.02288149008892832,-0.022706783867371513
2021-07-09,0.017423099639704984,0.03486526707067851,0.0326921729179877,0.030806824772430727,0.02919888273181916,0.02783170162935711,0.03163446030527379,0.02940357445721855,0.02759065843247257,0.026112792084008577,0.024896121161520936
2021-07-12,0.004168603888436485,0.011645183135561184,0.011579219081198593,0.011465580404234402,0.011335970265953687,0.011205461990622367,0.00840841982229252,0.00803211419899866,0.007712287085900689,0.007443119578613266,0.007216164004186215
2021-07-13,-0.0040432010004717725,0.0012235704498001034,0.0025690245231427275,0.0036114839311800783,0.004432877490041061,0.005091558969616496,-0.0027097725955488833,-0.0018920027907313919,-0.0012636106876061362,-0.0007704676153490472,-0.00037548738807825506
2021-07-14,-0.008406636491917514,-0.027366957216890957,-0.027593392707093288,-0.027629358057413823,-0.027569033751990987,-0.027462148647953353,-0.016837662510968063,-0.016043107829228503,-0.01537430313648077,-0.014815176505113997,-0.014346017145301565
2021-07-15,-0.005613907164693918,-0.009833433125391774,-0.009176132613610482,-0.008616238778663087,-0.008142751755895669,-0.007741616208736775,-0.005770068404064921,-0.004810473157563403,-0.004060564753962953,-0.0034647879047260337,-0.002983144178184486
2021-07-16,-0.006128631244341912,-0.00025277284637491233,0.001167873814948019,0.0022880629277500933,0.003181984701616179,0.0039055502228680875,-0.01253566897295453,-0.012373062878136502,-0.012195063758429228,-0.01202399601180846,-0.01186740406735358
2021-07-19,-0.030413600224500792,-0.05662389155343101,-0.05676150133940701,-0.056607832386135766,-0.056274830385796025,-0.05583810216003368,-0.054122779886340136,-0.05253245464821781,-0.048716272773252224,-0.045640552284414763,-0.04313933731517957
2021-07-20,0.015058859753304997,0.027970235216234395,0.028455978003435172,0.028768081921831955,0.02895858777873975,0.029064477138124826,0.02416661020400418,0.024291421767346492,0.023663348184627484,0.022253232609241072,0.02109255711026419
2021-07-21,0.031133271529616847,0.04793515558146757,0.04678072654096337,0.045646526256154514,0.04456923162641596,0.043564938273943726,0.044333452813518325,0.043054199369722414,0.039425191183963815,0.03628563700672381,0.03372555937995236
2021-07-22,0.001476929437766559,-0.0015921498798402466,-0.002204129379873845,-0.002720237105762123,-0.0031578344371932356,-0.0035313099049230053,-0.0005342772704491399,-0.0009957411483151552,-0.0013879288860192598,-0.0016400938118977912,-0.0018363204709308733
2021-07-23,0.0029463219441483047,0.013077004774276653,0.01436105511646641,0.015415952530706436,0.016289242197097938,0.017018399854414425,0.009834281036779398,0.010711678602787425,0.011339319756813192,0.011314334993322314,0.011267192661290575
2021-07-26,0.00574318896530551,0.002153986651238652,0.0010591527388234719,0.00012202307639109761,-0.0006827230466790369,-0.0013771791182167282,0.0035229645359082995,0.0026515721854474105,0.0018897246074710274,0.0011590300513008409,0.0005692325190757297
2021-07-27,-0.014067317512807794,-0.029380410104710812,-0.030379913953588553,-0.031137270488395086,-0.03171570124478886,-0.03216129015699508,-0.02482621857948422,-0.025352415025610982,-0.02577606960693086,-0.024858092000767076,-0.023939216994161246
2021-07-28,0.019139254198198386,0.023282707874240794,0.02214707383810952,0.021116374746049906,0.020188813160699568,0.0193569877793234,0.022617620466643815,0.021545437896696773,0.020585842136020015,0.01899707677883759,0.017413712543436537
2021-07-29,-0.0027326300636402053,-0.012936820240386684,-0.01424581703891066,-0.015318388913938023,-0.01620489248755615,-0.016944491948729996,-0.009826942126443968,-0.010781615883672059,-0.011600573829398251,-0.011867281396499577,-0.011877721231010024
2021-07-30,0.0022351963584257687,0.007539142557210469,0.008159448938469616,0.00866611370518015,0.009083607877787338,0.00943087511361647,0.005940821542139033,0.006377382460286919,0.006751067861347359,0.006922613126854364,0.006861541376514088
2021-08-02,-0.002105437183224526,-0.010947922300059023,-0.01212634168214669,-0.013103600957967147,-0.013920946034845855,-0.014610633411299017,-0.008225619104435311,-0.009074295999199877,-0.009806901361891966,-0.010252573624835056,-0.010295294746407446
2021-08-03,-0.0008205970841740405,-0.007887887469663436,-0.008852867572635429,-0.009655133594970918,-0.01032943403975776,-0.010902089057961036,-0.005838445457263959,-0.006572326362369556,-0.007202726559911913,-0.0074093325504373765,-0.007517431128439013
2021-08-04,0.003269232601893764,0.014840537589375879,0.016231981747038837,0.017381115127256843,0.018341229252807567,0.019152286608226314,0.011635621205081747,0.01267527837730936,0.013564642894665678,0.013977231035656951,0.01399704061094092
2021-08-05,-0.0011693724059423903,-0.0011085302289556077,-0.0009642377007374474,-0.0008425245276446521,-0.0007389710033830093,-0.0006500937619274447,-0.0012744517696614503,-0.0011417549191597353,-0.0009790292291577249,-0.0008470632414737633,-0.0007391163517603412
2021-08-06,0.0029451647673637118,0.015682229871206883,0.017037452480532723,0.018132742548328015,0.019031865775214915,0.019780480767803275,0.01259911300867941,0.013516399533483586,0.013730020286544345,0.013840788792231865,0.013892990218133786
2021-08-09,9.455296313589115e-05,0.0031747239521922547,0.0035876690065862237,0.003925828038622432,0.0042064704384148464,0.0044422882352787,0.0023439926958356513,0.0025452605647049683,0.002674669488637216,0.002765220022314612,0.0028304623863622076
2021-08-10,-0.0009923423368698894,0.005761411601511087,0.00680329689237215,0.0076540941758869736,0.008358433192690131,0.008935984432311654,0.003564178533387509,0.004161258907218323,0.00459308610348459,0.004913234058204147,0.00515668124573985
2021-08-11,0.0,-0.003908498377238772,-0.004431807738185484,-0.00485663460188382,-0.005206476853571649,-0.005498427050744534,-0.002691388541936906,-0.002936251150769172,-0.0031046815963591927,-0.0032240027786946874,-0.003311050610025272
2021-08-12,0.0024338351810851877,0.002935381195639553,0.0026858984017866603,0.0024743882401990856,0.0022937155499888127,0.002138143298523186,0.0030003208330007334,0.0026363008910588303,0.0023389755313725858,0.002096159105832066,0.0018963394465904737
2021-08-13,0.0,-0.024652771121317085,-0.02807260838839631,-0.030320599680547976,-0.03192068202066033,-0.033164408108931565,-0.016187242494723877,-0.01776668037573009,-0.018902203071951815,-0.01974112198799331,-0.020377325129950604
2021-08-16,0.0029419698246463135,-0.006804956766670616,-0.008470437455367387,-0.009818367345174115,-0.010837850006230592,-0.011587142323704195,-0.003386911102679876,-0.00448411456491981,-0.00531358202206049,-0.005953885714345748,-0.00645862921140988
2021-08-17,0.005872363240615611,0.017208925090457673,0.01784176918055303,0.01832137965881137,0.018692605891933688,0.01880617069902565,0.013919718516765225,0.013721949885668992,0.013496476786355273,0.013273998359810591,0.013066554100600127
2021-08-18,-0.002662446821835227,0.0022651273528608495,0.00324066330175081,0.003996029505523186,0.004590551445096163,0.005066603400054504,0.0003895746448778793,0.0011203815662850904,0.0016817345350762366,0.002120889264454738,0.0024710151966225507
2021-08-19,0.0016913047236013499,0.0027125883473038547,0.0025389947262707607,0.002388917176027394,0.002260532365126418,0.0021507837956229346,0.0024029933539172904,0.002191624034117342,0.0020162086569446244,0.0018708205898174944,0.0017495934918631106
2021-08-20,0.006542372096430237,0.007699117857928576,0.006723090375793721,0.005917071049017086,0.005249765140033017,0.004693171135394464,0.00750367000182462,0.006516264544405373,0.005716160912359444,0.005064101468413592,0.00452716552853458
2021-08-23,0.02907038846242212,0.03566690590664817,0.03165729261357399,0.028315319055335332,0.02552879043660376,0.0231916226236855,0.034046266234822306,0.029885829077953452,0.026493958158076033,0.02371704258534351,0.021422381656552185
2021-08-24,0.00934439557132154,0.011110248788481105,0.00980955533138359,0.008723299904469437,0.007816053704241328,0.007054074944113321,0.01069314563864795,0.009362446679778433,0.008274317121307282,0.007381197272661715,0.006641642055380884
2021-08-25,-0.005656483410383093,0.003016272059503328,0.004911221303660624,0.006403681396387484,0.00759474623569061,0.008559280854422171,-0.0002923050211180958,0.0011346407672775804,0.002246707974863889,0.003126838311601475,0.003835096985416611
2021-08-26,-0.012393770611362237,-0.011986098925918915,-0.009971603110176544,-0.008309575151806676,-0.006933348060125799,-0.00578490667668543,-0.012414033744975381,-0.010491701713584585,-0.008931569803510028,-0.00765770536122671,-0.0066069295633769815
2021-08-27,0.013004639702160264,0.015901578849423396,0.014169572379505554,0.012709871133279963,0.011481992586374196,0.01044489479302413,0.015127988717144922,0.013327621457926181,0.011846284371587402,0.010624693375773311,0.009609476670199495
2021-08-30,0.0030325703025926975,0.005572583094944973,0.005387915066135743,0.005212402012649567,0.005052322046372791,0.004908990950359025,0.004707348040881326,0.004410928621436518,0.004155222729260722,0.0039372135740479925,0.003751501583929363
2021-08-31,0.0005454832953348975,0.003141671919389045,0.0033582565275103865,0.003515556859648343,0.0036321555358297623,0.003720396831986136,0.0022009191483300713,0.002287759401166266,0.0023443065641977926,0.002381950895149333,0.002407531591997717
2021-09-01,-0.002596435380952364,-0.0015951108247309136,-0.0010986453187018846,-0.0006945921735355256,-0.0003632638218683627,-8.878371808078463e-05,-0.00198380776769116,-0.001549612637834176,-0.0011996066748000372,-0.0009148922310929292,-0.0006805485463417598
2021-09-02,-0.005114115040164116,-0.008605989048111723,-0.008296224407054993,-0.00800878088886872,-0.007750104451999345,-0.0075203570860616145,-0.007338742410412613,-0.006880118835045134,-0.006485998769970477,-0.0061499717976163815,-0.005863246779691817
2021-09-03,0.000979429056332816,-0.006284354743305438,-0.007268233120788221,-0.00802508581141495,-0.00861720150332339,-0.009088547746969121,-0.003641827133119117,-0.004267493395979839,-0.004742696088073219,-0.0051110376278260105,-0.0054023210486833255
2021-09-06,-0.00041659504894698537,0.00493697973972812,0.0056187916566370275,0.006140327788690812,0.00654632821756935,0.006868105972623686,0.0029872246551252294,0.0034070430405379504,0.0037235168531373868,0.003967251228426482,0.004158922338463626
2021-09-07,0.0021275507135539032,0.002119290215009226,0.0018230705115486923,0.001576670743648191,0.0013711728058555404,0.0011986180991404535,0.002123334310763575,0.001836702552338331,0.0016015227425721936,0.0014075427557261903,0.0012460943082144825
2021-09-08,0.0029788549639275384,0.0036703321309757295,0.0033397622390360033,0.003058855914680482,0.002820797393261752,0.0026183937584946908,0.003415914056233361,0.003064550959218472,0.002772703474101489,0.002529764445814976,0.002326120037532198
2021-09-09,-0.004273819423167468,-0.021449658007854786,-0.022863447361339377,-0.02389677560658403,-0.024668461562322427,-0.025257113965990566,-0.015213870022447926,-0.015812554762697387,-0.016215318550204715,-0.016493037811078682,-0.016689020170018228
2021-09-10,0.0023641085539826616,0.0017144269768805825,0.0013235615094962262,0.0010043075926073658,0.0007416181384590783,0.0005233024807972588,0.0019409585338467194,0.0015869434047483296,0.0013001798212666914,0.0010658775705695803,0.0008722681740683558
2021-09-13,-0.0001569585308879143,-0.00017490728431947787,-0.00015608197621346225,-0.0001402932138613759,-0.00012703590946037057,-0.00011584027395921312,-0.00016821590468656382,-0.00014894851383850157,-0.0001330483835524242,-0.00011987352301822223,-0.00010886701861726005
2021-09-14,-0.0011586283475558015,-0.010907204333667847,-0.011988851859257839,-0.01280844428486755,-0.013440438473203606,-0.013936616474670023,-0.0071623419286580906,-0.007712605987641231,-0.008113016582818088,-0.008411645477422083,-0.00863969325197341
2021-09-15,-0.003055554004505832,-0.0022778630634350777,-0.0021052461539107135,-0.0019513599877178623,-0.0018152839220054705,-0.0016952692324240953,-0.002365451806728371,-0.0022197569564749446,-0.0020873188132685887,-0.0019674405937795915,-0.001859101883500423
2021-09-16,0.008230466300807437,0.005898042683651599,0.005400789334861796,0.0049606555721201625,0.004573562556587212,0.004233594560870603,0.006196305533305861,0.005778618192926156,0.005401035656301689,0.005060707999620913,0.0047541523333625825
2021-09-17,0.003744207597072382,0.0026312324009768852,0.002400163721115397,0.0021974790249090583,0.0020205795420545204,0.001866210603944982,0.002779525650157499,0.002584663808448925,0.002409584049107948,0.0022526500919802473,0.0021119880784813247
2021-09-20,0.0041065533900874335,0.0028998162268193415,0.0026460449511665467,0.0024230112274430194,0.0022281029912164475,0.002057878055183022,0.0030400881193063762,0.0028254611420673453,0.0026328565595055307,0.0024603982844523175,0.0023059657430439485
2021-09-21,0.0020623745524474364,0.0014608453332173484,0.0013338050716610534,0.0012219923949213232,0.0011241620642132653,0.0010386351959712076,0.0015296818251944468,0.0014222817664899644,0.0013258251129000676,0.0012393936959436407,0.0011619438624554954
2021-09-22,0.0,0.0,0.0,0.0,0.0,0.0,0.0,0.0,0.0,0.0,0.0
2021-09-23,-0.0076010906164918155,-0.00538018079163126,-0.0049119447078356145,-0.004499960512343928,-0.004139573737056213,-0.003824558718420996,-0.005634219473501943,-0.005238140169959894,-0.004882524198387731,-0.004563945649359718,-0.004278528154681343
2021-09-24,0.003340664188370204,0.019340888896387312,0.021525536665365358,0.023261383701476138,0.024654534483441633,0.0257855174045557,0.014320171821799704,0.016062413533843935,0.017533035262103598,0.018782057699037163,0.019850108894474573
2021-09-27,0.0,0.010234308540930404,0.011649461567256332,0.012778024767904968,0.013687198958937968,0.014428132877442887,0.007223871190626891,0.008389884159329094,0.009377761849767517,0.010219337866623782,0.01094082255729286
2021-09-28,0.013284490340403755,0.028022987207068837,0.029805786751478953,0.031167430862351367,0.03221978166888248,0.03304383591670395,0.02300657444841318,0.024440255522758497,0.025621144353828597,0.02660098479130113,0.027420504360021913
2021-09-29,0.0,0.016839674497640667,0.019169616885675547,0.021034042010861672,0.022541684337757866,0.02377506078145034,0.011889217049965508,0.013799910460304396,0.015419651000781583,0.016801008312618545,0.017986901377214568
2021-09-30,-0.0006659334066618142,-0.024920960020699087,-0.028142490068617024,-0.030712010052185445,-0.03278857363386377,-0.034489274899639634,-0.01811343937056538,-0.020823319317343016,-0.02310020887915229,-0.02502747349044076,-0.02667159578382534
2021-10-01,0.009019845385502564,-0.0005164137982080307,-0.001974515480117784,-0.0031673626416948053,-0.004152695180031185,-0.004975310985383893,0.001851761383829136,0.0005960742385078664,-0.00047954781480673655,-0.0014053745993076949,-0.0022068836119904793
2021-10-04,0.006330095089816617,-0.001005053884079858,-0.0021591036926553618,-0.0030895805869350706,-0.0038489059762870717,-0.004476461869278584,0.0009569473285833577,-7.504030645534432e-05,-0.0009521662701938953,-0.001701336962496247,-0.0023451603328782477
2021-10-05,-0.00012608425460151304,0.02137371704820518,0.02398744898340554,0.026022754607048896,0.027635522050137265,0.028935252256773448,0.015894864693479303,0.018283275680550944,0.02025675447518778,0.021901481023717997,0.02328487287045888
2021-10-06,-0.019848326654003177,-0.01638535554289514,-0.0150435045254083,-0.013896351810394583,-0.01291654588574926,-0.012076674171741731,-0.01780329086173151,-0.016658619950220156,-0.01563283230772952,-0.014718197066729121,-0.013903715905492272
2021-10-07,-0.003680544992028997,0.005721583902685792,0.007053341640681526,0.00810248237996569,0.008941313922472813,0.009622237661688265,0.0032577180398124,0.004510027146642414,0.005562852829103047,0.0064522524724201225,0.007208391071231778
2021-10-08,0.01331686114130002,0.034595596684567693,0.03642212727380066,0.037751480678345696,0.03873914053286946,0.039487936488960505,0.03024943747663687,0.032138466074020475,0.033638638940813516,0.034840210318608025,0.035811993302717775
2021-10-11,-0.00425170895239527,0.0387683270748266,0.044089789908880045,0.04821051974243341,0.05145836076251322,0.05406308080962544,0.028341014822845508,0.033474437483059276,0.037723617791188886,0.04126471431089316,0.044239458053078454
2021-10-12,-0.006155386063801295,0.0057672733821488706,0.0074945280622661595,0.008840361869412798,0.009905843000509791,0.01076339002668133,0.0025506418621585574,0.004187483469548011,0.005550252239992148,0.006690257659069249,0.007650483632539687
2021-10-13,0.021050315429170807,0.003938134824094806,0.0006793923711803963,-0.001922868339334402,-0.004024794378593595,-0.005745072927543268,0.009303244107811907,0.006315311642729067,0.0037743418272639813,0.0016101997635396092,-0.00024101745446146846
2021-10-14,0.005198214367695334,0.020193897994519826,0.021534777487358703,0.022502298817288,0.02321677963539153,0.0237565258745175,0.017140554071169503,0.018568721911235472,0.01969191995863165,0.02058276547763832,0.021296662977130183
2021-10-15,-0.0075329274547216675,0.01727433891038528,0.02046991818405145,0.022856054931681115,0.024677537681352394,0.0260989215019061,0.010468895059650674,0.014524861528950966,0.01727433891038534,0.019509650583480267,0.021341161312676146
2021-10-18,0.02570231750297986,0.026279118882271666,0.02367083797102003,0.02150753813446826,0.01971794267019225,0.018229346189792876,0.02778131515601422,0.028282247373451985,0.026279118882273664,0.024487918644536737,0.02290350402365653
2021-10-19,-0.0022852265908410705,0.0009352766929616804,0.0015151078536980048,0.001940483557098207,0.0022131469303457376,0.0024156803284529726,-0.00013822440164086434,0.0003985261456598012,0.0009352766929576476,0.0013431905000012374,0.0016707185566819166
2021-10-20,-0.004073838705717034,-0.005908773398785268,-0.005550059641755417,-0.005203433078026665,-0.004808977789598482,-0.004501020605822414,-0.005297128501097128,-0.005602950949942369,-0.0059087733987875455,-0.005677106107974086,-0.005430234965330762
2021-10-21,0.006785342429292723,-0.008063138672418462,-0.010330017486442404,-0.01169623020163944,-0.012568355619472182,-0.013215838310364915,-0.003113644971848039,-0.0055883918221355895,-0.008063138672416096,-0.00968623440777183,-0.010909677753911757
2021-10-22,0.00014165209903969746,-0.022268661150491417,-0.024365957779587947,-0.024792605835809826,-0.025041928398392695,-0.025195430762460204,-0.01479855673397996,-0.018533608942233083,-0.022268661150490254,-0.023827449129727694,-0.024535840144162525
2021-10-25,0.012979444465230215,0.02287723937472283,0.021245779237714816,0.01970423659612746,0.018534710138907458,0.017623145375372365,0.01957797440488918,0.021227606889806717,0.022877239374718746,0.02187026907916809,0.02068131336610791
2021-10-26,0.0012034757375936696,0.021568599119179417,0.02256442062815988,0.022741141972869236,0.022815836652434352,0.02284165904600616,0.014780224658644018,0.01817441188891159,0.02156859911917265,0.022464992264583334,0.022640078049487523
2021-10-27,-0.003179616937855002,-0.018213924514533294,-0.01850025776366979,-0.018328740212167228,-0.01815984552889328,-0.018007099057240728,-0.0132024886556336,-0.015708206585088227,-0.018213924514527524,-0.01855153149711947,-0.01844460965359109
2021-10-28,-0.0038483296341318813,-0.014951870576295701,-0.015011114801285528,-0.014660921920619626,-0.0143715406733873,-0.01413323776027768,-0.011250690262239772,-0.013101280419271564,-0.014951870576297325,-0.015141724428972955,-0.014887290122044088
2021-10-29,0.016748413871779808,0.03729025740110253,0.035691066761350636,0.033860416351560146,0.03244256439154495,0.03132158139750449,0.030442976224658514,0.03386661681288229,0.037290257401103824,0.036419155089684546,0.03502606781256365
2021-11-01,-0.0026342115066851413,-0.002466522382122525,-0.0021780770461595667,-0.0018217202080171165,-0.0015533259250822265,-0.0013453636543375841,-0.002522418756978885,-0.002494470569548487,-0.002466522382124285,-0.002323275958531797,-0.0020472519808744146
2021-11-02,-0.00012922768981122283,-0.0014567500765487727,-0.0016081046625351068,-0.0016262330469035402,-0.0016351608972378381,-0.001639391896915945,-0.0010142426143023753,-0.0012354963454261451,-0.0014567500765489,-0.0015985736977197974,-0.001615613724185446
2021-11-03,0.003753297264214266,0.006916792814681715,0.006940919553828415,0.006536582648285839,0.006218081066437933,0.0059632078732740216,0.005862294297853887,0.0063895435562697335,0.006916792814684278,0.007099448350294272,0.006794974808011498
2021-11-04,0.0038856948329714855,-0.008117790873707197,-0.01026369119782966,-0.011155237648411784,-0.011788429804249531,-0.012257024921111557,-0.004116628971480408,-0.006117209922593209,-0.008117790873712389,-0.009883196277208553,-0.010597871486621866
2021-11-05,-0.0035675388981114766,-0.020066007208593858,-0.022879956910399055,-0.022715052442723448,-0.022539142798928605,-0.022374029030163268,-0.014566517771760197,-0.017316262490177838,-0.02006600720858914,-0.022815751926998713,-0.022828881991594437
2021-11-08,-0.011279431356927267,-0.018393108780432824,-0.018222491416144432,-0.016844789206890955,-0.01579340118428407,-0.014969841725648218,-0.0014688239260017635,0.0009838279317334446,0.003436479789466703,0.005648377188355788,0.007118365958361402
2021-11-09,0.0009924340265394071,-0.01472557836420611,-0.01785869908699999,-0.018504827909506652,-0.01893478154748616,-0.019236345858573433,-0.022042654866674994,-0.027994933304889304,-0.033947211743102904,-0.039899490181322196,-0.04223672415253504
2021-11-10,0.09280764874740298,0.10536595964465309,0.1211205384061739,0.1227898464293849,0.12361698180655147,0.12399172251891129,0.10342444579167218,0.12412389389162934,0.14482334199158453,0.16435688404882742,0.16711248701138054
2021-11-11,0.0561907682422679,0.029544009644808942,0.030477468185786834,0.031089062249965466,0.031515375296695194,0.03182698484500117,0.048635287731180456,0.05061636884617736,0.05192951277044231,0.052851851110613406,0.05352961666658844
2021-11-12,0.010004360923353283,-0.001159621528465173,-0.001210249626344256,-0.0012448103539494596,-0.0012697710526454057,-0.0012885836759440614,0.0010179717493534431,0.0010606851878639859,0.0010893685734490502,0.0011098064868496178,0.0011250385631997473
2021-11-15,-0.00477018040112146,0.00744399788757485,0.007369267230191348,0.007305429239751708,0.007251965248835946,0.007207156460067744,-0.004573772242441735,-0.005184366099173287,-0.005611253215230436,-0.0059251514249007405,-0.006165088496316258
2021-11-16,-0.042812024538218904,0.008939400827494209,0.008494834133812457,0.008165387368626983,0.007912360395414864,0.007712313950636367,0.0002643876120166419,-0.0006061301449009983,-0.0012266402371960557,-0.001689737938713579,-0.0020478924176412
2021-11-17,0.07696789714539919,0.017249255686694547,0.015023504969535176,0.013425177573842071,0.01222355564210701,0.011288038549256066,0.026742921841049788,0.024721979429906955,0.023268040975827783,0.022174408966661882,0.021323010216958413
2021-11-18,-0.011327248625686188,0.005767497402937989,0.002960973032541891,0.0009493778224984073,-0.0005602561629827853,-0.0017337124959394088,-0.0028576069319995764,-0.006063997590017475,-0.008339021871595286,-0.01003296181707185,-0.011341477919414674
2021-11-19,-0.06778781309102054,-0.0621696568989609,-0.057700064505715014,-0.05444195696975949,-0.0519688935518465,-0.050030818571536025,-0.05890826402704627,-0.05389007842087187,-0.05026627497243212,-0.04753663483902714,-0.045410805951950184
2021-11-22,-0.11104561659643539,-0.04230964928011517,-0.04291558067837357,-0.04329983519243818,-0.043557418899639225,-0.043737847387488975,-0.05101305284126767,-0.05190162019601478,-0.052450751739297585,-0.05281012846661202,-0.05305625289830358
2021-11-23,0.0015518156346417096,0.013324442428379357,0.013672563181436137,0.013912957321398075,0.014087508571328478,0.014219305903909336,-0.021846346190259956,-0.023604427656041097,-0.024853425201107133,-0.025782185929348035,-0.026497881389036818
2021-11-24,-0.006712374938163494,-0.00289318623253485,-0.0008579463138568155,0.0006473333572414637,0.0018024070767223318,0.0027151669277254292,-0.003254181311623797,-0.0013067618339134438,0.00011028035951068441,0.001183588920382002,0.0020228800184787146
2021-11-25,0.0016414120390593032,0.0018715043076202701,0.0014450867437986114,0.0011270923686696925,0.0008817064192861393,0.0006870173187778115,0.0020250620322854254,0.001612509213227,0.001309475677704708,0.0010784905483254567,0.0008970507044186711
2021-11-26,0.019151502587090932,-0.024485411443014707,-0.03252123281001236,-0.0384282701767786,-0.0429370327905984,-0.04648371863534706,-0.005980952443994308,-0.012402325744117019,-0.017049034304741445,-0.020551974112166055,-0.023280192314824043
2021-11-29,0.0046648781477744775,0.012673146636920478,0.011703537201826727,0.01095974670025459,0.010379760420030094,0.009918383772696954,0.010683629451141787,0.009693995089540594,0.008943131324372475,0.008360904812123128,0.007899195060672824
2021-11-30,0.006909000911100752,-0.0006513719736442574,-0.0029835595458725817,-0.004632558111591497,-0.005847546592260494,-0.006774546751173611,0.003163920369386922,0.0010597288274124118,-0.0004558712651055885,-0.0015888888366093795,-0.0024633468219592176
2021-12-01,-0.002671756096876818,-0.01510872468160719,-0.014862570097882466,-0.014617580961906768,-0.014398667210458014,-0.014209216908387372,-0.011197200291209068,-0.01086038305823833,-0.010572691030206324,-0.010333082706709738,-0.010133760136718377
2021-12-02,-0.004946026345768828,0.004719451491804518,0.0065652624591195745,0.007851747421721587,0.008789219018772108,0.009498251080002644,0.0005173185255395813,0.002154266098740789,0.003323222858100822,0.004191308668616545,0.004857752619589616
2021-12-03,0.0019180277077894964,-0.007859886420289884,-0.008828022450956811,-0.009473890339439699,-0.00992847219410037,-0.010262742999627168,-0.004138364446887731,-0.004963620090537178,-0.005534850011980293,-0.00594887497187283,-0.0062606233264872885
2021-12-06,0.0011659306507405991,0.02273423905282786,0.023306126079600614,0.023599276304227194,0.023755028688686407,0.023838715504981893,0.015468143390226414,0.01583271791089678,0.016024490173750155,0.0161291033516467,0.01618704988622297
2021-12-07,0.00029143933850862846,0.0027245243059612926,0.0027384949838456913,0.002735462548751251,0.0027263176917813933,0.0027153388382394894,0.001943987223244895,0.0019406984852255393,0.0019298836098369237,0.0019172243853235501,0.0019047820943792972
2021-12-08,0.009441499563768512,0.018861086845107403,0.016501812465653968,0.014756861667260198,0.013430665980510731,0.012395490569090784,0.017177697171350863,0.014934031007354402,0.013262567758223995,0.011983298565763455,0.010978679877976998
2021-12-09,-0.007894481763986333,-0.01915331287036003,-0.01736792348511377,-0.016015169780041274,-0.014970524299133536,-0.014145901174411179,-0.016623641645101484,-0.014896358432597036,-0.013586227171272057,-0.01257120043382009,-0.011767102150316799
2021-12-10,0.0034393563384262356,0.004152587257188757,0.002905305422382952,0.0019832279771513387,0.0012873564195649283,0.0007492365757718229,0.005010861864793223,0.0038756145290454883,0.0030116630301123045,0.002344343223189014,0.0018187631784309514
2021-12-13,0.007533401226698791,0.011773980679829267,0.01280445248985859,0.013440272136847354,0.013851201272715673,0.014128666026437087,0.0076379027389650135,0.008645154578865107,0.009332734457935558,0.009816223000784488,0.010166927457272589
2021-12-14,-0.03850431623138103,-0.030370437122486778,-0.03122429622736599,-0.03156979343483431,-0.03167689592579462,-0.03167107710372226,-0.022647587690420364,-0.0235815257900328,-0.02408174746143767,-0.02434478136454751,-0.02447614156612355
2021-12-15,0.006194923970564032,0.022376936237396207,0.021174759350459874,0.020129222525097582,0.019256038158820345,0.0185322988279935,0.020013775960917694,0.018961668946675468,0.018007469776479323,0.01718256570445064,0.016480225805437326
2021-12-16,0.005447201453478271,-0.0015453344364271633,-0.00386739585079344,-0.005524026193425161,-0.0067424695121306,-0.007666295551710727,0.0026472104852203492,0.00043492272184132225,-0.001240048913936599,-0.002527568520270015,-0.0035365840414951187
2021-12-17,0.006424000389558644,0.01364551156160705,0.011044091849465693,0.009070337668488198,0.0075539406108359256,0.006366062096836059,0.01568536167492327,0.013223379506673509,0.01124485265552803,0.009659980053883719,0.008380032988238074
2021-12-20,-0.017121745426989417,-0.01707400178889855,-0.018037178016058683,-0.018589951997432286,-0.018921188581731457,-0.019127422909367243,-0.012274350532602724,-0.013314741864033456,-0.013994048794093385,-0.014451281793301263,-0.014768897280959004
2021-12-21,0.002271455903584237,0.021576651928372055,0.021677735978007498,0.021652650981769425,0.021581751475696208,0.021496957737834603,0.017133441390935936,0.01718789244559597,0.01714122203635945,0.01705804598419843,0.01696497576557607
2021-12-22,-0.010777473468997113,-0.011972873535818464,-0.009764672495224443,-0.008150139581576487,-0.006931434098268084,-0.005984428023956739,-0.013467942582245082,-0.011213024336973661,-0.00951770216567808,-0.008213156925712273,-0.007185430110402341
2021-12-23,0.017591505848346088,0.020911145864658438,0.02248029434002111,0.023497363322390646,0.024196295517478743,0.02469990183812788,0.014059511173819251,0.015586790159100078,0.016620757423210536,0.01735434647111051,0.017895927161821115
2021-12-24,0.0013409946730998244,0.0007619626776245263,0.0004302180642863896,0.0001918895608532462,1.4265826015845353e-05,-0.00012243189195571745,0.0011911742033240422,0.0008552963116051207,0.0006062738161131298,0.00041660138201918555,0.00026834421175574836
2021-12-27,0.013145854185118586,0.025867116180666408,0.02745045829134323,0.028449061795098676,0.029119128513537627,0.029591911929100656,0.01792283220741057,0.01946737656968,0.02048981601651641,0.021201355665107068,0.02171794839813596
2021-12-28,-0.02375818947928775,-0.016339499860047735,-0.01743786333669367,-0.018137191511190254,-0.018610586574896035,-0.018947324574703456,-0.01115034270710007,-0.01223316349621301,-0.012956460043938314,-0.013463855894303255,-0.013834865891580223
2021-12-29,-0.004496059653739924,-0.0004252296101378305,0.0008169078837006742,0.001696560223421974,0.002345055595208584,0.002839908101060907,-0.0024947522728652376,-0.0012486839904206862,-0.0003356794462099905,0.00035349924645978055,0.0008884108965316842
2021-12-30,0.0003904717689160876,0.0039717261805361755,0.0040307385621756306,0.004053384541318599,0.004059736500952262,0.0040585512839332654,0.0030621608135674347,0.0031140651217549625,0.003135267623844221,0.003141969938639284,0.0031416571014419854
2021-12-31,-0.0058632705251728656,-0.005231133264167987,-0.004021193186001831,-0.003140557583579234,-0.0024784994796631403,-0.0019658205531641053,-0.006265593894468447,-0.005044210099079035,-0.004128560837414917,-0.0034259279995864818,-0.0028737860222639647
2022-01-03,-0.1118231840960254,-0.06957576845642513,-0.07369438955594113,-0.0762731178042002,-0.07799008656969039,-0.07919223617080585,-0.04828899258682838,-0.05222762642336518,-0.05481870173146736,-0.05661063721006087,-0.05790382067400164
2022-01-04,-0.0016094404433057057,0.02452856423699994,0.0259044217489786,0.02676338010203111,0.027337046565905913,0.027741141577199827,0.017380160374771386,0.01884876321311734,0.019813418316259428,0.020481994490466865,0.020966454884577674
2022-01-05,-0.0013687520556017745,-0.0033587816784538095,-0.003027863100177923,-0.002783059893454701,-0.002596862362350809,-0.0024513755564521005,-0.0033239324750683305,-0.0029806730213543823,-0.002718927404837226,-0.002515725962176838,-0.0023546571060804014
2022-01-06,0.0005736156326229915,-0.00748989248264754,-0.007925414987054744,-0.008196986567166241,-0.00837826682323895,-0.008505955224509526,-0.005253959155928027,-0.005724300680968448,-0.006033463762086682,-0.00624792007855155,-0.00640346885405235
2022-01-07,-0.0029048085825101712,-0.014519850775613564,-0.014076689620176292,-0.013702702102250264,-0.013361364297874748,-0.013028133685545963,-0.01245137835005854,-0.012000965388508306,-0.011614875134043011,-0.011292972226845523,-0.011025239699786858
2022-01-10,-0.0003489991338507113,-0.012508435830189606,-0.012851658241662163,-0.013038089583511608,-0.013145760715077885,-0.01320281672848762,-0.009454622856420793,-0.009811959634406725,-0.01002078431175801,-0.01014974777343582,-0.010233105411596789
2022-01-11,-0.0005687951993649278,0.002759133748191238,0.00304749618410678,0.0032382701886367097,0.0033720257016870998,0.0034571921484115916,0.0017090585866984926,0.002007349213848728,0.002212925887296479,0.0023612285767003385,0.002472391789919107
2022-01-12,-0.010272551740033574,-0.03937113462136417,-0.037435357013981325,-0.03591271959036604,-0.03470844115274213,-0.033741656586962654,-0.035133579906966375,-0.033126508848906944,-0.03151640926093262,-0.03022442234126276,-0.029176207994870463
2022-01-13,-0.010159857633414792,-0.031766092806392435,-0.0298981353097617,-0.02844997124763792,-0.027313316678676834,-0.02640497797734626,-0.029145121747353463,-0.02717737256130729,-0.02561996837022181,-0.024379426187332916,-0.023377470370654768
2022-01-14,0.01767112074895148,0.027029200801735088,0.022683673580710426,0.019510409461699227,0.017115042726929177,0.015252635586501516,0.02980062616640865,0.02526497130720903,0.021858833318371157,0.019238491416744538,0.01717380188955405
2022-01-17,0.013201434849429617,0.03570811985036272,0.033038749522791365,0.030996442447816255,0.029405310514478422,0.02804018226372578,0.03398572557815767,0.031179843390889177,0.02898099828499036,0.027239985856838483,0.025839509694451215
2022-01-18,-0.008704786321841618,-0.0006223221684329597,-0.0031454777566151523,-0.0049200772010598495,-0.00622664444155977,-0.007224725143401623,0.004066788009369484,0.00142592808990297,-0.0005147488369823635,-0.0019844277973568147,-0.003128554276448152
2022-01-19,0.08036938500028974,0.045482064016909865,0.04835981987231327,0.050224367304866395,0.05151001936080826,0.05244088009080149,0.03190178127300317,0.035095735992339484,0.03726272051643091,0.038802341096619716,0.03993991604740093
2022-01-20,0.0007745885497704676,-0.0024745076373635434,-0.0038023635878879757,-0.004713096043321326,-0.00537154346160852,-0.005867723820032614,0.00046967304412879056,-0.0010458457983419786,-0.002144483711946796,-0.0029678900534676686,-0.0036037397125994013
2022-01-21,-0.005274104634199267,-0.013807280902192045,-0.016285777476406593,-0.01795207396868431,-0.01913968966946258,-0.020025085638451054,-0.006833359278348605,-0.009824586034772558,-0.011952014526951313,-0.013523456225569138,-0.014723156601979703
2022-01-24,0.033951732314413605,0.05020660419360022,0.04675996371775966,0.04421433008670783,0.04227964328669445,0.040768242215141734,0.04846645092715502,0.04547472036541179,0.043065757391726904,0.04112689994265873,0.039550301879689144
2022-01-25,0.012632181458053003,0.008166047749444558,0.0077771382976081,0.007477483655171192,0.007242912832227139,0.007055641230363853,0.008335216645250311,0.007934622956050935,0.007602084583791237,0.007329003389808633,0.00710374198946536
2022-01-26,-0.061492467367718115,-0.025534195794772358,-0.026470781775594785,-0.027050013173102808,-0.027433348358303536,-0.027700884585115985,-0.021494075449514927,-0.022663725847553558,-0.023405995050970452,-0.023902439091655247,-0.024249605693387022
2022-01-27,-0.04418861825042166,-0.019880429144727117,-0.02116136593200745,-0.02200411922670021,-0.0225932721131348,-0.023025024949947907,-0.015960906728114455,-0.017540488821244777,-0.018605820182112622,-0.019359342981356564,-0.01991419079819868
2022-01-28,-0.010860223334610284,-0.013753703286709412,-0.014228981427449185,-0.014524115129334382,-0.014720470424467027,-0.014858291008856495,-0.01199658306088439,-0.012619599623228783,-0.013011464197138662,-0.01327161127039339,-0.013452370491171291
2022-01-31,0.001106786366614517,-0.0047022880282351145,-0.005328875865877702,-0.005757472257680445,-0.006066732791175714,-0.00629938210559957,-0.0031474817092288095,-0.003918222625487997,-0.004460727873114411,-0.004858271604825925,-0.005159849169368436
2022-02-01,0.0004342861576878546,-0.010739840633639027,-0.01143459945157557,-0.011895548314098265,-0.012220330920762171,-0.01246002465865948,-0.008727924242283405,-0.009601715990077416,-0.010191392463330222,-0.010608833169487705,-0.01091649812035091
2022-02-02,0.010113260835457877,0.000682956284562197,0.0008598933318645159,0.0009821115811990664,0.0010707208416198858,0.0011375351958721517,0.00024759961536080245,0.0004352931054408763,0.0005699384633390798,0.000670072282830434,0.0007469355126600724
2022-02-03,-0.007753506004897288,0.006495067780033455,0.00842179779009168,0.009755750058760131,0.010724533953450346,0.011456000839810677,0.001902681118971268,0.003945279517612861,0.005413906850529274,0.006507945945638774,0.007348834170943876
2022-02-04,0.006861611364301976,0.014527701147022284,0.014613622540139355,0.014615158549051129,0.014584582907041434,0.014542825596473966,0.011942686394454198,0.012056173615831802,0.012079389557446987,0.012063706219002414,0.012031770889452963
2022-02-07,0.02155498890035473,0.01719257597137927,0.017805855751231746,0.018168094253098576,0.018397087681831757,0.018549918828493453,0.013250857320518486,0.013935527052127143,0.014365266607115141,0.014650001308274983,0.014847485267510124
2022-02-08,0.01037013917141701,0.0256529815201363,0.02652666416211472,0.027065468731352797,0.02741866919404338,0.027661883923264324,0.02289528813099305,0.023767566837400843,0.024255890705358184,0.02453846534406697,0.024705856667825297
2022-02-09,0.010692536093442282,0.009273478601455127,0.010056525862010775,0.010584673666870383,0.010960486122613588,0.01123954820670063,0.007455779604120151,0.0085169156480095,0.009273478601453737,0.009784489948047814,0.010134978061014101
2022-02-10,0.11628686483437593,0.2481310591901462,0.20150365817718385,0.1673504586587295,0.14147392038457288,0.12128425750613256,0.3269501268204463,0.2732120349469698,0.23117395343386263,0.196985710144901,0.1691497490496101
2022-02-11,-0.029363498375440826,-0.059973963349932075,-0.05361145719862058,-0.046955160424896523,-0.04017492594555549,-0.03343250105856362,-0.06707245765479745,-0.06287424815472958,-0.05829792272835453,-0.05338425959921111,-0.04818980317794116
2022-02-14,0.012235432502144004,0.006323272440259384,0.008300619439967353,0.01029292081762757,0.012247827841230487,0.014111883842401059,0.003961273740111756,0.005332241619068198,0.006775984715643301,0.008279481936522384,0.009824232147479052
2022-02-15,-0.016178059291012067,-0.0070531292252340155,-0.009369643711873557,-0.011701248707998378,-0.013985288988821107,-0.01615844665452891,-0.004268989535360517,-0.005871410763975123,-0.007559007786380399,-0.009315966989945397,-0.011119947452319309
2022-02-16,0.01498594801935752,0.006104543457993397,0.007921628300445046,0.009733617840868063,0.011488968861553211,0.013138043251247537,0.003926909668367151,0.00520325655245541,0.0065413572881542524,0.007926515615509337,0.00933886336603528
2022-02-17,0.026962854489288816,0.008573671822843952,0.010903596119343537,0.013220244379029905,0.015457069918530133,0.017550553978606127,0.005806552730959923,0.007458292170394836,0.00918677883878282,0.010972363703448385,0.012788757625457045
2022-02-18,-0.02933546432624631,-0.028163563418074692,-0.027550089903672113,-0.026699921957340052,-0.02560810541696954,-0.024287054946608624,-0.028652352489674956,-0.02842438700617884,-0.028078342658155724,-0.027595518570825622,-0.02695889127684435
2022-02-21,0.003987192489978782,-0.0024152648924583124,-0.002643128670635985,-0.002863592040516035,-0.0030702160431766243,-0.003256826125472912,-0.002207563276000645,-0.0023959575481797752,-0.0025897875900042387,-0.0027866940027573726,-0.0029836392123004153
2022-02-22,-0.0035771279342699143,0.002319773668821407,0.0026763376104605796,0.0030344064044170345,0.0033856510832187712,0.0037211421274595227,0.0030425631708382666,0.003632082403155548,0.004253052740608869,0.0049015126247635805,0.005571471032589376
2022-02-23,0.007252753100518134,0.002350306912526154,0.0035404865925453316,0.004781247336066737,0.00605097817670732,0.007322812639366227,0.003907556005506542,0.005581071491449926,0.007367910011218747,0.009263005618696349,0.011255740304431827
2022-02-24,-0.004504972720920991,0.002997523636035549,0.00394015763129748,0.0049155582632469915,0.005905367103116231,0.006887424559623057,0.0034694276540375574,0.004573773213207845,0.005748215171796828,0.00698769501494211,0.008283246550313116
2022-02-25,-0.013114593156306047,-0.006026992401007522,-0.007962071392783904,-0.009988936192755324,-0.01207800163822218,-0.014190136787351289,-0.012077708782279643,-0.015850220521154507,-0.019882969673456544,-0.02416866037318687,-0.028688365976823834
2022-02-28,0.020219527942991516,0.0035392139374887297,0.004586520790592183,0.005685644221028145,0.006821694184587633,0.007974522422049473,0.009166411052801481,0.011855994799624573,0.014684544999843134,0.01762683396483153,0.020647173492510964
2022-03-01,0.0342818478985591,0.015367335648871069,0.02000688451702146,0.02490501361151472,0.0300069794419631,0.03523412319026977,0.02314521875936218,0.02995960280190461,0.03709890351117552,0.04448952145051441,0.05203169495333899
2022-03-02,-0.013016559686028559,0.000987228980435222,0.000831200625466422,0.0006605850350844037,0.00047668270768826744,0.00028181329311563225,-0.0027040903270003492,-0.0038752338959363716,-0.005061279157307772,-0.006236914582966238,-0.0073758489113264075
2022-03-03,0.008056392316112309,0.00390837187723991,0.004779384091162928,0.005685393908626716,0.006612217161764623,0.007541651925927879,0.0031042052272739215,0.003692691107561478,0.004276096569659098,0.004840754729581959,0.0053733644087583295
2022-03-04,0.0281248617023662,0.006550301764661346,0.008867503590630611,0.011299783563696047,0.013813799531596222,0.0163648054884906,0.01027572872633349,0.013476499590653076,0.01669689354237829,0.019865702509716126,0.022910502504569222
2022-03-07,0.021235806440007946,0.015590351310522662,0.02018759292580857,0.024992263726110398,0.029932853765640786,0.03491594896046261,0.009258106201451004,0.011799184179224943,0.014332558815990333,0.01679844604335303,0.019138759082621668
2022-03-08,0.07179267897751931,0.05543178856118691,0.062369299258642,0.0693249730679243,0.07613287429842407,0.0826119383012733,0.058913453700925475,0.06625987697150082,0.07332357148884103,0.07991953342096,0.08588743394551117
2022-03-09,-0.016646855598847474,0.0023344499789871185,-0.001733875129368498,-0.00583905821787263,-0.009902871559939852,-0.013849652024856014,-0.0026577435645191946,-0.007693272473758188,-0.01256199087528906,-0.017172375098617007,-0.021457479668193315
2022-03-10,-0.014282485245835447,-0.013994944130879114,-0.01269807007584648,-0.011285972908823967,-0.009796118191372577,-0.008270319830079155,-0.010323987046872747,-0.00814858316019255,-0.005969391131487884,-0.003852455865185098,-0.001848856785364828
2022-03-11,-0.023799563621669417,-0.012829662850883689,-0.010623322359003866,-0.008314828960521544,-0.005962353021990106,-0.0036254154040438096,-0.01567314371523855,-0.01416606206501637,-0.012564871950700024,-0.010928738822730693,-0.00931096643299267
2022-03-14,-0.016917780164585183,0.006314416784643167,0.004504110341774306,0.002735972470728085,0.0010681742880927002,-0.00046215145177986927,-0.002467193372375044,-0.005818188225287528,-0.008764688884050145,-0.01129396556833042,-0.013433296718763709
2022-03-15,-0.02695387909045526,-0.02015662860067832,-0.024001282238252174,-0.026373431570299602,-0.028199587327969625,-0.029597429126569853,-0.015256071454936342,-0.0168589035301319,-0.01799053957169467,-0.018787669934631792,-0.01935272889914786
2022-03-16,0.02500241323222042,0.03896588508357193,0.03922713570810023,0.038342191586202376,0.03729342597467353,0.036197271938079374,0.025686933397007065,0.022883242627038256,0.020357911326118035,0.018155835512139142,0.01626202200452457
2022-03-17,-0.0202987346313689,-0.04167208128327605,-0.035378438686618434,-0.029585562398305714,-0.024393550320511985,-0.019810162079177865,-0.02708772567946205,-0.01861203377605539,-0.011416052384616784,-0.005405183600634696,-0.0004051395612812337
2022-03-18,-0.007844444779696742,0.006743258059079088,0.004612742972059837,0.0026559218020056645,0.0009034175964181652,-0.0006408606243292567,0.000819942320649659,-0.0023302925322192087,-0.004971658951818672,-0.007134677719204123,-0.008890202882892282
2022-03-21,0.006695397608405359,0.004597572009768908,0.007210801650148148,0.009477527343736093,0.011400833747881515,0.013011386790959966,0.003969401755326215,0.006262348260721057,0.00810539917467421,0.00955464210034443,0.010686922419824598
2022-03-22,-0.010232308935982004,0.009961910737206883,0.011306197884901331,0.012304541852704343,0.013059297584884355,0.013621346113312402,0.0010690655168186854,0.0007433644737187834,0.0004621015790559057,0.000227214738410438,3.362701650594953e-05
2022-03-23,0.014700821142384843,0.01089189777225611,0.014461634385700068,0.017357674592749853,0.01971574288182879,0.021616065699651098,0.009696287999892117,0.012521514729386401,0.014647510772851128,0.016221391921979345,0.017386948396221152
2022-03-24,0.015399308134019636,0.02808945196210733,0.03156113724321917,0.034028743476155816,0.03584718725756495,0.037161986840744635,0.032626490025615504,0.035502695762747845,0.037276779853100184,0.038305435398371515,0.0388596419242084
2022-03-25,-0.0045834161728838824,-0.009208985963927645,-0.009147039592076474,-0.008982964282576106,-0.008761125579081161,-0.008513359937756827,-0.012713939105589517,-0.012859701482136266,-0.012777230936881186,-0.012578468065179824,-0.012331322265186885
2022-03-28,-0.02055576022967069,0.008950700484143918,0.008442838921321912,0.007901710933514801,0.007367355459268464,0.006862796199638486,0.002499920085379473,0.0009175437710352065,-0.0003863164856372437,-0.0014385821429283901,-0.0022844049079599124
2022-03-29,0.0125010312618208,0.009766374834021615,0.006339655154555897,0.003262685298586431,0.0005719525944586336,-0.0017459422330431142,0.00649575034124818,0.0024985615471351313,-0.0008290066827977932,-0.0035323824628370987,-0.005713849167894661
2022-03-30,0.009876875034670957,-0.004265913557729004,-0.004799595685327169,-0.0052029209053340965,-0.005498910295356577,-0.005712094236576107,0.0030469508484262677,0.0036723196430196014,0.004122852848466354,0.004441786056325604,0.0046675594288454695
2022-03-31,0.04227243669560841,0.05517934505171162,0.05053498134874689,0.045790544475017944,0.041228174038666764,0.03700331443098195,0.05569367210648944,0.049950797964696377,0.044107872933139475,0.03875121140807434,0.03402970617380213
2022-04-01,-0.007279664889638127,0.00499755304426252,0.005248643348282989,0.0054091502653891834,0.005495677718401439,0.005526629048618305,-0.0026123672419675744,-0.0038207751530965903,-0.0048106488375368565,-0.005594579502856412,-0.006205077460466439
2022-04-04,0.007182749514721846,0.007598442071012763,0.00877793113852751,0.009738885782154516,0.010495489471007414,0.011076584562007677,0.004687782497290703,0.005174859860139307,0.005508919836792535,0.005722656184757585,0.00584993104917811
2022-04-05,-0.037989468735699645,-0.037696622696938485,-0.03408411693275924,-0.03034819709461312,-0.026688739937581515,-0.023237601429903693,-0.03985255437236294,-0.03592274606280253,-0.03185552996323538,-0.0279583963266759,-0.024394582099513288
2022-04-06,0.027927213865298253,0.036424415470377135,0.03507435920197926,0.03340367724113628,0.031536383279735035,0.02958450974974064,0.034458417237481255,0.03206878008687612,0.02939686634754841,0.02667213242868539,0.024051913625253104
2022-04-07,0.005078760850000009,0.004820637955763115,0.005975289045356506,0.007032151801657577,0.007967499713840821,0.00877121991795857,0.0074869876801921306,0.009225877703423854,0.010775604424873587,0.012104726619498987,0.013208504464392234
2022-04-08,0.01014566092302174,0.0066189223363657314,0.009574351668537028,0.0123456086172244,0.014862474142773668,0.017085860422916432,0.004078315496478088,0.0063824618003820496,0.00851110121565386,0.010408457139720939,0.01205089194550486
2022-04-11,0.005560154615017233,0.013552541769067429,0.016802758686938504,0.019777089173754422,0.022407741590821168,0.024665802700076296,0.011395386424556536,0.014041836285770423,0.016398295842308456,0.01841669297068317,0.020090164844445417
2022-04-12,0.057416712837747956,0.0631856460450507,0.062305059127557794,0.060744296914699826,0.05862563469052711,0.05610386850925474,0.07205622894645543,0.07285713929119378,0.07266992452581006,0.07164733145141738,0.06999576560794782
2022-04-13,0.008859920984949319,0.007452176425772722,0.009359956317653035,0.01118455745526065,0.012820311529225954,0.014189721550824434,0.00882213052631989,0.010936732164323075,0.012794975570601228,0.014410987830689623,0.01577621278766312
2022-04-14,-0.0005448602754619333,0.003436130831582408,0.00341023133787189,0.0033491485534200074,0.0032575953849167953,0.0031423045361585896,-0.0008969672362501667,-0.0019483032638363358,-0.0029357941054054142,-0.0038340195131327274,-0.004629702896632414
2022-04-15,7.32140609140836e-05,0.0049100325870112,0.006081046647546204,0.00716749481924591,0.008142987926244937,0.008993206809457789,0.0032515800420371433,0.0039733881571282145,0.0046200267432075824,0.005179538747465421,0.005649669755880438
2022-04-18,0.004389098195866154,0.00746795307315242,0.00914236664737187,0.010693367186778508,0.012083553207662655,0.01329275703646309,0.011032808667575824,0.013438536633193313,0.015592799075353866,0.017455930114826157,0.019020534188190025
2022-04-19,-0.022652636613187137,0.002037947271126057,0.002542981662169743,0.0030155763620771346,0.0034440584451046067,0.0038214272444700536,-0.008289833950734739,-0.010216225128170315,-0.011948731792254133,-0.01345443778680054,-0.01472579538754668
2022-04-20,0.006374508190025836,-0.00427147256473605,-0.00524087695528337,-0.006145354503435911,-0.006962763983292274,-0.007680031283872227,-0.004547200875812879,-0.005511620100405745,-0.006372511537841688,-0.007114780221604152,-0.007736310241816935
2022-04-21,-0.004402525385750881,0.0016369088117676191,0.0019226645126337394,0.0021862722480043935,0.0024215227764927526,0.0026250076946187227,-0.007645241096947002,-0.00953122531679086,-0.011230212408997017,-0.012710121623400355,-0.013963463204297267
2022-04-22,0.027195905655783805,0.04412892047998563,0.04041663286669232,0.036342774305186586,0.03204430627706628,0.027664963579404317,0.04031821994954327,0.035521160104611524,0.030509503558777618,0.025491106534089345,0.02063737293770897
2022-04-25,-0.028494273843779203,-0.020352957211405478,-0.02551377409084216,-0.030412816913604455,-0.03491320441009394,-0.03891977460436423,-0.021973458419516187,-0.027130839235220302,-0.031788395015470525,-0.0358416288044789,-0.039258126470059856
2022-04-26,-0.017374993866439228,-0.031264784823343716,-0.03205850063432673,-0.03250944740500603,-0.03262135971249498,-0.032426780817248015,-0.029408135366253668,-0.0294557375963796,-0.02913307738410246,-0.02850651368639755,-0.02765880210963717
2022-04-27,-0.0271466291398541,-0.011287588403682469,-0.01150192013232205,-0.011600322734210933,-0.0115856066695677,-0.011469603204621924,-0.010459008607686929,-0.010465266239619398,-0.010386206341097751,-0.01023298266717818,-0.009948979669361521
2022-04-28,0.004337411843908045,0.01856364607406574,0.024362754476859014,0.029928977160839334,0.034963969713884734,0.039481514337462345,0.010495378054878879,0.013908891258718473,0.01712704257773331,0.020098669785278522,0.02269640120205263
2022-04-29,0.019985273700063623,0.014438227016204156,0.012995377645452456,0.0114440752168512,0.009830433127529785,0.008172530290028806,0.015541164248357286,0.014431905722257795,0.013241349490876162,0.012008577764917911,0.010769914366705734
2022-05-02,-0.0353297850664088,-0.020055299144651963,-0.023848715615630164,-0.027362863545505763,-0.030506307819056486,-0.03322645305153011,-0.014619331289833245,-0.016823892006249442,-0.018736276646083138,-0.02032857911159329,-0.021606928943406902
2022-05-03,-0.006634134768588371,-0.008037335085091218,-0.008095457289608185,-0.008066594277103375,-0.007958141418679869,-0.0077549139211667865,-0.007747381509810363,-0.007678124477142393,-0.007518111944335154,-0.007286813658579354,-0.007006625954483383
2022-05-04,-0.013478583241981017,-0.022827453779275454,-0.02296247621888484,-0.022852617789674446,-0.022519946091202954,-0.021880948518340933,-0.019899162222657193,-0.019189469334172697,-0.01827684958098851,-0.01722510794398753,-0.016098994322667322
2022-05-05,-0.040573347605223256,-0.03638585463389697,-0.03496902001028155,-0.0332154837254334,-0.031204467615717373,-0.029028032456632914,-0.03735512208590198,-0.035949526963127316,-0.034172702854454604,-0.032143526100807986,-0.02998202429924733
2022-05-06,0.04867253596189419,0.05886785436586083,0.05727675998258771,0.05514352146072681,0.05256803903374496,0.049675663833568105,0.056896282025131674,0.05449725737272886,0.05156603785986885,0.04827796704853946,0.04480937696699102
2022-05-09,-0.009116516858964767,0.0041466082590018135,-0.0002591294156874413,-0.0045495288788367245,-0.00863070004752221,-0.012433460373896386,0.00977253188378293,0.006816754800551147,0.003909801434238922,0.001109378456525176,-0.0015404368000583011
2022-05-10,-0.009252365288607522,-0.009699103582029836,-0.009433199434814916,-0.009087735102294771,-0.00868013292898327,-0.008230111461974662,-0.009670660661304809,-0.009442290704033792,-0.009152178546159009,-0.008813222501532561,-0.008439498930850614
2022-05-11,0.03901484074712313,0.04068669236998657,0.037659918126951075,0.03437333913678703,0.030928651664059597,0.027428038486050115,0.04048745761761022,0.03763669464635513,0.03460278461169535,0.031462805482394496,0.028291324621332534
2022-05-12,-0.02222360144458423,-0.03585970292405373,-0.038811809661450224,-0.04136128706106858,-0.04344774104362674,-0.04505366962854058,-0.03230517123217303,-0.034546067157628264,-0.03652455193024205,-0.03717295769502691,-0.03689755716033963
2022-05-13,0.008141271938223565,0.01496865439453175,0.01652876208553517,0.017924184641312478,0.019129310180950824,0.020134287214532844,0.013096511207298904,0.014306015755633806,0.015428075577172901,0.016330363244315332,0.016473145664981457
2022-05-16,0.020337197318510223,0.020446902081536936,0.020107109494941273,0.019594764922013976,0.018936921669781035,0.018168226634175083,0.02120109345501773,0.021169599090794123,0.0209848357821464,0.020651683431900193,0.01958715226046907
2022-05-17,0.03456080180643532,0.03830117729807968,0.03829464939601748,0.03796730313778368,0.037351764698106305,0.03649687085653948,0.03844858121422634,0.03869633042368149,0.0386824987590548,0.0384099060281662,0.03741510416148277
2022-05-18,-0.013930970547245184,-0.021426070795432437,-0.022944475535980037,-0.024268972496109292,-0.02538639434992373,-0.026296814261080388,-0.01956110134644849,-0.02077752659981162,-0.021887117613403752,-0.022873091742391174,-0.02372477240759116
2022-05-19,0.014801487798844364,0.012694533670463129,0.011982511419657414,0.011206188562638952,0.010386439535285119,0.00954436468008264,0.01387257610488894,0.013506800404957718,0.013071209291946908,0.012572761845771805,0.012021069858819747
2022-05-20,0.0036626504033906203,0.004723467679135719,0.004921899917485455,0.005083232662583596,0.005207353648752726,0.005296151995926543,0.00451710884873804,0.004697196771549252,0.004854024581621609,0.004985432483787304,0.005090427326436317
2022-05-23,-0.000867859404237561,-0.0013730733084791977,-0.0014805782781978705,-0.0015758010662063452,-0.0016578945355172376,-0.0017267990670016618,-0.0012482497882052813,-0.001336183545096523,-0.0014176007382825043,-0.0014912999476016599,-0.0015564478853078475
2022-05-24,-0.0031788883051064093,-0.00993974762975377,-0.011339866584202359,-0.012614506836964379,-0.013752649646811171,-0.014751868672479811,-0.007925557164893574,-0.008947567088526202,-0.009916248830581743,-0.010820522875417182,-0.011652513598962888
2022-05-25,0.0015454974887539135,0.004527363729437723,0.0051552049889593,0.005735679736557027,0.006262644825465824,0.0067331931609556275,0.003656335989750053,0.004128073217330615,0.004589073109765391,0.005034523219527266,0.005260116450258721
2022-05-26,-0.002232400809981799,-0.003727694400804694,-0.004026235873692262,-0.004289914823896087,-0.004517016222162956,-0.004707923956533688,-0.0033745448752746346,-0.003631698189675721,-0.0038771087871331766,-0.004042460617021805,-0.004058512427431594
2022-05-27,0.0009454627655051164,0.0012567160816197892,0.0013111812933255154,0.001355430820941594,0.0013896359250997745,0.0014144691007891104,0.0012020731425337746,0.0012569634705688738,0.0013074745369139609,0.0013253379356480818,0.0013034570205373872
2022-05-30,0.00172440846519409,0.005279212543257991,0.006133446731479688,0.006952698425022768,0.0077283714888430124,0.008453886292794215,0.004220462102629795,0.0048605087752938425,0.005498543277554237,0.00603999838704784,0.006335207387381134
2022-05-31,0.00257591987376406,0.010159263144352748,0.011980357584758166,0.01372430249735547,0.015372296725705172,0.0169102778218933,0.007872676451162464,0.00923252138388595,0.010587821212132503,0.011717252948221808,0.012404793815035326
2022-06-01,0.0026508523201809004,0.0126950765319981,0.015159837265249453,0.017541216343187765,0.019810464483371704,0.021944379347239244,0.009610256688136969,0.011422560009994373,0.013240688706738925,0.014469300149307683,0.015392306429433018
2022-06-02,-0.0015629692508850788,-0.0034773542590826063,-0.003924700596232371,-0.004346026235786532,-0.004736275987110669,-0.005092067792744198,-0.002935680269378955,-0.0032827051105479258,-0.0036256184650710057,-0.00381832683217406,-0.0039425265265873284
2022-06-03,-0.05424408930061907,-0.05121513617672153,-0.047310387870833456,-0.043207210728107,-0.03898334352004848,-0.03471621914496899,-0.05460865379714774,-0.05181003552146416,-0.04810505422809384,-0.04316517351955126,-0.03829480650895469
2022-06-06,0.000523834434567541,0.007083618455618588,0.008800910474275192,0.010483874246455584,0.012101358135525367,0.013625827215686863,0.004966256486081661,0.006198325554500696,0.007455303827646395,0.00872435228217299,0.00999099149596795
2022-06-07,-0.0008703335992892551,0.004189551187123081,0.005490233331942296,0.006744004388334254,0.007891123948268514,0.008916357599981202,0.002513574259511534,0.0034072553693279234,0.004251398121023755,0.005037117398066462,0.0057488125914788085
2022-06-08,-0.00055762586384112,0.010312867236140952,0.013078013641146614,0.015764408164024295,0.01821703499949257,0.02034688714180778,0.006798413855330762,0.008707558402124355,0.0104833690130921,0.012121010202286979,0.013590974010685443
2022-06-09,0.002546050273886231,0.0035817239557675777,0.003794023917972335,0.003980598047156205,0.004116775590852951,0.004198354354393989,0.0033712753642086276,0.0035341207320215436,0.003639729465238401,0.0037099341514057367,0.0037466571771390335
2022-06-10,0.004642382977554651,0.005188965859943189,0.005201650463092653,0.005167224896950489,0.005090082233458223,0.004977283761794505,0.005204714449916542,0.005227374933464396,0.005203137766874027,0.005135048023706591,0.005029141278283869
2022-06-13,0.0,0.0002160514296612953,0.00026973421051643934,0.0003204483485297378,0.000367063368709049,0.00040883439658264927,0.00014538613699834188,0.00018204925509784133,0.0002169149195764569,0.00024915980349396715,0.0002782054563845538
2022-06-14,0.0,0.006968599137855458,0.008713771619902387,0.010366625249717829,0.011888575368123792,0.013253512308490914,0.004660108192934006,0.005833986003978185,0.006949159324495872,0.007979183976740177,0.008905648706449956
2022-06-15,0.09044888321430586,0.08816027818757433,0.08169922735237853,0.07460166784860979,0.06710092257464179,0.05943752393434991,0.09093672182880763,0.08544733620832992,0.07936106243140119,0.0728571295837769,0.06612649074028823
2022-06-16,0.0,-0.009997952463530345,-0.012620288556012018,-0.015160519777056316,-0.017551558714785115,-0.01973899542155884,-0.006553200882865622,-0.008261691463117626,-0.00992830985493872,-0.011517025040461381,-0.012997142080129385
2022-06-17,0.0011850232964149916,0.01958128709249575,0.024352896617151898,0.02895113299765587,0.03325738541782474,0.037178171137731975,0.01328483036968312,0.01641364810768756,0.019455475902955675,0.022346156152234,0.02503175453543479
2022-06-20,-0.0016267885974382119,-0.0010639309974255656,-0.0008430013375186287,-0.0006136053151962683,-0.00038205559912858123,-0.0001545658566903296,-0.001286720714241408,-0.0011305954711258244,-0.0009652128821356614,-0.000794152987957761,-0.0006212737539001062
2022-06-21,0.00071808046891869,0.010324937619712699,0.01279725020110222,0.015169314586808083,0.017380692515189852,0.019385204761517165,0.007050842624649331,0.008684738076500984,0.010271821988892321,0.01177910325240093,0.013178973122423426
2022-06-22,0.012506978906224845,0.011151655718861642,0.010088051345269902,0.008928123365747649,0.007701101745885233,0.006440555190526307,0.011874614968314866,0.011067799640724319,0.010177778077261838,0.009219137516651904,0.008210534557197696
2022-06-23,0.0004233063371126924,-0.007037173621618881,-0.008997204401884108,-0.01090003327455793,-0.0126964189291379,-0.014346075823608148,-0.0044923770115162355,-0.005800734815960578,-0.007096434778988945,-0.008353757154745317,-0.009548751181332114
2022-06-24,0.0002320007092785926,0.0018628224303405706,0.0022852206815600034,0.0026914622487339683,0.003071068508523252,0.0034158211698141466,0.0013143030706983141,0.00159943021915468,0.0018795694681442564,0.0021491111072012114,0.0024029636573629893
2022-06-27,-1.6938327276058223e-05,0.0016194178536816642,0.002046260013324888,0.0024594575918099695,0.0028485777276176143,0.0032052052793376923,0.0010640406502462896,0.0013507428965917054,0.0016345830803604219,0.0019101775158192255,0.0021724930957720276
2022-06-28,0.0028929647194678703,0.007323255500991293,0.008444504496491378,0.009504433421356873,0.010476119687046002,0.011339740098842348,0.00586840104309712,0.0066389208556850805,0.00738381565066158,0.008088331735848699,0.008739636067503135
2022-06-29,0.0014680405228187192,0.0043679575375569655,0.005101083991659207,0.0057933085481067835,0.00642682433611535,0.006988889744740019,0.003407186424161799,0.00390910665057328,0.0043944742434341355,0.004853486497213119,0.00527773383755229
2022-06-30,-0.02902455335170115,-0.03642366772469285,-0.036890493354293265,-0.03703260316968889,-0.03684909177456796,-0.03636385623647177,-0.034400210453711944,-0.034558117988311585,-0.034502991080570394,-0.03422925846337008,-0.03374357771196143
2022-07-01,0.00018868339002916135,-0.002803605733976142,-0.0036808194601915633,-0.0044513975795975255,-0.005176333735958669,-0.005840639176321921,-0.0017822932081217587,-0.0023778559674877083,-0.0029125554072311492,-0.003429899405350729,-0.003922767552980308
2022-07-04,0.0013100367247507478,0.004202450368148189,0.005094352925243528,0.00589920005040224,0.006556424612752005,0.0071402889096986236,0.003228304267721202,0.0038551341841024777,0.00445385510067054,0.004937007084533941,0.005384365310470707
2022-07-05,0.0,0.0011146028624716784,0.0013991613292945947,0.001671122540480587,0.0019237252209696972,0.002152009736642291,0.0007382629849434676,0.0009311369047842578,0.0011203759784861945,0.0013023030496681286,0.0014736627930008485
2022-07-06,0.00034119535874918523,0.0006596623061171338,0.0007376208186413828,0.0008090064414390077,0.000872137555438165,0.000926035611361851,0.00055638735114725,0.0006115512780017198,0.0006635791316851611,0.000711431430865358,0.0007543012631821176
2022-07-07,-0.008413291257907568,-0.00829824720174021,-0.008191366542470414,-0.008013573305460769,-0.007771082482988965,-0.007474542263553793,-0.008436842807042677,-0.00841927692072908,-0.008350309801258825,-0.00823019352428187,-0.008061954575866824
2022-07-08,0.09978493271385863,0.10587784210987937,0.10316480269950988,0.09958142767083336,0.09523009557031582,0.0902638856152527,0.10497598546978616,0.10268587093338906,0.09976315192611669,0.09624345457930952,0.09219400641871651
2022-07-11,-0.017101135260016963,-0.011153616525488543,-0.009880780721013595,-0.008485172288909786,-0.006972137979779205,-0.005353714544624064,-0.013231531172264274,-0.012625864339666587,-0.01194980172079832,-0.01119711844436055,-0.010362273867801074
2022-07-12,0.001416450276886039,-0.0009668024084693956,-0.0016276748241423294,-0.002324812124362272,-0.0030507472011764465,-0.003795092129486776,-0.00015635385608783105,-0.0005798761366499434,-0.0010343630890322988,-0.0015202005231719857,-0.002036884696723974
2022-07-13,0.09228371059851842,0.09772112176114182,0.0982545059064712,0.09837912875070702,0.09801342652968598,0.09708473882876181,0.09637175033231389,0.09699360348622292,0.09746674320298748,0.09774810750873308,0.09778856613605579
2022-07-14,0.028529076962287063,0.03387714649602684,0.035202968739218396,0.036523551998779935,0.03781935040903138,0.03906747278174072,0.032182484314503185,0.03311147257055589,0.03406837572386804,0.0350484589117928,0.03604513195926332
2022-07-15,0.017242261755530987,0.015359843229703069,0.014983658329259903,0.0145607431695269,0.014089573628034863,0.01356952200360319,0.0160217536601436,0.01586543158810133,0.015684355852914417,0.015475788437454407,0.015236878767681823
2022-07-18,0.0030146254348513337,0.0015601674577078834,0.0012416630948560562,0.000906384220288106,0.0005550754483453755,0.0001889245903691888,0.0020428691455521776,0.0018607474164958676,0.0016665337772105665,0.0014595876325210954,0.0012393278690087516
2022-07-19,0.010828237240637889,0.010801824695562606,0.011127667629793012,0.01145836427566301,0.011792395169026217,0.01212792575301453,0.01082628479207026,0.01117671302052065,0.011542461987441995,0.011923903892426506,0.012321292574256664
2022-07-20,-0.0030957252495871688,-0.0027834021199627536,-0.002790879570866865,-0.00279592633232312,-0.0027981414972098324,-0.0027970932555556214,-0.0028899774259009857,-0.0029313324899828555,-0.0029737357979744737,-0.003017094910633269,-0.0030612827503611897
2022-07-21,0.030210556759133523,0.026139701017241567,0.02483094703885442,0.02344124899956175,0.021966623624557226,0.020403360407442662,0.027501936425106753,0.02658525900299613,0.025607798883950803,0.02456451773307743,0.02344997378015742
2022-07-22,0.001582631302533566,-0.002905565245519287,-0.004154813955613806,-0.005466002504077042,-0.006840189462755994,-0.00827777142536145,-0.0014324507002391885,-0.0022768338500528044,-0.0031711225053620575,-0.0041187227008612545,-0.005123169312090665
2022-07-25,0.0026753010472461898,0.004721789644374812,0.0053460560336581284,0.005998864865163091,0.006680372047394945,0.007390364614135428,0.004053893393066406,0.004498316635157189,0.0049679124791860655,0.005464274881145055,0.005989032958577516
2022-07-26,-0.008203732292390435,-0.006969636175594614,-0.006878051784471219,-0.0067756594518684635,-0.006661392707889633,-0.006534140186136614,-0.007384640262826391,-0.00741827303496508,-0.007451018712424831,-0.007482472125896543,-0.007512142828178247
2022-07-27,0.052933672816103075,0.050743992755334366,0.05005613493618332,0.04928973195918365,0.04843715156726022,0.04749043925402716,0.051527742283172674,0.05110788470225622,0.05064320067040831,0.050128273942527425,0.04955700854082375
2022-07-28,-0.02825844683934648,-0.035815236284977486,-0.037907171429802204,-0.04009050065222461,-0.042365586429899446,-0.04473154702644594,-0.03335381125191002,-0.0347838922596715,-0.03629217128864994,-0.03788348749905962,-0.03956277743956657
2022-07-29,0.0012595259806315745,-0.0020692807723727666,-0.0029482115042105414,-0.0038604503888371956,-0.004805484306248274,-0.005782376695868936,-0.0009895542663979182,-0.0015832774404180713,-0.0022070751517612812,-0.0028624973787616053,-0.0035510860352420156
2022-08-01,0.002296991472441328,-0.00336829635392184,-0.004859999338433509,-0.006407737102603281,-0.008010145656384342,-0.009665047109749641,-0.0015295066607482377,-0.0025353196970168156,-0.003592080221852366,-0.004702273523143476,-0.005868326493984036
2022-08-02,0.0026551017783999864,0.008105972397882504,0.009676327407263624,0.011295777872515575,0.012961148355163179,0.01466831252776478,0.006349418490833215,0.007470118895550355,0.008643320176900598,0.00987089785832208,0.01115451991283104
2022-08-03,0.00565548684008223,0.007924961261283031,0.008559031788801533,0.009204911250632159,0.009859907682455652,0.010520883493786772,0.007203231735264858,0.007661304996135301,0.008137354754334955,0.008631391042936443,0.009143217686469541
2022-08-04,-0.001035088840177785,-0.004029976545856625,-0.004877104734786608,-0.005747907219004047,-0.0066394372935876175,-0.007548105406982359,-0.003065283362826104,-0.0036671413912002216,-0.004296382794725282,-0.00495351862132815,-0.005638829576281268
2022-08-05,-0.033249518746945664,-0.024664331950848793,-0.022072294756258274,-0.019361608998548552,-0.016536801239172526,-0.013604539703130667,-0.027499133790121675,-0.025682410524185142,-0.023761009054061786,-0.021730204575658534,-0.01958565133262529
2022-08-08,-0.00022810519065011008,-9.516234101721102e-05,-6.445024688841895e-05,-3.210106382069151e-05,1.8063568339698364e-06,3.7145244656709826e-05,-0.0001393382435418635,-0.00012113570494518313,-0.00010172270461521554,-8.10375116404571e-05,-5.9025928588210284e-05
2022-08-09,0.0017874308130306623,0.0021172546314410148,0.0021915859238943102,0.002264017146684513,0.0023335042858817962,0.0023989332316681857,0.0020150595774620105,0.002067228546893437,0.0021200829671106564,0.0021732654016953417,0.002226333008650959
2022-08-10,-0.0847175293886439,-0.09051925815491549,-0.0917593536212538,-0.09283871603195731,-0.09372585045472165,-0.09438989532902825,-0.0888831057072823,-0.08992445935818903,-0.09092235226248054,-0.09186017117529398,-0.09271881700082475
2022-08-11,-0.00017912818285453907,0.00018834315785186146,0.00028271188122137256,0.0003798641196768736,0.0004795268884189083,0.0005813648896132942,7.01149563599212e-05,0.00013410028077417578,0.0002010714894313101,0.00027109942846249754,0.0003442338712302088
2022-08-12,0.0011679994188837314,0.0028071539957595266,0.003278529438637141,0.003757088027092874,0.004240398236718542,0.0047257659194996585,0.002286413582067192,0.0026326720023889406,0.002991872434687347,0.003363727810612703,0.0037477578814826317
2022-08-15,0.0018275906151025503,0.00106550235129272,0.0009105167052721568,0.0007490985458368557,0.0005818048456831667,0.00040934824370364263,0.0013147834943146254,0.001227774103185351,0.0011355620397849433,0.001037973123246755,0.0009348728582460499
2022-08-16,-0.020724447468083728,-0.016566588981546688,-0.015340167275960541,-0.014048497766484595,-0.012694974759474781,-0.011284414257252698,-0.017952020211058538,-0.017116733592714223,-0.016226500244894547,-0.015279021496269472,-0.01427235434583017
2022-08-17,0.011701182456403647,0.013892604191950918,0.014426329558111106,0.01494907295473343,0.015455685530947156,0.015940847112940085,0.01321751587094972,0.013607607480952568,0.01400310965982523,0.014402113045190968,0.014802319570907172
2022-08-18,0.0,0.0026137891296139706,0.003321540649076122,0.004045188929216815,0.004780663281270221,0.005523290317708726,0.0017738967619705527,0.002270675292770234,0.002789131723335254,0.0033289966196194225,0.0038896560239676157
2022-08-19,0.0,0.0031885114544573357,0.004050208115518759,0.004930288588902858,0.005823626453410976,0.006724383858503714,0.002164864716331234,0.0027704499939431968,0.0034020578471299816,0.004059260026773634,0.004741198046366375
2022-08-22,0.0,0.0019143657886596132,0.002423019581218933,0.0029387263613842017,0.003458366824378457,0.0039785562328230615,0.0013049017175713333,0.0016656540722851086,0.0020399079294572036,0.002427174525861323,0.0028267283127568175
2022-08-23,-0.026141749792489097,-0.026883505855503958,-0.02693073922621076,-0.026928551139357614,-0.026873762920415253,-0.02676394712206128,-0.026717563569360593,-0.026783075685239403,-0.026825405411874444,-0.02684134359051391,-0.026827533403741895
2022-08-24,0.0,0.001187719265411311,0.0015025851466347606,0.0018218682858590878,0.002143847078599332,0.0024666503848898252,0.0008103277020675303,0.0010338492117474237,0.0012656311427385561,0.001505436716998548,0.0017529014406978199
2022-08-25,0.0,-0.0019685210471285133,-0.0024901470609890275,-0.0030190026309908375,-0.0035522410344466676,-0.004086771530547101,-0.0013432399891635765,-0.0017136639708693934,-0.0020977377394587903,-0.0024950678778890394,-0.0029050504210871037
2022-08-26,0.032010722970202354,0.03293787769643164,0.032985171788168205,0.032966146008098246,0.03287985756980717,0.032726585808060676,0.0327481453747169,0.03283258707613084,0.03288364170379842,0.03289798421116239,0.03287238643667416
2022-08-29,0.0,0.003910130452636523,0.004935895271409238,0.005971860304925589,0.007012620280141764,0.00805244529578132,0.0026765090376001475,0.0034098668908733865,0.004168178984355938,0.004950523896405013,0.005755598904317582
2022-08-30,-0.000387362610913405,-2.9273327639898426e-05,5.353549267831961e-05,0.0001376568817756593,0.00022270934575831884,0.0003082813499619744,-0.00014290165499145394,-8.810209623391563e-05,-3.12004713265073e-05,2.7771915209568947e-05,8.875885907858762e-05
2022-08-31,0.00017316228080249156,0.0006604984426857148,0.0007930138807510902,0.0009268834109581907,0.0010616052923234658,0.0011966439118507959,0.0005074678093627993,0.0006041596453523899,0.0007040081134964165,0.0008069544116897756,0.0009129054161131386
2022-09-01,0.0005459000404953552,0.004534686568214471,0.0056022416864384495,0.00668564560803221,0.007781326614115704,0.008885364466436785,0.003276198648148916,0.004042436534243322,0.004836124738304699,0.005657192806596514,0.006505324903449831
2022-09-02,-0.003715974744690859,-0.003373055771934917,-0.003390932585927529,-0.0034051128681917143,-0.0034153212793369683,-0.003421312419217622,-0.0034875319377989625,-0.0035424238116481183,-0.0035971921931732005,-0.003651587208641275,-0.003705327334677428
2022-09-05,0.008949875397402548,0.009427665260165618,0.009816688546777334,0.010203303527922074,0.010585872823543044,0.010962703835479325,0.009290267123264799,0.009667775899658258,0.010054414569315148,0.01044970373150823,0.010853025941113113
2022-09-06,-0.01012523715317607,-0.002155830479685047,-0.00040426588990993324,0.0013663669065419473,0.0031540031232512983,0.004956444107564253,-0.004643225918060993,-0.0034860899871093066,-0.002293655859309992,-0.0010651804542259973,0.0002000162300186433
2022-09-07,0.0037184085492408493,0.006304041364342802,0.007074573128281041,0.007848654097347025,0.008624872630150843,0.009401766500359812,0.00550349795658025,0.0060973346933217735,0.006706967173627295,0.007332442066130349,0.007973739596068716
2022-09-08,0.007352958762211414,0.00767695778854062,0.007970536509427783,0.008262160302998268,0.00855122733307242,0.008837134686024985,0.007584073065423776,0.00787163675747174,0.008165179080245319,0.008464583842317585,0.008769696955884008
2022-09-09,0.0010440595496703721,-0.003608677422393879,-0.004859053306890638,-0.0061465288244905445,-0.007463313994234891,-0.008800056212780504,-0.0020966606497196763,-0.002953704732751737,-0.0038533392262781025,-0.004795502666455912,-0.005779431283777272
2022-09-12,0.006313559088578444,0.006780284754056646,0.007084308495417837,0.007383652404043148,0.0076750097464059,0.007954894440581742,0.006648636134088806,0.0069402411006597884,0.007239597230730969,0.0075456056772323695,0.00785684534714921
2022-09-13,-0.01540298993492715,-0.008913608054591328,-0.00758360878700406,-0.006197903055587314,-0.004762776103759619,-0.0032860663640695473,-0.011043941386514768,-0.010297568600291558,-0.009505111297807302,-0.008665263974258144,-0.00777717345768676
2022-09-14,0.002771020351841844,-0.0017678917696522956,-0.0029212680172294044,-0.004105079355185586,-0.00531269677357595,-0.006536406452480745,-0.0002988357478167432,-0.0010738238787808823,-0.0018850331853069837,-0.0027323254337810084,-0.0036150306642399885
2022-09-15,-0.007057404200236314,-0.005701737831694246,-0.005530085995780277,-0.0053423776960206055,-0.0051384230485062386,-0.004918318519567257,-0.006157694700018071,-0.006122947553152549,-0.006080956507794133,-0.006030887191792274,-0.005971861878600525
2022-09-16,-0.004773070783322716,-0.0063846610628961655,-0.0069559288004060645,-0.007533623375502113,-0.00811406027609998,-0.008693135962962792,-0.005877955600640947,-0.006334918725694414,-0.006808629495051867,-0.00729851644365455,-0.007803688072574903
2022-09-19,0.003131451077779707,0.003948489118790308,0.004258392318339035,0.004571240964939653,0.004885045267970926,0.005197596316206038,0.003693175984845855,0.003947286642940392,0.004210452849763023,0.004482346545045103,0.004762465338749915
2022-09-20,-0.005469317332270486,-0.003537791311789659,-0.003165690442583778,-0.0027754062946864244,-0.0023679484627686887,-0.0019447374521508922,-0.00417442403615394,-0.0039798438231246356,-0.0037723024558015093,-0.003551161487706163,-0.0033158435142928593
2022-09-21,-0.013984665076155799,-0.01233562313610424,-0.012279870786282992,-0.012201165783479618,-0.012097717121937909,-0.011967981511242731,-0.012902332277481292,-0.0130302336643279,-0.013153600849644027,-0.013270937142024299,-0.013380547701136197
2022-09-22,-0.0002467343656649628,-0.005603467791829665,-0.0070689125335559365,-0.008572942327273216,-0.010108823416640798,-0.01166856383954284,-0.0038755739215871323,-0.004901048218808606,-0.005972873730873893,-0.007091318552689303,-0.008256103312406886
2022-09-23,-0.04132344285325105,-0.036359009070043455,-0.036157305319367956,-0.03588474166572192,-0.03553625041240798,-0.03510762357711691,-0.0380664352551315,-0.03841761698711385,-0.038752676958285534,-0.03906700212817698,-0.03935541623706504
2022-09-26,0.026202589261803036,0.029731141383546534,0.031390022712315856,0.033052529439117316,0.03470735345360545,0.03634215580351798,0.028655089891141784,0.030108404701973172,0.031606469827902266,0.03314671584950665,0.03472559487203656
2022-09-27,-0.01972858494642096,-0.01862251255910984,-0.018834728988839363,-0.019021431329149796,-0.019179002586881953,-0.01930399191369657,-0.019028960009539558,-0.01939704224983359,-0.019765196599088077,-0.020131256994171808,-0.020492725284943027
2022-09-28,0.04043509861741441,0.036775362528470294,0.03681975391185881,0.036802599610773964,0.036718252590894916,0.036561692145759585,0.03805957447781366,0.038537176311068594,0.039003285755489656,0.039453519427106655,0.039882962244930695
2022-09-29,0.040506973896128055,0.040211143809162485,0.04112794131180067,0.042006836270578315,0.04283837301893702,0.043612973966907664,0.04040470787633043,0.041470109510426435,0.04254876838461506,0.043636372934430796,0.04472780903222622
2022-09-30,-0.0012835574816956762,-0.00023878083306812383,1.2847658416271381e-05,0.00027211973662505525,0.0005380871318625058,0.0008096099698439539,-0.0005812377927603906,-0.00042020217126817103,-0.00025201203992459165,-7.662813871911788e-05,0.00010591605120467061
2022-10-03,0.03794874901576949,0.036257199608868,0.0366933393873402,0.037084741247036895,0.03742492783110357,0.03770765088353759,0.03689433791490231,0.03758099943185261,0.03826612200405222,0.03894584590120921,0.03961578414236738
2022-10-04,0.018391193247204445,0.01663364268905308,0.016577396674744293,0.016494074244686064,0.016381801236806118,0.016238982028762394,0.017246896106429002,0.017388059654144073,0.017521191370638362,0.017644590437799833,0.017756408823902517
2022-10-05,-0.0030048613539243006,-0.0012787851295544706,-0.0008814022792833284,-0.0004707115132429713,-4.8038546448611e-05,0.00038498883311453326,-0.0018476692009498578,-0.0016028329508566363,-0.0013466621452545157,-0.0010790245111580424,-0.0007998887019276347
2022-10-06,-0.01168906093576333,-0.009935405094615253,-0.00971618920914754,-0.009475421813465647,-0.009212948831225651,-0.008928950816939852,-0.01053409383488994,-0.010493801465883247,-0.010443078077596792,-0.010380959963012384,-0.01030647467510468
2022-10-07,-0.04011179287623056,-0.03804281475683678,-0.03695522648584215,-0.035781000479390264,-0.03452073099688114,-0.03317639374233978,-0.03881105080121952,-0.03798416650674563,-0.03709455141723205,-0.036139269240826104,-0.035115670328191
2022-10-10,0.0026432817769289625,0.0036097049790414647,0.0035460385302878887,0.003475120651765466,0.0033967866663580804,0.0033109720655662743,0.0033016227999186493,0.003158700390600742,0.003007618280832625,0.002848134504262576,0.0026800598672326362
2022-10-11,-0.02929795569250798,-0.02876138318862417,-0.027877155533006456,-0.02692475868763685,-0.025905963174952504,-0.02482375768978109,-0.029312971342307967,-0.028548388599536442,-0.027601813976370883,-0.02662351068506045,-0.025613953193233053
2022-10-12,-0.00011019326119771777,0.0032697201425824617,0.004163400175856483,0.005073097060967363,0.005996352269677138,0.006930408156922525,0.0021300534700261424,0.0027207339998699927,0.0033230072589446285,0.003936185346698437,0.004559469905442085
2022-10-13,0.016408972401726264,0.01762593278848566,0.0177525132505883,0.017865234255734105,0.017962878776304682,0.018044292204396076,0.01723650797314435,0.01727651015702683,0.01730833717668364,0.017331413244048095,0.017345171032478922
2022-10-14,-0.013016528702694012,-0.008407686375334124,-0.0072894042548233865,-0.006141472968643555,-0.004965355482997733,-0.0037628169461144745,-0.009967498126704472,-0.009270593830992869,-0.008554809600024653,-0.007820365039081774,-0.007067579690620565
2022-10-17,0.011026845670908161,0.012048391704768523,0.01239931095104164,0.012748611746133743,0.013095046855543512,0.013437301712493986,0.011716035582027183,0.01198654801374639,0.01225780503737517,0.012529276473298176,0.01280039157836479
2022-10-18,-0.004141366235235341,-0.0035515694514004896,-0.003426059345343379,-0.003294992924715309,-0.003158369653376925,-0.003016229955371612,-0.0037543660781602342,-0.0036857946219222997,-0.003614119398672641,-0.0035392701571950844,-0.0034611854860529694
2022-10-19,-0.003965594214331208,-0.002087741255115089,-0.001618643228993952,-0.0011369143514559836,-0.0006431340995451669,-0.00013801584918722261,-0.002724471895214157,-0.0024282430335628357,-0.0021241655281988617,-0.0018123207252607077,-0.0014928314848517976
2022-10-20,0.001398322476651088,0.0022204518061317473,0.002449227471388222,0.00268183908292948,0.002917839203380861,0.0031567205102922347,0.0019447109329224883,0.002100624986702063,0.0022592927881481093,0.0024205773743269676,0.002584319201606573
2022-10-21,-0.0852039371407918,-0.09430527157196975,-0.09393155737038529,-0.09347964369253405,-0.09294508982145609,-0.09232372387610076,-0.09132150838443258,-0.0902264980915217,-0.08906797782819656,-0.08784383936694219,-0.08655210881468738
2022-10-24,-0.004552914835403651,-0.0012555499126400494,-0.0003243531075934548,0.0006318109426065833,0.0016132859028790702,0.0026203612614910062,-0.002336740127039134,-0.0016862713374224238,-0.0010144359698834784,-0.000320519179338091,0.00039619443104131174
2022-10-25,-0.0016115379160733963,-0.004015633119862949,-0.004692590069407062,-0.00538666132895397,-0.006097901538741872,-0.006826303507847932,-0.003234328284842793,-0.003710611297356854,-0.004202588545555264,-0.004710762990933843,-0.005235631492315815
2022-10-26,-0.0027911647983913522,-0.006475774650571832,-0.007530469959525359,-0.008615332692853963,-0.009730597451490243,-0.010876380725453504,-0.005275255415557357,-0.006018129980565958,-0.006787606767943612,-0.007584651759240196,-0.008410227108016538
2022-10-27,0.0006864297735774642,0.0004763196419034701,0.00043547363170659065,0.00039318536267796513,0.0003494420107712647,0.00030423796832373457,0.0005454640866611657,0.0005231454224348716,0.0004998401713189859,0.0004755035444975417,0.0004500902410204302
2022-10-28,0.0008152259940153522,0.003929184885743836,0.004783838525687812,0.005660526374796259,0.006558666205189038,0.007477488004264711,0.0029225145387819875,0.0035201428846150865,0.0041395524927187255,0.004781333767859673,0.005446024536431188
2022-10-31,0.0013390933550179208,0.004793852528856209,0.005763417844799445,0.006760159482407257,0.007783271309730819,0.008831666351467102,0.003683116950030814,0.004370506246963833,0.005086128380299571,0.005830981329031516,0.006606010093281836
2022-11-01,-0.0004888301091316462,-0.0018393108557032297,-0.002216252174414789,-0.002603208095066351,-0.002999775956102136,-0.0034054400798697254,-0.0014057040001732967,-0.0016730722324559168,-0.0019511832580686298,-0.0022403802859205764,-0.0025409800652046576
2022-11-02,0.06161096343380004,0.05737015989057164,0.05604380876434233,0.05462979181021886,0.05292248191767604,0.05101431141759458,0.05895268292132277,0.058085229322440535,0.05679488193461506,0.055409591549967774,0.05394062796863752
2022-11-03,0.0015573198099232983,0.0024475790508603464,0.0027474489036087573,0.0030587799353420314,0.00338142969723852,0.0037151031842526296,0.002161909675234706,0.002388927134276313,0.002628015930285579,0.0028798560555649663,0.0031451293737345715
2022-11-04,-0.0007898998577671128,-0.004934907058312223,-0.006114358546632406,-0.007342511705443263,-0.008619315500889128,-0.009944158988469105,-0.0035973161011586597,-0.004424908049417499,-0.005298059608180739,-0.00621952755298014,-0.00719211952976802
2022-11-07,-0.001503908183238914,-0.0014742235342298923,-0.0015160281723174413,-0.0015582618110442808,-0.0016007268137218707,-0.0016431911450878725,-0.0014858293496719497,-0.0015334920277516643,-0.001583166623292845,-0.0016348900327934257,-0.001688681165877724
2022-11-08,-0.001403902362631802,-0.0040148129880905395,-0.004780760861293068,-0.0055732329327649694,-0.006391035128917134,-0.007232497056076671,-0.0031778506141309365,-0.003729863569383993,-0.0043101735307845826,-0.004920049971877198,-0.005560680580708019
2022-11-09,0.0003558501716199571,0.0025164183542436235,0.0031229565804684165,0.003750602592157743,0.004398289730601783,0.005064551550494583,0.001822700092801937,0.0022506689784307908,0.002700662940862313,0.003173630562079901,0.003670443656212134
2022-11-10,-0.0010521120986240527,-0.016679590014797133,-0.020989901910564664,-0.02543794088680338,-0.03001427302545955,-0.03470668226769415,-0.01167517681215595,-0.01470920731996714,-0.017893657368305487,-0.02123407014419141,-0.024735288287973233
2022-11-11,-0.0012742327756092168,-0.007789544764963121,-0.009557498433700793,-0.011340861772637776,-0.013124838252565765,-0.014893806054941982,-0.005389347310760169,-0.0065764767623519875,-0.007808126040044545,-0.009081254869547044,-0.010391683728379309
2022-11-14,0.0004378769285591028,0.004053427346315709,0.005025685431208434,0.006004727038561316,0.0069814774073289655,0.00794647166881112,0.004349594347917288,0.005454632537976702,0.00660188536616066,0.007788097153897904,0.009008829345124498
2022-11-15,-0.00023094913867617594,-0.0020663076137777767,-0.0025784544419295745,-0.00309306492651885,-0.0036054416089370874,-0.004110752801272829,-0.005291476764890943,-0.006723718526745892,-0.008206324926964147,-0.009734177580504325,-0.011300639719225437
2022-11-16,-0.0027079080269581117,-0.0004199967512336573,-0.0005312322727466163,-0.0006432507880459698,-0.0007550214875876018,-0.0008654725104803753,0.0005735643309932181,0.0007328045734671713,0.0008976678387127153,0.0010675066658316424,0.0012414872118201906
2022-11-17,0.0,0.002244097634223348,0.0028383138505102107,0.0034367111985031205,0.004033814987474269,0.004623932433380331,0.0015344871156263624,0.0019602116091407456,0.0024008151347678494,0.002854544495847067,0.0033191512455421944
2022-11-18,0.0,0.0005546984091220442,0.0007013140512832794,0.0008488340955808407,0.0009959024617232513,0.0011411161865383605,0.0003794469286359165,0.00048459134863275546,0.0005933421297738832,0.0007052551273761553,0.0008197649810791201
2022-11-21,-0.00017373599041364002,0.005514479226683108,0.00701367231412389,0.008522879567181946,0.010028257940845331,0.011515455564760371,0.0037165386310804046,0.004789201625483255,0.005899117148145807,0.007041812076041168,0.008211570965553092
2022-11-22,0.0006729790130735954,-0.0027898774976459397,-0.00368139584986986,-0.004576774690217718,-0.005469055693451972,-0.006351148809191382,-0.0016661853892279343,-0.0022818887393467715,-0.002912365185788393,-0.003555290633353591,-0.004207959963884935
2022-11-23,0.001498461213296325,-0.004947209917480913,-0.006602437230458357,-0.008265283358026275,-0.009922801360337245,-0.011561792064117268,-0.0028548189938250954,-0.0039957781817917554,-0.005164415712584129,-0.0063564339208509015,-0.007566824902889628
2022-11-24,0.0,-0.003997769486968024,-0.005038915467133734,-0.006080782284552743,-0.007114410728622454,-0.008130820786189243,-0.002700822489485338,-0.0034266521702185537,-0.004168095803570273,-0.004921981862166233,-0.0056846792448544846
2022-11-25,0.0,-2.5777208076264837e-05,-3.2493667684334344e-05,-3.921648547847541e-05,-4.5887992031517164e-05,-5.245029737911158e-05,-1.7412567448883057e-05,-2.2093328178583172e-05,-2.6875426017833948e-05,-3.173849321280815e-05,-3.665918589836965e-05
2022-11-28,0.00030884087263707735,0.00029999455988644324,0.0003025289468570652,0.00030426800360014097,0.00030516904167928415,0.00030520942848169085,0.00030396993858167957,0.00030854566211936776,0.00031277560204286256,0.00031660476068952635,0.000319979658120496
2022-11-29,0.0,0.0,0.0,0.0,0.0,0.0,0.0,0.0,0.0,0.0,0.0
2022-11-30,0.0017153889785482908,0.0016673367367414941,0.001681928549987526,0.0016921972191656504,0.0016978953107824014,0.0016988820417173957,0.0016889219234272944,0.0017146119381089722,0.0017384403381138253,0.0017601034273121898,0.0017793042435924095
2022-12-01,-0.00012064174200058254,0.0,0.0,0.0,0.0,0.0,0.0,0.0,0.0,0.0,0.0
2022-12-02,0.03308850567814698,0.03395264942626811,0.032544188445752256,0.031025989442952717,0.029406847768819144,0.027698345454837573,0.037366112469027345,0.0369518772866746,0.03646886516716428,0.03591400150086587,0.035285041071167283
2022-12-05,0.0,-0.0006807020981955024,-0.0008595938893950719,-0.0010395462407436769,-0.0012191350496586501,-0.0013968881458647304,-0.007907828002469931,-0.010039475224309693,-0.012221635013135593,-0.014446262969567476,-0.0167039723353748
2022-12-06,-0.001205182554877117,-0.0011693661568877133,-0.0011816767984178594,-0.0011912528000739828,-0.001197880920953371,-0.0012014081115336393,-0.0019048691053917717,-0.0021181088024137683,-0.002334388452403098,-0.0025526661039299565,-0.0027717789175599524
2022-12-07,0.0013483276333793328,0.0013087462809528141,0.0013227264617023673,0.0013336506588684227,0.0013412755068642269,0.0013454247205487845,0.006871501556840968,0.008386530371511464,0.00993370487387215,0.011506456474753821,0.01309724957421043
2022-12-08,0.0024476322022313375,0.0023762299502664294,0.0024020744268557982,0.002422528979875835,0.0024371489862012896,0.002445604120073923,0.005587902891694755,0.006482741493536926,0.0073933701282260554,0.008315555738807453,0.0092445259793517
2022-12-09,0.0625971197931233,0.06078143380126153,0.05931374679866887,0.057671552960413805,0.05585891934188761,0.05388402288662244,0.06537712964567152,0.06525815862623119,0.06503178090241661,0.06469035474085659,0.0642274177510866
2022-12-12,0.000134673130522583,0.00013073877055418207,0.00013241623308492804,0.0001338401960626204,0.00013498305560948333,0.0001358214819245028,-0.002432418827322286,-0.0031188366004356737,-0.0038206001406229707,-0.004535105307302749,-0.005259347480025678
2022-12-13,-0.019989164450761158,-0.019243753458283892,-0.01877007464529433,-0.018244253526213807,-0.017666744947403862,-0.017039105067698023,-0.01444405062940801,-0.01271579349307934,-0.010920394160363138,-0.00906211782868445,-0.007146466946679826
2022-12-14,-0.021107080352759943,-0.019084970076486626,-0.01913165754225674,-0.019138196101139236,-0.019101773905473723,-0.01902028872978651,-0.01745138439133623,-0.01708904790332606,-0.016690596120922836,-0.016255195467919772,-0.015782486416105055
2022-12-15,-0.06315786143283338,-0.047650300191470533,-0.05059153622219916,-0.0534980321238058,-0.05634569080596897,-0.05911005596153195,-0.04964282680447061,-0.053214021512871745,-0.05681669962166695,-0.06043225585886593,-0.0640401830051756
2022-12-16,-0.00029844225910310144,-0.0003804145572488343,-0.00040501080564448756,-0.0004291369022456358,-0.00045260186041738877,-0.00047522086457942356,-0.00017821501679251157,-0.0001500559069987398,-0.00012108411784841559,-9.141905441382317e-05,-6.119729388937149e-05
2022-12-19,0.0013928159299507342,0.0013865261596055442,0.0013995330985568293,0.0014097147126647081,0.0014168743493147649,0.0014208691090964551,0.00040422357393603,0.00016024340776844148,-8.885872488828431e-05,-0.0003419531837025831,-0.0005977887855946119
2022-12-20,9.085652552330796e-05,0.00022075135934612137,0.00022279894048426278,0.00022439420659879116,0.0002255062249347573,0.00022611272778758486,0.008803560340099235,0.011065863617789192,0.013354457277194965,0.01565774161760039,0.017963286859967818
2022-12-21,-0.0027111496387381274,-0.0016410902192008521,-0.0019757117449438664,-0.002311862392085944,-0.002647293911419315,-0.0029796837193395583,-0.0016709393231478774,-0.0020145833177320177,-0.0023609990350542875,-0.0027082521530094653,-0.0030543042062483165
2022-12-22,-0.03069465048584985,-0.022317283518119572,-0.024103148621769713,-0.025863505364603148,-0.02758489297586579,-0.02925419392521552,-0.02394159234917252,-0.026174633913187226,-0.028398381704708323,-0.030598512207233627,-0.03276049247807315
2022-12-23,0.005303107625475498,0.0030137507206724748,0.0035853041928876187,0.00415826099295906,0.004728524614073038,0.005291903961765341,0.00457794820372678,0.005559004387412076,0.006545264826476179,0.007530516350903749,0.008508323167408401
2022-12-27,0.011974683743403167,0.006021670805660514,0.007568145961358373,0.009122501656951203,0.0106736142403778,0.012210031326525993,0.006231657785887406,0.007832661497433203,0.009443782107205473,0.011054675153400986,0.012654611069703104
2022-12-28,-0.006922624778275789,-0.0033357754142939026,-0.004287728414862089,-0.005243212038320116,-0.006194785781882308,-0.007134874946529433,-0.005152583538447563,-0.006579170791840713,-0.008012934722345542,-0.00944378691512384,-0.01062543301076987
2022-12-29,0.004830861367742376,0.0005635834318121517,0.0018338191618156939,0.0031211292000947887,0.004415101604375144,0.005704779397105503,0.0026613092636203874,0.004476955565146455,0.006230972309910456,0.007841362357717187,0.009358702666171117
2022-12-30,0.007380351495005606,0.0040490205694955475,0.004961520225673725,0.005875913175055507,0.006784216202416369,0.007678322088958648,0.0010826580817406295,0.001216855309313384,0.0013316262223371862,0.0014225875382292764,0.0015050387209574218
2023-01-03,0.01109315599144294,0.005284891128916178,0.006972946987324501,0.008669988376996684,0.010360202683495426,0.01202740671635796,0.004826301723147446,0.006247271250890736,0.007580503609285251,0.008833860893806828,0.0100024689357952
2023-01-04,0.011945353353246436,0.006942496485933778,0.00850153168789223,0.01005958040982415,0.011601172551742927,0.013110839398055508,0.0026127683826021684,0.002959585350006477,0.003282705796576592,0.0035807461329165325,0.003853265695879259
2023-01-05,-0.01976412503214349,-0.012140996408455427,-0.014378842712022472,-0.01660533963832118,-0.018797782393215934,-0.020933849013011093,-0.014041571663462983,-0.016780556151488366,-0.019514710402166124,-0.021496691470246403,-0.023287430067076825
2023-01-06,-0.05612173919135066,-0.07241388344146475,-0.06649342747412443,-0.06027172534130433,-0.05380333009181614,-0.04715141044972675,-0.07150764039948096,-0.0654008268128016,-0.058634299717733145,-0.05033751856477239,-0.04240733798564959
2023-01-09,0.004212687168328089,0.0025416832547834178,0.003078271451716003,0.003623230371878689,0.004167064799424007,0.004699278155359916,0.0010101656512512386,0.0011076048168228575,0.0011997203852474837,0.0012845426203540661,0.0013604919713134723
2023-01-10,0.0032362446979739734,0.0015883521525578352,0.00208154428024923,0.002585963571891255,0.0030932896056878804,0.0035941440204401614,-0.0006317145711508164,-0.0007542577657228686,-0.0008744670052114864,-0.0009898937484162363,-0.0010983125460468461
2023-01-11,0.015213931127243558,0.01645089692223924,0.016168368773794798,0.015788842988011836,0.015307793828976204,0.014725481780566377,0.014748095557204674,0.013960928319433597,0.013068541256489798,0.012083934226965817,0.011025767694744911
2023-01-12,0.13760657443931396,0.12773755344897425,0.1275710716415726,0.12687969169899715,0.12563063521636306,0.12381062710693938,0.130060166117699,0.13055630251253944,0.13054863490828794,0.12999480173642336,0.12887025258248047
2023-01-13,0.009823871267913372,0.005210280457583068,0.006639530820403176,0.00810532628709035,0.009597245896355489,0.011103113101381923,0.005440181929481861,0.006898173664178526,0.008371769986341357,0.009846077505075016,0.01130528347600235
2023-01-16,-0.0017443885205944772,-0.0009525478368892214,-0.0012128404866620231,-0.0014790613365897058,-0.0017491180876490695,-0.0020206144411246065,-0.0006256007457368593,-0.0007919689556864682,-0.0009594884674033196,-0.001126433042433463,-0.0012910099844732246
2023-01-17,-0.024525064253354722,-0.024587085912236097,-0.024632266966207805,-0.02461206373237292,-0.024519954182384392,-0.024350724497397596,-0.02519744424728369,-0.025361016833865335,-0.025444018625540247,-0.025440935913884452,-0.025348675295118216
2023-01-18,0.0739274783766661,0.07767339421461865,0.07678506010355927,0.07567834387707612,0.07432993225338563,0.07271863077028488,0.07444508849138612,0.07255191599100992,0.07037406898304133,0.06790320134640093,0.06513858388454519
2023-01-19,0.010576279425686843,0.005478669255905805,0.007009051964783539,0.008630602339349916,0.010343022588796555,0.01214371529164827,0.004794010229317765,0.006112114077602995,0.007497319317362864,0.008944277730270851,0.01044476963331849
2023-01-20,-0.0023190874706317736,-0.0012725433825290797,-0.001603387267726551,-0.0019533933541013896,-0.0023222163927686837,-0.0027089472012782256,-0.0005448723007591443,-0.0006626513190431674,-0.0007860739989467888,-0.0009145566505582057,-0.0010472466316537447
2023-01-23,0.0016756948169395376,0.0007317114905298305,0.0009977791308537706,0.0012795892489840183,0.0015769064315957907,0.001889042819533133,-0.0013593399623392341,-0.00169874808964242,-0.0020553423562402785,-0.0024277873731648036,-0.002814021351288102
2023-01-24,0.002072071688542801,0.0010109661563123711,0.0013180516571959329,0.001643235158508039,0.001986254186473773,0.0023463265881032793,0.0015964997095547597,0.002069970343918465,0.0025679831160896724,0.003088765400193674,0.0036295330407584837
2023-01-25,0.0040275793666074994,0.0024226882990085433,0.0029219776622710085,0.003453828913833747,0.004018853073892996,0.004616954760204118,0.0027987160999464566,0.0034040111041759268,0.004044859173136641,0.004720195352670683,0.005427697452438227
2023-01-26,-0.0062605477423130955,-0.003279536143757064,-0.004187041662139655,-0.005155387791991326,-0.006186050730117116,-0.007279272968652447,-0.0018325313505341008,-0.002309079453923016,-0.002814333665382027,-0.0033476120902408554,-0.003907259589315709
2023-01-27,-0.004156240498722453,-0.004078158275723909,-0.004115906617863379,-0.004149975768548285,-0.004179083466253928,-0.004201727516158633,-0.005932576721625687,-0.00650995152078759,-0.007114590849462938,-0.00774421178491002,-0.008395259423632968
2023-01-30,-0.0023779180427249136,-0.001482565308480511,-0.0017804014859942212,-0.0020970484258601343,-0.0024327222644583346,-0.0027872044364231625,-0.000599515751634862,-0.0006369235793040039,-0.0006757477771074125,-0.0007157785073001651,-0.0007567195227469968
2023-01-31,-0.002838142527329282,-0.003774039956780863,-0.0035108208548976553,-0.003223774886435592,-0.002911182707638789,-0.0025715107745148138,-0.003570709080430755,-0.003246782111769508,-0.0028951339568281916,-0.0025143391486927296,-0.00210338319665396
2023-02-01,-0.02015942563194439,-0.02432181025922006,-0.023012783628269622,-0.021577605850999017,-0.020006027652352713,-0.01828847793359572,-0.026696268528101804,-0.02607079099280062,-0.02535737538646366,-0.024546224431439934,-0.023627638220078132
2023-02-02,-0.014171095101492417,-0.007910648915901436,-0.00984417415959896,-0.011910293214339686,-0.014112765626356343,-0.016452710924067658,-0.0057153361336801595,-0.0069857399278849775,-0.008335446816334465,-0.009764708167486855,-0.011271737847289744
2023-02-03,-0.06415662261279918,-0.05643553954377507,-0.058925329110334865,-0.06148333635699589,-0.06408948301184982,-0.06671703822615074,-0.05898283278413598,-0.062211378195391916,-0.06555176412925759,-0.06898449560408,-0.07248264379464367
2023-02-06,3.775500556582314e-05,-0.0003016614814588689,-0.00022988216813842941,-0.00015422252029034266,-7.476247067113598e-05,8.332108473521863e-06,-0.001090561451696266,-0.0012375724782951213,-0.0013884999837908384,-0.0015426531822408018,-0.0016991937567477776
2023-02-07,0.0026986787991715782,0.002164331963283885,0.0023350259932484393,0.002508825867355354,0.0026850973405867984,0.0028631046166607225,0.001582794229446542,0.001595134377482554,0.00160599526467929,0.001615218214024228,0.0016226507599656507
2023-02-08,0.001441787025256487,0.0007912427349561286,0.0009858236746707783,0.001185932533222184,0.0013910446780138785,0.0016005140879690612,0.000545462981741058,0.0006706163031989435,0.0007981842076432233,0.0009277824292699494,0.001058974976276917
2023-02-09,-0.004752404408962475,-0.002612337109799425,-0.003289108961440279,-0.003985282139817456,-0.00469905529976275,-0.005428205334526839,-0.0017567406662997323,-0.0021918472322815376,-0.0026354956684041466,-0.0030863532348861544,-0.00354290563833542
2023-02-10,-0.004821669191944897,-0.00581508187873314,-0.005536892222404287,-0.005242617825019611,-0.004932257394330417,-0.004606016967058635,-0.005931954179410898,-0.005690870578316854,-0.005437397165387405,-0.005171749102765247,-0.004894293233508012
2023-02-13,-0.003689188309076822,-0.0012957267771859205,-0.002001312627766867,-0.002725957760764993,-0.0034659417790397027,-0.004216895624523336,-0.00039423176008997765,-0.000847692469258981,-0.0013111238169377874,-0.0017821997225851748,-0.002258297741357857
2023-02-14,0.09141544344833281,0.09701208644267198,0.09537504186190253,0.09350816526690373,0.09140142636202916,0.08904816899335978,0.09569446078353992,0.09375443436536118,0.09160679051253355,0.08924761385155888,0.08667606316037171
2023-02-15,-0.006832803677696506,-0.003991595393720053,-0.004896192694420236,-0.005841921598049824,-0.006828338918485616,-0.007854304999903647,-0.0029229917211309455,-0.003520305017470371,-0.004141847798276568,-0.004787099678430433,-0.0054551392345724955
2023-02-16,-0.0009811087749072751,-0.0011281269052725062,-0.001136979149366864,-0.0011449871121630613,-0.0011519588902160632,-0.001157683990785662,-0.0011450729495924724,-0.001158769408892046,-0.0011719099069370325,-0.0011843282296842748,-0.0011958405492327898
2023-02-17,0.0028940047631102494,0.0017987012122427802,0.002146651759935717,0.0025061167965288902,0.0028759607443343245,0.003254722080275827,0.001370344162179092,0.0015955395866832252,0.001826377919352609,0.002062205156180811,0.0023022365670033545
2023-02-20,0.0002644049462824793,1.4276034471595983e-05,7.225698533971887e-05,0.00013271064859009103,0.00019555588415700486,0.0002606637808105303,-5.9867547697977135e-05,-2.3325921540088828e-05,1.4515504807206765e-05,5.360697813100536e-05,9.387916840399192e-05
2023-02-21,-0.02252549942189217,-0.021856007515028655,-0.022124960730842476,-0.022378449426973833,-0.022612629359182564,-0.02282336305680288,-0.020873908249839746,-0.020878327024636153,-0.020862119741722283,-0.020823182302228505,-0.020759419452948288
2023-02-22,-0.0036405948240633237,-0.0019001407504894898,-0.0024427798982373937,-0.003006529487167083,-0.0035904740617894327,-0.004193268944103977,-0.0012273918457745125,-0.0015764522868648649,-0.00193643921857991,-0.0023067479814786428,-0.002686588508112597
2023-02-23,0.01631005053387385,0.017724691496884507,0.017302570173364496,0.016841629765182577,0.016339639734864252,0.015794611582295334,0.017658948384029004,0.017233993392100657,0.01677759905017736,0.01628853610178926,0.015765775335800356
2023-02-24,-0.004381773306563965,-0.0021677100624528304,-0.00283213015321636,-0.003523949002493477,-0.004242448452506459,-0.004986423482234177,-0.0013521926827566543,-0.0017813597395013594,-0.0022251739000799554,-0.0026831809889929226,-0.0031547220680522353
2023-02-27,-0.017784902159903776,-0.01826245393864409,-0.01793205577255874,-0.017567407517327136,-0.01716605911124287,-0.016725669498348455,-0.01808991102944223,-0.017725504838661654,-0.01733236337351816,-0.01690906972466077,-0.016454331922644234
2023-02-28,4.2528499792268976e-05,7.812573453675175e-05,8.861497391619819e-05,9.951012609564795e-05,0.00011079583810673805,0.00012244854108299158,6.588257728758283e-05,7.283503667795157e-05,8.00002663508194e-05,8.736734492308767e-05,9.492165256578684e-05
2023-03-01,0.00020947048601760684,0.00016992976314248235,0.0001614511971833119,0.00015239540071981678,0.00014273986845863881,0.00013246687120020467,0.00018344348078720853,0.00017889767860424213,0.00017401653750499053,0.0001687842942502765,0.0001631867976235374
2023-03-02,-0.003133950736185479,-0.0032121839125172544,-0.0031570436448398885,-0.0030959682173548045,-0.003028501523521985,-0.0029542002222420023,-0.0031570441429065025,-0.003088965915456175,-0.003015611429564144,-0.0029367094386222293,-0.0028520096196390106
2023-03-03,0.008273929123535502,0.004225041943942182,0.005457731097113031,0.006736275081818573,0.008060048054540133,0.00942786915932874,0.0026960973866128955,0.0034964408090122153,0.00432166095495259,0.005170978293786971,0.006043310289549803
2023-03-06,-0.0002724378373713417,-0.0005786742366877791,-0.0006649078431120688,-0.0007541602940026608,-0.0008463596829979864,-0.000941392622716264,-0.00047594410411470715,-0.0005329859524762125,-0.0005915696980391657,-0.0006516090125885047,-0.0007129942137027785
2023-03-07,0.0033413763587501165,0.0034800222932788068,0.003581826214583923,0.003662326078625347,0.003739695997264371,0.0038128440123589933,0.0034613472355466343,0.003530594228567433,0.0035960201188151805,0.0036566525562333374,0.003711495818719773
2023-03-08,-8.411672264376279e-05,0.0009301453031694074,0.0012186219350214058,0.0015136341292387656,0.001818882453638828,0.002133069485223983,0.0005874289941979338,0.0007711953754354964,0.0009606884243933121,0.0011550428836799814,0.0013531955540029596
2023-03-09,-0.002050883126822714,-0.0021066940538110937,-0.0021597533594644347,-0.0022003424477923393,-0.002238700135819492,-0.002274194745925691,-0.0021051077208348065,-0.0021424089181559277,-0.0021772799948744015,-0.0022091561175170077,-0.002237461437650294
2023-03-10,-0.046026153706723964,-0.05402345773488102,-0.05552686241075387,-0.0566710764245412,-0.05776219347890786,-0.05878362677177929,-0.051750489164959224,-0.052179708038969555,-0.05253159261715326,-0.0527942182371653,-0.052955911625049396
2023-03-13,-0.0009545022659194135,-0.004531183133049928,-0.005569154350877107,-0.006658402828566399,-0.007800528449533382,-0.008996801641313334,-0.0033696626610131143,-0.004091748969972171,-0.004856641428904493,-0.005667481129265285,-0.006527598493335678
2023-03-14,0.0009202636819985231,0.0009100032121364114,0.0010048710297716663,0.0011039212232692986,0.00120720567552506,0.0013147341099158576,0.0009199308780064354,0.0010197640205767977,0.0011252598398801964,0.0012367955602578975,0.0013547632762941695
2023-03-15,-0.004556773926959481,-0.004425172291410451,-0.004500959170860698,-0.004577617909957831,-0.004654807817691638,-0.004732113862452736,-0.004473264621174988,-0.004567346862811882,-0.004665596321507136,-0.004768151326125186,-0.004875127490940359
2023-03-16,0.0144661369603139,0.014866404511900378,0.014785752918162458,0.014677117862360556,0.01453786508025575,0.014365569545680147,0.014772833855274434,0.014664064650778642,0.014525798753283895,0.014355755065561053,0.014151964234367773
2023-03-17,-0.003746164295135425,-0.013110888235453873,-0.015808772985276928,-0.018606157392800176,-0.02149411418890463,-0.024460702176343486,-0.009951628573217379,-0.011756773342321452,-0.013621281402936973,-0.015538240039738995,-0.01749882341622999
2023-03-20,-0.0030864874209746702,-0.0007685719986925466,-0.0012523499072285736,-0.0017549216889450004,-0.002274508525038267,-0.002808752698269025,-0.00015919808306300357,-0.00047260264824223406,-0.0007983744991300343,-0.0011354809273204283,-0.0014825413581351944
2023-03-21,-0.018335237013071562,-0.009904310528965805,-0.012398667609331204,-0.014979323568920044,-0.01763576052825611,-0.02035451890548723,-0.006914830408454426,-0.00857387128262225,-0.01028814446240589,-0.012050957327928035,-0.013853821725094239
2023-03-22,-0.023204098418409723,-0.031192595691521642,-0.028592545922260047,-0.02582876461866664,-0.02290498982712854,-0.019828763482355027,-0.03354643654847092,-0.03162061724567273,-0.02956100934918893,-0.027366970602375647,-0.025040234253555393
2023-03-23,0.007958054707931306,0.002616877373705395,0.004074670851940958,0.005591234318297762,0.007159625559343004,0.008770681286760732,0.0007956686342649489,0.0017409228226155976,0.0027265821105384967,0.0037496466567144026,0.00480592432089189
2023-03-24,-0.007785660523651644,-0.004761273840311118,-0.005700120836647485,-0.006670960831140788,-0.007668446147964321,-0.008685798760917242,-0.003676020568699686,-0.004312068721126349,-0.004970972473405248,-0.005650187079696409,-0.006346364105451563
2023-03-27,-0.004029177825816517,0.0010370443740051064,-0.00026352173484239116,-0.0016245572549833656,-0.0030407061464803077,-0.00450450435919648,0.002754307712939073,0.0019397364781492928,0.0010830614810062955,0.0001857731836106855,-0.0007495989521571369
2023-03-28,0.008211198777807124,0.0012731289572637918,0.00162999900441256,0.0020002362350693415,0.0023819279774877846,0.002772599099759107,0.0008460167236943421,0.0010833151833065813,0.0013302426603702636,0.0015860215370414213,0.0018495745652771234
2023-03-29,-0.004642949923498236,-0.0026496754693739917,-0.0032723855243337067,-0.003917505980834845,-0.004581588804525885,-0.005260213158140448,-0.001916642405409567,-0.002334720762905643,-0.002769160628527024,-0.0032185364854557114,-0.003680899836011594
2023-03-30,0.0071789211162453185,0.002776634605771871,0.0035715960834153252,0.004396559887865867,0.0052473468585260506,0.006118532534183134,0.0018238960166583522,0.002352436742198447,0.00290290326682532,0.003473743018603492,0.004062757411837337
2023-03-31,-0.006053885901728285,-0.00371037734343105,-0.0044228595210785236,-0.005159499272524356,-0.005916168980532151,-0.006687642195813285,-0.0028400446396342513,-0.0033105285760665574,-0.003798481147374317,-0.004302217592601717,-0.004819473565764937
2023-04-03,0.008704516818807233,0.0017230006971234947,0.0017177197706217352,0.001708511355219178,0.0016949043352318604,0.0016764605243619296,0.00286487064670988,0.0031822098641116226,0.0035099849627573537,0.0038468998312563944,0.004191269906009008
2023-04-04,0.016642204634790617,0.008756614678937891,0.011057581503609951,0.013445805619218381,0.015909625419208026,0.018433811055920978,0.011686054745655278,0.014811150789693162,0.018065156848597365,0.02143900174130236,0.02491983426278504
2023-04-05,-0.0033004811149622225,-0.0034272205836258815,-0.0033772332144561446,-0.0033174071015213227,-0.0032469736421999206,-0.0031653086698804557,-0.0037090884379065324,-0.003740969911601938,-0.003767556038842368,-0.003787855308213591,-0.0038008545031664757
2023-04-06,-0.005176161659692507,-0.00259879083737393,-0.003362378837582075,-0.004149029704399925,-0.004954676357102394,-0.005774374444323086,-0.001354835380779015,-0.0017751853648797175,-0.0022090138279582806,-0.0026547874399280745,-0.0031105856198082697
2023-04-07,-0.0016025638960768258,0.00015671633162124055,0.0006743235072928372,0.0012107418289647265,0.0017635464054361614,0.002329683699758026,-0.0004482539590945362,-9.93439652769565e-05,0.0002631905671893437,0.000638339934078334,0.001024760025861973
2023-04-10,-0.007645243593881396,0.002163031902103696,0.0028997073202916544,0.0036592507099361487,0.004437776021775446,0.0052305408969123045,0.0003458194286344681,0.000581583446217959,0.0008255397793457338,0.0010768908818375774,0.0013346176871179966
2023-04-11,0.005789674309087917,0.003478529213280398,0.004350706627330609,0.005247751345710517,0.0061647525558586845,0.007095804147122734,0.003860012590330654,0.004835566158032611,0.0058409452322938545,0.006872407066047052,0.007925318812200315
2023-04-12,-0.018376620522228434,-0.02417065407265123,-0.023681247165969952,-0.023111680476117426,-0.022458649355259923,-0.021720666280303075,-0.022724936766372397,-0.02186721727259159,-0.020930710882063493,-0.019914007459913355,-0.018817212110416526
2023-04-13,0.006338042943068245,0.00016308679032984465,0.0019858598447737136,0.0038786528217325477,0.005830448208823413,0.007827384936934304,0.0006570480916118955,0.0026154389404711067,0.004653582806983694,0.006763771971500454,0.008935749302632254
2023-04-14,-0.06122506241498089,-0.054423416617242745,-0.056144646069722325,-0.05779046930649669,-0.0593344927416936,-0.060749920455873144,-0.05390343954217263,-0.05554325719272016,-0.05713970064007728,-0.05867255766077198,-0.060120329088334666
2023-04-17,-0.005098800897094208,-0.0030813172745835274,-0.003711884273217566,-0.004355731172976158,-0.005008035755766869,-0.005663282019780674,-0.004301510739276859,-0.005271258160288533,-0.006267816853907383,-0.007285871482970694,-0.008319049155319322
2023-04-18,0.006016617568958819,0.0014198372887384155,0.0015900594294066203,0.001760108713021881,0.0019282667475481366,0.002092758343499217,0.0023751240716205057,0.002802099324088465,0.0032341921675263655,0.003668389267882062,0.004101421493681541
2023-04-19,-0.005412203156167406,-0.002939289568147721,-0.0037047088075213203,-0.004481091969908577,-0.0052616361794086295,-0.006038948058507681,-0.0012864724889855783,-0.001606573337547402,-0.0019320732636129885,-0.0022608793110642875,-0.002590674127809346
2023-04-20,-0.000847058118618886,-0.00364163892530513,-0.002786637363283736,-0.0018997961377223028,-0.0009874163353070572,-5.693753629623506e-05,-0.004500110916698511,-0.0038876540578006756,-0.003249943080915189,-0.0025899284318095556,-0.0019112443340161148
2023-04-21,0.004783312728918067,0.010842504483461171,0.008950308762961552,0.006979410284522638,0.004943353427412556,0.002858425905119204,0.010836918481886155,0.008975334784217059,0.0070430985606754195,0.005049671855207381,0.00300649689366509
2023-04-24,0.004519504278985133,0.0029446023379181272,0.0034284299644987927,0.003916553957563264,0.00440426483035473,0.0048865110685904715,0.0038595236931794493,0.004590374716497278,0.005332402678099596,0.006080474462307089,0.006828916476650125
2023-04-25,0.0034514076507509315,0.0014016222825166593,0.00196860628347475,0.002546701634626404,0.0031308344120576743,0.003715376485374707,-0.0018514063777470514,-0.002163532286453749,-0.002479975169362179,-0.0027985083844695217,-0.0031166825034144347
2023-04-26,0.04169434014953555,0.04568792731750619,0.04423833289394837,0.042616670270533424,0.04082547103106095,0.03887224399568945,0.04602675335057574,0.04474659371821625,0.043329265644148074,0.0417748458115019,0.040086400125236225
2023-04-27,-0.0017931606537428103,-0.0015006669231496627,-0.001583438755273878,-0.0016645619135079973,-0.0017430437106435185,-0.0018178753256186857,-0.0007059931925832199,-0.0005743960855321832,-0.0004372436449098307,-0.0002951303902158321,-0.00014881164810155124
2023-04-28,0.0029118885476114562,0.0025292675307530318,0.002687008543944842,0.002842529200247271,0.0029940169299212866,0.003139608078101766,0.002450264204939623,0.002588852961811007,0.0027265094464263002,0.0028620132170640395,0.0029940750986870795
2023-05-01,-0.0038910458156014398,0.006545997279753534,0.008417486619867789,0.01032780998353473,0.01226105950600448,0.014199288656939736,0.004266942895118896,0.005514580255552608,0.006791505212063358,0.008090078400498694,0.009401491250434778
2023-05-02,0.01820372743266487,0.0038347066836113357,0.004736826245689822,0.005650920660764078,0.006569121780648041,0.00748290319736132,0.005028657758671286,0.0062546537743599865,0.007503007436272252,0.008765723009750368,0.01003386430624273
2023-05-03,0.04670703879084841,0.042866837339019886,0.04376546798958893,0.04457430569429821,0.04527854060387879,0.04586493889154446,0.041148768221030245,0.04162843122845259,0.04203344379221086,0.04235438769661653,0.042582843238125986
2023-05-04,-0.019484970761240016,-0.022867312214415604,-0.02169972907515981,-0.02042745064056294,-0.019053887264366624,-0.017585709712263378,-0.020556362620569667,-0.018771851492525284,-0.01686652164528884,-0.014843101561364728,-0.012707480136682346
2023-05-05,0.02361857749857977,0.032788861517328446,0.029794944858727607,0.026603044338398774,0.023227923570987866,0.01969120306736682,0.03424852425466419,0.03167684433702195,0.028913090907913667,0.02595922935533053,0.02282220527833049
2023-05-08,0.001912776789157689,0.0006921367071425626,0.0010157520242957247,0.0013499290070703679,0.0016917894108395342,0.0020378659733682344,-0.0003470815318902014,-0.0003124782301243136,-0.00027532390845745646,-0.00023565506191298606,-0.00019358254145864293
2023-05-09,0.006706039508844299,0.0039975297486450475,0.005133233343470524,0.00630110540089649,0.007490499182187304,0.008688809068664267,0.0030160105442021334,0.0038949716484409664,0.004810250277016912,0.005756769374243968,0.006727759527514894
2023-05-10,-0.007521773379976965,-0.011110772352387412,-0.012710603668767018,-0.0143382074355972,-0.015976581305356816,-0.017606358438326444,-0.010626331985913914,-0.012128797977087042,-0.01368001127207927,-0.015269317533682984,-0.016883257977170135
2023-05-11,-0.008475236231295912,-0.003735466039241515,-0.00450304699361293,-0.0052876399580271075,-0.006081442781892922,-0.006875474547789104,-0.010092160603477018,-0.012671391004537944,-0.015349794209768404,-0.018110970977414,-0.020933633141339534
2023-05-12,-0.003207722131900652,0.004470484522719128,0.006001914503785085,0.007576748838326218,0.009180456492021883,0.010795936896454795,0.0009092767605372666,0.0014612526259317209,0.0020361794904431474,0.0026304952954327304,0.003239551624846869
2023-05-15,0.0132080877166764,0.014802566502846731,0.015634219060532823,0.016433036373046807,0.017186298220190025,0.017882008954394308,0.014551268103849335,0.015322001564900885,0.01606233234011633,0.01676023593587096,0.017404227220912217
2023-05-16,-0.0314875570766132,-0.020842528090680705,-0.022573786604246124,-0.024221982517382556,-0.025757920963618633,-0.027156915425186817,-0.02187340968839126,-0.02396259779362175,-0.02601220903173286,-0.02798942141412414,-0.029862188661824402
2023-05-17,-0.005203401424521856,0.006157298868877588,0.007894091668540078,0.009618510995101187,0.011303142317148449,0.012921938168196525,0.0041159004677997464,0.0053445687095772035,0.0065837165512626274,0.007816254913829517,0.009024388826881384
2023-05-18,-0.036580981611043964,-0.02227442733280734,-0.022460005102269455,-0.022532862655676618,-0.022488466191654247,-0.022327675616424146,-0.024012611578689648,-0.02472066252990485,-0.02533959417404191,-0.025854288527879063,-0.02625309525292881
2023-05-19,0.02714546199406617,0.01682212341782738,0.01732581846099907,0.01774892967960642,0.01808244933751126,0.018321366974877587,0.019621167540363228,0.021026915524801258,0.02229404919407831,0.02348293698442604,0.024573836547709643
2023-05-22,-0.004682922301741039,0.001249089530020843,0.0017286494975566086,0.002205945327128568,0.00267324665045137,0.003123213035544939,-0.001131328799730354,-0.0012929376803823465,-0.0014535852484082853,-0.0016080860400501118,-0.0017491839899280881
2023-05-23,0.002184438202337396,0.0011177787631082505,0.0014469828083320262,0.001773320520194807,0.0020914924387997556,0.002396525293046375,-0.0014017187960672264,-0.0017516600891624812,-0.0021054392979008474,-0.002457207047481506,-0.0027927646559762886
2023-05-24,-0.013206999067111624,-0.0023795739007454013,-0.0027036231723749256,-0.0029809059727239477,-0.0032392050852785197,-0.003477709024271447,-0.005158630203371551,-0.006240243602787889,-0.007329877033199248,-0.008409583866112774,-0.009460441645733361
2023-05-25,0.01989347770844373,0.03282532039788838,0.0316372846929458,0.02989216558228016,0.02783637627028527,0.025653874120564128,0.030302319345442,0.02842672793121817,0.026344864030462038,0.02407368682784471,0.021640514043760443
2023-05-26,-0.033756754265720036,-0.03435585905499404,-0.03165695703361174,-0.028753392574963368,-0.025687933903753204,-0.022511413522061246,-0.03251242441614737,-0.029343392966216183,-0.025960226433381667,-0.0224023269258505,-0.018718491630322426
2023-05-29,0.016973179702636076,0.008067689879077421,0.010190845378298551,0.01229616380348372,0.014347424459359846,0.016310358115797743,0.00546165808385265,0.006930974194018142,0.008408286914837557,0.00986993218770311,0.011291619454352848
2023-05-30,-0.00666986759579367,-0.007258143106973734,-0.009345512394475904,-0.011415078087234026,-0.013430931235877578,-0.015359313621791921,-0.005734191505774467,-0.007462702250495455,-0.00920236836160334,-0.010925311319113654,-0.012602915731783558
2023-05-31,0.002904979068367067,-0.0008612420292617658,-0.0012787949376870135,-0.001695463551893494,-0.002103976305682064,-0.0024973964738186256,0.0028808742307432776,0.0034643151946964377,0.00404608455463984,0.004616359054059728,0.005165355102921355
2023-06-01,0.011556110202603694,0.0032781466883958083,0.003922310090539977,0.004555522245843766,0.005166535472087221,0.0057450330855459645,0.006109611105146057,0.00753704447439562,0.008966494834461897,0.010374385179775568,0.011736880050494301
2023-06-02,-0.018508800355241026,-0.0009180962651210443,-0.00183032592341618,-0.0027475702466517597,-0.003654248811308123,-0.004535062602236038,-0.0017677436606926297,-0.0029266324682268945,-0.004102239197648131,-0.00527613687549681,-0.006429028407891495
2023-06-05,0.01036582840860799,0.0030373241454344307,0.003828336249843545,0.004611081308964658,0.005371759853257688,0.006097472716984292,0.0010826754527245026,0.001364448130098458,0.0016468699930166245,0.0019252431253920159,0.0021948250853885904
2023-06-06,0.0010659535229601254,0.0010263147215792473,0.0012998430349678099,0.0015705893204131368,0.0018337804560169847,0.002084953837472483,0.0009525341114804461,0.0012126189168383697,0.0014735446883379752,0.0017309876182532086,0.0019805711175958545
2023-06-07,-0.01607011440502478,-0.004677573519188617,-0.006153803740260006,-0.00761979424079009,-0.009049862695891574,-0.010419760162650784,-0.0029856932342968504,-0.0040386847355832305,-0.005099523408240996,-0.006150930997705187,-0.007175203614764121
2023-06-08,0.02037640301576597,0.0021327334648876413,0.002900794863475883,0.003662904417467981,0.004401664460828759,0.00510095521102769,0.00219623061131315,0.0029929196015261545,0.003792288334975928,0.00457765911782004,0.005332470271638257
2023-06-09,-0.003136292900362418,0.002051355794729924,0.002399090414057061,0.0027368092044145653,0.0030565310353099476,0.003351300940903293,0.0006809510667145585,0.0006632303101373631,0.0006406760020041982,0.0006134384213518233,0.0005819594718812707
2023-06-12,-0.0008152102858468047,0.000592223593941576,0.0009814473992610883,0.0013717554461297192,0.0017544508498346795,0.0021211703561431596,-0.004863856064882922,-0.005952565537964936,-0.00703348723521459,-0.008083345596131115,-0.009079681541615257
2023-06-13,0.001637880595405172,0.006484781925579255,0.007709670215105142,0.008904463139226498,0.010041075671710746,0.011094711104364264,0.001644915732223591,0.001577460131648575,0.0014977336306108494,0.0014066127123487176,0.0013057098466303977
2023-06-14,-0.0026901257356308625,-0.0027477490374181804,-0.0033287634151623877,-0.003896453413937802,-0.004437357122530598,-0.004939620940022412,0.0023061724427266383,0.00308495642573257,0.0038644524521839778,0.004627930822236701,0.00535896165898099
2023-06-15,-0.002796549080736487,-0.001993111735909517,-0.0017325261541754305,-0.001452641413507042,-0.001158428643113548,-0.000855987253440688,-0.004808219269422359,-0.005319210939118957,-0.005811839166238228,-0.006274176006881444,-0.00669547577696746
2023-06-16,-6.15982599609969e-05,0.011466076120164927,0.014598783639139506,0.01771903105320681,0.020757038116203233,0.023645318488400294,0.0076318350839117335,0.009736810611158617,0.011845030905794732,0.013911871186835414,0.015892744899906015
2023-06-19,0.0003097139694218596,0.0011718019266205972,0.0014049880227008748,0.0016365832610391307,0.0018614803627268845,0.0020746857052955656,0.0008960218117745268,0.0010540387999586802,0.0012106779441940507,0.0013625301396129185,0.001506258689454572
2023-06-20,9.790322873472006e-05,-0.0038633304590573784,-0.004907267221635458,-0.005935836597461132,-0.006929208134961651,-0.007869393728375963,-0.002759936753314771,-0.003520544374702992,-0.004272006220358486,-0.004999014291749017,-0.005687469951722463
2023-06-21,0.0,0.0034109442133896223,0.004308460618264045,0.0051934213288087104,0.006049128803151932,0.00686033413354827,-0.005164448928347177,-0.006533919026649876,-0.007886225993196034,-0.009194088032608214,-0.010432383875336935
2023-06-22,0.0,0.008835004070954706,0.011166661138089059,0.013469678828337954,0.015700818273870404,0.01782017093283254,0.005930578325372181,0.007503566769873919,0.009056804233234855,0.01055884003858446,0.011980719692819922
2023-06-23,6.106308107430533e-05,0.003946251867360356,0.004967767357679413,0.0059761393682169275,0.006952910228723543,0.00788108083811571,0.0026744406844214797,0.003364440603019153,0.0040448390842023375,0.004701989872573873,0.005323409516793401
2023-06-26,0.00030208054867986335,-0.0006543863489105487,-0.0009135872741584133,-0.0011714456819878712,-0.0014232956682616819,-0.0016647378071831841,-0.0003240527556629163,-0.0004974895721111223,-0.0006707212988431423,-0.0008403445762131448,-0.0010031208957098085
2023-06-27,0.0004897124443704452,0.00447796041128653,0.005517592939280831,0.006541875163884358,0.0075320355816876775,0.0084708509862563,0.003194585480048364,0.003898393761926698,0.0045896373266737355,0.005254362607656361,0.005879951175922726
2023-06-28,-0.001837821817166061,0.0007491806667328123,0.0014743462761988596,0.0022028055498544115,0.0029216912819203826,0.003618460326330161,-0.0001977593575765625,0.00028175666688173937,0.0007678789243821404,0.0012513241902540298,0.0017228339019665436
2023-06-29,-0.0004860632572732586,0.0015242832245328448,0.0020667640022042745,0.0026068055800975063,0.0031347498054368752,0.003641402077412336,0.000837909313872349,0.0012006013330649584,0.0015622086761930296,0.0019156256654160198,0.0022541066821506936
2023-06-30,0.001913038368576149,-0.0007467458915688695,-0.0014912727222770534,-0.0022401521327253555,-0.0029802719323617837,-0.003698751132293271,0.0002249863604532231,-0.0002667241491950982,-0.0007656531334650791,-0.0012622974683936207,-0.00174713526174511
2023-07-03,-0.00034527780352867503,0.0019750629226177167,0.002600412149758761,0.003225647193606203,0.003840163129523201,0.004433526117908875,0.0012012003052765366,0.001626188799074226,0.002054445105729469,0.0024785347843978823,0.0028908411685355326
2023-07-04,-0.00024183879467033986,-0.0017549727099516015,-0.0021549715600528412,-0.002552240585760791,-0.002939888198832608,-0.0033112666716928443,-0.0012744307136245514,-0.0015502545887248493,-0.0018254712596716333,-0.0020950986883747987,-0.0023541776794015292
2023-07-05,-0.0009089450854172255,0.0003621477092254979,0.0007169284779747118,0.001076011058189672,0.0014335713286165765,0.0017836475970419625,-9.879658769994381e-05,0.0001359024752444513,0.0003766222155191356,0.0006194818413149698,0.000860281073419963
2023-07-06,0.0015874764381956332,-0.0021662791066322223,-0.003196010277519145,-0.00423234401936688,-0.005258212189341297,-0.006256435729607019,-0.0008611413018572723,-0.001551295469002284,-0.0022528543260423445,-0.0029540937676890435,-0.003642673531673355
2023-07-07,-0.0010746951348680495,-0.01406517682388343,-0.017521648269880216,-0.020963794449548427,-0.02433293159880097,-0.027571834560247314,-0.009883215224923747,-0.012254362450720035,-0.014626553990937525,-0.016957410774248283,-0.019204407533964962
2023-07-10,-0.002431751469411045,-0.00875967829119608,-0.010400521922776074,-0.012014870970909553,-0.013573614048557819,-0.015049780658070064,-0.006828513619802234,-0.007981133022785672,-0.009121900287504736,-0.010229524793743132,-0.011283348437313807
2023-07-11,-0.0012421318673613516,-0.008579517795703952,-0.010480510579960247,-0.0123474534416081,-0.014145805671633033,-0.01584438359803671,-0.006250028375232781,-0.007563450719930864,-0.008863611466270809,-0.010126522611249801,-0.011329345030521543
2023-07-12,-0.001432887780865029,-0.01585767993916011,-0.019605950425401298,-0.023293760540723196,-0.026855859758446697,-0.03023298930419813,-0.011231353568252465,-0.01382262845452272,-0.016399957295068594,-0.018919214243529485,-0.021337504146560042
2023-07-13,-0.020656413728138014,-0.02690610111824881,-0.028427635998731514,-0.029737661351391487,-0.03079301526597155,-0.031569677462167725,-0.016719210045483865,-0.015526451940091512,-0.014170143451086458,-0.01267078273979203,-0.011060604102646669
2023-07-14,0.0016507290518887733,0.014181051677751534,0.014940035616884086,0.015588922829931687,0.016107146851444733,0.016483770056717993,0.01837526893138157,0.020371992040414604,0.022291439595510797,0.024076366421965555,0.025675194700067884
2023-07-17,-0.0056039642126934,-0.007154527329241103,-0.007508934194726665,-0.007807479208969133,-0.008040630621273881,-0.008203674018512658,-0.010113096399651102,-0.011320189936176759,-0.012485533891247454,-0.01357543375730774,-0.014559457933592047
2023-07-18,0.015822975818415796,0.018809479522914736,0.019354357144587192,0.019749646949123085,0.01997986617606637,0.020041660797260604,0.023246845808310716,0.02508668939562364,0.02680169122099904,0.028336962793007306,0.029647143963965145
2023-07-19,0.007315655555678948,0.017581099659536324,0.019392249177926996,0.02107930420723787,0.02259604237344442,0.02390835014774537,0.018196478409913848,0.020259375919433793,0.0222366667898734,0.024072381813382074,0.02571765013838485
2023-07-20,0.012945539638839796,0.025295843777177,0.024608112363280463,0.02371973653700266,0.022647759296893458,0.021421751345246026,0.01951372804680024,0.01729269773457092,0.014883821946359585,0.012331403444400658,0.009691138815460526
2023-07-21,-0.007659972501147593,0.015378974550805061,0.01772369418722421,0.01996833971806749,0.022058396291437583,0.023949902409560655,0.010743859530529226,0.011913954034487598,0.013031929812176605,0.014067640068392404,0.014995172283348797
2023-07-24,-0.007474613523141958,-0.0034428047679846002,-0.006143574745601658,-0.008833208357959784,-0.011448743383785981,-0.013932658640850084,-0.004887423150962997,-0.008069169787555362,-0.011286627720970435,-0.014465861033277771,-0.01753223741442146
2023-07-25,0.004763976354388906,-3.320148359280216e-05,-0.0014843608894069243,-0.0029050722769670446,-0.0042591092118085426,-0.005518268286260421,0.007354498117681392,0.007770346538019711,0.008116712791523614,0.00838393583897232,0.00856905578670647
2023-07-26,0.015936316775339885,0.0025374125054369438,0.002836907721868201,0.0031066225403210365,0.0033410964418369477,0.0035379821756013597,0.005318715784967133,0.0063641987819023065,0.007359042339988004,0.008275461130918116,0.009092825994579707
2023-07-27,-0.05798428927909757,-0.04363351471857525,-0.052782334334237006,-0.06133451295623435,-0.06909555846233574,-0.07594701741695895,-0.045007783931366924,-0.05501113967694762,-0.06458181204716965,-0.07345194763994568,-0.08141850781022815
2023-07-28,0.002885787275806263,0.020736914848571132,0.024691024811271396,0.028262692631896735,0.03139232909216893,0.03406318473205611,0.018434748748922224,0.022003886975841474,0.025272911165442852,0.028165817556096543,0.03064656458310118
2023-07-31,0.009401485365661379,0.014548014329744544,0.01817872121996375,0.021484613282337802,0.024407910508286966,0.02587192436735352,0.020083272457769648,0.0252389116472837,0.030015879594909374,0.03429924167656027,0.037768312467029275
2023-08-01,-0.04217120275087091,-0.011962340714930663,-0.01444942458211586,-0.015419088224670825,-0.016016801879875798,-0.016467671815362364,-0.023876372114190476,-0.02926182011887444,-0.03271841433731706,-0.033969628837517384,-0.03487669083077293
2023-08-02,-0.002278794037411072,-0.0026675895761813563,-0.002520263006929498,-0.002249542249293938,-0.0020266118464147345,-0.0018415006998735517,-0.014555181236366092,-0.01702299009021318,-0.017577612830123608,-0.017940227099285486,-0.01818308361798036
2023-08-03,0.0007354436388641438,-0.008580250925762522,-0.00963321550356343,-0.0104082828299809,-0.010992939052381903,-0.011444541861419709,-0.010726082231878941,-0.011924752574765787,-0.012770876649647551,-0.013384570075220604,-0.01384199658207142
2023-08-04,0.0018284583184237043,-0.006834704839105643,-0.007994310083785849,-0.008862650327163277,-0.009527703329202105,-0.010048386161517816,-0.003086588411477993,-0.0038590620411526003,-0.0044302685623811506,-0.004862093697255681,-0.005196132880524954
2023-08-07,0.0018729043888283297,0.010948017790966894,0.011572916346438013,0.012004914727209314,0.01231214964505182,0.012536637518821454,-0.006073341796341455,-0.007133486678870991,-0.007905456917655066,-0.008481415406205452,-0.0089218865861317
2023-08-08,-0.0005262248170754222,0.010547244900422496,0.011753275257522776,0.012637084954529967,0.013300834029387188,0.013811355812336322,0.0008500290354719526,0.0010695464153743985,0.001231966902927745,0.0013547675709016562,0.0014497460587715508
2023-08-09,-0.0006102385861376376,0.003547280529312259,0.004055550320137195,0.004429784393826044,0.004712037695473769,0.0049300102094900974,0.002195441063581942,0.002561024843161291,0.0028255528438535966,0.0030217516895533515,0.0031709984083885174
2023-08-10,-0.0004239309485716528,0.011789648023715574,0.013064292311401219,0.013983929503451668,0.014664732678925428,0.015181634541015645,0.00790002000466541,0.008738902335714222,0.009324466118013106,0.009744827025954705,0.010055242184015229
2023-08-11,-0.001098952575101092,0.0013239346127804248,0.0017530462606007162,0.0020779427526286354,0.0023283313508650617,0.00252506586437265,0.0004396277204564326,0.0007737677663630509,0.0010251522003879624,0.0012176293560665023,0.0013680087786184408
2023-08-14,-2.1658918310182096e-05,0.007375881744770592,0.008416409429049762,0.008852096266093143,0.009159305353676936,0.009383286251561361,0.004875183116751999,0.0052531910028177625,0.005510258477431021,0.005692167909467921,0.0058255315296601735
2023-08-15,-1.5806115921761133e-05,0.00032029021266816274,0.0003730363903205681,0.0003943668800598447,0.0004094748590982331,0.0004205458555993824,0.00021162373181366748,0.0002314122847236627,0.0002449464775668012,0.00025457661238088603,0.000261675549877732
2023-08-16,-0.0012038006138664395,0.008851493011001802,0.010156701086163381,0.010857093048872455,0.011359680306089743,0.011732699417552792,0.005368492940690791,0.006055318209874902,0.006533570188966076,0.00687963194287072,0.007138744903011571
2023-08-17,-0.0011823762787832527,-0.007846116236074074,-0.008396750617367669,-0.00851550423360134,-0.008579429614747253,-0.008613313210652422,-0.005861604640788744,-0.005902388949942868,-0.005899243804681379,-0.00587836894680418,-0.00585110778446422
2023-08-18,0.00041657433543771836,-0.005377662670070274,-0.006225087945947329,-0.006534382679864642,-0.006748677576502271,-0.006903372535360759,-0.003657450649344342,-0.003988807365498185,-0.004194180634929358,-0.004334997591070436,-0.004435850964674991
2023-08-21,-0.0013203749090190077,0.009521441611954463,0.01149470538186583,0.012290209363810287,0.012608824228927324,0.012848023988370342,0.02868329259047202,0.03185848103228315,0.032630108596888814,0.03317798988822926,0.03358609900125297
2023-08-22,0.004900432720112297,0.0012033732493888871,9.169324975105249e-05,-0.0008465112150009825,-0.0015344663199172623,-0.0020573703650833687,0.007570581048027543,0.006839389326287441,0.0060545793675218,0.005480393140900314,0.005042551433093712
2023-08-23,0.0014513460494132813,-0.012464587665219089,-0.014526597231630226,-0.015133578634997546,-0.015572828272306305,-0.015905120351233204,0.03285456325055166,0.03303623770315838,0.03314439206870661,0.03321451448415166,0.03326289300224135
2023-08-24,0.015860105350095976,0.035114128790466756,0.032558591879514605,0.030778548767216533,0.02946887234684605,0.028465439164124116,0.019781560371386786,0.017239630258563433,0.015484317853667353,0.014200386738510129,0.013220828957429277
2023-08-25,-0.007737958559372809,0.004248299188853946,0.004371033878653912,0.0044538102538707785,0.004513245940539978,0.004557922979026416,0.002881503322724485,0.0029488785809666396,0.00299362910970422,0.0030254137853230056,0.0030491127181727137
2023-08-28,0.0,0.004499717001801371,0.004855795764229402,0.005097402036663037,0.005267662891761937,0.005391857834421518,0.003914861633548475,0.0042060099023455665,0.0043099498889175615,0.0043347648178593415,0.004352175341958214
2023-08-29,-0.0028146933293285515,-0.013485076889704467,-0.014017319773017522,-0.014340334074220834,-0.014542863954213458,-0.014673459146612928,0.015416377967022872,0.01711777369343367,0.01827723066187593,0.019097277332733427,0.0195713184426254
2023-08-30,0.01503432010172483,0.012794823171042372,0.014702229206922834,0.016060579892899593,0.01706006645470139,0.017817987332368727,0.005465099454816083,0.006800200584471736,0.007753426292015263,0.008455219901533249,0.008987394323740901
2023-08-31,-0.003974704762409289,-0.011039615719129378,-0.013408697875225238,-0.015121621387483814,-0.01639827403822355,-0.017377070561019736,-0.017226870905306897,-0.02007654435057895,-0.02207522602247302,-0.023524750133890087,-0.024609862557268943
2023-09-01,0.01046470703030596,0.02383871004526491,0.0231454353021176,0.022492276558751332,0.0219120799124779,0.021407161257574525,0.009490836897357899,0.007534611017046539,0.006022549713844947,0.004839190520797861,0.0038971467014114174
2023-09-04,0.0016860891948896686,0.007146103801542445,0.007311454724553499,0.007395506704049099,0.007436300102198484,0.007453503608408261,0.005635052168393881,0.005636998526210812,0.005600142680112926,0.005549807692806786,0.005496890739572936
2023-09-05,0.002284536515974752,0.02344538836552049,0.024785590615043443,0.02565960759514206,0.026252287423061887,0.02666873454361473,-0.014962036951673646,-0.01660565181930107,-0.017721707170972358,-0.018508451569923128,-0.01908282393240681
2023-09-06,0.0,-0.0007990514378635774,-0.0008616172865395052,-0.0009040560583349387,-0.0009339714084291447,-0.000955806313710463,-0.01859583958007365,-0.019959995317994885,-0.020844816500193666,-0.02144231191930289,-0.021861184618383867
2023-09-07,0.0,-0.0059974392840761856,-0.006467326653444903,-0.006786101811746251,-0.007010835256711549,-0.007174881778983134,-0.017766585078029036,-0.019058547011667145,-0.019896024108568035,-0.02046150071869824,-0.020858018178042014
2023-09-08,0.0,0.008443441042714755,0.00910438105882498,0.00955296966478463,0.009869382800785094,0.010100473543299154,0.013735622827631598,0.014727282458375427,0.015369096507752762,0.015801940381962178,0.016105166547660327
2023-09-11,0.0008654104505888358,-0.018773895496982388,-0.020427306726766126,-0.021561426393827597,-0.022369098774962674,-0.02296419522195259,-0.01267351073434386,-0.01376860927363804,-0.014493273669159484,-0.01499274157747541,-0.015350155014222013
2023-09-12,0.0028520201460674366,0.011057252752495866,0.011315208109921617,0.01144727962025766,0.01151236748007927,0.011540863171439536,0.008616201975884032,0.008614775871726653,0.008557000400221608,0.008480252445436116,0.00840037971894141
2023-09-13,-0.0009588471189997501,0.005777917277267815,0.006422510060551753,0.006872701324887336,0.007198752919246841,0.007442766562309693,0.0036887576476879306,0.00415763144297596,0.004479267319963029,0.004708430921102654,0.004877514283021592
2023-09-14,0.007788452269617479,0.007719776628935147,0.0066779320387887154,0.005853771175375362,0.0051955320232915094,0.004662379241903987,0.007969951972854288,0.006842767363285201,0.005956762588864533,0.005254969472109933,0.00469118378333006
2023-09-15,0.0016484713939433832,0.008047625444274915,0.008338616674234522,0.008512942349054291,0.008620525367024413,0.008688539276397402,0.006109681014477099,0.006190685618396049,0.006210156458069595,0.006201328098877505,0.006179946209833996
2023-09-18,0.0,-0.0037676170026287423,-0.004068525541632848,-0.004273675566152862,-0.004418881742479724,-0.004525222641000207,-0.0025954131763679437,-0.002782878260808895,-0.002904266894493274,-0.00298617233329518,-0.0030435781243316525
2023-09-19,0.0,0.004538253022926689,0.004901926833477988,0.0051501629474183476,0.005326046644248851,0.005454969088634168,0.002634207778480538,0.00282537635304889,0.0029491812791368186,0.003032704492231602,0.003091225305355789
2023-09-20,0.0,0.00788234330164482,0.008526796172356106,0.008968763351269334,0.009283069253747448,0.009514132613534062,0.011762121349409432,0.012624975489239782,0.013185257895631464,0.013564047288212424,0.013829912993514753
2023-09-21,-0.000472357517383172,-0.013149414326129538,-0.014124771204344456,-0.014787137356249671,-0.015253840129888766,-0.015593956437405654,0.008466913110473387,0.009189917878633444,0.009668497653780167,0.009998169053348481,0.010233818493310443
2023-09-22,-0.01492970606825507,-0.0013435834153604467,0.0017512337014915262,0.00408880738324257,0.005893114744904359,0.007316589479801121,0.004323324369092401,0.00792482003136642,0.010560780685451328,0.012541290003380043,0.014068818620403423
2023-09-25,-0.015808671381919152,-0.007152745633701871,-0.004332587021720595,-0.002167737464907346,-0.0004769323284874354,0.0008689940634321011,-0.01034958553460674,-0.007609805264743273,-0.005512786154252846,-0.0038842325425135016,-0.00259574987652546
2023-09-26,-0.021871736052864278,-0.018877032992144976,-0.015717614805197466,-0.013225332145696931,-0.011239824237079647,-0.00963537666584541,-0.020496306808284365,-0.017166050111711184,-0.014555839724414061,-0.012494657559776494,-0.010843704852462468
2023-09-27,-0.0018920970971535531,0.0075183080418161335,0.008567487529774591,0.009315518352480616,0.009865150527803576,0.010280770312536188,0.004518919643634976,0.005279649551173355,0.0058113380718790636,0.006195188598829032,0.006481174966079651
2023-09-28,0.06317805103325849,0.057437696683713915,0.048665793091555366,0.04168725330012061,0.03609503494095086,0.03155706651041061,0.061113232513149415,0.05177998675569744,0.04440407219135107,0.038546902939534076,0.0338369827657646
2023-09-29,-0.0058976306166398425,-0.004664159002600349,-0.0038118671745341255,-0.0031222565135245947,-0.0025632775160914843,-0.0021062039901813523,-0.005227419725940438,-0.0043654086700588525,-0.003668098691124718,-0.003105372702374729,-0.002647826902401291
2023-10-02,-0.0830382021095351,-0.07633746598091005,-0.06539282793040395,-0.05641717561007583,-0.04907066794803431,-0.043019250508533106,-0.08087372181715849,-0.06940923920717418,-0.06003596930787434,-0.052415305906428414,-0.0461850288919767
2023-10-03,-0.008827074544312075,-0.019752007171914533,-0.020135109017913516,-0.020274254393411524,-0.020274974146830178,-0.02020042297513945,-0.016416214221798345,-0.016275951219758986,-0.016007414852519053,-0.015692661241681578,-0.01537321768268029
2023-10-04,0.054515178543033026,0.05592542723803457,0.05034868078576676,0.04543072364219397,0.04118670726831837,0.03755159584524678,0.056626220246885114,0.05065866478683045,0.04541172403307052,0.04091469207780337,0.03709321974691973
2023-10-05,0.012033482573905427,0.004325338427125566,0.0021459269262141295,0.00023707251917508772,-0.0013406106481045077,-0.002647153941305329,0.0068449337855508085,0.005294791727932989,0.00363846070089702,0.0022647530890870142,0.0011259563527154135
2023-10-06,0.03234426092214004,0.04443183309437039,0.04431301618365425,0.04254535406025082,0.040831308512597,0.039238074405048826,0.04017938856127913,0.03998607814369614,0.03757860959682468,0.03536880507424183,0.033396556049507024
2023-10-09,0.012271633509687683,0.002839520595083609,0.00045703526124040626,-0.0017370165717607508,-0.0035529502333115277,-0.005055783368887799,0.006072481751932072,0.004405880674583,0.0025561315185070772,0.0010240239247695212,-0.0002446970584097072
2023-10-10,0.024839019996783448,0.027636784992261545,0.027918693062499708,0.027010620342644537,0.0252471331058545,0.02365786675363834,0.02711907605083193,0.02744398670200304,0.025231566535714272,0.02323639733118706,0.02148110434145598
2023-10-11,0.00715371423425932,0.013050078288582708,0.014403176305276363,0.015524973149464844,0.015441357397361393,0.015303019804590635,0.0112385528747442,0.012213357666779145,0.012076473183052347,0.01173868138794114,0.011410635592486364
2023-10-12,0.01066404717095125,0.018657919992168582,0.020479655841448084,0.022144028861143368,0.021930599366698177,0.021655361658458088,0.016227952120514203,0.017548388145464885,0.017513632184978402,0.01695358145318797,0.016419485253067943
2023-10-13,0.0033247049838740516,0.0006343933689395136,-4.929256827685279e-05,-0.0007192496615070172,-0.0012806082522000036,-0.0017361898150839836,0.0015680099736854242,0.0011054463200542563,0.0006034569358488684,0.00015350674562499613,-0.00021731924283231125
2023-10-16,-0.0022361398439365407,-0.0028195090986455895,-0.0029337353130841183,-0.0030327191104401407,-0.0029503914658646642,-0.0028097750558926573,-0.0026713091828128132,-0.002763481010989034,-0.0027387840173470407,-0.002554657066161432,-0.00239245053516363
2023-10-17,0.0005707052401408062,0.004071700860653553,0.0049037390841820405,0.005697258696120207,0.006193804667391843,0.00639146503979072,0.00294591086846544,0.003532368937187128,0.004021358221208735,0.0041491698455576,0.00423507443748395
2023-10-18,0.00309251843845335,0.004637426600272251,0.004974331591794989,0.005283325845514111,0.00539589439459086,0.005226738504516718,0.004190838108419109,0.004442944787741563,0.004597098520306483,0.00436031166671343,0.004150767617945911
2023-10-19,-0.0019586741731626263,-0.003136858881008464,-0.003476841165968213,-0.0037953305850686,-0.004024186270809746,-0.003976958980087204,-0.002683121029179707,-0.002930140544857443,-0.0031242706591169955,-0.003030197120801678,-0.0029419649034908586
2023-10-20,0.010063123714307462,0.005461498817598496,0.006957134833267231,0.008394063221849392,0.009691500201872887,0.010180956474526276,0.0034388736223643773,0.004486158313466367,0.00548663292123068,0.00588122997053748,0.006181559045080089
2023-10-23,-0.02073898247455355,-0.016728371124442226,-0.018747651017158237,-0.020670253964315596,-0.021865747142923497,-0.021738453181600177,-0.013976581030681428,-0.015381822925635903,-0.01665687935288797,-0.016265223656697914,-0.01588412794802175
2023-10-24,0.0040742552636092765,0.007914286260303863,0.008052258773741595,0.008158120196276847,0.00821758193887996,0.0076785753147791255,0.00768001047943368,0.007804271734441386,0.007914286260305404,0.007344217071591766,0.0067802371589808265
2023-10-25,0.01868551828637358,0.01539279751832502,0.01787719005049427,0.02023759502609417,0.02245879554955562,0.024530920706751017,0.01192344184678032,0.0136775535425245,0.015392797518324834,0.01706192969403298,0.018626676191680316
2023-10-26,0.007223956284904108,0.0054704642989215155,0.0068978597478302674,0.008251844552743026,0.009522759028488318,0.010704726514854776,0.003476857411157881,0.0044845856924487625,0.005470464298920796,0.006429629491025203,0.007357901488668849
2023-10-27,0.03335379375809781,0.00831443321569755,0.010145985740804053,0.011879108602735082,0.01350216001681659,0.015008316887018328,0.00574850673627828,0.007046692549071266,0.008314433215698995,0.0095456869856792,0.010735306958266373
2023-10-30,-0.015697196530849698,-0.01557469399004517,-0.018972530886357072,-0.022130682614727483,-0.025036525423159966,-0.027688006667412036,-0.010716392500256074,-0.013188091675620718,-0.015574693990046582,-0.017865584174169825,-0.020052743367452303
2023-10-31,-0.01110848859983099,0.032215278508145415,0.036962459811927716,0.04123730224594077,0.04504494806801779,0.04840807961836488,0.025188005599150184,0.02879630341546945,0.032215278508144145,0.0354321660082791,0.038440071248319635
2023-11-01,-0.007322361998892703,-0.01699347128872114,-0.01871053146612778,-0.020061374833626227,-0.02112787022106613,-0.021975885744855633,-0.013878397724990596,-0.015313522802006936,-0.016420769424212753,-0.017260313663094596,-0.017890646175979213
2023-11-02,0.006156911726103989,-0.005653155317827884,-0.006085702034773877,-0.006415367143458495,-0.006667382542560208,-0.006861358174271037,-0.00471854135841864,-0.0050764062317864385,-0.005340672384663466,-0.0055309773886243075,-0.005665266709298608
2023-11-03,-0.00578904968444567,-0.03250718003816387,-0.03310668953935692,-0.03333229972502733,-0.032901945132705765,-0.0320635628445526,-0.029358305390929824,-0.029419145320718227,-0.029191536363127202,-0.028781406569187873,-0.028268434396221825
2023-11-06,-0.02712889464849145,0.0031745975930843567,0.002017803538612691,0.0009875945883391969,0.00013761812776132314,-0.0005711305571131721,0.00405915516931506,0.0030435757809708463,0.0021241677489026735,0.0013089976327519248,0.0005948919692556958
2023-11-07,-0.016839892366356315,-0.00030626464655812035,-0.0012896634676219946,-0.0021374204042086424,-0.002859302822469808,-0.0034707554447737867,-0.029569801334887843,-0.03567804030233081,-0.040708119209023494,-0.044799277549887,-0.04811046077350861
2023-11-08,-0.045099538716639034,-0.011852553223878952,-0.014140768576085587,-0.016026734912195143,-0.017566192950610834,-0.018818908131691646,-0.017041254555958132,-0.020132515937924114,-0.022621697097087494,-0.02460477375509108,-0.026180238696988264
2023-11-09,0.024135990768888695,0.02053848067896081,0.022939597292071224,0.024845364819892992,0.026342862114474983,0.02751547295783606,0.01529876922035322,0.01671033486047823,0.017769968169204512,0.018553857950454257,0.01912947579828347
2023-11-10,-0.048032151260769214,-0.021265390263532916,-0.024703679747266824,-0.027497418758918413,-0.02974740556298828,-0.031555350874169476,-0.0338413478614737,-0.03921858627627503,-0.04348702703021571,-0.04684245796606296,-0.04947530970601539
2023-11-13,0.01596324015477326,0.009843314177678546,0.012082661568013211,0.01392483967155569,0.015427935200748323,0.016652488409516854,-0.0009861322784469183,-0.0005534594126924779,-0.00017897281360647313,0.00014027334293331508,0.0004108015020195472
2023-11-14,0.03086768797462115,-0.01017972525497862,-0.009740997476378632,-0.00927852698814533,-0.008821027213247451,-0.008385140115752303,-0.009759495881135864,-0.009191047650218569,-0.008618454908276764,-0.008072731012576693,-0.007568794047918522
2023-11-15,-0.0019787194442358667,0.01875088266135984,0.020433621181971277,0.02172657508284099,0.02270884963917676,0.023451321080289408,0.014459382555826244,0.01530009006628973,0.01587342720884723,0.016251849372220267,0.01649294039060244
2023-11-16,0.04558536149054267,0.011843077226100103,0.014609249496938304,0.01689272133206988,0.018761852062290633,0.020211526091877,0.019917987302330187,0.023826081130337524,0.026940068705124522,0.02940314200646708,0.03135233198463495
2023-11-17,-0.0064085381117973865,-0.024542359040367178,-0.02729666830772946,-0.029464237204374886,-0.031154565053046077,-0.031848140155168146,-0.02196670730693222,-0.024193039666151415,-0.02588988432734071,-0.027168340935124873,-0.028085577026375663
2023-11-20,-0.011064815125154125,-0.03016559096822117,-0.03373322072297255,-0.036546189133524955,-0.03842117648313311,-0.03862744830628928,-0.03212908362138035,-0.03590153647386281,-0.03881800911550761,-0.041052600307122114,-0.04208895769126724
2023-11-21,0.044106421855724325,0.026502829724599875,0.03005470675600366,0.032880701968657215,0.0334715333642517,0.033850816625237784,0.030700516446533325,0.03500332030851549,0.03842425670412582,0.039307682364232065,0.03960375836306532
2023-11-22,-0.013524140917483194,0.012846864226226518,0.014304806143098198,0.014959124348005356,0.015000671752103473,0.015025372726379252,0.001841843904244214,0.0014976463616930885,0.0011364259310743042,0.0008274165505858147,0.0005874352488777503
2023-11-23,0.0060329454617758255,0.004540573481216514,0.005136196143335496,0.005413120482916646,0.005470164076516581,0.005512330187934233,0.0032617042120115613,0.003644215023654447,0.0037912977945413298,0.003784871023063252,0.0037775485145963967
2023-11-24,0.0182165811206339,0.008899046873584475,0.010264824094079097,0.011254620607647607,0.011477580410708704,0.011646434356555421,0.006182724041277831,0.007098667547510656,0.007674913487213795,0.007761938833585568,0.007824255098196573
2023-11-27,0.018626800915796306,-0.003443859463704107,-0.0032828451728051013,-0.003067097419351697,-0.0027532182466077156,-0.0025066470841582046,0.010926656296216385,0.013439710668800219,0.015094909863437728,0.015737011374087524,0.016223086470549784
2023-11-28,0.047102688450062546,0.003883522320214006,0.0054749381608816036,0.006747950040379601,0.007423660650661763,0.007948550348266544,0.011634329598551483,0.014480388652992235,0.01628700473462606,0.01704801207710109,0.017623889757890754
2023-11-29,0.005546402631745651,0.003064281535991045,0.0036153555214132,0.004064980315814748,0.004252280449028576,0.004350056740403978,0.007598713951498672,0.00888967929640641,0.009482707383985834,0.009647962254197342,0.009768900654723658
2023-11-30,-0.013938747487815999,-0.008518087201870016,-0.009949700331290326,-0.01111381587429774,-0.012053106710553553,-0.012809968521803826,0.0029622353141442346,0.003448514616585614,0.003838241430425145,0.003960253435224051,0.003991562972084781
2023-12-01,0.06396891688049344,-0.003146207871640225,-0.004465991573291723,-0.005576416421241907,-0.006502358720522768,-0.0072725694860128745,0.006935942498875893,0.007282887704969253,0.007518523139700575,0.007361332807705713,0.0070896189312467375
2023-12-04,-0.06176127242499469,-0.046669034471628984,-0.054267575910180464,-0.06046039376795626,-0.06546607558891904,-0.06950437101539826,-0.06760394386419723,-0.07850395135516908,-0.08726896293155688,-0.08929805481502454,-0.08988093323408593
2023-12-05,-0.014607158016307051,-0.01574946281751842,-0.01737750528683368,-0.01862286755544404,-0.019570194132116945,-0.019642963211713462,-0.025202276338674178,-0.026846378726136128,-0.026494880347648263,-0.02623119465050896,-0.026026534273164537
2023-12-06,0.00676584707756592,0.009354633368662161,0.011256856727181446,0.012786655454647567,0.014011358386203899,0.01440544155175891,-0.0070502738054183485,-0.007213956418097515,-0.006994635518531936,-0.006834096217798452,-0.006711609410051284
2023-12-07,0.0055124425575461085,0.0053503070477935455,0.005604566191694128,0.005774516900248659,0.005852318771451252,0.005647056055483075,-0.0022182825183674213,-0.0030091976594241437,-0.0034010956975183966,-0.0036841144554875835,-0.003897947371603604
2023-12-08,0.0950854216993847,0.1700309695498203,0.14553092013932592,0.12332057473499865,0.10240542459680398,0.08128908620106932,0.14079434269235763,0.10931526365606575,0.07791597520644224,0.055116463873598386,0.037821349648724044
2023-12-11,-0.022962368130044927,-0.012318262244880496,-0.01599054949930277,-0.019511801828282993,-0.022734177820618855,-0.02554890618604559,-0.006318089548136777,-0.008270033304591416,-0.009957253626527168,-0.011290059474127097,-0.01226274492783737
2023-12-12,0.026107172298018073,0.030776641126364804,0.029709596448696127,0.02820780916664156,0.026331270780835157,0.024182692451745827,0.03380768491163355,0.03264462217525234,0.03060361775873647,0.02792328308737563,0.024931806965415044
2023-12-13,-0.11106731116866272,-0.15205355590638892,-0.1403279945614072,-0.12655891115704704,-0.11122875267238241,-0.09498715442319908,-0.1732627379263356,-0.16250665822658222,-0.14772362299676287,-0.13028664198181533,-0.11187269506936373
2023-12-14,0.008297122382384194,0.004922457819620336,0.006016179844369158,0.0072333233441502385,0.00856018941697251,0.009960366717440284,0.0039375874807719945,0.004649911775336705,0.005403408365417702,0.006172184888107612,0.006918793639111116
2023-12-15,-0.011229842321770574,-0.005259840159375964,-0.00706303574729918,-0.00909202884982465,-0.011334735751834836,-0.013743347476091225,-0.005073455959484664,-0.006730908640615884,-0.008523869133521744,-0.010404856420300304,-0.01229760469225681
2023-12-18,0.005041517192486094,0.002179806606402192,0.0029974001815434915,0.003919497674063254,0.004941554937356403,0.006042878424584305,0.0008888247305422791,0.0012488960556265767,0.0016427924093389834,0.002061959731236872,0.002491214389430459
2023-12-19,0.010524986518101723,0.005630455044144094,0.007155560205594582,0.00886954159441183,0.010762240530434931,0.01279308874803129,0.006543350528914382,0.008298820002198344,0.010201103992770948,0.012202626119247736,0.01422387091041504
2023-12-20,-0.005221022060621577,-0.002270868310587365,-0.0031630162110774644,-0.004177000226819881,-0.005313654292642494,-0.00655775748956229,0.002051293672069639,0.002623997132009223,0.0032460139010064806,0.0039026028590122236,0.004568613848799679
2023-12-21,-0.00599661903929327,-0.010075726295132112,-0.009107246472799934,-0.007927203816332086,-0.006492231325901759,-0.004763363215248043,-0.011789208936279296,-0.011373984172602556,-0.010811379770528765,-0.010068987461151823,-0.009121278254827943
2023-12-22,0.01002498393255559,0.007008624559584685,0.008000617528978723,0.009115514896973103,0.010348936530359893,0.011675954083726124,0.005938656014723274,0.006506204948774574,0.007098581933145045,0.0076923310325895415,0.008252496194578669
2023-12-25,0.005232940701999735,0.0048242086127171435,0.005018741742725081,0.0052173529465258115,0.005408787614092922,0.005574541567251578,0.00473590516003118,0.004871876996493326,0.00498701679313884,0.00506550620722965,0.005088533430711503
2023-12-26,0.0021432657415271167,-0.002470034491949416,-0.0014818625583535175,-0.00031946238945793445,0.0010405141137076982,0.0026104622994297423,-0.005453956970215894,-0.005483137533971393,-0.005472624068567182,-0.00540545961027593,-0.005263552451248004
2023-12-27,-0.008489627155781535,-0.010685276571261634,-0.010215516863918764,-0.009608771969300572,-0.00882590968268889,-0.00782424820647345,-0.008848991277971372,-0.007733693976432217,-0.006404790503652472,-0.0048424234244468884,-0.003045791727083449
2023-12-28,-0.014479711113958784,-0.009732935013494702,-0.011139907104734692,-0.012723058491561258,-0.014476933475861679,-0.016366941461420068,-0.011038082194690955,-0.01281086225112812,-0.014738900156519023,-0.016779232643906888,-0.018851728773652675
2023-12-29,0.0012125899171737122,0.0017632135026340128,0.0017115576185793885,0.0016414067189387564,0.001546688552925693,0.0014204032232591124,-0.0011386220626260063,-0.0021753780125740073,-0.0033427124919792337,-0.00463204258749619,-0.006014716895065766
2024-01-01,-0.0009103773397990716,-0.0008631249256567592,-0.0009406665870570353,-0.0010258752675582961,-0.0011173967945768714,-0.0012119682633725225,-0.0008403798035040079,-0.0009051673738558266,-0.0009723268030778377,-0.0010389110976737597,-0.00110047876508147
2024-01-02,0.005262218970019572,0.0057825251896876095,0.005920762101884539,0.00604873544019347,0.006151546381552125,0.006206898282664264,0.004732482248651508,0.004490608255933938,0.004179771158920025,0.0037857634805238353,0.0032974711124564926
2024-01-03,-0.012470947363917953,-0.005360731065690509,-0.007289571420896805,-0.009555213271282335,-0.012223458714618817,-0.015359068593840178,-0.00904531402266134,-0.01225430628771003,-0.015991016451144275,-0.020342576718253153,-0.025383471569526642
2024-01-04,0.010874910516047987,0.00865152662817061,0.009350346258709277,0.01014763929764122,0.011052164032492703,0.012063860611991259,0.008372753095471894,0.00895714477806221,0.009609660654354377,0.010329257078029508,0.011104321174421587
2024-01-05,0.1425015422770124,0.12198636888118869,0.12813683399828638,0.13501778125891323,0.14262657363272885,0.1508418645353927,0.12058864145635025,0.1260173247889217,0.13189905200700255,0.13812645873826476,0.1444539611087335
2024-01-08,-0.007783526683900127,-0.003847394136487962,-0.005000412490913901,-0.006278949498026561,-0.00769553149506343,-0.009260978711009442,-0.002644022029626307,-0.0034023262497351703,-0.0042369739731586194,-0.005153635404057613,-0.006156185284567469
2024-01-09,0.0016755196393713925,0.001155383781697143,0.0013224883957677234,0.0015047830736419306,0.0017029653133343965,0.0019172125989266678,0.0009987658398406326,0.0011143495647312788,0.0012392880323499405,0.0013740634905569642,0.0015189635342497442
2024-01-10,-0.001827376790848145,-0.000535851551564501,-0.0008937243018886748,-0.0012894984508943256,-0.0017268974138089997,-0.002209233385969187,-0.00011627466951336947,-0.00033510824214635346,-0.000574453359533915,-0.0008361101025419978,-0.0011217336731865438
2024-01-11,0.02492943735969082,0.022752962521082522,0.02343493778375125,0.024148880763370625,0.024887932249865047,0.025640605511963406,0.02194136582762452,0.022366201641604716,0.02279962015603948,0.02323576414466633,0.02366626269738749
2024-01-12,-0.016078679807224393,-0.02168323053834418,-0.02006000621599443,-0.01831231238717995,-0.016432527667930033,-0.01441377543578584,-0.023346924820795343,-0.022199945198774263,-0.020955571313625066,-0.019607687206199504,-0.018150874785017476
2024-01-15,0.00014761657125922622,-0.0012780552264376184,-0.0009662693390173166,-0.0006312743219534844,-0.00027184158372493274,0.00011301545314658822,-0.0017260526382955005,-0.0015468202800440723,-0.0013537068162203189,-0.0011459671652588072,-0.0009229971453220832
2024-01-16,0.010638646387778151,0.01707286095513317,0.01507307979424568,0.01290986136381487,0.01057077331619646,0.008043919317598796,0.019093645992518248,0.017696857879176766,0.016183141386895417,0.014544121662272246,0.012772010203887177
2024-01-17,-0.013854970796523222,-0.008257231140869329,-0.009906546378602093,-0.011668940969293941,-0.013547134218421245,-0.015541327691838545,-0.006321299778442653,-0.007382613682387854,-0.008509952533318264,-0.009704217135008531,-0.010964868410480071
2024-01-18,0.008456819985396411,0.004141832894240612,0.00540784848618724,0.006757505340666996,0.008191861614115753,0.009709943561262082,0.002685323081913411,0.0035163882652445443,0.004401275057020775,0.005341535788596305,0.006337838970320469
2024-01-19,0.0036181325280219903,0.0019503719315780456,0.0024450416164292312,0.0029717446266859073,0.0035304545667845222,0.004120209911121187,0.001392845599197587,0.00172047884379812,0.002068752827894417,0.00243807588724521,0.0028284598940299835
2024-01-22,-0.003887963044429632,-0.0019370876749936353,-0.002532264158460487,-0.0031654579892153468,-0.003836734869384912,-0.004545138299650178,-0.0012487712886555165,-0.0016389770328113546,-0.0020536164544337626,-0.0024931899517007623,-0.0029577522452641407
2024-01-23,0.0026584200200135853,0.0007466948073114469,0.0012607544002996849,0.0018088921466116216,0.002391473389700727,0.0030080356398455074,0.0001170449415605148,0.00044370504370218187,0.0007919806751915159,0.0011625595558962041,0.0015557998274528804
2024-01-24,-0.007081461164251558,-0.003411927002143452,-0.004511246348533268,-0.005680727021212613,-0.006920421111787493,-0.008228475911628926,-0.002134875398127919,-0.0028545843518722374,-0.0036197277689061277,-0.004431304056905182,-0.005289496608869571
2024-01-25,-0.016578690223278476,-0.018562868297053513,-0.018052977497734667,-0.017478053552466476,-0.016831432163127557,-0.016106623391384457,-0.01904776734962555,-0.018694543684555733,-0.01829292859670124,-0.017837167795465247,-0.017321257438634767
2024-01-26,-0.0008662629020975862,0.00344784409697128,0.004377801501554997,0.005364742216875558,0.006408604507036669,0.007507848061627322,0.0023844484261623003,0.0030007438132386576,0.0036549807181420974,0.0043482287115353775,0.005081003624462103
2024-01-29,0.006467372783195563,-0.0017227561616879078,-0.0020911492811111045,-0.002481858324553273,-0.0028946394009366607,-0.0033285837483715292,-0.001317814201111423,-0.0015672001285398532,-0.0018321280342552299,-0.0021130327120650063,-0.0024101061489370888
2024-01-30,0.001935658532711438,0.0008149095314110175,0.0011000020486203901,0.0014031494287315826,0.0017243300793216402,0.0020630289245654855,0.00048171331264643266,0.0006687621195834121,0.000868196129796386,0.001080518061053334,0.0013060782761563857
2024-01-31,0.05537931177348977,0.05051452775332835,0.04918720429182748,0.04768173987043389,0.045978605751987395,0.04405851605852381,0.05166971587152598,0.05074644724783619,0.049700984459798,0.04851778256135368,0.04718008733298537
2024-02-01,0.0076353564387287316,0.004236402148523778,0.005302484172232749,0.006444826482694049,0.0076654744520001,0.008964713649042727,0.0030525879249545416,0.003760792830935417,0.004519445749579701,0.005331479631148431,0.006199418085278208
2024-02-02,-0.07478200465494707,-0.07310948299751821,-0.07427930698749713,-0.07542492263857725,-0.07652120582501747,-0.0775363393642761,-0.07152148357732506,-0.07233258531863344,-0.0731595556002817,-0.07399557737266142,-0.07483111674893833
2024-02-05,-0.00586616528461401,-0.0019388931063768226,-0.0023381287162518734,-0.0027633515305418334,-0.0032155987630682913,-0.003695585465423968,-0.0015128528140778757,-0.0017892660657422477,-0.002085550678845788,-0.0024034314594349815,-0.002744736307330811
2024-02-06,0.006036486503334897,-0.0018129042048153725,-0.002559751772151809,-0.003356496327173505,-0.004202739951920816,-0.005096435389434387,-0.0009361796845041014,-0.0014260687132540849,-0.0019533493472995433,-0.0025208142046453746,-0.0031311504713723995
2024-02-07,0.0003993541000254197,0.002358957043876568,0.002833925057383509,0.0033389252152240144,0.0038734787738316187,0.0044360625951664,0.0018571695360316677,0.002187384204100755,0.0025419559256329716,0.0029226143712985622,0.0033310004355722026
2024-02-08,-0.0005411443086716505,0.008237084312417795,0.010721305137134278,0.013369359727342914,0.016180069283441633,0.019146915627127566,0.00542373621865258,0.007086917838650604,0.008875724215497422,0.010799525894240507,0.012867367773372104
2024-02-09,1.8889242015819997e-05,0.0022265439860808638,0.001438525653637906,0.0005930826861642934,-0.0003089762458123107,-0.0012647772993542407,0.003125091827387954,0.002607069966556501,0.002046560715142042,0.001440371162046329,0.0007854945228740679
2024-02-12,-0.0018734274758598459,-0.00022505163488152375,-0.0003694045572162283,-0.000522886933768444,-0.0006849308855571944,-0.0008545208985125885,-4.9365677320181196e-05,-0.0001423738385014495,-0.00024248788293107284,-0.00035011919471059473,-0.00046560259208015207
2024-02-13,-0.088353464203577,-0.07585111960941598,-0.07455880458871995,-0.07299115465118385,-0.07111645633618675,-0.06890597093158952,-0.07723704693649196,-0.07656477833897585,-0.07575257222645222,-0.0747772526801645,-0.07361281051994734
2024-02-14,-0.0006809079927787143,-0.0017460508045899067,-0.0021078819993702843,-0.00249425933543085,-0.002905219744149916,-0.003340019202504597,-0.0013631191322843752,-0.0016126341035584942,-0.0018812086500656544,-0.0021703356703749385,-0.0024814796698426262
2024-02-15,0.006655871459529479,-0.0011582671200164555,-0.0009727355424553174,-0.0007721361911978933,-0.0005557047712366919,-0.00032289877317751427,-0.001366855082530356,-0.0012451634809442988,-0.001113188680556225,-0.0009699120483265621,-0.0008142470466928192
2024-02-16,0.034546302495984706,0.037496930929530096,0.03898113044774909,0.0405209458976559,0.04210916823678735,0.04373520239055993,0.03578876691542331,0.036823267030287696,0.03791541021051081,0.03906703519563823,0.040279200728934
2024-02-19,0.003225112798883712,0.001768402755094555,0.0021406087559675273,0.0025344554534025778,0.0029501914260462855,0.0033876560272395597,0.0013661610359333035,0.001625047336244893,0.0019015086758939613,0.002196852817844235,0.0025124097482404884
2024-02-20,-0.005354783902830667,-0.00880584090316529,-0.008434192338660619,-0.008027754797334603,-0.007583678442587148,-0.007099207355313368,-0.009281720311578291,-0.009059825030008524,-0.008816955724879958,-0.008550677032669561,-0.008258277134513431
2024-02-21,-0.00010011723421877438,0.0014136228339254237,0.0018531537397720487,0.0023192485492756977,0.0028124566673694623,0.0033328875387196315,0.000908122143176108,0.0012037979889938089,0.0015199516644660274,0.0018581861325193002,0.0022201558877471893
2024-02-22,-0.00021988771882050303,0.0011962547197745801,0.001607229134083253,0.002043165821437593,0.0025046029628180005,0.002991670809566122,0.000717854526197914,0.000992490683712898,0.0012862016115656781,0.0016004877249389741,0.0019368995487959845
2024-02-23,-1.865116853135781e-05,0.00010321830748367836,0.0001385767527481172,0.00017609959199484668,0.00021585077150827848,0.0002578648764690032,6.207644901322473e-05,8.57067393141276e-05,0.00011097781179683783,0.000138023146664287,0.00016698256578430304
2024-02-26,-0.000837885612289892,0.00020901845084026415,0.0004661470685079947,0.000739471596459398,0.0010295375052660279,0.0013366868119056292,-0.00011498342276453056,4.9069472050862714e-05,0.00022473748601319548,0.0004129929873029015,0.0006148607811011063
2024-02-27,-0.0003047762969459235,-0.0010998987141372415,-0.0015146687254006903,-0.0019550180749344933,-0.0024217601499810382,-0.0029153779504849935,-0.0006123388409462712,-0.0008879180225248051,-0.0011827154672007121,-0.0014983143779821284,-0.00183637910403969
2024-02-28,0.0029282690605775385,0.002674357022723639,0.0034673768689626383,0.004308667076441851,0.005199620511865098,0.006140967633926173,0.0017682367446803392,0.0023034558653988266,0.002875729740230371,0.0034880633405179468,0.004143602618776151
2024-02-29,0.025441384772062675,0.020277030503520626,0.02030516174447305,0.020312245309603256,0.020293842827521672,0.020244915227736093,0.020256933887379223,0.020305095198792453,0.020346300819256227,0.02037854167873649,0.020399369788167886
2024-03-01,0.022209945052409943,0.0083709537193316,0.013733010356432287,0.019359163032329527,0.025250757067908667,0.03140544491661104,0.0021617563799263056,0.005829758333270212,0.009721324701331155,0.013851342239072905,0.01823498398625866
2024-03-04,0.0222005100041886,0.015600350576642158,0.01972575610941662,0.023938555505915178,0.028196720931421143,0.032452676155681745,0.017268016887457983,0.022027471089880433,0.027018064896307915,0.032230200897616405,0.037647728913989126
2024-03-05,0.021631524377020057,0.014434303450980073,0.015206721059320374,0.01597908791851106,0.016734271531265322,0.017451594569933705,0.013356100599761745,0.013830480173158704,0.014302115901277546,0.014760785154497965,0.015193839719862294
2024-03-06,0.011691079328609992,0.00011475196068017561,0.0010942059553258282,0.0021446134297915943,0.0032597661888521413,0.00442870647355285,0.0043621880326694396,0.006616912828539736,0.009034109609638276,0.011606903473681193,0.014319850431200654
2024-03-07,0.035940246956986846,0.025353001905089576,0.023759603250438875,0.021958534412479937,0.019941532517261742,0.01770861531497767,0.02787456913736495,0.027098450296282644,0.02619262225844699,0.025143037824869662,0.02393730997619553
2024-03-08,0.011538404185550487,-0.0009253849089830122,-0.0009487475668707209,-0.000970192194251176,-0.0009888070904577114,-0.0010035896134523786,-0.0012613825794443759,-0.0013862090762242262,-0.0015166784731835742,-0.0016518410871159718,-0.0017903212284410355
2024-03-11,0.0030785576164876435,0.0010199303457304107,0.001166227595784121,0.0013189768827061403,0.001476393456208251,0.0016360271659457482,0.0026448114596173532,0.003273350701379146,0.0039398722202469896,0.0046416700123331515,0.0053740244244047525
2024-03-12,-0.015250448976973478,-0.003298013390858323,-0.00423769568521164,-0.005214758285738163,-0.006218791775244629,-0.007164188222500267,-0.005724656340759868,-0.007370312447910133,-0.009095425403230497,-0.010889328806823584,-0.012636059440720564
2024-03-13,0.011101012714362866,0.008105082196064267,0.010251389356621416,0.012479605614260333,0.014765249988687727,0.016831103492368608,0.014297388576056879,0.018238592266755792,0.02236232128514167,0.026607998467578615,0.030482873043256607
2024-03-14,-0.008040056017417847,-0.00431651509088209,-0.005731443452968599,-0.007203946095334916,-0.008718268159008327,-0.010254279119901889,-0.003546230716325982,-0.004738444530298901,-0.005982843476390818,-0.007269275810071297,-0.00858429457608157
2024-03-15,-0.003346106208199984,0.004569882845069807,0.00558914968395471,0.006642850126252557,0.007718388230432757,0.008800203380265175,0.006860771070647598,0.008536429716336443,0.010277702071284402,0.012068850683927077,0.01388961863656105
2024-03-18,0.003223811406412901,0.002795334804643374,0.0034997829821048986,0.004229480683133572,0.0049759354556740175,0.005728568938216336,0.0008381482197318135,0.000982552574387758,0.0011317246613351609,0.001284162086523289,0.00143798729074561
2024-03-19,-0.0019850432728362967,0.011613073198983252,0.014973638260614718,0.018462649347337323,0.022040899969874597,0.02565900686515956,0.0063187332243964155,0.008159938704837343,0.010076535948277267,0.012051590245571654,0.014063143082847082
2024-03-20,0.023607299563911905,0.01790308696325246,0.022116151532029178,0.026458879783841333,0.030875057745873333,0.03529688782879734,0.01269453750528237,0.015435335979870596,0.018273516848635426,0.021181062310734605,0.024122748457317638
2024-03-21,-0.0032735648869487953,0.000612065756571882,0.0007848802396099533,0.0009624149094874343,0.0011421265239310754,0.0013210468890601254,-0.0004954832389977131,-0.0006364084703886354,-0.0007824899526316262,-0.0009322482763822236,-0.0010838338359683063
2024-03-22,-0.011822977012666522,-0.008329696623931957,-0.010385926381005115,-0.01249343075442679,-0.01462141030915572,-0.016734201980540278,-0.007613388137279585,-0.009483038112935034,-0.011417117904172788,-0.01339545022805456,-0.015393046099418392
2024-03-25,0.005121109882716324,0.003130686138241686,0.0037887840438409677,0.004459189739307366,0.005131410098946511,0.0057936319918871545,0.002932699061526061,0.0035419772083718696,0.004169189213411944,0.004807150845032561,0.005447203440050933
2024-03-26,0.004095607748474993,0.003001251818691492,0.003977204559845175,0.004978776843151431,0.0059912250133712305,0.006997574789001946,-0.0010131241971277384,-0.0011670101105470045,-0.0013243420713031837,-0.0014831786586028456,-0.0016412394967530457
2024-03-27,0.011514489993352695,0.00490070797943138,0.0062570895238069305,0.007646602451502417,0.009048385891741938,0.010438513922337023,0.004848491355199058,0.006201739854236961,0.0076019266207608535,0.00903422804946277,0.010480366227684862
2024-03-28,0.024160766386053863,0.013605193753590416,0.0176774259551175,0.02185350404423948,0.026071036093955207,0.030258267366073434,0.010602329921018118,0.013856680621616232,0.01722818956550974,0.020681778050041875,0.024173938818460704
2024-03-29,0.00033770084203542535,2.608983084187102e-05,3.338520865680215e-05,4.08230254473071e-05,4.828015344646312e-05,5.561970817533211e-05,1.7378245533415606e-05,2.2292824923989614e-05,2.7364351805264493e-05,3.253376844715256e-05,3.772980208131403e-05
2024-04-01,0.012271076030478922,0.009792482311200324,0.012188620288069099,0.01462498849323676,0.017060580902450377,0.01945019535001188,0.008640004844844205,0.01074105521862992,0.012904408211949143,0.015104313448722786,0.017309956018789995
2024-04-02,0.017071401148340742,0.009095825653824068,0.011638678500831019,0.014230655020173306,0.01682867517990816,0.019384905868324566,0.015063711801736086,0.019334120486963882,0.023748745118417795,0.02825854124875265,0.03280352787878109
2024-04-03,0.009537672072137775,0.005832147186157033,0.007762711567022449,0.009733194273774714,0.011710640307342346,0.013658484971154348,0.014691440636300724,0.019129874053778882,0.02369687257777607,0.02833399229020776,0.032972377443888964
2024-04-04,-0.004989204013575835,-0.005481725712577518,-0.0071472426366334255,-0.008801895397637156,-0.010407378106059335,-0.011927520188423801,-0.0013172757280726637,-0.0018596412714072337,-0.002404922325205412,-0.0029423163647226583,-0.003461020125399877
2024-04-05,0.024641784092216665,0.017170682068779298,0.021764890514440003,0.02631344793427025,0.03070993305925912,0.03485495032173556,0.014166522156537633,0.017965928342031336,0.021757021776834494,0.025463046130556968,0.029008794277751524
2024-04-08,0.00490369555201933,0.0043199298855395385,0.005686010224368039,0.007036423793688907,0.00833885852354366,0.00956383411777663,0.005800554343728057,0.007573266086729725,0.009340577286845399,0.011065957933775608,0.012714122000087622
2024-04-09,0.0073165010903111175,0.003708594880924516,0.004775092807060807,0.005827200217033426,0.00683971685651566,0.0077897696775444504,0.004157728867936444,0.0053516373152350215,0.006540250044498456,0.007698921439236301,0.008803945314757228
2024-04-10,-0.007310520404905969,0.00922130006048664,0.010554067819276767,0.011829430683053473,0.013015339369372464,0.014085699481997858,0.008281598883189816,0.009382276358315856,0.01044561653435735,0.011447908719039519,0.012368489487597382
2024-04-11,0.022756807334456574,0.014835276132808753,0.01875506961666631,0.02258735336670221,0.026239602199735056,0.029631934332284556,0.012042427291853435,0.015252821301159805,0.018424951691903682,0.021491247405279877,0.02438929893146213
2024-04-12,-0.015347480265480449,-0.009221286327961677,-0.01164382866928991,-0.014002881840673387,-0.01624074137195273,-0.018308872722813466,-0.005357756416144891,-0.0067816200481144754,-0.008185351352663612,-0.009538625160097021,-0.010813817218760503
2024-04-15,0.022309910101888705,0.021422259827047044,0.026960457642960685,0.032319771477855426,0.03737688194024507,0.042032388944940303,0.018261692985789023,0.02305657643642697,0.027760864489987915,0.032276874791464766,0.03651821330055805
2024-04-16,-0.0005283084253450345,0.0032445564359726716,0.004076299425474253,0.004876422431258985,0.005626265794489383,0.006311429350372696,-0.0010972765981004974,-0.001383578596873642,-0.001663211311397145,-0.0019302319473183194,-0.0021795354605886243
2024-04-17,-0.01233780762678215,-0.01006952823908258,-0.012651381318197574,-0.015135384067280351,-0.01746360102954661,-0.01959128048368164,-0.0064575071558624,-0.008141096772827646,-0.009784533049745126,-0.011352787637390583,-0.01281588301696589
2024-04-18,0.011225727972179937,0.009265903012463996,0.011411696045581834,0.013458848490952479,0.01535958659558511,0.01707896790711425,0.006293794650056797,0.007714514563640576,0.009091794684777438,0.010395950534115302,0.011602400254787473
2024-04-19,0.006910332296327213,0.004176944852222637,0.005240157790121457,0.006258202088121341,0.007207278413576109,0.008069675451815824,0.007551472005211782,0.009514174102737008,0.011426081499247884,0.013246159012873349,0.014939772763082702
2024-04-22,-0.033979116006478766,-0.019293827639859127,-0.024230427416404035,-0.02895831080738371,-0.0333669161204747,-0.03737387472831305,-0.028258030305429005,-0.035623650885463584,-0.04279662631976835,-0.04962284631977082,-0.05597252846361184
2024-04-23,-0.003333263341134321,-0.0026071358781691134,-0.003018909982221195,-0.003399791256870747,-0.0037414110327280373,-0.004038933804504017,-0.0008066699903710409,-0.0007695495562869292,-0.0007262132340384098,-0.0006780530737310579,-0.0006266974697599161
2024-04-24,-0.003603685985128075,0.0015024597670476674,0.001900937208062629,0.002277686181486983,0.002623863137759197,0.002933636622739892,0.0008761557529755348,0.0011187623488834364,0.0013492325662914928,0.0015623679329201928,0.0017546062075594385
2024-04-25,0.008733222571593306,0.007315331332664445,0.009349841914525859,0.011276593677307557,0.013050156679170387,0.014640292195540791,0.004752310019071639,0.006148636115813305,0.0074774931803885765,0.008708766206260482,0.00982162664929689
2024-04-26,0.0038876133167441477,0.02246289637356218,0.027886865094169558,0.032996755920104724,0.03767359593533536,0.041840575109342255,0.014053466423122765,0.017387286701319987,0.02053750733808661,0.02343399120309089,0.026030054556264996
2024-04-29,-0.0015687543849930623,-0.014289690937955901,-0.017754805449079904,-0.020992978094960552,-0.023930759722759383,-0.02652500968912834,-0.008182197737669383,-0.010169242270144938,-0.012043779399542548,-0.013764242050340292,-0.015303538526451204
2024-04-30,-0.026787826667826687,-0.004041856354970259,-0.005820257758381486,-0.007467447477839025,-0.008952560075136966,-0.010262053928248166,-0.012708115044652973,-0.016558570112755872,-0.020133333867264756,-0.023366187038765036,-0.026224500508803636
2024-05-01,0.019783545261745264,-0.012085200252862673,-0.014618282591497346,-0.0168965561137617,-0.018887435399239056,-0.02058571489677458,-0.007234693028194561,-0.008680385048081026,-0.009988851675475849,-0.011139907347699759,-0.012128105408277317
2024-05-02,-0.012502096920493236,-0.018685587848025174,-0.021509735729771103,-0.0237910476003196,-0.025561360002422043,-0.025394723997449534,-0.012408336318815546,-0.014006247256312646,-0.015296283217903744,-0.01629549915766716,-0.01617368782806728
2024-05-03,-0.0021877712447494714,-0.008970085971279653,-0.01061230413120289,-0.011959347054401636,-0.012911629385341714,-0.012863728757892922,-0.008314245915350302,-0.009874132232263345,-0.01118116796987991,-0.012239263026879358,-0.013060817898032194
2024-05-06,0.016091353983150525,0.021046823380335013,0.02521125031061936,0.028646968769375572,0.031165012029417686,0.031206283817071412,0.02812025895533919,0.033871306263745606,0.038716581294652906,0.042664395623771646,0.045560990894772474
2024-05-07,-0.004498305498771746,0.0065857561856274,0.007150223234945425,0.00756098116076693,0.007840411623904938,0.00760946032739982,0.004471936461217278,0.004632407762136453,0.004716966263150125,0.004741570494742852,0.004584956753517739
2024-05-08,-0.0038022879541592582,0.005948296920197924,0.0071732676802838706,0.008184613013138478,0.008991596278682203,0.009109739072558649,0.004696095402825841,0.00568644943780999,0.006515176779434595,0.00718647954156424,0.007528336031228201
2024-05-09,0.02500160887990298,0.015584023169253924,0.019007928361386765,0.02185305789920016,0.024139957681463486,0.024518323842526616,0.020700091325091586,0.02520305824123224,0.028982785841474006,0.03205557611019568,0.03367017121429429
2024-05-10,0.009789485366915991,0.009801639492726033,0.011737581094014201,0.013329152702129095,0.014535999629427872,0.014552153569279108,0.008384916464041789,0.010053992404976866,0.011438813579864695,0.012551261068924915,0.012724250857337773
2024-05-13,-0.02111431240864793,-0.01043533655037786,-0.011019664852067162,-0.010885114087670488,-0.010787260672628451,-0.010712925788976764,-0.00840427092334222,-0.008920550432692454,-0.008750759694573092,-0.008628435470137778,-0.008536148155177921
2024-05-14,0.016534455853298928,0.01348105839249655,0.015622593732607642,0.01624210492628579,0.016684956556416098,0.017017183827635816,0.01260817742992727,0.014677602205999583,0.015249598031149688,0.015656139164093932,0.015959847605407786
2024-05-15,0.01836193509806076,-0.009746209594665114,-0.009290207709653364,-0.008673646037106705,-0.00787700717976541,-0.007277026348250596,0.009821767458002877,0.012651392915366674,0.014093203465455274,0.014876436835323326,0.015461693434784715
2024-05-16,-0.0047950714650441244,0.0070502930400910485,0.0060359145366489135,0.005300992226944544,0.004771708343604137,0.004372553269287493,0.009470842142099973,0.008358571175008546,0.007602391108306669,0.007062619637583038,0.0066581897062400605
2024-05-17,0.030380900629104576,0.028290952472936632,0.029841951923263055,0.030236875313148955,0.030512773807220717,0.03071611054751711,0.04496545865567718,0.04576213097656642,0.04594838743544105,0.046069137184380514,0.04615297778001787
2024-05-20,0.009729975238869268,0.01817846728457243,0.0180969006178207,0.01803251030049085,0.01798156494719512,0.01794063621629896,0.030897572617954328,0.0306503448402565,0.030472494726542794,0.03033928854158359,0.03023609743983673
2024-05-21,-0.003740956636768401,-0.004458369162235413,-0.004443092651393103,-0.004430506002393687,-0.004420323366889453,-0.0044120301030382645,-0.00794735272918356,-0.007895043659960061,-0.007856879489550566,-0.007828049990210108,-0.007805587695489566
2024-05-22,-0.03304329603769263,-0.017631330954512723,-0.018977413429908514,-0.019721334679522605,-0.01984371073523039,-0.01993253968521972,-0.021071714445267124,-0.02266462769062207,-0.023570064991639158,-0.02364581844504082,-0.02366008179130014
2024-05-23,-0.0423581557267066,-0.03543145626693091,-0.037504238923658596,-0.03815424586390862,-0.03808699769166384,-0.03803004815419952,-0.04108658045924312,-0.04355422486025478,-0.043893760564010814,-0.043655144497084644,-0.04347008966718351
2024-05-24,0.0060291835683672435,0.00693706162399751,0.0067173354872024395,0.006407060667049648,0.006182376008298605,0.0060122692848423795,0.006051285852915713,0.005662340810761373,0.0053391806090969125,0.005107665826436683,0.004933751281221777
2024-05-27,0.016109329389493898,0.014163013531233429,0.014419000348103036,0.01420696477363855,0.0140506130211587,0.01393070003180786,0.009782059266157973,0.009533194565483755,0.009266152171601334,0.009073593807688024,0.00892826987524853
2024-05-28,0.009020271820120324,0.012471459343463966,0.012975744887799689,0.01319420707457135,0.013272789628793745,0.013283108656197027,0.03751637308207445,0.038819780126584526,0.03856582721813022,0.038375098004698474,0.03822707436787334
2024-05-29,-0.02127610418283275,-0.013152990507659688,-0.012999877456740881,-0.012771484144952666,-0.012540953572137132,-0.012330691542173762,-0.005496943860307568,-0.004842369102148082,-0.004404160617179326,-0.004090610445561041,-0.003855284357874984
2024-05-30,0.005841354215652866,-0.006350265860409604,-0.00723149319184895,-0.007808736447125425,-0.008205411044458481,-0.00848999009400812,-0.01656381140621613,-0.017442866762636046,-0.017833774632558533,-0.018110256766319534,-0.018315997398527937
2024-05-31,-0.012337518632661299,-0.001463386941634831,-0.002389043400783941,-0.0030380229391941444,-0.0035088679836571533,-0.003862031963331721,-0.018620067844622046,-0.019425797318453206,-0.01995605254294252,-0.02033100890067007,-0.02060999282242328
2024-06-03,0.02673214330380197,0.008097520421864414,0.006875939775866817,0.005950934710510256,0.005240890599071632,0.004684685766380456,0.013706349156712995,0.01226448254962808,0.011302307064166885,0.010615217482806695,0.010100238121706922
2024-06-04,-0.022669396614547033,-0.039790330498247706,-0.04118355715078011,-0.041870023922450754,-0.042210376922670524,-0.04237333889369978,-0.04647713683830875,-0.04650339480921645,-0.046148531307207766,-0.04588428014162288,-0.04568037417570539
2024-06-05,0.029253941165834647,0.04813894917028963,0.04805800227703793,0.04798024979248522,0.0479127382947913,0.04785544554805539,0.03681204030969728,0.03640967479309456,0.036123861745636,0.035911339069142005,0.03574747039130931
2024-06-06,0.019805141340525793,0.008543945552002462,0.00852780097195177,0.008513053358001354,0.00850051508125834,0.008489997122288881,0.027577581899895495,0.027531255078306886,0.027489067486529104,0.027453414202988136,0.02742366861230729
2024-06-07,-0.07270303721292637,-0.0415007045101537,-0.04231498926686975,-0.04284601972646351,-0.043218904958304945,-0.04349481664027366,-0.052295690287063046,-0.05273265154013718,-0.05300368638187058,-0.05318716428867283,-0.05331917773126471
2024-06-10,0.015722020154902844,0.02056477716760501,0.02034015553636777,0.02017992074398142,0.020060305314291555,0.019967767080977864,0.017882772817207664,0.017605938971997664,0.017415796200049356,0.017277339435296586,0.017172091847129207
2024-06-11,0.00444814704021657,0.0055051065117552546,0.005777928530736785,0.0059594049172900475,0.006088687706824994,0.006185405660939231,-0.007405482367772027,-0.0072344620370116495,-0.00711809967902843,-0.007033889492109098,-0.00697015593799319
2024-06-12,0.009575602677637823,0.005822005245479967,0.004686944980096837,0.003919218446335271,0.003365881075372952,0.0029483423754919223,0.021223813108490523,0.020355047159922923,0.01976913469907669,0.019347612428388252,0.01902993474532659
2024-06-13,-0.01748158222516419,-0.012269892230476816,-0.012321425097154429,-0.01235062301470308,-0.012368855506979129,-0.012381060552065951,-0.02386745934414432,-0.023902537113342625,-0.02391890948644178,-0.023927127593650746,-0.02393137681489172
2024-06-14,0.022799210035794812,0.02526909080220617,0.026454149469333034,0.027241577317702322,0.027802085095335227,0.028221147203994792,0.017490802011831282,0.018288534472568955,0.018820776406501517,0.019201001798047845,0.019486140024605286
2024-06-17,-0.010301472942998283,-0.004356763549816901,-0.0047382559116568215,-0.004993095289373375,-0.005175170687232717,-0.005311673432044456,-0.0028491659182068494,-0.003106427898991064,-0.003277952028618822,-0.0034004254459683333,-0.0034922366222110497
2024-06-18,0.009342053082744555,0.01170025833462614,0.011639004446528876,0.011592593994518374,0.0115567013455011,0.011528280999207108,0.008752211252383095,0.008703469864566188,0.00866907524926251,0.008643573206616118,0.008623934725215906
2024-06-19,-0.0010458707818704449,0.0029221416552442994,0.002900054359356552,0.0028839099527568114,0.002871683123482083,0.002862133815206883,0.0015261428462730526,0.0015058396810168429,0.001491899712786348,0.0014817460173019233,0.001474023964071556
2024-06-20,0.026409250450602845,0.038747906447657125,0.03923297854690201,0.039540362740124284,0.03975174174273676,0.039905678379443144,0.0398719966540047,0.04028433376540289,0.040552702664167314,0.040741051754977796,0.040880429727851615
2024-06-21,-0.032014741268260316,-0.018273302264164595,-0.018134906657127026,-0.018034095405643435,-0.01795792089140987,-0.017897082917216933,-0.026386046337009687,-0.026299064302018737,-0.026235676890133543,-0.02618775334707493,-0.02615036381006049
2024-06-24,0.012632130723448818,0.010629886863362765,0.010069082548010706,0.00968876050203394,0.009414168542751395,0.00920671186685845,0.004661692876581234,0.004225252267573893,0.003932635318263881,0.0037229014403129474,0.003565241212538129
2024-06-25,-0.012080223130752053,-0.01022281235776899,-0.010430327119328535,-0.010564853109947163,-0.010658951706802004,-0.01072839191248556,-0.015243615528830797,-0.015396864636117641,-0.01549616797979812,-0.015565655116119227,-0.015616965654970472
2024-06-26,-0.02050095360132013,-0.002388098234784615,-0.001997774465636676,-0.0017348938608559186,-0.0015459876346532225,-0.0014037553508977063,-0.00048082126677991926,-0.00019136683412135234,2.1367332125981954e-06,0.0001405552996515571,0.00024445642647038363
2024-06-27,-0.00019171298089698681,-0.001268519941782223,-0.001261331703492001,-0.0012559410183213358,-0.0012517963867581603,-0.0012485270401893134,-0.0005317938291218053,-0.0005228512523533081,-0.0005167562415953783,-0.0005123392446046451,-0.0005089925740211134
2024-06-28,-0.00037590144716217403,0.0017328110938635653,0.0015637279162085851,0.0014495997101956245,0.0013674640809641571,0.0013055549296945353,0.006544845552647873,0.0064201703898899305,0.006335582124780984,0.00627446546682666,0.006228256809584739
2024-07-01,0.003491726924198785,0.012194460794877258,0.012288323092609441,0.012345703437671763,0.012384063060889197,0.012411368005904587,0.007140286320669585,0.007185232698279954,0.007213817532686652,0.007233546241275771,0.007247961192013264
2024-07-02,-0.00022012141623959204,0.000998858206077017,0.0004992854628618035,0.0001637130538421481,-7.699189113133576e-05,-0.00025798417521423993,0.002026450643796292,0.0016469583598823238,0.00139266065644604,0.0012104549798243815,0.0010735207727472062
2024-07-03,0.01966387279400317,0.02183198936599075,0.021762908734867272,0.021706699419581983,0.021661530873526853,0.02162489858977742,0.0317254301907884,0.03164218302604578,0.031582301318821455,0.03153738275947491,0.031502521542251395
2024-07-04,-0.0005954340364977545,-0.007940934486044814,-0.007526566063859761,-0.007244731422830421,-0.0070408513189581644,-0.0068866045990080595,-0.004763890466844727,-0.004408720292189809,-0.004171398374127648,-0.004001669432474495,-0.00387427608565809
2024-07-05,0.02462213846090185,0.014591402155090725,0.014732232205534683,0.014820009230932097,0.01487958807564842,0.014922521306162326,0.02246036117638741,0.02249993549871774,0.02252277997061924,0.022537365151626458,0.022547357736187778
2024-07-08,-0.020970913787873136,-0.016722802511225425,-0.017370987276385783,-0.017798482879487144,-0.018101195979245376,-0.018326644283902526,-0.021297146599131615,-0.021787937761167865,-0.022108583458792574,-0.02233423379102692,-0.02250155774123539
2024-07-09,0.004045830832189484,0.01123625169034495,0.01114490186834287,0.011079232023975752,0.01103000003611292,0.010991811563945585,0.008996327835564217,0.00888983303637472,0.008816413393483215,0.008762816262846269,0.008722000257995756
2024-07-10,0.005461235434553073,0.011082717517583494,0.011124095268072738,0.011147276546251054,0.01116163170823966,0.011171178120205497,0.0052389306988788785,0.005239968944521107,0.005239213565340595,0.005237965696639895,0.005236643241500521
2024-07-11,0.03175933012530278,-0.013505061885067981,-0.01355562798102229,-0.013583873597941418,-0.013601315296842597,-0.013612882682134647,0.004210962462172998,0.004211712576574789,0.004211043168547572,0.004209992847913986,0.004208892883763434
2024-07-12,-0.00480917649499388,-0.0232957018358268,-0.02252495017855992,-0.021997699588988708,-0.02161480475952934,-0.02132431331965897,-0.022188813026547936,-0.021504416711776594,-0.02104192069401774,-0.02070872487688841,-0.02045735696722763
2024-07-15,0.010189063615643026,0.015265404674838745,0.014351961327734919,0.013731962457461727,0.013284065934209601,0.01294553571134165,0.00569639003643616,0.004916635049283272,0.004394883240085124,0.004021503741275411,0.0037411784463917473
2024-07-16,0.030229099831450407,0.030844337675820656,0.03182309957761667,0.03246586568157899,0.03291961010757801,0.0332567518222161,0.02442547158423297,0.0250927576951103,0.02553046428353477,0.025839393746594823,0.026068977953789263
2024-07-17,-0.014257077355591431,-0.05720022194380713,-0.05455844600239484,-0.05275974926560324,-0.05145772430072594,-0.050472238866652176,-0.05203822798986613,-0.04977627624940853,-0.048252983988683225,-0.04715814816738526,-0.04633360624968927
2024-07-18,0.002371849878178668,0.0321761012302762,0.028298107730613923,0.025662998960119126,0.0237581399251289,0.02231783741524336,0.02017106963856922,0.016938984006487395,0.014766174776278026,0.013206464675836579,0.012032924159160916
2024-07-19,-0.02668753733773634,-0.016936632532051875,-0.01879695864990842,-0.02004645223475312,-0.020941757311614646,-0.021614072092274225,-0.023714844958413216,-0.02519416478999857,-0.02617456051915613,-0.026870977647869217,-0.027390786500159036
2024-07-22,-0.00565454634258389,-0.014172667147002512,-0.013356358854361528,-0.012790791764207003,-0.012376779116625106,-0.012060976003325664,-0.008346697488533344,-0.007595012491432397,-0.0070858232641074735,-0.006718597324486485,-0.0064414265856079424
2024-07-23,0.013615602974571402,-0.009398091914509122,-0.010922657695356257,-0.011948428908385548,-0.01268428624393511,-0.013237328206980984,-0.00308850334040481,-0.004251823446395932,-0.005030532271569555,-0.0055875541390545125,-0.0060054668866474205
2024-07-24,-0.013193279091044159,-0.01594764251411232,-0.0146276478885871,-0.013718261471068952,-0.013055147884192505,-0.012550772760704355,-0.01102779630774225,-0.009862114177800882,-0.009073174446997625,-0.0085045624164357,-0.008075606005746123
2024-07-25,-0.018846079136188264,-0.012577679687932582,-0.014532669093506818,-0.01584804134073549,-0.016791303549542693,-0.017499891831887736,-0.029685148776273075,-0.031240087068200202,-0.032264180233178494,-0.03298830958154624,-0.03352691467929992
2024-07-26,0.016327251120116036,0.011566698339585364,0.011883253533080288,0.012085144896724619,0.012224245060180395,0.012325542247884331,0.006778273938713231,0.006934740136347072,0.007034894426629002,0.007104261933315202,0.007155051889872106
2024-07-29,-0.0008530253580577195,0.005251859864658779,0.004757513360449786,0.004416036807659395,0.004166663233231981,0.00397681231932205,7.956162753608865e-05,-0.0003516853350745789,-0.0006410416724101533,-0.0008483364972177941,-0.001004025071327906
2024-07-30,0.02297998548770418,-0.0034481097125454055,-0.004156844235844801,-0.004634407359004387,-0.004977169479520873,-0.005234799974382623,0.013239875668818988,0.012796248435886105,0.012489852715158702,0.012266033480348442,0.012095559452972771
2024-07-31,0.028800915299496792,0.027006494293177426,0.02695470203289461,0.02688914207563649,0.026826588662574972,0.026770916023606466,0.02241191986381522,0.022236425600647036,0.02210426242518947,0.022002468906686834,0.021922109628896187
2024-08-01,-0.0075701293297681885,-0.013309236131823875,-0.010961653253067572,-0.009314247766292583,-0.008120298506455613,-0.0072164269431257795,-0.018796649799266284,-0.01696314833427662,-0.015722812368543913,-0.014829215485080666,-0.01415530671429896
2024-08-02,0.004764060266886511,0.012169663579736962,0.009168614949335267,0.007112004059900379,0.005620855381827737,0.0044918499345073,0.008157214994665781,0.0058512756400708145,0.004297236638186126,0.003180724938923193,0.0023404772498321577
2024-08-05,-0.024192465611660333,-0.023017937234059746,-0.023292391052144742,-0.0233241914722525,-0.023330551580018434,-0.023326097896347545,-0.0365206290896516,-0.036565080064694166,-0.0365654185249879,-0.036551027347966177,-0.036532154144108576
2024-08-06,-0.016853539249101327,-0.01745358319800192,-0.01706759029093633,-0.016744429790168283,-0.016499012676622734,-0.01630705054595294,-0.00658300522646949,-0.006126880407073713,-0.005815445757143253,-0.005589714258958986,-0.005418755612327437
2024-08-07,-0.004940761272612424,-0.00447011255157734,-0.004648844308371083,-0.004731416543160737,-0.004787848069550883,-0.0048286508866603435,-0.0021552541393779143,-0.002216044094212049,-0.0022552075758634016,-0.00228244624383971,-0.002302448405863018
2024-08-08,0.03687062260334389,0.035804471949156015,0.035798759788056085,0.03564951997287406,0.035515714054352006,0.03540013084034341,0.018534061032003387,0.018152673755102294,0.017881352399202823,0.01767935293178494,0.017523450336069724
2024-08-09,0.002452694198461228,0.0018369017611568673,0.0020162106779606378,0.0021386525764441177,0.002213540218684164,0.0022609814970928187,0.0008253855005158556,0.0009104549394978611,0.0009670185122792593,0.0010072714354638216,0.0010373497530679558
2024-08-12,0.03221034617195024,0.029572767011540827,0.030287353663887472,0.030718643679215823,0.03087191939369175,0.030822573124773812,0.015961069708865586,0.01571225598628548,0.01553231231693717,0.015396943901218516,0.015291714336508746
2024-08-13,-0.0020911360000177535,0.0006997758732553507,-0.00035639552991759924,-0.0011021068091064204,-0.001653596866886895,-0.002076684464831447,0.0017448589550478227,0.0009264305997711625,0.00037352461617442775,-2.4401615806761472e-05,-0.0003242510483158536
2024-08-14,-0.01225850671353789,-0.01093824358414268,-0.011338559691112667,-0.01159246766791957,-0.01174748263322457,-0.011791923064665822,-0.005710023846136851,-0.005752709356488697,-0.005777381164509856,-0.005793066126594963,-0.005803741182354879
2024-08-15,0.005762465853894107,0.004772628440850113,0.00507825152687764,0.0052426835322220994,0.005358617933299783,0.005444556035189271,0.002228770149298416,0.002378551894722813,0.00247800990086843,0.002548720402836841,0.002601519089564023
2024-08-16,0.03869823334910778,0.03703524105670197,0.03720781818111751,0.03727809877831622,0.03730477436112806,0.03731135795786898,0.019457701894857758,0.01930925479862725,0.019193893209545208,0.01910333406149643,0.01903092122312803
2024-08-19,-0.0025348558319790173,-0.0024471963692216997,-0.002485612399005654,-0.002508793218326531,-0.0025240306365690614,-0.00253468879477919,-0.0012674471048596727,-0.0012787765349089157,-0.0012854546744475593,-0.0012897722532891453,-0.0012927544674242333
2024-08-20,0.008437150384116786,0.009019178217888231,0.008618050769505623,0.008332948284439015,0.008120775900175795,0.007957068698865572,0.005356780108525493,0.004985364426319706,0.0047303130752384985,0.004544707631392302,0.004403723901109358
2024-08-21,-0.0015975981258711117,-0.001766785434695274,-0.001702446057758848,-0.0016561365410419648,-0.001621395876811014,-0.0015944422829148612,-0.0010241953458293399,-0.0009622599426903738,-0.0009195919987348559,-0.0008884777757587824,-0.0008648100330910592
2024-08-22,-0.015860899955989924,-0.010612958650369085,-0.012379657105109769,-0.013571169298719146,-0.014426323872845044,-0.01506883189009916,-0.012022987732157507,-0.013348895423903625,-0.01423425569615033,-0.014866108159652263,-0.015339208568785533
2024-08-23,0.005241626892408734,-0.00960473917091747,-0.0039431110215389685,-6.989545926377643e-05,0.002737925715274978,0.004863288753305015,0.0028940039046604347,0.007346456167062211,0.010347782410608162,0.012503941925076673,0.014126285080974915
2024-08-26,0.0037877538087714912,0.0030345892050637115,0.0032256921656563862,0.0033500534748001428,0.0034368458474709337,0.0035006162410573423,0.005025946232880893,0.005174340673039977,0.005267918359088809,0.005331869648021104,0.005378157734857696
2024-08-27,-0.011869565526629048,-0.025921950147827104,-0.02022033332926666,-0.01628060061581778,-0.0134085470182466,-0.01122716598292516,-0.02190728716593573,-0.01732056151993376,-0.01420546130355793,-0.011958000448826289,-0.010262459170999124
2024-08-28,0.0036644539690214306,0.01962127362332415,0.013334752366555682,0.008971878170244228,0.005785262381905663,0.00336308881853987,0.004293438407301868,-0.0008893109685140791,-0.0043997756126762525,-0.006925811104607004,-0.008827031860654963
2024-08-29,0.03849589371044004,0.057459319959526405,0.04933119919545091,0.04355346231430126,0.039269183653926155,0.035979062626141416,0.041282075141692964,0.03428070947863102,0.029460664978750193,0.025956775889257523,0.023301272224272328
2024-08-30,-0.0017250220291867811,0.008247797353699933,0.00447723879758016,0.001805116766148465,-0.0001695738919504685,-0.001680906798975383,-0.003736511603414802,-0.007059093848462421,-0.009318063825266539,-0.01094354159868137,-0.012165194509558976
2024-09-02,-0.00046308088194381197,0.0016930735886706832,0.0008500330782519669,0.0002509158153176877,-0.0001921261087733582,-0.0005311239836178406,0.0021014027200126424,0.001416801554159983,0.0009432050315862588,0.0005985506695859155,0.0003374624519867815
2024-09-03,0.003264111366741443,0.01033159416338118,0.007656443846682798,0.00571909847578559,0.0042685714586089005,0.003149051385861618,0.000590291041217102,-0.0018103828343330592,-0.003451269683324902,-0.0046349358871788735,-0.005525599075021228
2024-09-04,-0.010942553241251474,-0.021850474946778414,-0.01782258444987624,-0.014869322883816916,-0.012639588209074598,-0.010908295647679072,-0.0181745843624175,-0.01462871683657333,-0.012141667584833357,-0.010315963247033225,-0.008924751353940375
2024-09-05,0.001132761771441465,-0.013392577461096114,-0.008089115248296865,-0.004222080160625847,-0.0013176752601047517,0.0009265464277877673,-0.015308728953714865,-0.010855273436388509,-0.007720398745438667,-0.005417107668817895,-0.0036625117187808315
2024-09-06,0.019305940796437385,0.04508327899495938,0.03509985756477911,0.02764630164687329,0.021961411828815055,0.017521891187210818,0.04132436036610311,0.03243831906348676,0.02609967083760499,0.02140429248922177,0.01780811335868775
2024-09-09,0.02904678832614564,0.040134386628370086,0.03547733709247949,0.03176291117880877,0.028806707415551653,0.026430202260383836,0.03182695700582423,0.02712742969482903,0.023649395220886875,0.02101314168816663,0.018962947902778034
2024-09-10,0.013868504368793293,0.014580344313276991,0.013994924244858476,0.01344549646025362,0.01296430116072536,0.012552231101412754,0.010398393956840118,0.009510242598204315,0.008818865441439989,0.008277650824380875,0.007847313790736936
2024-09-11,0.003864449930940614,0.009480806283970624,0.007339488899024658,0.005689767685247638,0.004406940584463744,0.0033929191079719776,0.009260326651784848,0.007293513170797253,0.005845182510919297,0.004752237816143775,0.003905617376617067
2024-09-12,0.05366928153184774,0.0499962462241112,0.050137762674835364,0.049821911743521956,0.04933816300567238,0.04881373672473063,0.033572507973959796,0.032112048130538216,0.030850542580090838,0.02980120762688807,0.028933066457309663
2024-09-13,0.015549485553882266,0.010842403018447248,0.012178286181964433,0.013033638571436561,0.013629056949216725,0.014058314958364088,0.02170502282219909,0.02312938943238877,0.02399630057473395,0.0245551099788826,0.024933573805255793
2024-09-16,0.00559361382623579,0.006072799149857978,0.005767756917687331,0.005469579019129624,0.005215995433305627,0.005002452466142554,0.006146689670348682,0.005760909932189208,0.0054469488878088855,0.005194265906746962,0.0049895274485376164
2024-09-17,-0.010960710965260799,-0.008594147053842639,-0.009232251944371125,-0.009635716242570189,-0.009900426397425997,-0.010080471404223417,-0.008311015112321464,-0.008697402409706621,-0.008916388399717076,-0.00904737203252479,-0.009129332912177204
2024-09-18,-0.010132001203407806,-0.009128294306954901,-0.00942627668424747,-0.009546910530746227,-0.009594053652780555,-0.009602799208025358,-0.012503948818741215,-0.01275779421150103,-0.012850107696586958,-0.012868684597173122,-0.012853400388978939
2024-09-19,0.026078973214988657,0.02011668082210633,0.021935401798761193,0.02269273174578358,0.023166651200265617,0.023470715577789316,0.0311578291778375,0.032500598920589235,0.033229436919110976,0.033637164815219694,0.033869595724694335
2024-09-20,0.028187238020537648,0.018559223029452312,0.02154694761155733,0.023254747736571407,0.0244604735998341,0.02533866942585558,0.011947665512667995,0.01341493510206546,0.014378399652288348,0.0150414048034216,0.01551726966402793
2024-09-23,0.0060073066353801986,0.005058162149333545,0.005238521911700119,0.005291337253857086,0.0053057672092837824,0.005300928316144956,-0.005875948095804572,-0.006454868889092188,-0.006825253708694894,-0.007074061224167114,-0.007248721882637856
2024-09-24,0.030478906372907157,0.026648995605708808,0.02694374378154478,0.02693823204288255,0.026799854178941263,0.02660878624255441,0.04995287527857566,0.05105946367639446,0.051473349966620015,0.051568211601881624,0.051515249226628826
2024-09-25,-0.0024560631968502636,-0.003941440162540407,-0.0033723924779340895,-0.0029144698693847467,-0.002546891852602053,-0.0022493562498568,-0.012230697507521862,-0.012116395371229424,-0.011947396654562238,-0.011774329814475354,-0.011613973121363969
2024-09-26,0.013311829647087598,0.010323934444337305,0.010892819152276717,0.011231502937455357,0.011437665225292873,0.011565756332381142,0.013385264189450097,0.013870776039343913,0.014123392828602983,0.014257475094436155,0.014328490163277386
2024-09-27,-0.006878637155365528,-0.0017694587239831456,-0.003374869805794062,-0.004560394504438973,-0.005453333021162817,-0.006141446253777386,-0.009728529024216231,-0.011497887732974305,-0.012695737169184679,-0.013542837548967998,-0.014165748431304458
2024-09-30,-0.022960924926747752,-0.019640168002337314,-0.02010320769386969,-0.02028476490819751,-0.020325014590073645,-0.02029528225009813,-0.020688825577825795,-0.02081535520619125,-0.02075967404615142,-0.020637702411122078,-0.020496969403644132
2024-10-01,0.021325592188208085,0.013455806229784194,0.015553246034227893,0.017013921531052627,0.018060527187863187,0.018833009629635994,0.012974737182636288,0.014576451759127878,0.015634662073966535,0.016366272813476017,0.01689325621168182
2024-10-02,-0.010410054800940384,-0.012581650183912767,-0.011557469508506247,-0.010684839274351161,-0.009957459063474165,-0.00935275660452397,-0.006328477494554928,-0.004887287012767901,-0.003804357566359662,-0.0029760742782302336,-0.0023285830912680126
2024-10-03,-0.006036816130199048,-0.007287351597716106,-0.0066986604579232795,-0.006195477168884684,-0.005774964477511023,-0.005424664262609853,0.006325490874581525,0.0077628405559410215,0.00875243117873738,0.009460311371029942,0.009985081593749029
2024-10-04,-0.06358957546690922,-0.09079896324468296,-0.07679416647038267,-0.06547077422724012,-0.056346721163887475,-0.048940315207701646,-0.08381760917981597,-0.06945339002646733,-0.05839909914016398,-0.04980893768066804,-0.04301902476695614
2024-10-07,-0.008781557182524515,-0.005649102734658665,-0.006777385082322754,-0.007526286546957047,-0.00789316565249124,-0.008157062883915177,-0.01026332085709444,-0.011945733979368257,-0.013278040819369554,-0.013757287575784764,-0.014060147528681441
2024-10-08,-0.017831353427054296,-0.012806751337339656,-0.014712225822294344,-0.015590109175838548,-0.016133613325860236,-0.016505058032517787,-0.03442919099828744,-0.03903336829606785,-0.04221408553621583,-0.04345008871473473,-0.04426430016959789
2024-10-09,-0.014243656691738067,-0.011552065578684144,-0.012409757005463465,-0.012783918515384378,-0.013000279582584878,-0.013119048700795138,-0.006223499117993923,-0.006295634266837624,-0.006298468457664982,-0.00626492650224212,-0.006213849774996393
2024-10-10,0.05345529676162347,0.06117379711381715,0.057665868311509924,0.0529106342176637,0.04870275312099114,0.04504803641672256,0.06028654503064401,0.05671420362140296,0.053356240515700315,0.05034288229666973,0.047693733311748934
2024-10-11,0.033426403270726046,0.031043099309348555,0.03196804271403344,0.03257420945651207,0.032738522109099305,0.03183483642565643,0.03141377202318639,0.031703647475154126,0.03170341962142805,0.03153904280264186,0.031288375241482196
2024-10-14,-0.025349867016187695,-0.028695211705708934,-0.027707391592861293,-0.026451168936447562,-0.02422439006315104,-0.022261202126142004,-0.029613856753105402,-0.028410781203051072,-0.027204718318116713,-0.026063695238464867,-0.02501594711784249
2024-10-15,0.04269718138823153,0.04777098264007522,0.04643985155853721,0.04494046464383008,0.04334759956847944,0.04172101512442893,0.044912697459925856,0.042643494739869926,0.04045452631072375,0.03842380909091588,0.03657869076280829
2024-10-16,0.0068362885137403465,0.003925193164569744,0.004887050945133612,0.005759487587521436,0.006542120397289199,0.007238451813021933,0.005335608871788898,0.006262972738261301,0.007012616139614215,0.007619206087620632,0.008112624044269387
2024-10-17,-0.02652465218606725,-0.04096158912487707,-0.036516315866918794,-0.03217398414539694,-0.02800058255717308,-0.024040783573486782,-0.039235019527729904,-0.0347964455808965,-0.030796961883250415,-0.027245886754493846,-0.024115095224050587
2024-10-18,0.02474824739108001,0.01840309054169214,0.020785656276214336,0.02296289634538266,0.02492289178791831,0.02666464499499947,0.0318604943900986,0.03581003082430606,0.03902623106337701,0.04163369652999141,0.04374828252088825
2024-10-21,-0.013110516064896105,-0.015026009271373961,-0.01492975841842356,-0.014760405883312174,-0.014530175803515061,-0.014251991494818367,-0.0022036901803681877,0.00018986308564656438,0.002257493718106296,0.004031393059160991,0.005550735198674365
2024-10-22,0.01608537964334584,0.00818405387979853,0.010680211255095015,0.013043262819380338,0.01525340008407563,0.01729883686326683,0.014922819623639649,0.01784815234532197,0.02026257770535831,0.022248600014841677,0.02388454849793532
2024-10-23,-0.025404463347391302,-0.01820177485237136,-0.02084102919487703,-0.023281591906656778,-0.025509170166091565,-0.02751954747303433,-0.024776315988684145,-0.02758441211283914,-0.029821070894058794,-0.031599068527132235,-0.0330164314826138
2024-10-24,0.015805971952552057,-0.00046474705089255,-0.0014784706965348515,-0.0024426857387814037,-0.0033472071346096377,-0.004185849464929551,0.00041041558983035277,-0.00023852816179921615,-0.0007958102984276516,-0.0012707907291143934,-0.0016749038464946397
2024-10-25,-0.0069993023865794245,-0.006052550808105027,-0.0034125622343539105,-0.0008627332354805862,0.0015636455623575692,0.003843531168793353,-0.00802161918721069,-0.00615356731442311,-0.0044986794601255655,-0.003050635879530254,-0.0017906847234379437
2024-10-28,0.004854816705832208,0.01993910634552827,0.022275570975157633,0.02439156783582416,0.026275285292439058,0.027927283330890937,0.016222581485204123,0.01712471145139426,0.017781120012467757,0.018251578376031065,0.018584596702466864
2024-10-29,0.01617282838811267,0.008529795707079936,0.011364077872269646,0.014005667878633716,0.01643323686315167,0.018638264711879106,0.008736985429396197,0.010914343123127635,0.012728266383891884,0.014233271759882836,0.01548296293910088
2024-10-30,0.01591869576373446,0.01526448996014658,0.0161365973918838,0.01688330228235223,0.01750862674223632,0.018021104379317168,0.0074898295947195105,0.006680662023829987,0.00593382646961701,0.005257172569194583,0.004650606389418252
2024-10-31,-0.02177266853214381,-0.027554879344153134,-0.03470152071688261,-0.041378506426300116,-0.04753541976954695,-0.05315016048647913,-0.0290328434215055,-0.034644490398143074,-0.03930249699881701,-0.04315074794536632,-0.04633057457216332
2024-11-01,0.08085037950820241,0.10750232675696886,0.10198543777141274,0.09605352125141617,0.0899908403459329,0.08401289384802542,0.08674593556650081,0.07763663998301526,0.06932189522473087,0.06191174424454464,0.05538700683842318
2024-11-04,0.0024896527615813967,-0.004217490355315965,-0.005850716942510338,-0.0074105333504790325,-0.008877905978950835,-0.010239799581132181,-0.002403325622092671,-0.0034549710509405324,-0.00438843146187262,-0.005202710614032231,-0.005904800738852493
2024-11-05,0.010879447795890793,0.004392209620831783,0.0036603902471573596,0.002935779180991164,0.002231882345875814,0.0015591375722896763,0.006577098239464578,0.006269231371111353,0.005937520944764166,0.005601273461003921,0.005273669059513046
2024-11-06,-0.04280324281727476,0.0071967858198102915,0.008429449363109473,0.009560180980269147,0.010579587386190173,0.011485140086415413,-0.009184728638013484,-0.011289607622642044,-0.013081753506588417,-0.01458351667503334,-0.015830386491149335
2024-11-07,0.030369471163360653,0.005069116389218132,0.004565743267820067,0.00405226828037227,0.0035402084213379736,0.0030393621115008046,0.010882399222396484,0.011493476447776502,0.01194694892856961,0.012268579097668904,0.012485292193828431
2024-11-08,-0.0121688583750702,-0.00993736524548445,-0.01190686843383175,-0.013731167944408254,-0.01539087479358676,-0.01687753068192051,-0.010864829776888595,-0.01268575463345692,-0.014225943135034082,-0.015505405140934127,-0.016556021330452593
2024-11-11,-0.0347114800451476,-0.010232805677738464,-0.012175582699392418,-0.013953841303914624,-0.015550360684023589,-0.01696045316929354,-0.015956396854219308,-0.018673714277509527,-0.02094970817920034,-0.022819757577493584,-0.024337872329010194
2024-11-12,-0.010641468075033918,0.0023548179941999437,0.0027713057261760554,0.0031504771506490154,0.003488888841183737,0.00378589843750529,-0.0012044176489487074,-0.0015408254706360074,-0.0018283721246155258,-0.002069681565919225,-0.0022700025488954427
2024-11-13,0.12123881797747299,0.1593201966347683,0.15037831965890544,0.1407121255650507,0.13065333477059643,0.12050104872481464,0.14493200465917935,0.13156360590843244,0.11820957644342169,0.10541186835093874,0.09348734181069994
2024-11-14,-0.027146990296146752,-0.021689161391998342,-0.020779611740888024,-0.019759356221449368,-0.018629959069290995,-0.01739707292038486,-0.02304503676021404,-0.02232821795028297,-0.021443635933889236,-0.020405658533188306,-0.0192383388216295
2024-11-15,-0.003980751939405041,-0.012765011398388301,-0.015512209084665782,-0.018325531681875715,-0.021174589906143793,-0.02402406212089911,-0.010370868242826533,-0.012340055070316389,-0.014269009716652193,-0.016116416880185055,-0.017844927349034274
2024-11-18,0.03286978998805709,0.025788482517658157,0.028848639361459892,0.03188585027898598,0.03485790617200171,0.03772221964396409,0.02730376080008933,0.03056061640692454,0.03364846905025584,0.036500731610611195,0.03906538227299732
2024-11-19,0.00425885974924205,0.0007818507247918643,0.0020424641726924505,0.0033149124623825764,0.004582201093067864,0.005827154516838485,-0.001949841086237585,-0.001398855848087577,-0.0008357837362854437,-0.00027142207548787995,0.0002835864632419514
2024-11-20,-0.003121987805809005,-0.0022274727595016854,-0.00048800046592226685,0.001283908328741617,0.0030637943404523745,0.004826277260461163,-0.0047979416680222955,-0.0037252171300195106,-0.0026234384274280245,-0.0015131895914158838,-0.0004150891552512863
2024-11-21,-0.011495739879529825,-0.019287997288586458,-0.019787094120087213,-0.02020041408093483,-0.020517951647430595,-0.020733656225637633,-0.019196167703178463,-0.019615762562795735,-0.019925453737541843,-0.02011830167423098,-0.020193436767410436
2024-11-22,0.0025172020827956853,-0.003626974026936236,-0.0015176186132633048,0.0006426634686555234,0.0028254512962353176,0.005000374459174533,-0.003705009393617027,-0.0016044878349698165,0.0005425890436769155,0.0027025390358109817,0.004840315889104166
2024-11-25,-0.046475596199837974,-0.035669206518848036,-0.040390038857798474,-0.04502482390652622,-0.04949529161210001,-0.05372740084265742,-0.03778855262947286,-0.04300771529954078,-0.04808107782151125,-0.05290919942716844,-0.05740325546192074
2024-11-26,0.005613238806132419,-0.00017118712865803857,-0.00111563679650683,-0.0020455297633585807,-0.0029466713900645146,-0.00380698228731339,0.0022975644162732964,0.0019599506397135744,0.001614909616262003,0.0012692275572627348,0.0009292089045830018
2024-11-27,0.021398799602495844,0.01234089174159464,0.010098982887060187,0.007821711932385256,0.005546042480120431,0.0033068820937645063,0.01592940424691957,0.01454635720869014,0.013092102385502225,0.011596446221020958,0.010089203296914227
2024-11-28,0.007441616811957164,0.009691644407832992,0.01030339379819634,0.010857123446022451,0.01134584290886775,0.01176583633791517,0.008850450492314742,0.009240374089350651,0.00957438541271762,0.009849267324925933,0.010064812057205502
2024-11-29,0.004916398706568604,-0.005726521286413728,-0.007472981880337343,-0.009169517941083904,-0.010790993137804874,-0.012316871932718469,0.0003706581942352193,0.0001478054303078157,-7.362567966094456e-05,-0.000289959563740498,-0.0004979930151712543
2024-12-02,-0.005204823805232683,-0.004494751648062876,-0.005404606293957578,-0.006287387856374732,-0.007130497900777415,-0.00792341997764467,-0.005300677558129698,-0.006417634205063551,-0.007503043318637462,-0.008540959561288208,-0.009517959457723974
2024-12-03,0.006359354369562001,0.006207839729462853,0.006457389380561631,0.006668345933372774,0.006838038257641539,0.006965976253595398,0.010577489899725696,0.011919809931077115,0.013185714619434552,0.014355789409449973,0.015416313054613365
2024-12-04,0.0038849782153329,0.009050534235467277,0.010798589909890558,0.012478164038157356,0.014061923540712342,0.015528494907048685,0.009768071360781718,0.011669516365555532,0.013484255121340341,0.015183513042989772,0.016746088671565008
2024-12-05,0.007180705197585031,0.007794193460899536,0.006333188035086932,0.0048422171226258975,0.0033496338046617026,0.0018823462968056877,0.007055516417014219,0.005419861912435871,0.0037695776734930466,0.0021368257687290845,0.0005505115817918003
2024-12-06,0.032682528963465136,0.03359463033410501,0.03197651480470206,0.030168061481604353,0.028208414079242426,0.02614272131434974,0.03384253017982341,0.03226143763157808,0.030485718154681204,0.028558393119251076,0.02652794263719688
2024-12-09,0.010034984675404592,0.012261340605352552,0.01497410465734114,0.017602921617407178,0.02010311753479838,0.022437884654306007,0.01574537818182408,0.019312269250818692,0.0227536513163523,0.02601095213226201,0.02903758992253044
2024-12-10,0.008468672763339218,0.0074004344476506605,0.009702057398340222,0.011931686339020494,0.01404790970039473,0.016017665034035386,0.00526565639629916,0.007002242720237349,0.008669795937480192,0.010236656086476266,0.011679420496728139
2024-12-11,0.00813418652345149,0.006971059599856704,0.008564433482810678,0.010090317764909417,0.01151872002307458,0.012827103140741794,0.006135517206882424,0.007510912213497216,0.00882266205189429,0.010044867273309287,0.01115868842382631
2024-12-12,-0.022787306717749877,-0.016086523739494617,-0.017269449511774383,-0.018318445253831892,-0.01921559001628321,-0.019953420697821644,-0.02309323944132134,-0.026026018063686367,-0.028743890851836703,-0.03119522596556363,-0.03334836202714487
2024-12-13,-0.0066761568556715336,0.0069656859533870925,0.006844883952725606,0.006469018170171786,0.006086173625130503,0.005713180663630888,0.0010739733798549832,-0.000290899261853467,-0.0014897365515059288,-0.0025288008868440412,-0.0034238874534515836
2024-12-16,-0.003935184803723291,-0.001437164538956444,-0.0002508882974633412,0.0008855625292683873,0.0018736879009469008,0.002720543353760488,-0.0014234131354364558,-0.00029083526679130235,0.0007509423760818156,0.0016443287436683149,0.0024074429138846404
2024-12-17,-0.012644449434439327,-0.016436762330932962,-0.017858824781557568,-0.019123827477562028,-0.019285625449232353,-0.01931241991470396,-0.013813955730619129,-0.014448980096290368,-0.014565342647805443,-0.01437581353678254,-0.014149308993831126
2024-12-18,-0.14986671337677182,-0.15043039711167797,-0.14258571372012344,-0.13388467067204085,-0.12457962150437815,-0.11214203114280628,-0.14782340066588678,-0.13873324747371327,-0.1289266056141612,-0.11879909395110105,-0.10616513320021327
2024-12-19,-0.000976770171852802,0.00961615856922591,0.012521756909594959,0.015449829506299214,0.018344928278576304,0.021149860200014386,0.005837763809532152,0.007614590596749891,0.009366833209918057,0.011064084676960169,0.012678796362901158
2024-12-20,0.010434876367117346,0.007516137757064751,0.006678766308792661,0.005778367094334663,0.004829186081224345,0.003848834880502884,0.008486446990347934,0.007931087307269035,0.007325675505636588,0.006680508777924555,0.0060077827641869105
2024-12-23,-0.005593676449575462,-0.0032455391581041335,-0.0025742148343337067,-0.0018672202095898385,-0.0011367177970607884,-0.0003968465594242292,-0.004057261531987807,-0.003624441556709115,-0.0031661447684821977,-0.0026901888155561426,-0.002205261369343215
2024-12-24,3.388941492782921e-05,-0.00046113889920283593,-0.0005958334588506669,-0.0007307751759804735,-0.0008632917858221128,-0.0009907166244688033,-0.00028510054043449375,-0.0003681495322108871,-0.0004499510691712102,-0.0005290992185329107,-0.0006043264322314524
2024-12-25,0.002417997036356572,0.0025924967189844632,0.002673591843764786,0.0027466167941411633,0.002808653393354692,0.002856861162075599,0.002509442828751573,0.002564266170449016,0.002610161111579293,0.0026454024697261927,0.002668549870645954
2024-12-26,-0.0034148597396785776,0.0004513844112067805,0.001524261648640932,0.0026540964441400224,0.003827928792095191,0.005028376849820852,-0.0008883037368578242,-0.0002305207285502785,0.0004545840060236287,0.0011592276416629342,0.0018740174019871829
2024-12-27,0.0011061196905131,0.000600418449201497,0.00047203557134701846,0.00033460328627605245,0.0001891542195818268,3.724350864227061e-05,0.0007674112498264809,0.0006891091856148404,0.000605040595125232,0.0005158988242493203,0.00042264780961056973
2024-12-30,-0.00428678984454008,-0.00857226519825855,-0.009606877986092797,-0.010657794513437024,-0.01170826241589027,-0.012738884749635828,-0.007018775399185033,-0.00758069477422294,-0.008130798528526743,-0.0086594693412743,-0.009157132975966008
2024-12-31,-0.0001272136670321415,-0.002539976210744314,-0.0032668472295402447,-0.004021697690277093,-0.004795958734819034,-0.00557881508797685,-0.0016481137734427318,-0.0020992150104323323,-0.002557354458264299,-0.0030162290952395164,-0.0034689705835901953
2025-01-01,-0.006443561805668904,-0.006852126728965876,-0.0070928039463521156,-0.007319407659783569,-0.007525591409597068,-0.007704808143349716,-0.006615239588936329,-0.006772597664813421,-0.0069074154293791885,-0.007015383603591158,-0.007092905202484722
2025-01-02,0.00567008522230287,0.003209912419529345,0.006785217360006072,0.010534956561670175,0.0144227214673395,0.018400205386307943,-0.0012676928399980032,0.000952317260272067,0.0032550793099342624,0.005614635097734723,0.008000161302395023
2025-01-03,-0.00854215249486382,-0.005751601213137745,-0.0071827831919983156,-0.008656994887446607,-0.010152204632514957,-0.011642096523376824,-0.004021514888832313,-0.00493347721768779,-0.005862102727798926,-0.00679435726237602,-0.007715672281359556
2025-01-06,0.043087886516694957,0.04684444392749519,0.0473437726628849,0.04763721552825884,0.04769028018214679,0.04747596176926732,0.045448292623199604,0.04558178689896024,0.045527055667148354,0.04526470270392219,0.04478214616036191
2025-01-07,-6.966366844539322e-05,-0.0012218391005355525,-0.00011550355181475384,0.0010394601531676514,0.0022308722654934754,0.0034436521670108116,-0.0026534022098234898,-0.0019635579659081333,-0.0012424413789499324,-0.000496507778312374,0.00026633554154722257
2025-01-08,0.0006866737328531592,-0.000966354749021213,-2.3716162124128766e-05,0.0009660727085757568,0.001994265543211473,0.003049356098553053,-0.002196759437543134,-0.0016143409462488678,-0.0009997334270932952,-0.00035602709096000903,0.00031237114050186533
2025-01-09,-0.0007450557105861125,-0.003519181225589293,-0.0033837341403763076,-0.0032289832010756027,-0.0030542714249464182,-0.0028595999183995894,-0.0037726655784017377,-0.003716575393516655,-0.0036477758211035734,-0.003565194203738531,-0.0034679920035333702
2025-01-10,0.01321568863772343,0.008302119434214293,0.008788641594265442,0.009272435171915876,0.00974536891066312,0.0101983259993923,0.00457338855512712,0.004007953032350722,0.003402383597699244,0.0027577250371243318,0.002076314778712233
2025-01-13,-0.0006409713514347511,0.0035664539025319513,0.0020552523496595405,0.00044533073187934583,-0.0012562729275633442,-0.003037830318773631,-0.0005860949135032416,-0.003295060328131485,-0.0061820865395046725,-0.009250313286157757,-0.012499233908564625
2025-01-14,0.012787665749555173,0.01255203725848053,0.014205431937542904,0.015912477380129658,0.017654003757641406,0.01940571009199849,0.011492407290258327,0.01286444118301908,0.01429951450859185,0.015790388585362396,0.017326429407695933
2025-01-15,0.05905383234892504,0.05204777372204712,0.051113388051200075,0.04994342713772316,0.048515914397908345,0.04681507079491106,0.0524642835610442,0.05178481005086404,0.05094340829329968,0.04991971000935361,0.04869425608288838
2025-01-16,0.0028749556692444682,-0.004813354278563319,-0.00537648806685882,-0.0059656886944882415,-0.006576606086623527,-0.007202964567801577,-0.003527086617200788,-0.003714430659957466,-0.003908571849925406,-0.004108331350491088,-0.0043120493354895754
2025-01-17,-0.013892612102189825,-0.006440742161529959,-0.005806955048919686,-0.005122654312384038,-0.004396699995582147,-0.0036405992374759603,-0.011840425093719485,-0.012644439065245754,-0.01339144226444618,-0.014065969771855072,-0.014655986185466761
2025-01-20,-0.09737701853565482,-0.10701441486651933,-0.10556852394278098,-0.10349710182358605,-0.1007923361440689,-0.09747892288694796,-0.10437420377618706,-0.10218916622054015,-0.09939707180022558,-0.09602070194456726,-0.09211289565948785
2025-01-21,0.02644489616428726,0.01591506186508831,0.018911010387392402,0.0220346775960935,0.025273139649152072,0.02860827355012667,0.01164166215897361,0.013451878479735039,0.015354884305399833,0.01734779306298175,0.019425000411727456
2025-01-22,0.0066129968163051835,0.007559891949798366,0.00945834049696866,0.011417860607870582,0.013424436256777278,0.015460851648276642,0.006637106598644233,0.008319303077237944,0.010083146600867333,0.011923894691859529,0.013834059402319153
2025-01-23,-0.002849554890116867,-0.004146779619448748,-0.004790162618029266,-0.005447613039681515,-0.00611328093442268,-0.006780352874811374,-0.006540347207479928,-0.007883994784841057,-0.00928521173679116,-0.010738030352134163,-0.012234112520483655
2025-01-24,0.007828625180059313,0.0034685012003286874,0.004582473010247188,0.005729518684141179,0.006900292837724794,0.008083642412723998,0.004305836757176159,0.005681081810966964,0.0071160056883993504,0.008603866007490569,0.010135402445498
2025-01-27,-0.014523835255708757,-0.012710217382991485,-0.016288983913164138,-0.019967333315592403,-0.02371434630446881,-0.02749347045667638,-0.008587433032208004,-0.01107375142633889,-0.013660971339744764,-0.016334928502926442,-0.019076845620362402
2025-01-28,0.011048744220314438,0.009383752909618348,0.012039711684132768,0.014722038051056503,0.017395359121426222,0.020022436093252483,0.0068308627507936434,0.008864562951331622,0.01096529563892114,0.01311599464261003,0.015295766405078013
2025-01-29,0.012986825970835296,0.013588871919704051,0.012713869048827412,0.011758746849798794,0.010732580560803093,0.009647926761326139,0.01440517458622536,0.013783256937430271,0.013089453066049066,0.012323868208110855,0.011489020888722277
2025-01-30,-0.0073569200481339025,-0.01973469925368057,-0.01789600041787004,-0.01592247286890398,-0.013834243331451185,-0.011657621258275484,-0.015105127129611014,-0.012002214786227637,-0.008720400328235622,-0.0052798151382577145,-0.0017085064098263211
2025-01-31,0.02695679595254747,0.030075045244352023,0.030925349221201912,0.031661590336685884,0.03226122505687173,0.03270605405429864,0.02794201476480321,0.02827130501327005,0.028503068597450523,0.028618300350826145,0.028600143419753744
2025-02-03,0.01356123430485428,0.008745643902223581,0.009889792762347319,0.011035825271828288,0.012168534098549379,0.013271921538586914,0.009528662505902388,0.010945197920283848,0.01239706690954301,0.013867417377837787,0.015336116567575697
2025-02-04,0.01763503538501387,0.010452156796530778,0.011767275772087034,0.013086276224090572,0.01439213922274689,0.015666788096981972,0.011793784915355236,0.013539073382284607,0.015325817593318148,0.017132937206234093,0.018935427457052494
2025-02-05,0.00970876990395375,-0.001778694196438132,-0.0020478771899799415,-0.0023170521845206375,-0.0025824364913315757,-0.002840127380397474,-0.0016802112738405278,-0.0019318546072699622,-0.002187332757194145,-0.0024429352436519244,-0.0026944721679033586
2025-02-06,-0.004410722194286388,-0.0066355208118286865,-0.008470717449153793,-0.010326724509046743,-0.012179199321140107,-0.01400227486385495,-0.006326291733698789,-0.008142081715017764,-0.010008641854680063,-0.01190190750417048,-0.013793647729874235
2025-02-07,-0.013683823212355808,-0.015283802036670022,-0.014646175544623488,-0.013926087868522357,-0.013128752371720861,-0.012262917851344257,-0.01707198653182942,-0.016921684586898567,-0.01668743982709312,-0.016363178759645557,-0.015946281212851916
2025-02-10,0.019311597104326065,0.010221788549369193,0.012875723745496101,0.015544571774382033,0.018190449029638865,0.020774327355201024,0.0074247825656883195,0.009393383095243403,0.01140478849088053,0.01343065276475683,0.01543889308327923
2025-02-11,0.009365754724400124,0.011788235059174897,0.010918445186395362,0.009976663555286897,0.008973622348463672,0.007923194745958309,0.011908818073931132,0.011058666961742611,0.010123482671042398,0.009109639016746513,0.008027709218179396
2025-02-12,0.048602140690588005,0.04934117237793202,0.048613964904064055,0.04764145508402003,0.04642362710669716,0.044971188161458786,0.05269365241505303,0.05299030162504196,0.05308498271560539,0.052950852724961396,0.05256731273249985
2025-02-13,0.054843230959316654,0.04464975462850907,0.04301829874527282,0.04115731493961099,0.03907144941839085,0.036774529244898164,0.046003876458610815,0.04481410838767499,0.04342244691499376,0.041820277157971805,0.04000499785094158
2025-02-14,-0.016788513873929566,-0.00977050693021144,-0.01187098620584065,-0.014005500660976875,-0.016145731358567585,-0.018260320368514788,-0.00658405132492254,-0.00783414760313242,-0.009121477811649934,-0.01043330490256872,-0.011754149516364778
2025-02-17,0.008762679402805545,0.006483888517990686,0.007198090363679233,0.007903870840816412,0.00858952947347406,0.009243347451986971,0.005620257943713283,0.0061224778893226636,0.006627446643953852,0.0071283322279998874,0.007617523417374906
2025-02-18,0.012417980341638728,0.006596066327197615,0.008367495124721427,0.010159380806409705,0.0119456856271812,0.013698691323833662,0.006918589494504017,0.008841661132957718,0.010829786375209087,0.012863566277340465,0.014919167766191361
2025-02-19,-0.0007324974354119973,-0.00030407191873831275,-0.0004509399980932553,-0.0006000756560241088,-0.0007490144180423061,-0.0008951430817398669,-0.001980640492662743,-0.0025859372836458078,-0.0031996575629603774,-0.00381287659494653,-0.004416019470583548
2025-02-20,0.00159568908554668,0.0004385566321715033,0.0007606696935397754,0.0010888901987341478,0.0014179668955050086,0.0017422722264898833,0.0026450125249341035,0.0035691383337155573,0.004507591548859622,0.005447085188610357,0.006373303996957092
2025-02-21,-0.026987523946135652,-0.028615774857397854,-0.028412187916812343,-0.028061738084367377,-0.027553816677366092,-0.02688432279926802,-0.031067706810534744,-0.03160254054113861,-0.032034032786011135,-0.032342260098317886,-0.03250995308360189
2025-02-24,0.006388173427441784,0.0034138440251502717,0.004364821097638623,0.005335111710537406,0.0063102507076509655,0.007274056809015786,-8.639205873600195e-05,-0.00011048884315915888,-0.00013519820848316292,-0.00016022530182298268,-0.00018522883596207968
2025-02-25,-0.014357212505839543,-0.007627055642644635,-0.009813152907354674,-0.012043762788517114,-0.014286713491222054,-0.01650603948441945,-0.009626622012983536,-0.012373025021053728,-0.015188081149010966,-0.01803846108414188,-0.02088572059544547
2025-02-26,0.0056414121674101736,0.005765545841103383,0.005748283969773087,0.0057031268388540645,0.005627853373964282,0.005521433262234955,0.008479686438008751,0.009221892163271746,0.009955857275889069,0.01066952774053239,0.011350455752514062
2025-02-27,-0.034598194042342455,-0.02882629368884131,-0.030987002909401016,-0.033091810897569525,-0.03509914573782212,-0.036967780396835154,-0.028571252582402763,-0.030676563875665436,-0.032739531195505885,-0.03472423648868633,-0.03659433623519723
2025-02-28,-0.008392698123422897,-0.00019377638666532226,-0.00019230785945936724,-0.00018990177560577272,-0.00018650540865475538,-0.00018149404113987396,-0.0038131914436184628,-0.004805953746425069,-0.005814800863410584,-0.0068266431504346615,-0.00775750047338353
2025-03-03,-0.006739683212373174,-0.01597605118963235,-0.013152728164547801,-0.010166983692276777,-0.007051188805361286,-0.0038462421738551856,-0.013516092417711754,-0.010047079790440802,-0.0064115745095862505,-0.0026426195137282693,0.0011867162231370687
2025-03-04,0.01159140275366787,0.007156243293757224,0.00868837918696161,0.010239164433937999,0.011784307621977302,0.013297522733463301,0.005794846229936369,0.006951028659276682,0.008122419690596563,0.009292137511782626,0.010441734370240966
2025-03-05,0.0010617751008076665,0.0007707314641847958,0.0008689177506553003,0.0009667573828478711,0.0010625759294790086,0.0011546411394525386,0.005200496779856893,0.006523373459053083,0.007869201219207108,0.009219423443401754,0.010553536580602813
2025-03-06,0.023855120937962725,0.027775248441914938,0.02681446727636929,0.02569145779356472,0.02440908993530547,0.022977818507581405,0.02951046087990455,0.02904957082675627,0.028443834750824737,0.027688258807975243,0.02678385036058721
2025-03-07,0.038297488473481536,0.041649808090411015,0.04112493925250905,0.040390133506134546,0.03943450556845361,0.03825610588498907,0.038506897524649954,0.03715837207624606,0.035604035104564065,0.03384360545695266,0.0318850878319204
2025-03-10,-0.008659349834317332,-0.004859327223276831,-0.006214783753876449,-0.007601479586750983,-0.009000669716753328,-0.010391010882024725,-0.004828835701708219,-0.006180696925144932,-0.00756922105802056,-0.00897789957067782,-0.010387420130679084
2025-03-11,0.03663276597217126,0.03448618281332981,0.035776011036791226,0.03696508840457861,0.03802205972846938,0.038917908749682865,0.036099138062591435,0.037873048856876944,0.039577517921582143,0.04117755466925718,0.04263812844595464
2025-03-12,0.0025892783370972906,-0.0007115797830758771,0.00037879732252224296,0.0015134100052514462,0.002679638012202704,0.0038621744123661307,0.0014319109176237459,0.003122407852779837,0.004834101153023369,0.006556062907361074,0.008264434465017588
2025-03-13,0.023414218113436965,0.01494786277539061,0.0181991574869405,0.021510547102892925,0.024836799199169667,0.02812717193328376,0.014223180160569329,0.01728553893410025,0.020248773988783976,0.023172777342790822,0.026012602607401562
2025-03-14,-0.0041083827866635085,-0.0039067159848918285,-0.004146626674678408,-0.004377490935165318,-0.004594619924969389,-0.004793477341114385,-0.00300145564412646,-0.0029945976211185332,-0.0029757834106843703,-0.0029438355181452447,-0.002897957816277895
2025-03-17,0.002401215071314908,-0.0003230093550089478,0.0004052558848923928,0.0011608890677139523,0.0019347583342902996,0.002716033008729735,-0.0018805280564100056,-0.0015859381434697375,-0.0012723927966592707,-0.0009422301007795187,-0.0005987100390732025
2025-03-18,0.009923864597331073,0.0038589459469615564,0.00566805467706333,0.007494083095291393,0.00930607052900939,0.011072327844686565,0.00459490437699666,0.006626471645304222,0.008692836360054888,0.010762506609272662,0.012801574929402369
2025-03-19,-0.003991422280994459,-0.007074177850303978,-0.0060213683321401566,-0.004907525193863818,-0.0037476667684019963,-0.002559872656098464,-0.011545280992300318,-0.011715306929403441,-0.011833533192640031,-0.011893434723151162,-0.011890757338688242
2025-03-20,0.005716590615069311,0.006704915351674301,0.006676060330039533,0.006611399446568407,0.006509544205072611,0.006370865327936743,0.005765325303213123,0.005486640693289464,0.005172169025264206,0.004824025484735472,0.004446041773164397
2025-03-21,-0.006706907689543096,-0.0030735175197057828,-0.00419570053485182,-0.005327171183777388,-0.006449163636023504,-0.0075423934654347555,-0.004684583560946277,-0.0062568697423359765,-0.007850079695848982,-0.009439630954778507,-0.010999376374140774
2025-03-24,-0.006014672336631685,-0.004175426473307365,-0.0047584186671252296,-0.005332133055041454,-0.00588605973292992,-0.006410141818792795,-0.0035436035734974043,-0.003961552144294748,-0.0043731159097945395,-0.004770906595676407,-0.005147693791001378
2025-03-25,0.005193232719193931,0.0038388937753214437,0.004345597824538148,0.004842869552870436,0.005321531116034834,0.005772879534749291,0.007870617504221467,0.009482320565871422,0.01109764075772677,0.012689980746825731,0.014232078997956255
2025-03-26,-4.286903084063423e-05,0.0001916298774027771,0.0001182348209354066,4.2255102665459394e-05,-3.517612628680143e-05,-0.00011279892963203669,0.0004690709966045646,0.00047091062624026554,0.000470451186388102,0.0004675182162066319,0.0004620437598586302
2025-03-27,0.013066426368872152,0.006422539422314444,0.008489157324913524,0.010566155604494452,0.012618622023273768,0.0146111599783497,0.009029337923209119,0.011821822733313708,0.01464115754347941,0.017442328060953506,0.0201783268679163
2025-03-28,0.018169631515280095,0.014117506867428456,0.015374334169918812,0.016583034592286904,0.01771930469740445,0.018761267284686006,0.01081578270683608,0.011187566643610005,0.011512466888421898,0.011781296405457846,0.011987072525558534
2025-03-31,0.013502448895775282,0.007255500674653655,0.009256787363146252,0.011263047616527359,0.013239746618069374,0.015152112674411257,0.0037021135155365153,0.004750502127025764,0.005806165934979877,0.006851505670899257,0.007868355387095337
2025-04-01,-0.0011269250799962878,0.0005208480320050866,6.969826197519997e-05,-0.0003940760530878227,-0.0008631261359301062,-0.0013294753539903972,-0.0006405050537151799,-0.0014095782328146411,-0.002194898082248877,-0.0029841188508718196,-0.0037639411570873846
2025-04-02,0.0023625991392285726,-0.000823623195105299,1.353635976717398e-05,0.0008734498461914412,0.0017432338845255102,0.0026088684864185906,8.092544544630446e-05,0.001167642876784693,0.0022808222612302697,0.003403622279247201,0.004517731795806699
2025-04-03,-0.02435633178981931,-0.023037225880155294,-0.02432661172877942,-0.025529321859759785,-0.02661894144939064,-0.027572994767015746,-0.03752203714357334,-0.04276021890518355,-0.04794123252359667,-0.05297243622580509,-0.05776264595891455
2025-04-04,-0.012951785490200167,-9.572374858239428e-05,-0.0037122069661905356,-0.007398171038859028,-0.01109505553679236,-0.014741299316235811,-0.014130350657448078,-0.021376103607648463,-0.028602282490100668,-0.03567997449253741,-0.04248698347407615
2025-04-07,-0.022867007272589703,-0.013949719800710343,-0.01704643375579616,-0.0201154046552624,-0.02309968907120748,-0.025944936275673153,-0.015575807777435306,-0.018955646118149455,-0.022211146435469314,-0.025274020209120833,-0.028090078499199672
2025-04-08,-0.004033472397252234,-0.004455380043990182,-0.004536309772156158,-0.004591751545850929,-0.004619737717951345,-0.0046197456052534955,-0.004351945538170351,-0.004384441885726162,-0.0043844249051686775,-0.004352667679231858,-0.004291908222177474
2025-04-09,0.04371951634417482,0.026532066649604037,0.03246588237704894,0.038314298039765514,0.043966684395166274,0.049320969627839106,0.01884177634840587,0.022560879480073515,0.02611008035287306,0.029416060970640572,0.03242407997175848
2025-04-10,0.0035223720458223973,-0.013963526513285703,-0.009560582963210232,-0.0050556452437028575,-0.0005383186485040122,0.0039023088101570705,-0.01969905150838206,-0.016772459996693165,-0.013731798864778827,-0.010649780290151364,-0.007597561280025416
2025-04-11,0.01749948209328555,0.008923529054240108,0.01171403265534175,0.014455729956669779,0.017089504187357014,0.019563327909428566,0.005274656380706961,0.0070598694463929485,0.00878998234967733,0.010427487182858063,0.011942584018771945
2025-04-14,-0.005455678521717083,-0.0017524163864106608,-0.0028935251068278344,-0.004027084183795329,-0.005128385330155206,-0.006174974776943861,-0.00026320758289915424,-0.0009990620905924502,-0.0017267965274364075,-0.002430100984496919,-0.0030950087270707888
2025-04-15,0.006683853502987598,0.004101194191436142,0.004970760031091367,0.005804753406771778,0.006585068586788548,0.007297744905653091,0.0029373917670799036,0.003491833592762043,0.004012891995397223,0.004489847826261027,0.0049157066188588
2025-04-16,0.031697486941097815,0.016432131526958865,0.02136724073397366,0.026154383900724585,0.030688458616514258,0.03488452929423091,0.009868976396957397,0.013036884254149537,0.01607012986731492,0.01890321763682955,0.02148878142300652
2025-04-17,-0.0048315820511149335,-0.0032448800307230477,-0.00382788768703079,-0.004378852548889151,-0.004885663042414497,-0.005339835474664913,-0.0024583917888612037,-0.002832706555714609,-0.003179441598064675,-0.0034915885456521453,-0.003765054472457295
2025-04-18,-0.0028214817106335336,-0.0033273475825454065,-0.0033281359159876545,-0.0032916445338061024,-0.003223053434113731,-0.0031296192610796286,-0.003215685239406304,-0.0031857592419576542,-0.003122232276947762,-0.0030319152989388524,-0.0029226694287928286
2025-04-21,0.029286182260058254,0.016120435060447136,0.020654416189119267,0.024854552817720317,0.02861701690646947,0.031888814988832226,0.00965548678694839,0.012505605071812951,0.015109835601445205,0.017416562441895506,0.019407232128884132
2025-04-22,0.006321252579031644,0.015148650577537354,0.013139545269474145,0.01103241075412935,0.008907568018010478,0.00683622513628447,0.017273425157140077,0.015799463836325803,0.014208849941853334,0.012570375255389963,0.01094528072027157
2025-04-23,-0.02410226283591004,-0.011821820037470945,-0.015983234595442576,-0.01986150048620586,-0.023353995964986093,-0.02640591250570719,-0.006221235376334931,-0.008932187173717413,-0.01144547854833155,-0.013704172827853314,-0.015637120481572418
2025-04-24,0.021183429231599417,0.013423494161015763,0.016298178326890102,0.018896156706523174,0.021158721220705633,0.023066093528595698,0.009017993312776012,0.010790864485717436,0.012375901715319736,0.013745924294960571,0.014896330678451615
2025-04-25,-0.01317080139880383,-0.010213292084482824,-0.011592779602810358,-0.01280738693352513,-0.013831493956290358,-0.014659945151870735,-0.010423984270373454,-0.011797194403769026,-0.012991177925574908,-0.013989631571040172,-0.014528733574774378
2025-04-28,0.005744521384901944,0.0020434978500522213,0.003240116806882788,0.004374637490658698,0.005415195262008826,0.006342134221382386,0.0004122072536255305,0.0011837348903981162,0.0019150527438236637,0.0025875314381704905,0.0031903563141068357
2025-04-29,-0.005942555070955212,-0.0021023130014761458,-0.003375974588624906,-0.004582506473938995,-0.0056886018319828365,-0.006673959750635267,0.0010005763554640087,0.000495694047792427,4.023853053579849e-06,-0.0004601412604094801,-0.0008870899103517686
2025-04-30,-0.0035250970375471664,0.0013158365400541656,-0.00011761258669550546,-0.0015064406801121612,-0.002809420835325481,-0.003998775924953492,-0.00048558279277172243,-0.0022710697490624107,-0.003955383249397885,-0.005501017841190599,-0.006887739305908843
2025-05-01,-0.01780471862883329,-0.011804219455912491,-0.014312334194414845,-0.016566474074493874,-0.01851810159777543,-0.020134909790875868,-0.009676656292974362,-0.011588440698977256,-0.013285843641916891,-0.014747699297466029,-0.015972285707207094
2025-05-02,0.002125668205643218,0.0021125639813637342,0.002210683519459033,0.0022786096213912575,0.0023178372425891568,0.0022947780484635924,0.002806520650800513,0.0030586326029738565,0.003266107382951141,0.0034293535928310226,0.003544499365495909
2025-05-05,0.03490700815688737,0.0232483746402824,0.028080764967715534,0.03241001479948019,0.036144924393686356,0.03926331536855157,0.015793463457851254,0.018744717397790808,0.021359615070369566,0.023605449601766606,0.025484917919916663
2025-05-06,0.028514297595169057,0.016760556300251576,0.021291801190013372,0.025381309485342122,0.028940117460705378,0.03194412664985472,0.009976484260195229,0.012825505448586466,0.015397012812503084,0.017650573611464843,0.019579080038578035
2025-05-07,-0.01761126997988119,-0.010259503977371165,-0.013145180095618627,-0.01574941867771197,-0.018014127635996833,-0.019923675940132307,-0.007748378739048951,-0.009975367697753725,-0.01198563857672065,-0.013746702398951082,-0.0152525664327031
2025-05-08,-0.008196114499324393,0.0008276781729081047,-0.0020032308336720072,-0.004679543787287237,-0.007120804085496262,-0.009284741068876166,0.003519582247015556,0.0013975498989863308,-0.0006288388693103887,-0.0025055786524400864,-0.004202082825588206
2025-05-09,0.007841375773564767,0.005891856068633816,0.006814702705201074,0.0076078027566866,0.008260329220162042,0.008777071485684932,0.00625063186108274,0.007233909932925241,0.008085903505720833,0.008799504433105027,0.009380451170778481
2025-05-12,-0.0056528758817760765,-0.007108743840400614,-0.0070513779846456594,-0.006904753726441063,-0.006688909318154078,-0.006426624148871847,-0.007457633644557133,-0.0074982128087952345,-0.007453228252838735,-0.007339236730172897,-0.007175028957173851
2025-05-13,0.0030614490539323906,0.004089242358498906,0.003965180547744776,0.003791664652122164,0.0035875929922235916,0.0033700874614839647,0.003990761011754889,0.003860569218331334,0.003690109444664815,0.0034956787929002024,0.003291458109708409
2025-05-14,-0.0003878507856285698,-0.0005777691495151437,-0.0005575458128136714,-0.0005313464967561591,-0.0005025561810955277,-0.0004735644538771427,-0.0009361131955181568,-0.000983446345213161,-0.001012264469164165,-0.0010270686918184898,-0.0010320410229368202
2025-05-15,0.0016740961230624857,0.002244951704466339,0.0021222157822039667,0.00198095498402588,0.00183470150093369,0.0016925966749482904,0.005294518473038729,0.00573943748571059,0.006056994311069475,0.006271668989193159,0.006408902391361082
2025-05-16,-7.98869758079103e-05,-0.00015326288574437738,-0.0001560540141114983,-0.00015618422831704346,-0.00015448221571900386,-0.00015166967945348073,-0.00013421178022381762,-0.00013375358490581307,-0.00013155030420942374,-0.00012827701439549661,-0.00012446269094340263
2025-05-19,0.003939347404725893,0.005325932886838442,0.005054400525347058,0.004735754175088278,0.0044019240604286905,0.004074974632725973,0.005176701426473933,0.004899634028976728,0.00458778142207164,0.004268092419523704,0.003958420996214203
2025-05-20,-0.011750648964188062,-0.006708511688664976,-0.008615675441160701,-0.010188916272599404,-0.01144618484772838,-0.012432426640454573,-0.003465243543615836,-0.00472454523955081,-0.005780774692469773,-0.006644080099918869,-0.007339671439829947
2025-05-21,0.010302521994179935,0.006993509088356546,0.008308109094913257,0.009354676250449702,0.010159724248605269,0.010765816222178074,0.010431580828529309,0.012360116971895992,0.013908876440398591,0.015118662532785642,0.01604835050446544
2025-05-22,-0.00853119872927284,-0.006005928860197728,-0.00708395521867856,-0.007918918168990664,-0.008543871240565059,-0.009002355936432687,-0.010175102653688085,-0.011973781654939746,-0.01337983872573244,-0.01444887457585815,-0.015249518819478076
2025-05-23,0.025945806287877043,0.018551046717695294,0.021655287978721207,0.024038868210901048,0.02580595477144409,0.027088492187323388,0.018406491976344256,0.021433892374053368,0.023779286674989585,0.0255457478505363,0.026855524267368876
2025-05-26,-0.00538267845637054,-0.003802428001949177,-0.004486636346085254,-0.005017015319540769,-0.005414225157199854,-0.005705728445602143,-0.0024627412693423727,-0.0028984781184905905,-0.0032391068422929817,-0.0034980484810765273,-0.0036919214303940363
2025-05-27,-0.016607276098214774,-0.011650592675144964,-0.013739789587128714,-0.015357613674677237,-0.01656845219628261,-0.01745682251169536,-0.01206769399677854,-0.01420159039299389,-0.01586813812049313,-0.01713357038500267,-0.018079812727587363
2025-05-28,-0.008330897679485456,-0.007742471880721022,-0.008264166829549663,-0.008572908137514799,-0.008723871453712199,-0.008768972052196029,-0.008569644313422988,-0.009240256221116506,-0.009677971178973635,-0.009938858402780863,-0.010075939756167251
2025-05-29,0.016588167994987364,0.013839124550620358,0.015238074479677725,0.016189994869211268,0.01679115016325235,0.01714118280298878,0.015027416979328731,0.01663192694439372,0.017767181898006024,0.01853031925571636,0.01902067203249914
2025-05-30,-0.0121603907233854,-0.009011370531672728,-0.01039789881262628,-0.011419894924782145,-0.012148665335164475,-0.01265892190920432,-0.012339014210500628,-0.014266936093968117,-0.015727412247429965,-0.016808637619569033,-0.01760088680881179
2025-06-02,0.041453457073996454,0.030716172813266558,0.03533810467863362,0.03873531482820296,0.04115060640850694,0.04283602749554003,0.04834427328054738,0.05582910228101406,0.06149122430326499,0.06567887400853742,0.06874528571126529
2025-06-03,-0.011837696896052347,-0.009130142342749472,-0.010371385044501084,-0.011262838902776353,-0.011881497995156701,-0.012302142580088554,-0.006940793707013229,-0.007780879955233978,-0.0083831565939939,-0.008805680153704637,-0.009099184123561085
2025-06-04,0.009739299502363767,0.008261108980035736,0.009000950841597374,0.009478959756911902,0.009773030550123867,0.009945173618345916,0.0060814426659246395,0.006484166389137354,0.006730355564878175,0.0068718510870081325,0.00694641793225993
2025-06-05,-0.009585241753689508,-0.008378968587308385,-0.009043219218824618,-0.00943774806165508,-0.00966751947415659,-0.009798701255667891,0.014391141267568673,0.016085330383656102,0.017237706431199158,0.018033092311502186,0.01859393245506868
2025-06-06,-0.018788960881317988,-0.016245499918418126,-0.017584528514772498,-0.018388904158995526,-0.01886426267915656,-0.019141287532177535,-0.005206367496471501,-0.005390910681632306,-0.005477234991847618,-0.005508924767835256,-0.005511002174216309
2025-06-09,0.006062440021968271,0.0048079427946947665,0.005341905256903725,0.005666905584858236,0.005870384232141602,0.006002191140374397,0.0142109185205891,0.01543786301537601,0.016192926220976546,0.016672351460268322,0.016987134029599758
2025-06-10,-0.002641989882419219,-0.003452901815554925,-0.0032412827236000326,-0.0030432140776436058,-0.0028720256382665822,-0.002727792375758242,-0.005217948406617535,-0.005187530611666068,-0.005112543088878805,-0.00502591854367817,-0.004940978292533433
2025-06-11,0.02108427548660334,0.023068514725993625,0.022746835766358716,0.022198294371737,0.02161553755704981,0.021069718988967562,0.010180005366348265,0.009156591751128129,0.008296420609640852,0.007591096427635646,0.007013885168796429
2025-06-12,0.014587365165268904,0.013138329756121263,0.013914423436422824,0.01429919698770226,0.014480242227760239,0.014555339791976131,0.008981398544248242,0.009509380187727637,0.009802624226196691,0.009966638877462497,0.010058335594112152
2025-06-13,0.02145788844585851,0.018685515976092845,0.02006812476084987,0.020819336806165507,0.02122796671571473,0.02144923164169383,0.012410490580387524,0.013390160354009643,0.013979583311771512,0.014344247396013846,0.014576731142463946
2025-06-16,-0.020591580772458817,-0.017735484244713474,-0.019183974413099606,-0.019998837987918284,-0.02046333278159725,-0.020732000897431734,-0.00881713573013396,-0.009656155272353023,-0.010181461618454273,-0.010520886813890257,-0.010747839464577474
2025-06-17,-0.0014253456118219353,-0.004154467059401294,-0.0032249412217782067,-0.002502076350596854,-0.0019423977216025618,-0.0015040212258522197,0.00824489341255056,0.009940557341651727,0.011095654049809126,0.011907388730846664,0.012497160099940246
2025-06-18,-0.010381041178458061,-0.010401720175794063,-0.010608513092948482,-0.010627625283303676,-0.01056863105319979,-0.010480888043360543,-0.01089563729509204,-0.011215999410525071,-0.011339719039799735,-0.011368787717867177,-0.011352885823793252
2025-06-19,0.0035736881312181906,0.005536919053194936,0.004862302532193696,0.004307377956691185,0.00386176751628334,0.003503651766968503,0.004901339567647007,0.004283026712519343,0.003782281948468155,0.0033812760954121104,0.003058326948336247
2025-06-20,-0.0025356939582472406,-0.003930826967104669,-0.003501335437987416,-0.003142779665937386,-0.0028523333023213198,-0.002617579814704083,-0.018768125690654842,-0.01943673500825239,-0.0197349831961839,-0.019848133702684644,-0.019868581248698832
2025-06-23,0.006929487832976839,0.01225682455767598,0.010426249148081997,0.008954690355219275,0.0077901810630079255,0.006863767906383824,0.014492236779906426,0.01306647658504698,0.011880293626323722,0.010914261530766285,0.010127268499249534
2025-06-24,-0.019472358590658323,-0.016154925560957545,-0.01773025939293032,-0.018662177318316667,-0.019230696334962435,-0.019589792520763025,-0.017295696698553974,-0.018979477158195715,-0.02003414253740354,-0.02071893373150643,-0.021180493425477565
2025-06-25,0.004039594577030538,0.0032856172255054353,0.0035998307168730774,0.0037851183577945324,0.0038977749968193533,0.003968668399716006,0.008954314300407475,0.009676768254541982,0.010114242009534539,0.01038804134317786,0.010565383927259123
2025-06-26,-0.0014735381512435998,-0.0009583972375033348,-0.0012013746576134078,-0.0013630944759095657,-0.0014742631632848468,-0.0015535251377214226,0.008792142253731611,0.009212343075012567,0.009430325951202585,0.00954221671845085,0.009597305688191381
2025-06-27,-0.026299623450677087,-0.02389476272904825,-0.02525523273348418,-0.02592460443621151,-0.02624279432162674,-0.026380617695268584,-0.024387161591560423,-0.025921744609787644,-0.026794939417081234,-0.02730470694523989,-0.027609313855310645
2025-06-30,0.014426857427302042,0.012872221725841002,0.013651363832601125,0.014048054137174372,0.014247988701531643,0.014345040251294102,0.004414870666190684,0.004706531086280637,0.004875292423806947,0.0049760198276232355,0.0050379559608229015
2025-07-01,0.017472091957064603,0.015615673709387575,0.016553889798586182,0.01703213801943909,0.017273876192471185,0.017391874159786266,0.01367125751482855,0.014575102148041872,0.015099802429444052,0.015414235824745224,0.015608505499073227
2025-07-02,0.008892108750631438,0.008272222570444689,0.008617665947927513,0.008758127548621517,0.008805876140909986,0.008811171150854403,0.012849483362212734,0.013456579196303758,0.013727459395639052,0.013839288772967081,0.01387451316313118
2025-07-03,0.017831325021386905,0.046812941845053364,0.03447114890686559,0.025349250255974724,0.018511475891263805,0.013266800847694602,0.06087898956452873,0.049711377937797646,0.04095158628002516,0.03410089222351387,0.028683136883344115
2025-07-04,0.009801774227589485,0.013098809835044462,0.011797505027301083,0.010689794818224416,0.00978767021222851,0.009058205130708546,0.011639539207042263,0.010483908467223134,0.009461463708943392,0.008599448651105061,0.007883203773658146
2025-07-07,-0.002554452480362126,-0.0047122100018425666,-0.0040066424446161385,-0.003440138812364283,-0.0029946031682075262,-0.002642596139958701,-0.00822178423558716,-0.007908419145773464,-0.007561195015367465,-0.007233518096626315,-0.0069421028820500115
2025-07-08,-0.022803722277157046,-0.023710378851458897,-0.023969656658120078,-0.02374809556268897,-0.023363554458993324,-0.022948496383321117,-0.020568303968690943,-0.02119589913256218,-0.021352922000605807,-0.021282748441090585,-0.021112636856904836
2025-07-09,0.00816330646588919,0.009079987539287975,0.008876256131020006,0.00865440667183382,0.008452262035848323,0.008277260649152242,0.004058069829045228,0.003720477548725528,0.003443888669400152,0.0032211053652714495,0.003040940123683184
2025-07-10,-0.002106021178516692,-0.004186634721420203,-0.003532054396803193,-0.003038676740156197,-0.0026627726267125615,-0.002370503394970603,0.012582376081960242,0.014112607469983338,0.015096398355079052,0.015758842900913186,0.0162246041267285
2025-07-11,-0.0013555705494476664,-0.002051665248402061,-0.0017076221177768536,-0.0014492588102692093,-0.0012528573236832207,-0.0011003914769333791,0.03621692835248997,0.03864002839291758,0.040054064108427385,0.04091774062515692,0.041467942493451544
2025-07-14,-0.010663249706567058,-0.011794770477887883,-0.011820716229767977,-0.011732522967133271,-0.011612156971302393,-0.011489621741706384,-0.01307258716296087,-0.013298815746689605,-0.01334727439076844,-0.01332089689320371,-0.013264549999381581
2025-07-15,-0.017381449153249857,-0.018730427507653257,-0.01852880518549177,-0.01820807649019373,-0.017877205239109396,-0.01757173520295394,-0.027245312305161938,-0.027680167407587546,-0.027760349152292127,-0.02769063976255604,-0.02756131886318085
2025-07-16,0.01909910544962201,0.01767895435770395,0.018417809955858497,0.018774111778939066,0.018942843186026175,0.01901657934650004,0.011651367052852838,0.012362013642883295,0.012638440936009906,0.012787906432281464,0.012869157589509485
2025-07-17,-0.006443147618176121,-0.005449678817362249,-0.005959942600850275,-0.006269593812240617,-0.006467419196165094,-0.006599991281217578,0.0012836154450175494,0.0011451939165041808,0.0010177569189161217,0.0009178405687893112,0.0008384288357931937
2025-07-18,0.009831467853539463,0.008629232611128704,0.009157364170011137,0.009451014125941074,0.009620154248454055,0.009720631107042264,0.00882624999503466,0.009487837660497052,0.00981908338853163,0.01002312426325695,0.01015407643916142
2025-07-21,0.045122493600573244,0.046227913075369415,0.046269375719008334,0.04595701094211403,0.04554611792698291,0.045130290992740296,0.04927922770101295,0.051879504689155344,0.051907410626068726,0.05175084423988894,0.051528736104896895
2025-07-22,0.02938984327145358,0.028800312300669068,0.029284814338158736,0.029423884422518268,0.029414810503905715,0.02934301379173807,0.022151605002781193,0.023494705313413796,0.02386193495320573,0.02383465148350535,0.023769664924892048
2025-07-23,-0.03536231725833012,-0.0362909009798308,-0.037906160219290906,-0.038788814915872834,-0.039293091604680995,-0.03959135199646963,-0.021749784736576176,-0.023653163335195657,-0.0247179842457464,-0.025045513195560257,-0.025251044086297098
2025-07-24,-0.012956989992441907,0.003350123448149167,0.0027112249687213765,0.0021776046305193794,0.0017742141585035845,0.001461476120874091,-0.0018222785113695002,-0.0027875665880417707,-0.0034709099607851904,-0.003921113019458323,-0.0042595154894642185
2025-07-25,-0.027132237086597198,-0.008334307053504875,-0.008628533742903836,-0.008630094632213637,-0.00859916660949812,-0.008557067339455991,-0.022031146587788177,-0.023856524856090064,-0.024831861598834142,-0.02505031643379642,-0.025172851305181675
2025-07-28,-0.021245145460794774,0.0011922093576025238,0.002014492110971999,0.0025619656830849795,0.0029585549716954302,0.003256313471987294,-0.0031155564974687027,-0.0027653676092753124,-0.0024712550380400974,-0.002223971200324001,-0.001994753988992085
2025-07-29,-0.0005906223287171738,-0.0035597427213718276,-0.0034927928678522195,-0.003421660746393209,-0.003356570200046831,-0.0032996650095355362,-0.001232671554446342,-0.0011236091015033257,-0.0010082733857181428,-0.0009195889296814929,-0.0008498364661557747
2025-07-30,-0.0024001294084027517,0.021655123482466742,0.02359598874591141,0.024819171101142037,0.02563411224843611,0.026203792514649313,0.00024400521688825873,0.001117652374729131,0.0017259714210385772,0.0021729672975395117,0.0025128356673028915
2025-07-31,-0.000137430336547274,0.02924224948280203,0.030612788733229257,0.03137714953311539,0.03182637417414888,0.03210209649022467,-0.005191961789661443,-0.005636579257591308,-0.005745393899934356,-0.005808894937684557,-0.005847523034727464
2025-08-01,0.004010882880930987,-0.06810497171880224,-0.0772270978119537,-0.08039984609751845,-0.08231387590603376,-0.08358131829081246,-0.032182806887148765,-0.03705984124009062,-0.03946930149653703,-0.04080121729703617,-0.04175061959945443
2025-08-04,0.00970129096434171,-0.0008785321691907918,-0.0005150925603317466,-0.00026882630571029324,-9.128743547455512e-05,4.2633377176665555e-05,0.0085010665637866,0.00926832469094778,0.00976404151234722,0.01010281286106611,0.010345425242798238
2025-08-05,0.008317213326589466,0.006357237685697274,0.006145059634263865,0.005998290961202241,0.005890951130693139,0.00580911951699745,0.016305684358144223,0.01680397828422084,0.01706408804598315,0.01720465119413774,0.01728174165418008
2025-08-06,-0.011590597394457192,-0.008229422587071879,-0.008457473920604903,-0.00860584464996083,-0.008709841561824439,-0.008786685290009142,-0.0033796138030328373,-0.003719893259618277,-0.0039445720214733235,-0.004101176531534097,-0.004215311333750987
2025-08-07,0.02665509810357572,0.0136153558977828,0.014513642793029526,0.015107051170254807,0.015527694956011055,0.015841209845098677,0.0163457014357524,0.017958393049810912,0.019021188284256498,0.019760758292639357,0.02029900137574664
2025-08-08,0.001555243688212864,0.0129768761783583,0.012958640662870767,0.012939065163593418,0.012921456284820223,0.012906274935002992,0.0143279776223932,0.01490232523132342,0.015237312294175121,0.015445408828833234,0.015581514613110017
2025-08-11,-0.05346539270215528,-0.030000206614536774,-0.03076614440029083,-0.03126104338629535,-0.031606413779154546,-0.03186084467043551,-0.035283967385665964,-0.03752433505176759,-0.038933557396915466,-0.03987651468073014,-0.04054008878042334
2025-08-12,0.004041207488600251,-0.003141523580844117,-0.0027782725625362394,-0.002535246196668566,-0.0023614287694247067,-0.00223101541908637,0.0026330064569583932,0.003112946267946986,0.0034383121624885532,0.0036704671924830965,0.0038431851377308864
2025-08-13,0.004143239179724949,-0.00822732580009679,-0.007152716452361196,-0.0064348234273336104,-0.005921886790434657,-0.00553731661844679,0.006161564392629971,0.007508313232099398,0.008426925829471082,0.009085486220998622,0.0095772941880289
2025-08-14,-0.018633260562014062,-0.006481534393921771,-0.006950185627474265,-0.007257606696529744,-0.007474521123407605,-0.00763566745132551,-0.014693344267902872,-0.01577050178986247,-0.01645798388514042,-0.016924647375000657,-0.017257570228780657
2025-08-15,0.0001733210403918369,-0.010376317456269688,-0.010542970475059666,-0.010647909482496392,-0.010719804586283925,-0.010772040037810071,-0.008371177177007073,-0.008893953070716285,-0.009221985315381398,-0.009441443040510204,-0.009596036803103614
2025-08-18,-0.00034239685611243124,0.013558500759834047,0.013624590818898498,0.013661286409545531,0.013683914754928953,0.013698940968528644,0.009830215261336638,0.010321080282366954,0.010620250964400972,0.010815069455913479,0.010948904555297189
2025-08-19,-0.0019521513249816458,-0.006586386827816363,-0.006054152058472702,-0.005698206414365251,-0.005443714435556615,-0.005252826737657877,-0.02059197071352111,-0.020880846078458394,-0.02098705454768739,-0.02101288547489609,-0.021002265038510916
2025-08-20,0.028473690989470255,0.015553382336842692,0.015799270801215883,0.015766197259940516,0.01573999568159991,0.015718999483729033,0.019385079425263053,0.020293607454786342,0.020841944918413083,0.02119547258623468,0.021435929373485325
2025-08-21,-0.00925638548340215,0.015441776388623419,0.015984475380325287,0.015968263655192782,0.01595453678792232,0.015943130629446488,0.01620099436602489,0.017075153252007258,0.01761286404462244,0.017965641548956263,0.018209538033059764
2025-08-22,0.036197820559953624,0.00542132650325555,0.0031640149904266887,0.0015263724307819694,0.00032242121097881643,-0.0005668168530483788,0.028689996578063214,0.02762259252393497,0.026732123575468628,0.026003723693974502,0.02540624933752681
2025-08-25,-0.008445387094765527,0.008228771392317317,0.009687807757737482,0.010447011974479064,0.010878500981573771,0.011195519612017884,-0.003702206135071654,-0.002880099333412451,-0.0022818116626255516,-0.0018321785662783546,-0.001484128543738211
2025-08-26,0.024010252322771795,0.014177276257914512,0.014604224612381953,0.014435283433430843,0.014221211600806347,0.014060945656797417,0.006517450869784876,0.006632602728541342,0.00668165652026718,0.006700357700791987,0.006704490502314859
2025-08-27,0.004246505553535709,0.0038649349829362636,0.0036876288892357997,0.003443369261968217,0.003271504969496269,0.0031440940436753694,0.005052677010731524,0.00498774352031681,0.004916627920809854,0.004850752726103435,0.004792703389621507
2025-08-28,0.01550721205290442,0.0019272589528598744,0.0021237705654791137,0.002194237819432614,0.0022428759138649413,0.0022784380360238656,0.012065689774817054,0.012697944139129618,0.013081832664689154,0.013330324929340488,0.01349984796456571
2025-08-29,0.028503987999675188,0.027180446278353965,0.026657155818004253,0.026130363767967055,0.025753372408572058,0.025470555755437205,0.04304173168262364,0.044991821347743585,0.0461031016840938,0.046766968274754434,0.04717954165660199
2025-09-01,0.02617728137957803,0.0268461677943298,0.026419884420081287,0.02561443695456315,0.02504159781673227,0.024613719780484017,0.018202381854717408,0.018359299819009238,0.01834052267082524,0.01790358300613381,0.01757385936409816
2025-09-02,0.04779642683936395,0.06751715917920566,0.07046066720968398,0.07203563669724222,0.07291478727977135,0.0734207586974263,0.06315887454871952,0.06627417566618257,0.0680913402368614,0.06920917747145715,0.06992883774931438
2025-09-03,0.022277045475929343,0.01580751022888826,0.015494175437168044,0.015168759160987177,0.014875229743719423,0.01462119288736107,0.021601365664267756,0.021701724890647527,0.02164393458890588,0.021336858826534317,0.02101465943864169
2025-09-04,-0.009319143245983373,0.0010046568561693787,0.0006363458563119379,0.0003715992283338916,0.00017527531493022588,2.517672915136162e-05,-0.011930375572941663,-0.012874107414928837,-0.013472666248722478,-0.013733480705383052,-0.013888961149077172
2025-09-05,0.03256224928642904,0.004759740954889501,0.004443116866380902,0.0041886680842995565,0.003985998485525821,0.0038231307740827147,0.007242793962130736,0.007098226991166652,0.006865633038206375,0.006639568311054733,0.006468505190713099
2025-09-08,0.03694773547726912,0.031148792946086447,0.031798797591817154,0.03203908686112915,0.0320992783853737,0.03207854462605329,0.02812400378015499,0.028881439733474408,0.02899707279390769,0.028776937709259535,0.028606493727295505
2025-09-09,-0.005719799622703697,-0.004962287215537989,-0.0051516302809278365,-0.005249610183345759,-0.005302603355061355,-0.0053320605209250995,-0.01460289542838728,-0.01526916728088511,-0.015402355887343388,-0.015434494472310866,-0.015456121709996384
2025-09-10,0.008839478561707373,0.006776805024629112,0.007189033810130745,0.0074300038116750945,0.007580089423058518,0.007678730026077154,0.009396209693184816,0.009968010626052834,0.010319001222449596,0.010547796159575767,0.010704650122235818
2025-09-11,-0.0027279454973947077,-0.0008570112165134019,-0.0015031791107179317,-0.001948932657566438,-0.0022696700893497027,-0.0025093129447491137,0.012260783443073539,0.012247012656768174,0.012166193154692565,0.012068008410190413,0.011970604635309471
2025-09-12,0.007973871660439351,0.007033167866134758,0.007033952183065721,0.00698364468778167,0.006919890034961344,0.006856211749561571,0.018960160319040065,0.019573967744326716,0.01989860159417725,0.020077232082205132,0.02017780739856248
2025-09-15,0.026505300650334546,0.022127873983386167,0.02270346334248023,0.022947146901034374,0.02303942706742011,0.023060030488958792,0.016548180652559214,0.01704138899842797,0.017296735344481153,0.017433161011432986,0.017506729737478834
2025-09-16,0.0062441132596174655,-0.02715235870482572,-0.027681377376250253,-0.027855345298445525,-0.027877473896851912,-0.02783418588313026,-0.018430806128088707,-0.018795817659278007,-0.01894790098524396,-0.019001621161408962,-0.019008347760546055
2025-09-17,-0.019488050016005988,-0.01451931787009433,-0.015633937348242512,-0.0163112781855964,-0.016749354573229996,-0.01704806716147426,-0.02307024257272173,-0.024651402781864683,-0.02564220237710623,-0.026300636930977145,-0.026760263439496366
2025-09-18,-0.009027785856557387,0.026103914395596783,0.026475922720952352,0.026555459504661347,0.02651751508820517,0.026433980443885133,0.016862255102700795,0.017044318513953743,0.01707607812088401,0.01704663380727514,0.01699334355833984
2025-09-19,0.025917467100606436,0.01739482370915941,0.019103750804153163,0.020177700936691034,0.020895162185434506,0.02139960776642194,0.026431593707658494,0.028610459024467527,0.030001055881282608,0.030941783339744004,0.03160972949739118
2025-09-22,0.048265381687398946,0.03549426900015266,0.03513029722285647,0.03463372187160711,0.03414482186505917,0.03370333195836429,0.05022597378544489,0.05085526338842193,0.05100819261903044,0.05096233495472041,0.05083514767258759
2025-09-23,0.011207673169910885,0.008938314226907851,0.009239516366357864,0.00938986624553858,0.009467374587119801,0.00950755931306882,0.012839656082168447,0.013369043885254632,0.013672526900500612,0.013857325795560444,0.013975572651064652
2025-09-24,-0.018407186436739126,-0.015592597885130007,-0.01593148504597154,-0.016063545215023824,-0.016104153617399797,-0.016103012939764787,-0.017630510348070273,-0.018173721568981307,-0.018460535857437895,-0.01861878512493934,-0.01870850040337552
2025-09-25,0.002444254559109314,0.025061100847732255,0.028118637372595585,0.030078366110518708,0.03140849144097757,0.032356129126366165,0.029804416415889063,0.033114339364892796,0.03511284993828902,0.036177349154619176,0.03697691840320989
2025-09-26,0.00992198198442115,0.0009699269585728451,0.00028582478487606356,-0.00019697759085294386,-0.000550256021223162,-0.0008176610892757632,0.029250521534101778,0.02981614300634387,0.029744578494126886,0.02944426296620908,0.029214485506272134
2025-09-29,0.04742308587403579,0.008245592683040837,0.009028601201651004,0.009515303074906925,0.009836938583720624,0.010060793030295539,0.010940224529016896,0.011846350110995342,0.012227013545803961,0.012453177402795893,0.012621300127309156
2025-09-30,0.013971230654528898,-0.010466839598051733,-0.010339599892038396,-0.01017660057713914,-0.010019084868881735,-0.009878164164741306,-0.013219422836710583,-0.013307180536465258,-0.013293052381345484,-0.013241662072865378,-0.013150120326099407
2025-10-01,-0.0005506415275971764,-0.034575094569672886,-0.03333532156530893,-0.03247012131423915,-0.031834112320460184,-0.03134767023462397,-0.004739128002413059,-0.0034535696010097473,-0.0025885106740482786,-0.001967393455375046,-0.0015000765173156954
2025-10-02,-0.0031457434619438923,-0.000992794811682722,-0.0018873158654734135,-0.0024877302657287746,-0.002917838092203404,-0.0032408012834434234,-0.021897486790062013,-0.0229385288525521,-0.023626088977733148,-0.024113065165556693,-0.02447565971584804
2025-10-03,0.018368784052126424,0.021846559730910053,0.022321366595462667,0.022622954146770943,0.022830514433564163,0.022981694971136158,0.04234307946333082,0.04298889816077651,0.04339471845305926,0.04367165509361818,0.04387198555583437
2025-10-06,0.043795035404553255,0.03501079694715902,0.035767801954323185,0.03624745350437488,0.03657706189367061,0.03681689858560895,0.02895030584635948,0.029689093457752228,0.030166155906186803,0.03049866884325397,0.03074329745017344
2025-10-07,0.012751208300283534,0.060847831858656096,0.061272267851288205,0.06150992254651502,0.061657004240331686,0.061754778695167024,0.02224261987804373,0.022584270914680186,0.022799040709225827,0.022945734645153704,0.02305196129554082
2025-10-08,0.03343356050572577,0.05108614672839557,0.050914686545958696,0.050765340050792744,0.05064157617465998,0.0505394693514192,0.05892455717690071,0.05896112309054929,0.05894824764289315,0.05892047307090961,0.05888938648183412
2025-10-09,-0.03505718086015515,-0.016109559369086136,-0.016359271064866017,-0.01651569806043872,-0.016622324883223672,-0.016699440013502032,-0.039002132195611605,-0.03930551155859386,-0.03948443750004429,-0.0396005616010948,-0.03968118885538475
2025-10-10,0.022021764723536525,-0.031992552450056604,-0.03275018188286118,-0.03323752849321813,-0.03357635400656071,-0.0338251863963198,-0.016723026451236408,-0.017310072014124905,-0.017693220774824634,-0.017962572819283068,-0.01816211151090239
2025-10-13,0.05446930834090231,0.0703440109591066,0.0704299157197451,0.07044849797923185,0.07044275790643008,0.07042805946778122,0.09048104922093124,0.09041274496219114,0.09032516501816666,0.09024219276241596,0.09016889291338628
2025-10-14,0.01619199018528808,-0.0006268593707817142,-0.0006276126474774778,-0.0006278621327033446,-0.0006279160139513237,-0.0006278883636271345,0.0015485405555470827,0.0015480360041691048,0.00154724829697822,0.0015464655710901779,0.0015457587254376435
2025-10-15,0.029822811336636293,0.001193211498030615,0.0017278968291178057,0.002084072478383907,0.002338121062955023,0.002528373410817566,0.007789840645745641,0.008239111832601164,0.00853596684358239,0.008746573475729236,0.008903696392137929
2025-10-16,0.053258975876726095,0.01792612516159531,0.019021417642638098,0.019743478116849032,0.020254755731976066,0.020635579831797916,0.028720128792905978,0.02960243686759295,0.030180509641117317,0.03058820499784553,0.030891034075294418
2025-10-17,-0.03019247325233231,-0.013071530650551243,-0.014208412900203778,-0.014959986143365286,-0.015493132943319957,-0.015890756555441428,-0.037361107327679846,-0.03826403072590894,-0.03885148854646435,-0.03926373132355763,-0.03956878633356132
2025-10-20,0.04828258576710086,0.04030092547556252,0.039257295987525066,0.038544293204428655,0.03802726333311322,0.0376355352861918,0.03458997529036907,0.033692428190302236,0.03308897267622772,0.03265580570640893,0.0323299061719374
2025-10-21,-0.08778574894056165,-0.03305947772204732,-0.03387632477960937,-0.0344038532107458,-0.03477188987198108,-0.03504297134576774,-0.05072888001198345,-0.05122450156446556,-0.05153752218543179,-0.05175253815131073,-0.05190910136393658
2025-10-22,-0.007899486736535975,-0.0055574523368784046,-0.005935052607395375,-0.006182571394349376,-0.006357185017973264,-0.006486906857883561,-0.002173196476334711,-0.0024563346466595906,-0.0026425127831269223,-0.0027741971941168913,-0.002872236903611569
2025-10-23,0.008976982630666557,0.021692620303998128,0.02159179358910747,0.02151653432936448,0.021458974217544963,0.021413778955741748,0.02041675764066942,0.0202786664224098,0.020183570983881155,0.020114240927645403,0.020061506332014763
2025-10-24,-0.004379594948880443,0.0019463332879184239,0.0021076841236212502,0.002213495196287363,0.0022881628726170006,0.0023436467496520696,-0.00022705836115596736,-9.863036009351221e-05,-1.3989610240282247e-05,4.5969762722778483e-05,9.065987673979684e-05
2025-10-27,-0.04419684653940385,-0.041866670175353775,-0.04139043411602679,-0.04106221927037021,-0.040822770766597544,-0.04064054092165258,-0.037890006187618626,-0.03742167771714864,-0.0371067889600306,-0.036880686334801606,-0.0367105103594322
2025-10-28,-0.007051837813616589,-0.018618849180458447,-0.01964533104864674,-0.020323136087659868,-0.020803840326633436,-0.021162393061487258,-0.002989919595237607,-0.003774137410446375,-0.004292503451314774,-0.004660501929315632,-0.004935231957260337
2025-10-29,-0.0062165577130767185,0.008362533860073905,0.007796892307391651,0.007419696309152901,0.007150394412460606,0.00694855117349989,0.0103726271261327,0.00990350148278624,0.009591698787249543,0.00936952791423142,0.009203228207325867
2025-10-30,0.033697727145853715,0.05764781283803527,0.057013270362338865,0.056576535658308565,0.05625817748331346,0.05601602763692599,0.03666312880841419,0.036143149172928116,0.0357934843021364,0.03554238313659247,0.03535337527263763
2025-10-31,-0.0069664484208399,-0.008459838360239082,-0.008428938954490494,-0.008406797146751625,-0.008390246089479437,-0.008377438479527929,-0.008135969769211509,-0.00810206672485709,-0.008078614440042112,-0.008061459289169149,-0.008048377258358884
2025-11-03,-0.00034764162996366314,0.0030478343625316793,0.0030382193809003976,0.0030312624490954365,0.0030260313857876702,0.0030219673312395245,0.0007564082404065917,0.0007536571705581237,0.0007517408113316219,0.0007503327337731504,0.0007492556268885963
2025-11-04,-0.021506711238787973,-0.02718577361800513,-0.02704499000642138,-0.02694652151275431,-0.026873988528627903,-0.026818410760613386,-0.021515796463130833,-0.021395048073205494,-0.021312306253714244,-0.021252140282409814,-0.021206446732081975
2025-11-05,0.020846050934790035,0.029076462293028547,0.02716167782492909,0.025884063633992874,0.024971297588909966,0.024286755338216424,0.025119448803785558,0.023492716113987094,0.022409866875716042,0.02163740712728048,0.02105868730235028
2025-11-06,0.006792411625162827,-0.004281375549299299,-0.0068019996875922795,-0.008488795864391102,-0.009695949426354163,-0.01060225044049897,0.00048488509751996563,-0.0015498699055153092,-0.00290724242200249,-0.0038767708513683654,-0.0046037322513279395
2025-11-07,0.0135104723003681,0.02306468286931202,0.02107245554823285,0.01972793798889197,0.01876078519230193,0.018032196529319325,0.017160088932768693,0.015509719633746196,0.014402734511718626,0.013609423834845156,0.013013283542259557
2025-11-10,0.03711007660889627,0.044073688520835534,0.04379063056747881,0.04356941613006458,0.0433954829202512,0.043256356896323456,0.04352163570440159,0.04319931908510905,0.04296231883085822,0.042782325939908876,0.04264154014017898
2025-11-11,-0.001332403205247237,-0.00455215201623785,-0.0030914348103930666,-0.0021094771475948337,-0.0014050746308437885,-0.0008755173905494104,-0.0012498447222068973,-3.9387432906006894e-05,0.0007694708605626864,0.0013475849631454002,0.0017811484639462041
2025-11-12,0.018127389678942146,0.025783008924731333,0.026522255632576274,0.026996393923131867,0.027324860282086118,0.02756524498971429,0.03610665656625374,0.03672356546882395,0.03711221639915443,0.037378116468827736,0.03757091791787601
2025-11-13,-0.005452825037976893,-0.008490439914807617,-0.008829067784886204,-0.00904846766040221,-0.00920166065214266,-0.009314479354936895,-0.006184861055912661,-0.006435756716934342,-0.006599229371441988,-0.006713955972993472,-0.0067988190229069
2025-11-14,-0.020157585610201156,-0.013857788918165997,-0.01532084952522483,-0.016290897573276425,-0.01697968596051338,-0.01749346170047538,-0.023701177315768804,-0.02490382770117461,-0.025692318271255614,-0.026248185857901434,-0.026660763226251924
2025-11-17,-0.010664323112383804,0.0035024590076437254,0.0030912095820528397,0.0028122552421931315,0.002611001307565968,0.0024591052768221234,0.002771909026116416,0.0024229947919963096,0.002188309582523179,0.0020198732569734214,0.001893189401765113
2025-11-18,0.00479631225447189,0.006386660539963486,0.007086460890604065,0.007550935380764817,0.007881019368906367,0.00812740290363764,0.0012894275420991769,0.0018595052349012569,0.002240044674436765,0.002511714774636163,0.002715241306772217
2025-11-19,-0.00377976991924366,0.01702717667247954,0.019477228027171688,0.02110366644483528,0.022259369495038928,0.023121834160671872,0.009133812398954309,0.011173514819597549,0.012530598232320398,0.013497048316094365,0.014219705624311943
2025-11-20,0.0052577967774636615,0.01212334157316287,0.010619769728952119,0.00959909789622024,0.008863411569745388,0.008308936499432106,0.004821772406251508,0.0034199549857434086,0.0024775750481593017,0.0018024421919077343,0.0012957087118188923
2025-11-21,-0.0028534734116182326,-0.01711406674342746,-0.017595667210062053,-0.017890635559562502,-0.01808774378519891,-0.01822789723215373,-0.013385207277924194,-0.013817968981044716,-0.014089270012493521,-0.014274012201252026,-0.014407418845150564
2025-11-24,0.026459623738277146,0.025557214248401648,0.025804987272338407,0.025932143513305222,0.02600390686691769,0.026047215468261872,0.019624996000793114,0.01984041299783351,0.019958675878077,0.020030390398823962,0.020077112839153137
2025-11-25,0.011466707261393221,0.004028658044521967,0.00056377507920432,-0.0017519931470984008,-0.003403714391380954,-0.004639186808038003,0.013847751356969524,0.010605723234175867,0.008424888535233259,0.006861986351452293,0.005688685144145162
2025-11-26,0.010185470795088839,0.011653616821582424,0.012473863896093677,0.012989933534578045,0.013341987576951814,0.01359650426966912,0.025900204919461958,0.02668711871634915,0.027187246163520154,0.027531898513615198,0.027783313066073907
2025-11-27,-0.0013519602741134734,-0.00271197850271796,-0.0031321590350833098,-0.0034032096745126475,-0.0035913979062350476,-0.00372924435373921,-0.0010167795975621933,-0.0014065810261896258,-0.001664338736891445,-0.0018470674890396918,-0.0019832277737680364
2025-11-28,0.02281615683611733,0.014789645802084934,0.01483026437968608,0.014820932203101473,0.014796769894492396,0.014769323322480134,0.04215996954346187,0.042203191571730296,0.04214279048844849,0.04205664721283369,0.04196903659353334
2025-12-01,0.0063198524916480685,-0.008529663314070034,-0.008569628661928206,-0.008584826104954322,-0.008590090866017499,-0.008591008450219902,0.012118905315237972,0.012062927319894346,0.012015051439079306,0.011975809377332097,0.011943678773912007
2025-12-02,-0.011947392478848613,-0.0034022371644496737,-0.0027707375862094795,-0.002346951769573764,-0.0020437720721886467,-0.001816466478366327,-0.006253279504497714,-0.005725280736264685,-0.005369565564296393,-0.005114181860156536,-0.004922131849632308
2025-12-03,-0.006118102879927121,-0.021551579820120237,-0.0199327727870192,-0.018828835836894143,-0.01803058838535561,-0.017427531263319494,-0.014571626990858687,-0.013222612814175196,-0.012314429282751909,-0.011662726026342864,-0.01117281874737478
2025-12-04,0.0012027086266312925,-0.002191401168716934,-0.0018255768480122238,-0.001579026330308992,-0.001402140000246917,-0.0012692538754327531,-0.010450437945148926,-0.010140670673887941,-0.0099251593502719,-0.009767157643049109,-0.009646574060487098
2025-12-05,-0.0023105404004811975,0.004085396507316877,0.0035988474608936102,0.003269290288629878,0.003032064314719296,0.0028534250492333467,0.016013031956663492,0.015603557172105069,0.015316578069315072,0.015105196610892983,0.014943353304374749
2025-12-08,-0.0006093251695470424,0.013128463480288845,0.01231823720513228,0.011760761423715831,0.011355299273604024,0.011047723226982394,0.003160695435955262,0.0024805792413628257,0.0020255699297649517,0.001700450270501295,0.0014568039067404082
2025-12-09,0.00929883406079703,0.028271468657953335,0.027600052748916443,0.02711394314375134,0.026748940636160675,0.02646594312155958,0.03594265451459794,0.03534389409006164,0.03491243042192383,0.03458916091408374,0.03433877927215247
2025-12-10,0.00903998186418653,-0.007258536332166759,-0.007657723739420798,-0.007913761613910232,-0.00809115182480638,-0.008220998986016269,-0.0018685822467825071,-0.0021846056198972833,-0.002393068103596913,-0.002540588809967441,-0.0026503656137098056
2025-12-11,0.019544600280294942,0.005675366609808646,0.005731520395278787,0.005761208219854777,0.005778554516421049,0.005789443572807529,0.029718076581743084,0.02975267583246383,0.029748581603215623,0.029732426886906974,0.029713136483574085
2025-12-12,0.008043792434646731,0.01152177194229878,0.011495157676316144,0.011461686111011341,0.011430144280597491,0.011402368973697976,-0.011322794700755489,-0.01135643228017362,-0.011368617694859985,-0.011372316900926289,-0.011372370824675843
2025-12-15,0.0004075874549987843,-0.012596338513612488,-0.01222426049987599,-0.011959109414337287,-0.011761935489752082,-0.011610057027011804,0.004207289901111158,0.004515826674491796,0.004717125479380615,0.004858489185521783,0.00496309123461739
2025-12-16,-0.00030851349379622646,-0.009148179454922014,-0.009444457954854015,-0.00962906582845327,-0.009754200680049098,-0.009844243833263345,-0.006290765475137362,-0.006517010712801208,-0.006661666956255358,-0.006761778813907335,-0.006835040775499902
2025-12-17,0.015335944571912813,0.03370607143333493,0.03317934318997684,0.03278171848412363,0.03247582263212622,0.0322348577817724,0.04407003458751979,0.04358830930718476,0.04322805817940576,0.042952214736647884,0.04273548947912306
2025-12-18,-0.0011706245569776696,-0.0030092122555247687,-0.003349644173298306,-0.003572510678570746,-0.0037292224804068154,-0.0038452277179334723,-0.011773646033296697,-0.012044652187920236,-0.012214772355645862,-0.01233090433920395,-0.012414990770658054
2025-12-19,0.00690937092829956,0.051628491801161684,0.05037410085295509,0.04946948088947173,0.04879178885172551,0.04826713496943405,0.04450690698050584,0.043426563144979564,0.0426700323470166,0.0421130111978351,0.041686616863130965
2025-12-22,0.04190073991690583,0.021582594848362238,0.020727323836739173,0.020128711118466116,0.01968835379812771,0.019351585378301783,0.019509225234740704,0.018781230163084636,0.018280073882455127,0.01791503407518881,0.017637663605686575
2025-12-23,0.013788483517764965,-0.004244001536471911,-0.004068119443497392,-0.003945212284750326,-0.0038548904547495394,-0.0037858652900918705,0.013250332532917332,0.013408658763478219,0.013502776658417313,0.013564289298763795,0.013607268368440142
2025-12-24,-0.001739613068803482,-0.00888975938185868,-0.008981787766759865,-0.009032197374373965,-0.009062696630959157,-0.009082521203312786,-0.0015744364962666706,-0.001625266546946582,-0.0016578418617624112,-0.0016804253121862523,-0.0016969738579828567
2025-12-25,-0.00012016067681961946,-0.0002408971678393397,-0.00020511099642667996,-0.0001808838771047367,-0.00016344374562592706,-0.00015030800531504076,-0.0001807813505020238,-0.00015110843577129384,-0.00013118687187239035,-0.00011691464790001654,-0.00010619720498124656
2025-12-26,0.017695324377968464,0.02694753938614144,0.027189681669936277,0.027318310658599698,0.02739371442182403,0.02744115673680127,0.045904358983070374,0.046066691521220636,0.04613720656956583,0.04616900989181355,0.04618271524639071
2025-12-29,-0.06387720908346325,-0.054711727871379255,-0.05601311837981042,-0.05681564658452408,-0.05735521757863721,-0.05774090962816363,-0.06177409314048547,-0.06270248230273784,-0.06327184681207787,-0.06365361022496939,-0.06392610752561352
2025-12-30,0.005760864097682905,0.013905567361161985,0.012905217887522764,0.012224296502732643,0.011732270380539488,0.011360639045263073,0.04943177637479443,0.04858586665445531,0.04799039816370473,0.04755038784201147,0.04721267302827885
2025-12-31,-0.0068933174271563905,-0.0017338505121712643,-0.0017365195566188063,-0.0017363577676176754,-0.0017352944463027947,-0.0017339827182284372,-0.0328492060095096,-0.03300344290542061,-0.03309993483446335,-0.03316566035235011,-0.033213170708438454
